ich	5890279
sie	3806767
das	3122198
ist	3025610
du	2947020
nicht	2756783
die	2484854
es	2303025
und	2289891
der	1726001
wir	1721620
was	1696010
zu	1424706
er	1352161
ein	1315301
in	1231372
ja	1054114
mir	1019451
mit	1014541
wie	928920
den	920646
mich	893076
auf	881418
dass	879520
aber	854492
eine	839485
so	813903
hat	799017
hier	754243
haben	742327
für	735252
sind	727078
war	712337
von	706490
wenn	694462
dich	688780
ihr	655351
nein	641479
habe	636175
an	627600
bin	576589
noch	572486
nur	564245
da	564244
dir	554802
sich	533395
einen	532402
uns	523604
hast	511491
dem	465044
kann	461755
gut	452726
auch	449250
schon	442343
als	440490
sein	440142
mal	435631
jetzt	435411
ihn	435147
dann	429424
aus	425184
meine	420280
um	417759
im	403737
wird	394216
mein	384765
bist	381498
doch	381456
alles	366575
weiß	357869
keine	349315
oder	341214
nach	326208
s	309957
nichts	308672
man	300922
muss	295567
werden	294676
will	293445
ihnen	292370
geht	290919
wo	288363
etwas	286968
oh	284455
mehr	281301
bei	277087
also	276548
bitte	261548
immer	260238
hab	252697
warum	251177
vor	247840
los	242543
können	240905
wieder	240508
sagen	236702
machen	228412
danke	227937
sehr	226425
alle	224850
denn	224543
mann	222707
tun	219102
ihm	217025
zum	216201
gehen	213952
sehen	212948
vielleicht	212216
einem	210889
wer	210823
ihre	208915
diese	208607
euch	206931
einer	202097
komm	201117
über	196855
gibt	196771
okay	196683
wissen	192456
deine	191923
müssen	191257
soll	191100
werde	187290
nie	185925
wirklich	185166
hey	185011
kein	177553
viel	176767
weg	175124
würde	175047
tut	172752
am	170913
des	169182
einfach	168892
leben	167721
hatte	162793
zeit	160393
weil	159743
willst	159106
kommen	156754
dein	155913
heute	154162
kommt	153845
wollen	152595
damit	150635
ganz	149683
wäre	149557
wollte	148643
weißt	147614
ok	147191
sicher	145360
gesagt	144870
frau	143725
nun	143552
bis	142166
wurde	141236
leid	140641
na	140395
kannst	136795
macht	134768
dieser	134205
zurück	133326
lassen	131393
hallo	128561
meinen	128288
gott	127498
seine	126038
hätte	125345
zwei	122625
könnte	117870
genau	117667
waren	117474
zur	115474
lass	115316
klar	113688
morgen	112042
leute	109956
vater	109048
schön	106669
glaube	105941
mr.	105640
ab	104853
gerade	104130
tag	103559
gesehen	103106
reden	101992
wohl	100488
liebe	99301
sollte	98826
sagte	98657
unsere	98478
jemand	98283
geld	98052
durch	97587
ob	97001
keinen	96394
mutter	95349
raus	95012
gemacht	94261
paar	93818
mach	93345
passiert	93021
dachte	92867
besser	92556
musst	92429
wieso	92191
sir	92012
dieses	91148
selbst	90135
gehört	89459
möchte	89068
ohne	88934
hör	88336
her	87571
sag	87203
meiner	86264
anderen	86205
helfen	85664
nacht	85102
finden	83987
diesen	83932
gute	83835
wirst	83791
lange	82872
natürlich	82710
ach	82252
meinem	82233
gar	82082
ins	80529
sei	80433
dort	79951
weiter	79598
geben	78926
seit	78517
gleich	78080
sagt	78008
recht	77861
ihren	76796
richtig	76789
ordnung	76635
vom	76597
hören	76109
sieht	75968
davon	75947
dafür	75302
geh	74468
diesem	74234
wegen	74062
hause	73059
sollten	72777
mädchen	72685
hin	72272
sollen	71445
abend	71375
haus	70976
denke	70824
viele	70545
drei	69824
deinen	69621
freund	69586
guten	68866
unser	68722
warte	68407
machst	67926
menschen	67631
essen	67594
angst	67249
bleiben	67238
zusammen	66885
welt	66821
unter	66173
habt	66045
schnell	66011
andere	65229
tot	64995
getan	64404
darf	64161
erst	64092
rein	64028
stimmt	63896
nehmen	63773
kinder	63716
eines	63710
glauben	63577
bringen	63285
ganze	62461
genug	62381
scheiße	61982
brauchen	61791
gegen	61438
moment	61265
junge	60843
steht	60832
sonst	60478
musik	59500
arbeit	59309
seid	58799
ihrer	58510
fragen	58352
herr	58200
dabei	57923
heißt	57306
familie	57288
warten	56911
niemand	56907
sofort	56605
bevor	56210
jahre	56075
einmal	55398
problem	54783
sohn	54396
wann	54105
brauche	53799
fertig	53738
halt	53723
allein	53720
beim	53673
sprechen	53232
beide	53120
gefunden	53083
hatten	53008
sache	52830
hilfe	52679
verdammt	52499
ne	52438
jeder	52254
warst	52211
gern	52147
konnte	51818
darüber	51711
halten	51690
siehst	51444
verstehe	51294
jahren	51158
kam	51041
kind	50922
wusste	50878
wahr	50700
seinen	50311
dazu	50144
bruder	50137
daran	50081
ihrem	50046
denken	49912
könnten	49708
dank	49155
würden	49143
lieber	49123
fall	49042
deiner	48756
sehe	48293
egal	48287
kennen	48114
deinem	48010
vergessen	47889
frage	47512
mache	47510
komme	47282
sage	47197
mag	47150
sieh	47133
echt	46884
gib	46863
eigentlich	46744
jeden	46594
dad	46472
gab	46178
uhr	46117
stadt	45812
männer	45451
baby	45434
fahren	45060
namen	44998
bekommen	44852
kopf	44851
hi	44653
gehe	44502
kleine	44338
später	44320
glück	44295
letzte	44246
freunde	43913
n	43890
all	43808
darauf	43236
ende	43216
dr.	42899
bald	42834
töten	42735
dinge	42560
meinst	42522
toll	42438
eins	42157
minuten	42139
vielen	42047
bereit	41925
weit	41558
ahnung	41525
seiner	41478
bisschen	41471
tür	41457
auto	41372
jungs	40783
eure	40647
augen	40593
polizei	40572
stehen	40469
sterben	40334
hätten	40190
draußen	40075
kenne	39750
fast	39542
runter	39290
vorbei	38763
treffen	38758
gerne	38739
dran	38593
wurden	38564
arbeiten	38510
mom	38250
verrückt	38126
neue	38119
ging	38051
hinter	37964
sorgen	37844
einzige	37724
jemanden	37451
darum	37424
tochter	37375
braucht	37187
idee	37181
schwester	37032
drin	36941
ruhig	36940
sah	36936
ganzen	36929
spät	36834
ziemlich	36820
solltest	36770
name	36668
sogar	36650
kurz	36629
kerl	36512
frauen	36457
liegt	36313
suchen	36294
finde	36286
je	36205
woher	36061
lang	36029
job	35995
keiner	35951
seinem	35907
hört	35796
verstehen	35693
spielen	35600
s.	35596
überhaupt	35566
teufel	35421
verstanden	35353
verloren	35282
große	35255
hand	35247
grund	35243
jahr	35092
kommst	34951
mama	34883
ruhe	34794
gewesen	34766
tod	34408
stunden	34244
hoffe	34207
denkst	34170
oben	34115
gestern	34095
versuchen	34093
art	34062
letzten	34029
schatz	34026
endlich	33924
he	33922
nimm	33866
etwa	33845
erzählt	33821
läuft	33798
schwer	33640
anders	33554
miss	33536
musste	33428
fünf	33424
wasser	33387
lässt	33377
erste	33254
versucht	33190
gekommen	33073
geschichte	33070
wenig	33015
holen	32820
bedeutet	32688
nett	32685
wahrheit	32627
woche	32543
bringt	32528
deshalb	32451
welche	32349
bestimmt	32232
hoch	32147
alter	32101
sagst	32048
schau	32038
ah	31832
land	31728
zimmer	31727
wagen	31434
vier	31390
gefallen	31368
spaß	31361
niemals	31303
schuld	31228
getötet	31223
wollten	31158
verlassen	31021
zeigen	30869
beste	30671
ernst	30649
unserer	30644
denen	30608
ort	30562
bleibt	30520
würdest	30516
manchmal	30500
glaubst	30407
seite	30345
lasst	30331
zwischen	30326
eben	30288
während	30284
spiel	30057
nehme	30019
ersten	29956
guter	29956
chance	29888
freundin	29850
krieg	29815
gefällt	29665
kleinen	29378
erzählen	29301
anderes	29170
tage	29111
entschuldigen	29089
wichtig	29007
gehst	28954
allen	28945
bett	28931
mrs.	28822
sachen	28679
the	28674
schlecht	28460
schule	28409
entschuldigung	28406
wort	28327
john	28291
hättest	28253
wären	28193
typ	27983
schlafen	27946
äh	27883
tu	27733
euer	27634
captain	27491
gesicht	27489
falls	27447
neuen	27364
bloß	27288
unten	27259
teil	27243
beiden	27228
mensch	27093
kleiner	27048
stellen	26821
oft	26820
sorge	26812
gedacht	26691
tust	26635
trinken	26484
einige	26477
dies	26436
ding	26389
unseren	26378
kriegen	26366
blut	26293
ehrlich	26290
eltern	26221
scheint	26026
herz	26008
jack	25967
glücklich	25915
alte	25827
alt	25682
bleib	25656
wiedersehen	25645
frei	25635
wen	25569
drauf	25564
möglich	25388
irgendwie	25378
reicht	25343
fest	25199
besten	25164
waffe	25140
kaum	25058
irgendwas	24950
klingt	24910
platz	24820
brauchst	24773
rede	24754
papa	24707
falsch	24701
sondern	24687
alten	24660
nummer	24641
früher	24599
jungen	24498
wohin	24373
außer	24306
früh	24189
setzen	24061
zuerst	24005
wahrscheinlich	23968
dürfen	23930
jede	23900
arsch	23823
telefon	23581
tue	23560
kennst	23541
willkommen	23375
plan	23291
großen	23269
retten	23258
hierher	23229
wär	23099
bring	23068
fehler	22947
wollt	22936
dollar	22913
zehn	22855
allem	22790
pass	22790
nächste	22714
stunde	22665
hände	22645
gegeben	22620
menge	22618
langsam	22581
bereits	22535
wartet	22512
sechs	22454
lieben	22407
meines	22280
büro	22253
nächsten	22247
gebe	22215
wochen	22080
ruf	21947
schaffen	21929
leider	21867
scheiß	21719
hölle	21656
trotzdem	21476
doktor	21392
tja	21330
new	21321
voll	21320
film	21254
überall	21161
hund	21146
geworden	21015
direkt	21011
wolltest	20973
tat	20923
denkt	20863
schiff	20825
neues	20814
wem	20802
könig	20785
danach	20649
funktioniert	20608
hattest	20582
lernen	20579
deswegen	20564
wow	20470
nennen	20467
hm	20416
feuer	20404
laufen	20390
alleine	20359
erinnern	20326
völlig	20317
kleines	20305
könnt	20255
stelle	20224
kumpel	20189
verlieren	20125
probleme	20116
spricht	20030
kaffee	19999
luft	19958
fand	19911
i	19718
entschuldige	19709
ziehen	19643
verschwinden	19631
könntest	19588
seht	19586
aufhören	19532
eigenen	19530
richtige	19499
unserem	19459
suche	19440
zwar	19381
groß	19362
hol	19339
buch	19306
krank	19265
fühle	19176
jedes	19154
verstehst	19139
wert	19128
arzt	19080
froh	19077
versuche	18964
straße	18963
rufen	18953
heiraten	18905
super	18808
sam	18717
lebt	18642
gutes	18638
lasse	18636
onkel	18581
total	18569
gebracht	18552
party	18531
erklären	18526
spielt	18526
wahl	18477
vertrauen	18459
damals	18434
tagen	18366
leicht	18358
nachdem	18300
gegangen	18296
gefühl	18285
kaufen	18278
geschafft	18271
typen	18217
interessiert	18211
möchten	18138
halte	18121
hält	18118
glaub	18114
irgendwo	18104
stück	18090
genauso	18069
kennt	17994
genommen	17993
zukunft	17963
weniger	17950
cool	17909
licht	17780
getroffen	17775
himmel	17755
nachricht	17710
drüben	17704
passt	17667
sagten	17649
kümmern	17618
laut	17612
vergiss	17602
angerufen	17582
sitzen	17556
daß	17517
erde	17474
großer	17433
schlüssel	17425
rest	17407
passieren	17383
eher	17329
gefragt	17247
gefängnis	17175
opfer	17150
körper	17147
solche	17138
mist	17132
mr	17083
findet	17000
schreiben	16942
böse	16940
gesprochen	16898
versuch	16884
vorstellen	16820
wovon	16791
sobald	16778
nochmal	16749
herren	16748
sex	16739
waffen	16732
wohnung	16722
weh	16694
heißen	16650
krankenhaus	16645
bringe	16621
höre	16609
millionen	16605
klasse	16595
hart	16572
worden	16568
sinn	16557
außerdem	16556
verletzt	16552
ändern	16487
erfahren	16462
tragen	16425
wenigstens	16418
vorsichtig	16349
daddy	16329
stolz	16247
stark	16208
fällt	16206
möchtest	16205
leuten	16172
besonders	16170
schöne	16144
schicken	16123
person	16074
schätze	16063
solange	16060
länger	15996
großartig	15979
lacht	15975
anrufen	15965
stand	15933
redest	15893
fühlen	15884
erwartet	15879
boden	15878
boss	15863
stimme	15843
glaubt	15840
still	15835
sicherheit	15829
setz	15786
ma	15762
mund	15761
kämpfen	15639
wisst	15636
lachen	15635
hörst	15623
zeug	15621
lustig	15572
umbringen	15552
sollst	15551
hasse	15536
schlimm	15521
o	15521
unglaublich	15444
wärst	15430
laden	15400
führen	15362
gestorben	15359
schauen	15350
meinung	15337
lesen	15312
mörder	15310
frank	15303
ähm	15268
geschehen	15259
geschäft	15254
idiot	15243
verzeihung	15194
fliegen	15169
zeig	15162
team	15159
general	15146
mike	15058
aufs	15026
york	15009
vorher	15005
schluss	15005
schneller	14990
liebt	14978
verdient	14961
mögen	14944
meisten	14891
denk	14888
umgebracht	14878
perfekt	14848
versprochen	14822
handy	14818
hinten	14804
monate	14786
erinnere	14769
acht	14757
arbeitet	14747
fallen	14704
rufe	14701
nötig	14694
a	14676
mord	14671
heraus	14613
tages	14578
unmöglich	14555
liebling	14521
charlie	14515
tatsächlich	14483
folgen	14452
bitten	14438
behalten	14372
nähe	14368
arbeite	14361
joe	14326
verdammte	14325
plötzlich	14269
lebens	14235
hole	14206
tisch	14201
michael	14165
hörte	14154
jemals	14154
liegen	14099
verkaufen	14061
gefährlich	14049
anfangen	14033
bekommt	14023
machte	13967
ha	13954
hotel	13914
hilft	13897
werdet	13891
meister	13869
kampf	13849
antwort	13848
konnten	13846
geschickt	13831
jedem	13818
obwohl	13796
sieben	13791
komisch	13783
gewinnen	13778
ihres	13762
bezahlt	13728
you	13710
voller	13701
unterwegs	13693
dumm	13687
ärger	13682
bild	13679
george	13673
neu	13659
bezahlen	13651
dagegen	13607
seien	13594
starb	13560
tom	13560
monaten	13557
leiche	13500
niemanden	13495
auge	13475
arschloch	13441
verheiratet	13411
peter	13405
zieh	13387
nimmt	13374
gerettet	13362
agent	13322
traum	13300
entscheidung	13275
schlimmer	13255
regeln	13246
fenster	13233
fangen	13232
fort	13175
ständig	13119
findest	13083
gefahr	13071
absolut	13045
mary	13042
augenblick	13032
bescheid	13023
rum	12996
gedanken	12995
werd	12947
ziel	12939
benutzt	12902
bewegung	12855
jemandem	12815
wünschte	12812
worte	12811
kamen	12804
welcher	12787
zahlen	12786
anfang	12784
legen	12779
erinnerst	12746
anwalt	12728
fahr	12721
sitzt	12675
hilf	12662
offen	12623
schönen	12585
monsieur	12579
müsste	12576
arme	12576
bier	12543
fürs	12485
partner	12484
klein	12473
david	12453
klappe	12451
süß	12416
herum	12404
finger	12399
ehe	12381
rolle	12375
ließ	12333
gleiche	12325
monat	12325
hochzeit	12310
max	12310
führt	12305
paris	12301
wach	12280
wozu	12270
arm	12247
geschrieben	12221
chef	12195
benutzen	12191
informationen	12168
erledigt	12166
hoffentlich	12163
müsst	12162
fühlt	12151
tanzen	12149
ansehen	12148
darfst	12146
zuhause	12137
wunderbar	12104
hältst	12043
reise	12030
gewonnen	12026
dame	12010
irgendwann	11991
chffffff	11990
alex	11988
steckt	11978
jedenfalls	11973
schreit	11962
tolle	11960
rüber	11953
tschüss	11927
nennt	11927
raum	11906
heiß	11903
foto	11901
kalt	11893
paul	11876
irgendetwas	11872
weile	11866
bisher	11864
minute	11833
unbedingt	11830
zug	11819
sekunden	11789
wofür	11771
erzähl	11759
nen	11732
beweise	11714
nahm	11707
aller	11704
freut	11693
seele	11638
schießen	11613
müde	11612
dauert	11606
magst	11603
harry	11596
brief	11573
gelernt	11562
sucht	11523
bekannt	11523
weitere	11505
unfall	11449
dahin	11442
kontrolle	11436
beispiel	11436
lady	11422
dasselbe	11414
herzen	11392
schlagen	11391
wütend	11387
weise	11381
damen	11371
darin	11359
gottes	11340
holt	11336
fehlt	11325
vorsicht	11286
heiße	11271
beweisen	11270
gehabt	11266
zumindest	11261
vermisst	11248
hübsch	11244
kriegt	11231
verbindung	11226
tief	11225
richtung	11223
lage	11222
sowieso	11215
kraft	11202
normal	11201
lauf	11188
ehre	11187
stell	11179
geschenk	11166
bar	11161
tasche	11149
gelesen	11141
gekauft	11123
wussten	11118
gestohlen	11108
hunger	11083
leg	11081
lügen	11069
beziehung	11054
ben	11045
verschwunden	11033
steh	10978
nächstes	10971
gearbeitet	10961
preis	10954
witz	10935
meinte	10934
liste	10890
geist	10882
neben	10880
gesucht	10874
firma	10871
süße	10869
rücken	10852
schrecklich	10850
letzter	10837
verliebt	10825
öffnen	10809
redet	10804
boot	10787
seltsam	10778
versteckt	10773
fürchte	10771
verschwinde	10769
erwischt	10767
verkauft	10764
tante	10757
erwarten	10755
pferd	10723
wunder	10720
sauer	10704
vermutlich	10690
näher	10689
major	10686
jung	10671
majestät	10660
aussehen	10647
ans	10646
de	10624
and	10618
links	10601
großes	10593
welches	10579
beschützen	10577
geboren	10558
erreichen	10556
punkt	10553
kindern	10540
kirche	10507
verraten	10465
selber	10450
befehl	10449
colonel	10446
fährt	10441
zieht	10418
geburtstag	10417
haut	10413
wette	10412
reich	10412
sekunde	10410
fahre	10409
schwöre	10398
geredet	10392
james	10388
madame	10377
eigene	10375
zeiten	10374
traurig	10364
anruf	10355
nachrichten	10341
frieden	10335
karte	10309
güte	10288
euren	10288
diesmal	10282
schade	10280
persönlich	10269
kriege	10237
stirbt	10218
bleibe	10159
verändert	10158
sonne	10157
lieb	10154
nämlich	10147
letztes	10140
bekam	10138
ruft	10127
professor	10089
gericht	10088
nase	10079
ewig	10062
singen	10060
bank	10059
beschäftigt	10058
computer	10052
yeah	10043
toten	10039
weihnachten	10033
offensichtlich	9998
naja	9996
henry	9995
gefühle	9980
fuß	9974
show	9970
überraschung	9952
geheimnis	9948
fbi	9947
kontakt	9905
gold	9897
drogen	9889
regierung	9883
wein	9882
kriegst	9878
ermordet	9850
fotos	9850
entfernt	9841
geschlafen	9823
manche	9800
erledigen	9796
ran	9783
gegenüber	9781
schlaf	9777
lust	9773
wunderschön	9769
witzig	9766
nick	9757
zerstört	9755
übrigens	9753
willen	9752
heim	9704
richtigen	9700
deines	9680
namens	9665
zeigt	9663
geliebt	9662
gehören	9662
brachte	9647
herrn	9640
blick	9627
besuch	9624
schlechte	9581
bewegen	9579
haare	9576
antworten	9575
präsident	9569
sagtest	9558
hoffnung	9525
stecken	9516
lebe	9514
rechts	9509
interessant	9500
entscheiden	9490
miteinander	9474
meint	9471
liebst	9465
indem	9458
bleibst	9447
kümmere	9445
wohnen	9440
weder	9435
möglichkeit	9434
kaputt	9429
bekomme	9421
flugzeug	9419
vergangenheit	9406
anderer	9405
zweite	9403
armee	9395
jim	9391
tee	9380
entweder	9358
weiss	9337
don	9335
detective	9333
aufhalten	9329
stellt	9325
verspreche	9304
überrascht	9304
sauber	9286
hau	9269
mark	9243
schlag	9240
sheriff	9233
untertitel	9224
setzt	9222
frag	9220
vaters	9219
nervös	9217
gesellschaft	9216
verstecken	9212
schuldig	9210
hals	9204
schützen	9195
besuchen	9177
of	9163
passen	9150
überleben	9139
erhalten	9136
teilen	9104
gebäude	9086
schicksal	9078
zeichen	9068
richter	9061
besorgt	9058
küche	9052
lief	9047
vergnügen	9016
wüsste	9010
volk	9006
lhr	8998
herausfinden	8989
königin	8987
soldaten	8981
feiern	8969
situation	8967
lag	8967
gelassen	8959
allerdings	8953
soweit	8928
gefahren	8919
verstand	8919
bord	8915
schönes	8905
jimmy	8905
billy	8897
angefangen	8893
lee	8856
fühlst	8854
bob	8852
mussten	8848
rat	8842
worauf	8837
gebeten	8836
tony	8834
kamera	8821
achtung	8811
lieutenant	8811
ganzes	8804
schuhe	8795
sarah	8781
glückwunsch	8778
niemandem	8778
gibst	8777
statt	8774
übernehmen	8774
gegend	8754
wald	8752
al	8751
la	8742
nimmst	8729
danny	8723
erkennen	8717
glas	8710
falsche	8704
verantwortlich	8704
jesus	8675
stöhnt	8675
herein	8674
kleid	8663
zerstören	8648
jawohl	8647
london	8643
gegessen	8640
abendessen	8629
gesetz	8620
gemeinsam	8615
geholfen	8597
erster	8595
wohnt	8591
schritt	8587
guck	8577
nahe	8576
aussieht	8574
beginnen	8570
dachten	8570
band	8567
ungefähr	8567
aufgabe	8559
neun	8548
furchtbar	8547
drinnen	8545
zuvor	8539
charles	8532
freue	8531
amerika	8518
übrig	8515
spur	8508
falschen	8507
sergeant	8499
melden	8495
helfe	8477
werfen	8465
bill	8461
haltet	8448
erinnert	8447
hängt	8442
freude	8440
ehemann	8432
erschossen	8431
verzeihen	8424
schwein	8424
uh	8414
monster	8409
entschieden	8408
mission	8408
verdammten	8398
brauch	8391
gewusst	8376
vorne	8371
stopp	8367
übel	8362
schlampe	8361
schöner	8358
adresse	8356
unsinn	8340
messer	8335
gesund	8331
respekt	8328
pro	8322
leisten	8316
davor	8303
richard	8271
bedeuten	8264
ball	8258
mitnehmen	8256
gespielt	8254
to	8246
schwierigkeiten	8238
hälfte	8236
kannte	8202
stehe	8191
maria	8178
planeten	8169
schwanger	8156
gruppe	8153
anna	8151
verhaftet	8118
deal	8098
seines	8098
irgendwelche	8096
händen	8094
versteht	8093
drehen	8083
eis	8082
danken	8074
erfolg	8064
zufrieden	8061
schließen	8059
besorgen	8059
wochenende	8041
worüber	8041
stimmen	8028
nehmt	8027
martin	8025
m	8016
witze	8010
beine	8009
verbrechen	8009
bericht	8007
nachts	7964
eurer	7961
prinzessin	7960
schmerz	7959
klingelt	7959
position	7947
echte	7942
gleichen	7932
fernsehen	7915
wünsche	7912
schließlich	7900
gefangen	7896
schätzchen	7887
seh	7880
schwierig	7876
angebot	7873
nah	7865
jane	7863
gewartet	7860
kümmert	7850
ring	7839
rennen	7835
lied	7827
eier	7821
welchen	7812
sorry	7812
fantastisch	7805
schaut	7797
hielt	7787
falle	7786
drink	7784
insel	7781
dauern	7776
daher	7771
zufällig	7739
dorf	7729
clark	7724
bewegt	7722
mitten	7708
bullen	7703
feind	7701
einverstanden	7685
neuer	7682
bauen	7681
trägt	7679
hängen	7677
freunden	7665
deren	7663
halb	7659
verpasst	7653
sprach	7653
leise	7651
armen	7639
wusstest	7637
fanden	7635
unternehmen	7630
träume	7609
schläft	7602
kostet	7589
spiele	7587
unseres	7568
entlang	7566
johnny	7562
versprechen	7561
tiere	7546
freiheit	7525
verdienen	7519
aha	7512
unterhalten	7512
eingeladen	7500
schaden	7496
genannt	7481
beenden	7477
ray	7470
geändert	7461
thomas	7456
lächerlich	7452
geschlagen	7452
park	7448
schätzen	7440
männern	7438
t	7434
beginnt	7430
ehren	7429
größte	7426
energie	7412
fleisch	7407
besonderes	7400
besteht	7397
reichen	7396
robert	7383
zeitung	7361
worum	7357
nachgedacht	7351
betrunken	7350
sowas	7343
patienten	7342
gespräch	7342
leiden	7334
taxi	7317
tötet	7312
see	7311
unterschied	7311
wind	7286
singt	7283
schreien	7274
daniel	7272
sahen	7272
wand	7256
bus	7253
lhre	7252
angriff	7251
verhalten	7247
loch	7238
interesse	7235
treten	7234
quatsch	7233
trifft	7227
polizist	7224
blumen	7218
neuigkeiten	7217
bringst	7217
flasche	7206
rief	7203
schuss	7198
fassen	7193
meer	7188
konntest	7182
schafft	7180
maschine	7180
spreche	7178
bein	7174
eddie	7172
bekommst	7169
verbringen	7162
bücher	7147
blöd	7125
frühstück	7121
tommy	7118
meter	7111
bilder	7096
aufpassen	7091
claire	7090
dessen	7082
muß	7080
freuen	7063
engel	7061
offenbar	7061
gelegenheit	7056
fang	7047
lüge	7045
ohren	7042
au	7042
angetan	7039
beeil	7037
brechen	7037
brüder	7035
zeitpunkt	7024
keinem	7023
ecke	7019
brücke	7012
druck	7000
mitgebracht	6997
seufzt	6997
date	6993
haufen	6986
oma	6985
auftrag	6980
leer	6968
entkommen	6965
bobby	6960
weißen	6960
lösung	6951
wart	6933
pause	6929
irre	6929
gestellt	6927
keller	6922
gebrochen	6915
weinen	6915
nutzen	6904
wünschen	6903
fragt	6899
maul	6899
verantwortung	6897
schloss	6891
hut	6882
lächeln	6881
ryan	6876
red	6864
grad	6853
zweiten	6849
hinaus	6848
mitkommen	6842
vorhin	6840
fahrt	6833
gemeint	6830
ernsthaft	6828
gebaut	6826
bombe	6816
hasst	6804
versteh	6793
kosten	6786
zeige	6779
traf	6778
eigenes	6771
haar	6763
fragte	6757
jason	6753
operation	6736
befehle	6735
schmerzen	6728
erklärt	6727
steve	6726
dach	6713
folge	6711
gelaufen	6702
schwarze	6699
dankbar	6689
gehirn	6685
töte	6681
mädels	6680
mut	6674
heilige	6656
laura	6654
tier	6653
system	6648
mannes	6640
wahnsinn	6639
nee	6634
rose	6632
club	6628
geschlossen	6616
hintern	6614
is	6607
thema	6606
fiel	6603
gehalten	6595
dorthin	6582
urlaub	6564
steig	6562
vorwärts	6562
überprüfen	6561
besseres	6556
beweis	6554
baum	6544
gebt	6543
funktionieren	6541
anscheinend	6532
lehrer	6528
hoffen	6526
bessere	6503
isst	6498
nachmittag	6492
nem	6491
risiko	6482
chuck	6479
knast	6476
entschuldigt	6467
gilt	6460
held	6458
daraus	6456
erstes	6444
fräulein	6438
rachel	6434
prima	6417
brauchte	6401
gewalt	6401
dean	6400
liebes	6399
schaffst	6397
nachdenken	6396
tor	6382
erfahrung	6381
pläne	6381
jagen	6380
katze	6377
runde	6377
deutsche	6370
schwanz	6369
taten	6365
lord	6360
dringend	6359
commander	6353
großvater	6351
sommer	6351
gezeigt	6347
hinterlassen	6347
gewissen	6346
getrunken	6343
wahre	6332
luke	6328
kunden	6326
kate	6318
zeugen	6316
geplant	6314
amanda	6306
erreicht	6303
stören	6302
stein	6301
atmen	6291
hose	6273
weiße	6272
sprichst	6271
größer	6270
schickt	6270
city	6265
prinz	6260
behandelt	6252
tote	6250
überlegen	6249
karten	6233
it	6233
d	6228
restaurant	6223
welchem	6222
roger	6221
natur	6219
carter	6213
emily	6207
mami	6206
verschwindet	6205
lautet	6200
streit	6196
küssen	6196
sprich	6192
längst	6189
fängt	6182
drüber	6179
gingen	6177
erlaubt	6177
einzigen	6156
bad	6155
schmeckt	6154
kugel	6146
normalerweise	6143
schwarzen	6141
rauf	6137
flug	6126
beruhigen	6122
walter	6118
halbe	6108
dan	6106
geschieht	6101
einiges	6100
entdeckt	6097
morgens	6094
schlechter	6092
vollkommen	6082
gelogen	6081
verfolgt	6078
college	6070
weiteren	6070
chris	6067
louis	6065
eh	6062
schwert	6060
hunde	6059
steigen	6057
verdammter	6057
dürfte	6051
riecht	6050
labor	6049
bat	6047
tim	6041
arthur	6041
mindestens	6041
fisch	6038
eurem	6037
füße	6035
stehst	6021
erschießen	6009
kuchen	6004
versuchte	6004
zustand	6003
wunsch	5993
gäste	5990
erwähnt	5988
farbe	5988
van	5986
einigen	5985
zufall	5983
garten	5983
junger	5983
autos	5981
abgesehen	5981
fair	5977
vertraut	5962
koffer	5956
hieß	5955
kurs	5950
wirkt	5950
idioten	5948
netter	5946
seitdem	5946
angegriffen	5945
geschichten	5943
wahnsinnig	5940
ähnlich	5939
lily	5937
aufgeben	5927
england	5919
entführt	5917
ms.	5915
mistkerl	5913
solchen	5903
ner	5901
geschossen	5901
lager	5900
besprechen	5897
reihe	5895
polizisten	5893
vogel	5892
legt	5875
strand	5873
amerikaner	5869
schwarz	5861
fern	5852
fick	5851
scherz	5844
san	5844
erzählte	5842
wichser	5836
jake	5835
langweilig	5820
womit	5817
geschäfte	5808
my	5807
kapiert	5806
nachher	5797
verlangt	5797
schlägt	5796
überzeugt	5788
irgendjemand	5785
rot	5784
soldat	5782
vorbereitet	5777
geschah	5771
reisen	5767
termin	5765
gang	5761
stehlen	5760
rechte	5760
rache	5751
bemerkt	5750
frankreich	5746
stört	5745
radio	5740
beruhige	5737
pferde	5731
vertrag	5730
arbeitest	5728
dienst	5727
zählt	5727
fragst	5723
wesen	5722
bürgermeister	5720
emma	5716
fluss	5711
woran	5711
geblieben	5711
durcheinander	5705
me	5702
ted	5700
nette	5690
test	5689
mister	5688
dadurch	5673
direktor	5671
wichtiger	5665
kevin	5662
scott	5658
karriere	5655
akte	5633
erinnerung	5621
großmutter	5603
erzähle	5600
lösen	5597
bravo	5590
griff	5585
verfolgen	5581
zweifel	5581
such	5579
sprache	5579
nerven	5577
officer	5576
andy	5575
langer	5575
ziehe	5563
entlassen	5562
zweimal	5559
abholen	5556
washington	5547
kollegen	5546
doc	5543
fass	5538
szene	5525
robin	5524
scheinen	5502
bösen	5500
schaffe	5490
pflicht	5489
wache	5485
neulich	5484
beeilen	5483
knie	5483
alice	5480
lauter	5471
spannende	5470
unschuldig	5469
folgt	5464
schutz	5464
weshalb	5463
geheiratet	5458
woanders	5450
wurdest	5449
kuss	5447
verhindern	5445
erklärung	5444
video	5444
rom	5441
klug	5435
kräfte	5432
verlangen	5428
außerhalb	5424
opa	5423
selbstverständlich	5421
aufstehen	5420
hassen	5417
pete	5416
gebrauchen	5414
geglaubt	5409
milch	5406
trink	5405
gefeuert	5404
erinnerungen	5399
müssten	5398
suchst	5395
fährst	5379
kochen	5378
schwach	5368
schreibt	5364
schulden	5344
hinein	5343
simon	5332
grenze	5327
braut	5319
gebraucht	5319
peinlich	5311
klappt	5302
geheimnisse	5301
joey	5299
aufmerksamkeit	5297
form	5293
umsonst	5283
kennenzulernen	5277
überlebt	5274
nirgendwo	5268
meilen	5260
einfacher	5260
blöde	5259
mond	5253
ergibt	5251
daten	5246
merken	5240
schande	5235
fuck	5233
fühlte	5231
jenny	5231
sieg	5231
satt	5229
blödsinn	5227
adam	5226
lisa	5226
pfund	5223
handeln	5222
lois	5221
enden	5221
warm	5215
raten	5212
übersetzung	5207
kunst	5207
kapitän	5200
desto	5200
einsatz	5197
schweigen	5195
krankheit	5193
toller	5189
schatten	5188
wachen	5187
tatsache	5181
eric	5179
stock	5178
chief	5176
hingehen	5172
verboten	5167
gäbe	5165
anzug	5163
leichen	5162
high	5155
beendet	5153
freitag	5148
million	5143
verflucht	5136
dunkel	5134
geb	5126
enttäuscht	5125
klopfen	5125
spuren	5124
dreck	5120
seiten	5118
mühe	5114
gezogen	5113
brian	5109
kontrollieren	5107
knochen	5104
schick	5102
getrennt	5101
programm	5099
grab	5097
ebenso	5095
trage	5095
nachbarn	5091
bieten	5090
bestes	5085
elizabeth	5084
fuhr	5082
verlässt	5077
freundlich	5073
dennoch	5072
rauchen	5072
dick	5066
stuhl	5062
dreh	5061
bester	5061
schicke	5059
vergeben	5058
ausgehen	5058
behandeln	5058
trotz	5054
gast	5053
ändert	5052
passierte	5052
toilette	5043
annehmen	5041
herzlichen	5039
hexe	5039
erwachsen	5037
jerry	5016
pistole	5014
saß	5013
dreht	5012
aussage	5010
liebte	5006
street	5006
genießen	5006
eifersüchtig	5002
derjenige	5001
teuer	4999
leo	4999
zähne	4991
beobachtet	4988
gentlemen	4986
wählen	4986
helft	4985
fliegt	4983
theater	4982
regen	4981
feinde	4981
william	4979
erlauben	4975
zulassen	4971
schnappen	4962
komplett	4962
panik	4961
flughafen	4960
bewusst	4958
deutschen	4958
voraus	4953
sterbe	4948
solltet	4941
begleiten	4940
einander	4935
fred	4935
erlebt	4934
weiterhin	4925
stärker	4922
fahrer	4921
konzentrieren	4919
streiten	4918
angeht	4917
selben	4914
star	4912
überzeugen	4906
alkohol	4903
übersetzt	4903
verrückte	4902
lch	4902
king	4902
begann	4898
angenommen	4897
weitermachen	4895
echter	4888
jackson	4876
post	4873
mitgenommen	4872
botschaft	4872
ideen	4870
fehlen	4868
aufgeregt	4868
selbstmord	4866
dumme	4866
zurückkommen	4859
irgendein	4858
magie	4855
phil	4855
schlage	4854
handelt	4853
treffe	4846
untersuchen	4846
flucht	4844
verliert	4841
irgendeine	4839
gegenteil	4837
betrifft	4837
scharf	4834
gehofft	4831
kennengelernt	4831
schlimmste	4824
projekt	4819
trottel	4819
immerhin	4813
mehrere	4811
erwarte	4809
mochte	4808
schwimmen	4805
zählen	4804
innerhalb	4801
matt	4801
blind	4799
schwestern	4797
code	4794
alan	4794
schlau	4792
absicht	4789
barry	4787
spielst	4782
zuletzt	4780
oliver	4779
art.	4779
englisch	4778
ohr	4773
verletzen	4772
song	4766
schüler	4763
schien	4762
gewinnt	4761
älter	4757
merkwürdig	4756
judy	4756
vermisse	4756
größe	4754
tritt	4751
trauen	4748
präsidenten	4746
trick	4745
harvey	4744
doug	4742
roten	4739
überlegt	4736
größten	4734
sonntag	4733
zwölf	4730
vorstellung	4728
schrieb	4723
reinkommen	4723
killer	4722
unterstützung	4721
antun	4721
rechnung	4719
dieselbe	4718
verändern	4711
möglicherweise	4709
definitiv	4707
locker	4705
ed	4703
vincent	4702
ums	4700
abends	4696
frisch	4694
kohle	4689
fing	4689
hure	4686
cousin	4685
familien	4685
einsam	4683
lebendig	4681
heiligen	4677
knapp	4675
ebenfalls	4672
überprüft	4671
artikel	4670
gesetzt	4669
jederzeit	4662
kompliziert	4661
spüren	4652
signal	4652
amy	4651
stich	4650
kino	4643
probieren	4642
tode	4640
wundervoll	4639
tanz	4638
geöffnet	4638
kerle	4635
begraben	4631
prozent	4629
stoppen	4626
hoheit	4622
riesen	4619
rote	4610
zugang	4610
liest	4602
vorn	4601
wichtige	4600
aufmachen	4596
kelly	4596
sexy	4595
erlaubnis	4592
grace	4591
big	4587
story	4583
madam	4581
leichter	4568
halben	4567
filme	4567
priester	4563
herauszufinden	4562
packen	4561
dritte	4559
inzwischen	4557
larry	4551
presse	4548
sitze	4548
machten	4547
geklaut	4546
helden	4543
susan	4541
geduld	4537
bühne	4537
reparieren	4535
hä	4531
usa	4525
gerechtigkeit	4524
fälle	4519
selten	4519
anrufe	4518
unterschreiben	4517
julia	4516
drücken	4513
mrs	4511
lügner	4508
endet	4503
dave	4502
medizin	4502
schreibe	4502
verhaften	4500
prozess	4499
samstag	4494
amen	4491
motor	4486
marie	4485
abhauen	4482
chaos	4482
schönheit	4482
beinahe	4471
lebst	4468
tolles	4466
anhalten	4466
fremden	4463
hof	4463
akzeptieren	4462
norden	4457
ärzte	4455
anziehen	4454
dingen	4454
umgehen	4453
bauch	4452
gesamte	4449
hübsche	4449
ertragen	4448
kiste	4445
brennt	4443
teile	4443
deckung	4439
landen	4433
berg	4430
straßen	4429
aufgenommen	4427
gerufen	4427
untersuchung	4422
alarm	4422
blieb	4419
vertraue	4410
extra	4409
entspann	4409
beobachten	4408
eindruck	4406
tschüs	4402
babys	4399
wehtun	4396
zog	4392
iss	4392
herrgott	4388
echten	4385
springen	4381
nackt	4377
existiert	4375
befreien	4375
gerät	4375
montag	4364
gezwungen	4364
perfekte	4364
erzählst	4363
bastard	4362
interessieren	4357
schlechten	4355
hank	4355
steigt	4354
st.	4353
on	4352
carl	4341
gekriegt	4340
fliehen	4340
trug	4335
freundschaft	4334
rate	4331
papiere	4326
abgeschlossen	4322
schnauze	4320
beruf	4318
gebiet	4315
jeff	4312
jedoch	4312
beten	4308
verbunden	4307
sprachen	4305
verräter	4304
wichtigste	4303
prost	4302
brust	4296
aufgehört	4293
kleider	4292
jacke	4290
bestellt	4287
herkommen	4283
wild	4282
nenne	4282
angesehen	4281
zuhören	4278
trennen	4272
schlafzimmer	4271
vorschlag	4268
meins	4266
gift	4264
ton	4264
vermissen	4258
angekommen	4258
beantworten	4255
deutlich	4253
träumen	4252
verwirrt	4251
akten	4250
riskieren	4246
b	4236
victor	4234
find	4232
erkannt	4227
beerdigung	4227
müll	4223
weisst	4222
möge	4222
stellte	4221
mitte	4219
erleben	4217
geburt	4213
decke	4213
ch00ffff	4211
wege	4207
schritte	4205
gibts	4201
gemeldet	4199
hilfst	4197
mittagessen	4195
weint	4193
vernichten	4192
rock	4190
chicago	4189
ellen	4189
crew	4184
roy	4181
türen	4179
gewehr	4179
elena	4177
arbeitete	4174
spiegel	4172
hauen	4171
geraten	4168
dritten	4167
ross	4166
julie	4163
wetter	4160
schwul	4159
regel	4158
befindet	4156
einheit	4151
german	4151
armer	4149
gucken	4149
anstatt	4149
champagner	4146
gründe	4146
strafe	4145
smith	4144
öfter	4140
anne	4140
zelle	4139
langen	4136
altes	4133
ruiniert	4133
jonathan	4132
kleidung	4131
gras	4130
kenn	4130
agenten	4126
herausgefunden	4126
annie	4126
rechten	4125
brot	4124
berlin	4123
erfreut	4122
lügt	4122
nehm	4120
harte	4119
staaten	4114
station	4113
gaben	4110
hinterher	4110
verpassen	4105
geholt	4105
jesse	4103
hemd	4099
trinke	4096
klären	4096
praktisch	4095
theorie	4094
zunge	4093
notfall	4092
besseren	4092
winter	4091
c	4090
versuchst	4089
dahinter	4083
schwere	4082
feuern	4082
lucy	4076
schießt	4076
anführer	4075
schief	4075
blau	4067
bestens	4065
wartest	4065
gehts	4057
morgan	4057
unrecht	4053
leck	4052
wonach	4052
entwickelt	4052
bedeutung	4047
strom	4034
krebs	4033
gemein	4029
wessen	4029
minister	4024
lhnen	4021
quelle	4019
zahl	4019
schiffe	4018
schüsse	4017
bricht	4013
talent	4012
spitze	4009
fernseher	4008
treiben	4006
ausgezeichnet	4006
tatort	4002
möglichkeiten	4001
trinkt	3999
esse	3986
cop	3985
details	3984
täter	3984
wahren	3979
dieb	3979
offiziell	3977
dienen	3976
westen	3975
entscheidungen	3975
dauernd	3971
geschmack	3971
gegenseitig	3971
gewählt	3961
charlotte	3960
pech	3957
verteidigen	3956
schauspieler	3955
personen	3954
überlassen	3952
publikum	3951
trägst	3947
wechseln	3945
begegnet	3944
betrogen	3943
besucht	3941
vertrau	3938
europa	3937
carrie	3936
patrick	3936
deutschland	3935
süßer	3933
loswerden	3929
melde	3928
maggie	3926
bestätigt	3925
gas	3921
sturm	3919
setze	3918
briefe	3917
null	3912
penny	3912
schlafe	3910
wirken	3908
geführt	3906
starten	3904
götter	3904
festhalten	3899
geheim	3899
übergeben	3897
cia	3896
abteilung	3896
papier	3894
wetten	3894
gefolgt	3889
verschiedene	3887
gleichzeitig	3886
genie	3884
hungrig	3881
inspektor	3879
zwingen	3879
atmet	3878
kuh	3877
unterstützen	3877
geworfen	3876
verlor	3875
süden	3873
pater	3872
menschheit	3870
versteck	3867
tötete	3866
fähigkeiten	3864
beruhigt	3863
rechtzeitig	3863
streng	3860
sendung	3857
gelebt	3854
treppe	3853
kim	3851
richtiger	3850
aufnehmen	3849
wolf	3848
pa	3847
öffnet	3847
dämon	3846
wut	3846
schlange	3841
medikamente	3837
geschenkt	3836
nenn	3833
gelegt	3829
anfassen	3829
pizza	3829
schlechtes	3828
hütte	3825
mantel	3823
behauptet	3822
kilometer	3822
beeilung	3818
angeblich	3816
reiten	3811
helen	3808
mittag	3808
gewarnt	3805
wohne	3803
las	3801
dunkelheit	3799
spazieren	3797
angel	3794
hiermit	3792
schließt	3790
phoebe	3788
vieles	3785
erfüllt	3784
tausend	3783
sack	3782
eindeutig	3778
unterhaltung	3777
gründen	3776
km	3775
zugeben	3771
mittel	3770
explosion	3770
gefangenen	3766
taylor	3765
frische	3763
verdächtigen	3763
neugierig	3761
leitung	3758
kennenlernen	3754
fliege	3752
lebte	3752
menschliche	3750
anderem	3749
auseinander	3748
fressen	3738
beides	3737
ficken	3736
stoff	3736
spüre	3731
eilig	3729
stammt	3728
vorgestellt	3727
linda	3726
welch	3725
wichtiges	3722
no	3720
gehörte	3718
mhm	3717
glaubte	3713
oberst	3712
schrank	3711
fremde	3708
gnade	3705
chloe	3702
yo	3700
entspannen	3697
virus	3693
schläfst	3690
einladung	3687
krieger	3674
vernünftig	3673
fein	3672
greifen	3670
whoa	3670
kyle	3669
schickte	3669
per	3668
mitglied	3667
einziger	3663
umzubringen	3663
zurückkehren	3663
feld	3661
mexiko	3660
erschaffen	3658
information	3657
hergekommen	3657
beweg	3657
stärke	3654
vermögen	3652
verbracht	3652
gewisse	3650
waschen	3648
howard	3642
staat	3642
geister	3641
behaupten	3640
schrei	3636
würdet	3635
vögel	3634
warnen	3633
albert	3632
chancen	3630
treibt	3629
nannte	3628
vermute	3627
mitternacht	3627
jones	3624
freundinnen	3622
lecker	3616
klinik	3615
dicht	3605
befinden	3597
ließen	3596
bürger	3593
verursacht	3593
hammer	3590
klang	3589
internet	3586
aufregend	3583
grenzen	3581
politik	3580
superman	3577
zurecht	3574
besitz	3573
cops	3570
eingesperrt	3567
irren	3566
kommando	3566
schlug	3566
krankenwagen	3562
love	3562
öffne	3561
karen	3561
richten	3561
mademoiselle	3560
erfunden	3559
schnee	3557
fühl	3549
behalte	3548
beschützt	3547
punkte	3546
entfernen	3545
abgehauen	3545
geträumt	3543
stefan	3543
dämonen	3540
tränen	3540
erfolgreich	3537
volle	3535
wilson	3534
caroline	3534
höher	3531
happy	3529
brille	3523
musstest	3522
heimat	3517
terry	3517
liebsten	3517
bye	3517
leiter	3514
sean	3513
kauf	3512
spinnst	3511
werk	3511
cent	3507
schlacht	3507
beziehungen	3507
abgemacht	3506
schreie	3506
hmm	3505
bestätigen	3503
erschreckt	3503
offizier	3502
that	3501
sara	3498
affäre	3496
empfangen	3495
zweck	3494
kämpfe	3493
ergeben	3491
china	3489
fange	3487
häuser	3487
verliere	3487
gedanke	3487
tausende	3487
heutzutage	3486
gefühlt	3484
schnitt	3482
carlos	3480
harold	3479
lebend	3479
real	3478
holz	3477
kaiser	3476
spielte	3475
begonnen	3471
ziehst	3471
gelandet	3469
scheidung	3468
bart	3467
beschlossen	3467
klo	3465
riechen	3465
vergisst	3463
begeistert	3462
ei	3459
durchs	3458
geil	3454
nieder	3453
erkläre	3450
schreckliche	3448
beeindruckt	3443
vince	3441
aufgegeben	3441
aufgrund	3440
momentan	3439
solch	3439
meistens	3437
stress	3436
sterne	3433
heilen	3433
soviel	3425
kannten	3424
stattdessen	3421
aye	3421
dinger	3420
stimmung	3416
bulle	3413
aufgefallen	3413
kämpft	3412
geräusch	3410
künstler	3406
wachsen	3405
verurteilt	3404
himmels	3403
tyler	3403
urteil	3402
schweine	3400
nettes	3399
house	3396
verlust	3396
verließ	3396
wirf	3395
wenige	3392
willie	3392
schulter	3392
kalifornien	3392
lernt	3391
beigebracht	3390
normale	3389
anbieten	3388
verwenden	3387
gratuliere	3386
fluch	3386
rick	3385
übers	3384
grün	3383
unterricht	3383
dachtest	3381
verarschen	3380
gewöhnt	3378
anklage	3375
tollen	3372
lippen	3371
fett	3369
lege	3365
feigling	3363
achten	3363
gary	3363
erfährt	3362
gewohnt	3361
jessica	3359
äußerst	3357
einladen	3356
käse	3356
aufwachen	3355
verfügung	3354
uniform	3351
zusehen	3350
board.tv4user.de	3349
gesundheit	3349
abenteuer	3348
hosen	3345
kurze	3343
scheck	3343
täglich	3340
fresse	3339
übernehme	3336
wiederholen	3335
bestellen	3334
freiwillig	3334
cole	3333
universum	3332
zeuge	3332
west	3329
marshall	3329
fähig	3328
revier	3323
reifen	3322
mum	3322
führe	3320
durchgemacht	3319
tests	3317
führte	3316
schenken	3316
schädel	3315
realität	3315
april	3315
albern	3315
brav	3314
schwerer	3313
jagd	3312
versagt	3312
truck	3310
steckst	3309
geschenke	3307
sicherlich	3307
öffentlichkeit	3306
merkt	3305
verbrecher	3304
maske	3304
verstärkung	3303
liefern	3300
jo	3296
starke	3294
grunde	3294
gordon	3294
würd	3293
verschwand	3293
schulde	3292
russen	3290
führer	3288
gemerkt	3288
ciao	3287
loslassen	3283
berichten	3283
verabschieden	3283
antrag	3283
schieß	3282
abby	3278
benehmen	3276
verdacht	3273
hübsches	3272
schreibtisch	3272
e	3271
vampir	3270
rory	3269
probe	3268
schaff	3267
verzeih	3265
patient	3263
geküsst	3260
ertönt	3257
nahmen	3254
zahlt	3253
vorbereiten	3253
verbrannt	3252
verdammtes	3250
frankie	3245
informiert	3242
einziges	3242
zucker	3241
stinkt	3238
schnappt	3238
schreib	3237
standen	3236
klamotten	3235
heil	3233
besitzer	3230
marcus	3230
tess	3229
drum	3228
tasse	3227
hinweis	3227
verteidigung	3225
lügst	3224
lies	3223
magen	3223
enterprise	3219
michelle	3217
beeilt	3215
tunnel	3212
einst	3210
behandlung	3208
serie	3204
applaus	3204
markt	3204
korrekt	3203
besessen	3201
bewahren	3201
nr.	3200
pack	3199
gekämpft	3197
black	3195
angreifen	3193
tiefer	3192
huh	3190
truppen	3190
kommandant	3186
osten	3186
elf	3186
beeindruckend	3184
besitzt	3183
ho	3183
heut	3182
clever	3182
verrückten	3180
freien	3180
hass	3179
antworte	3177
posten	3176
schneiden	3176
sammeln	3169
gesteckt	3166
wissenschaft	3165
ursache	3162
gewiss	3160
bereich	3158
catherine	3158
meinetwegen	3156
l.a.	3156
senator	3154
ausziehen	3153
verzweifelt	3149
jess	3148
anteil	3146
stets	3145
ritter	3145
viertel	3143
roman	3142
pünktlich	3137
erfüllen	3135
kauft	3135
molly	3134
basis	3131
eva	3130
schock	3128
empfang	3128
wiederhole	3127
wünscht	3125
besondere	3125
titel	3124
stil	3124
fingerabdrücke	3121
einfluss	3121
anweisungen	3121
zahle	3120
shield	3119
opfern	3113
blaue	3112
sparen	3111
weiteres	3111
gehörst	3109
farm	3108
erstaunlich	3108
schwachsinn	3106
miete	3106
verwandelt	3104
daneben	3101
klaus	3099
bereiten	3099
wüste	3097
prüfen	3096
gabe	3095
hundert	3094
erscheinen	3092
laß	3091
besiegen	3085
verpiss	3085
umständen	3084
angelegenheit	3083
landes	3082
dienstag	3081
folgendes	3081
fürchten	3080
mordes	3080
nennst	3079
angestellt	3079
training	3076
aufgetaucht	3075
rausfinden	3073
ächzt	3070
rauskommen	3070
planet	3069
suppe	3068
erwischen	3067
sitz	3066
johnson	3065
vorteil	3065
for	3064
rosa	3062
tour	3060
amerikanische	3060
schönste	3059
rufst	3059
berührt	3058
französisch	3058
gouverneur	3056
angeles	3053
kaufe	3050
stern	3049
gedächtnis	3049
wirklichkeit	3045
bestraft	3044
kreis	3044
reine	3044
edward	3043
schlimmes	3042
bestehen	3041
jeannie	3039
erscheint	3039
staatsanwalt	3038
ewigkeit	3036
störung	3035
hässlich	3034
lauft	3033
angezogen	3032
señor	3030
half	3029
sollt	3027
martha	3027
tiger	3026
zigarette	3025
mutig	3022
ausruhen	3021
andrew	3020
linken	3019
hauptmann	3019
umstände	3019
not	3019
unglück	3018
eng	3018
white	3016
lucas	3015
üben	3014
wissenschaftler	3013
gelöst	3013
reaktion	3013
morde	3013
dusche	3011
mitarbeiter	3011
your	3010
bedroht	3009
gehöre	3008
befreit	3007
stöhnen	3007
reagiert	3006
identität	3006
rund	3004
texas	3002
fieber	3001
hirn	3000
leiten	3000
donnerstag	2998
leonard	2998
unheimlich	2998
mulder	2997
jahrhundert	2994
irgend	2994
diener	2991
bruce	2990
extrem	2988
ausweis	2987
sicht	2987
sport	2987
juden	2986
studiert	2985
angelogen	2985
schaue	2985
little	2985
sally	2984
text	2983
earl	2981
nebenan	2981
todd	2979
lektion	2978
mäuse	2978
staub	2973
sophie	2973
kugeln	2970
dutzend	2969
ratte	2969
mitleid	2968
testen	2968
auftritt	2967
gegner	2965
joseph	2964
verdienst	2962
langsamer	2962
wunde	2961
linie	2961
bedrohung	2960
bauer	2959
kurzem	2959
fische	2959
einkaufen	2959
kreuz	2958
afrika	2957
begangen	2957
el	2955
nachsehen	2954
junior	2954
bäume	2950
leidenschaft	2948
geliebte	2946
bereuen	2946
spieler	2945
berge	2945
verwendet	2943
steuern	2942
gekümmert	2942
voran	2941
wieviel	2941
barney	2940
graf	2939
verabredung	2938
verlasse	2938
überfallen	2936
donna	2935
umdrehen	2935
damon	2934
kilo	2933
diego	2932
negativ	2932
schild	2930
tanzt	2929
verbrennen	2927
gefreut	2925
penner	2922
blauen	2921
jay	2920
stücke	2917
angela	2917
kühlschrank	2916
identifizieren	2916
lehrerin	2916
francisco	2915
kameras	2914
zentrale	2910
jäger	2910
josh	2910
wayne	2909
wenden	2908
we	2908
holst	2906
suchte	2904
start	2902
füßen	2901
unglücklich	2900
frohe	2899
sand	2898
pfarrer	2897
plus	2897
nancy	2896
brachten	2891
zauber	2890
berühren	2889
rückkehr	2889
hafen	2889
indianer	2881
miller	2880
verschwenden	2880
untersucht	2878
königs	2878
jean	2878
lese	2875
stahl	2873
hättet	2873
affen	2870
worten	2867
kindheit	2866
gewollt	2866
op	2866
vermeiden	2864
fabrik	2864
aussagen	2862
wunderbare	2862
grandpa	2861
miststück	2861
verrückter	2860
lane	2860
jungfrau	2859
einfache	2858
nate	2858
laufe	2856
reingelegt	2855
seltsame	2854
heiratet	2854
angenehm	2854
daheim	2854
planen	2852
klauen	2851
geruch	2851
marty	2851
klingen	2849
tina	2849
nächster	2849
hörten	2849
jackie	2848
trafen	2848
ungern	2847
abgelehnt	2846
erstens	2843
abmachung	2843
appetit	2843
miami	2841
zeigte	2840
fan	2839
hohen	2837
alf	2837
ladys	2834
sms	2833
verkauf	2832
jamie	2831
verbergen	2831
sorgt	2831
karl	2829
sohnes	2828
berühmt	2828
aussteigen	2827
bonnie	2822
ginge	2822
reingehen	2821
durfte	2821
korrektur	2815
wirft	2814
titten	2813
betreten	2811
todes	2807
one	2806
doctor	2805
blöden	2804
miles	2803
rausholen	2803
hohe	2802
aufnahme	2801
by	2801
holmes	2800
hübscher	2799
vegas	2797
manager	2795
stellung	2793
höhle	2792
schokolade	2791
angeboten	2790
befreundet	2787
weib	2785
ausgerechnet	2784
walker	2784
beibringen	2783
nelson	2783
ex	2783
belohnung	2782
seelen	2781
steine	2781
garage	2778
scheißkerl	2777
gestört	2777
cooper	2773
ruhen	2772
pillen	2771
gepäck	2770
carol	2767
norman	2765
zoe	2765
amerikanischen	2765
telefonieren	2765
heirate	2762
erkenne	2761
funk	2760
grüß	2759
hurensohn	2759
mögliche	2759
spring	2758
uni	2758
scheinbar	2753
fakten	2752
informieren	2752
jugend	2751
feier	2751
wenigen	2750
söhne	2747
benzin	2747
nix	2747
vampire	2745
erkennt	2741
sicherer	2741
zigaretten	2740
dummes	2740
mauer	2740
erneut	2740
flügel	2740
schluck	2740
hierbleiben	2738
abschluss	2738
christus	2738
bezahle	2737
böses	2737
dummkopf	2737
gerüchte	2736
eingestellt	2734
m.	2730
weitergehen	2729
technik	2728
ali	2727
bezweifle	2726
piper	2725
over	2723
gekostet	2721
anzeige	2720
wohnst	2718
hans	2718
ergebnis	2717
bedingungen	2717
brad	2717
aufzuhalten	2717
versprich	2715
verdiene	2714
geschnappt	2713
francis	2712
eile	2709
innen	2709
italien	2708
einig	2707
verhandeln	2704
weswegen	2704
nützlich	2703
inneren	2701
gentleman	2700
felix	2700
vergesse	2699
dunkle	2699
warnung	2698
gemeinde	2696
diamanten	2695
wächst	2694
gewöhnlich	2691
seil	2691
bär	2690
euro	2690
großartige	2689
beth	2686
ware	2685
traurige	2684
persönliche	2683
figur	2681
time	2680
roboter	2680
anschauen	2677
kürzlich	2677
material	2677
paula	2676
käme	2675
stellst	2674
bereitet	2674
einfallen	2674
käfig	2674
fantasie	2673
brach	2673
satz	2672
kommissar	2671
exzellenz	2668
schuldest	2667
nass	2665
rächen	2664
womöglich	2662
begrüßen	2662
lou	2661
davis	2660
überraschen	2659
menschlichen	2659
repariert	2659
führung	2657
gestanden	2656
jacob	2655
schütze	2655
störe	2653
nina	2653
filmen	2653
jobs	2652
maschinen	2651
unterlagen	2651
palast	2650
graben	2648
kette	2648
auftauchen	2647
interessante	2647
wovor	2646
springt	2646
terroristen	2645
stan	2644
bekämpfen	2644
lärm	2643
flehe	2643
aufgewachsen	2642
arbeiter	2640
größere	2639
humor	2639
betrachten	2637
be	2633
organisation	2632
widerstand	2631
bergen	2629
studio	2628
hausaufgaben	2628
vögeln	2627
bescheuert	2625
weggehen	2625
teller	2623
original	2623
revolution	2623
hitler	2622
mädel	2621
verbinden	2620
nathan	2619
ermittlungen	2618
steck	2618
wäsche	2617
rätsel	2616
besonderen	2615
hunderte	2613
versetzt	2612
bibel	2611
heiliger	2608
reiß	2608
kopie	2607
besitzen	2607
zeitungen	2605
zurückgekommen	2605
süßes	2604
barbara	2604
ungewöhnlich	2604
höhe	2603
geschaffen	2602
beschreiben	2602
ausgesucht	2601
notwendig	2600
dunklen	2599
ignorieren	2598
toter	2598
deck	2598
narr	2596
scheißegal	2596
höchstens	2596
übersehen	2595
geirrt	2595
darunter	2594
außen	2594
einzig	2592
stirbst	2591
lhren	2591
spielchen	2590
girl	2588
fahrrad	2588
nutte	2587
wilde	2586
jordan	2585
bequem	2584
rauch	2584
verschiedenen	2584
kamst	2583
l	2582
betty	2582
pool	2580
hubschrauber	2579
wüssten	2578
erstmal	2576
kollege	2575
vernichtet	2575
gesichter	2575
derselbe	2575
hattet	2575
konto	2574
freie	2569
casey	2569
haken	2566
munition	2566
sünde	2566
militär	2565
gefasst	2564
anzeichen	2563
geklappt	2562
hintergrund	2560
erwähnen	2558
tipp	2557
reißen	2556
keins	2554
genial	2554
berichte	2553
kram	2553
schnapp	2553
solle	2552
randy	2552
umziehen	2551
zunächst	2551
keinerlei	2551
typisch	2549
bietet	2548
leb	2546
technologie	2544
john-boy	2544
ruinieren	2544
jünger	2544
poirot	2543
umso	2543
starben	2543
rette	2541
triffst	2541
unhöflich	2541
safe	2540
anzurufen	2539
universität	2539
mai	2536
heben	2536
koch	2534
derselben	2534
katastrophe	2534
male	2534
olivia	2532
prüfung	2531
brown	2529
gesetze	2527
meeting	2526
versicherung	2526
getragen	2526
ehefrau	2524
mitmachen	2524
tauschen	2524
ergebnisse	2523
boston	2519
reg	2518
einstellen	2517
reagieren	2517
gefehlt	2517
verwandeln	2517
gedauert	2516
senden	2515
blair	2514
reporter	2513
abgeben	2513
mm	2512
parker	2512
anhören	2511
bibliothek	2510
japan	2509
hinsetzen	2508
hannah	2508
serena	2508
motiv	2506
paige	2504
schalten	2503
derek	2503
gewöhnen	2503
lernte	2499
vereinigten	2496
gewicht	2495
zweiter	2494
badezimmer	2492
schieben	2492
dreimal	2491
weich	2491
echtes	2490
zweitens	2490
drachen	2488
bahnhof	2487
erschöpft	2487
genauer	2487
verlange	2485
spanisch	2484
verrat	2483
hexen	2482
live	2482
legende	2482
taub	2482
freu	2481
konzert	2480
hopp	2480
wiederzusehen	2479
doppelt	2479
last	2479
vergleich	2479
böser	2479
herzlich	2478
monica	2477
taschen	2474
genügt	2474
besucher	2473
spanien	2473
großzügig	2473
teddy	2473
hauses	2472
leihen	2471
scheiden	2471
einstellung	2471
köstlich	2470
watson	2469
einheiten	2469
wichtigen	2466
go	2465
warne	2465
russland	2465
angeschossen	2464
sammy	2463
pierre	2461
sklaven	2461
laune	2459
gesamten	2459
stille	2459
asche	2458
geflogen	2456
spion	2455
what	2455
aaron	2454
weihnachtsmann	2454
hervorragend	2453
can	2453
verärgert	2453
puppe	2451
überfall	2451
unwichtig	2450
santa	2450
linke	2449
übung	2449
buffy	2449
franzosen	2446
wehgetan	2446
schwäche	2446
couch	2446
cousine	2445
grant	2443
atme	2442
irgendeinem	2442
unterstützt	2442
oscar	2441
ausdruck	2439
pleite	2438
beleidigt	2438
knopf	2438
stop	2438
schlimme	2437
beweist	2437
katie	2436
dramatische	2434
heutigen	2432
leere	2432
island	2432
shane	2431
daisy	2431
trinkst	2430
heimlich	2430
eingehen	2428
rad	2427
greift	2426
mächtig	2426
williams	2425
sinnlos	2425
versaut	2425
netz	2422
atem	2420
anstellen	2417
milliarden	2417
flotte	2416
umgebung	2416
mitbringen	2415
beteiligt	2415
dunkeln	2415
entwickeln	2414
schämen	2412
erwachsene	2412
zack	2412
durchsuchen	2411
hollywood	2411
rollen	2411
vergesst	2409
tricks	2407
plätze	2407
gefangene	2407
sünden	2407
sender	2406
verlass	2403
räumen	2402
lerne	2400
rettet	2400
hinweise	2399
ausreden	2399
alexander	2399
mommy	2398
diejenige	2398
nächte	2397
herrscht	2395
bud	2394
jahres	2394
dna	2394
romantisch	2393
flüstert	2392
drück	2392
jeremy	2392
bedanken	2391
verabredet	2390
pilot	2390
colt	2389
nigger	2388
reizend	2387
grade	2386
stanley	2385
leib	2385
stecke	2384
scheisse	2384
ärztin	2384
vergewaltigt	2381
mußt	2381
lieferung	2380
botschafter	2379
studieren	2378
köpfe	2377
duschen	2377
kopfschmerzen	2376
öl	2376
knarre	2373
sekretärin	2373
phase	2373
handschellen	2371
lewis	2371
versehen	2369
bande	2368
treu	2368
positiv	2367
meiste	2366
museum	2366
albtraum	2366
margaret	2365
verlobt	2365
besiegt	2364
existieren	2362
könne	2361
proben	2360
beschissen	2360
gewinne	2359
personal	2359
christian	2358
bewaffnet	2358
fällen	2357
wecken	2356
wirkung	2355
kurt	2355
connor	2353
rebecca	2353
therapie	2353
travis	2352
amüsieren	2351
ordentlich	2351
weglaufen	2350
aufgewacht	2349
nähern	2348
decken	2346
sinne	2345
leutnant	2344
zauberer	2343
hogan	2343
bittet	2343
ankunft	2340
klopft	2339
abstand	2337
bewusstsein	2337
nation	2337
kontrolliert	2336
treffer	2336
abnehmen	2336
ratten	2333
anwälte	2332
tempel	2332
vergiftet	2332
kunde	2331
august	2330
wunden	2330
unangenehm	2329
ausrüstung	2327
segen	2327
präsentiert	2326
schließ	2326
kehle	2324
krone	2322
garantiert	2322
durchsucht	2319
president	2319
tracy	2319
verfluchte	2318
bestimmten	2318
clay	2317
ladies	2317
b.	2315
ladung	2314
beinen	2313
hell	2312
kent	2311
kapitel	2311
chase	2310
benutze	2310
alibi	2310
ziele	2309
bestie	2308
gus	2308
nirgends	2308
wohnzimmer	2308
beute	2307
bau	2306
brennen	2305
lex	2305
durst	2304
logan	2303
schwarzer	2302
schmutzig	2302
liebhaber	2301
ersetzen	2301
juli	2297
verfahren	2296
kirk	2295
stiefel	2294
inspector	2293
allzu	2292
camp	2290
dürft	2289
orten	2289
hitze	2288
spielzeug	2287
tv	2287
gloria	2286
wolle	2283
knurrt	2283
meldet	2282
rita	2282
zone	2281
trocken	2280
lincoln	2280
schreibst	2280
audrey	2280
quinn	2280
probier	2279
le	2279
kids	2278
unterschrieben	2277
do	2277
heulen	2276
entschlossen	2275
paket	2274
gefiel	2273
bekamen	2272
netten	2271
geheime	2270
jennifer	2270
aktiviert	2269
ausweg	2268
hinweg	2268
schmuck	2268
ausgang	2267
wunderschöne	2266
zurückkommt	2265
ann	2265
illegal	2263
ferien	2261
persönlichen	2261
geiseln	2260
segne	2258
normaler	2258
steuer	2257
aufgepasst	2257
murphy	2256
raumschiff	2256
dummen	2256
weißer	2256
ausbildung	2255
klavier	2255
hauptsache	2254
admiral	2253
entgegen	2250
fasse	2249
strecke	2249
julian	2248
version	2247
hilfreich	2247
schweren	2246
h	2246
jahrelang	2246
leeren	2245
küste	2244
baron	2244
behörden	2244
grüße	2243
geklärt	2242
bruders	2241
kaufte	2241
stone	2240
puls	2240
blue	2240
flur	2239
denselben	2239
rettung	2239
widerlich	2239
parkplatz	2238
katzen	2237
laster	2235
sozusagen	2235
mittwoch	2235
unschuldige	2234
abwarten	2234
grandma	2233
florida	2233
re	2233
grünen	2233
könntet	2233
aufnahmen	2232
vision	2232
schauspielerin	2229
passe	2229
sing	2228
glückliche	2227
highschool	2226
friedhof	2226
irrtum	2225
klienten	2224
nervt	2224
leidet	2224
reverend	2223
trainieren	2223
gegenwart	2223
zurückbringen	2223
herman	2223
protokoll	2223
studenten	2222
durchaus	2221
grausam	2221
höchste	2221
verwickelt	2221
schmecken	2220
klappen	2220
apropos	2219
liz	2219
alfred	2218
ansonsten	2218
wade	2218
missverständnis	2218
mitglieder	2217
motorrad	2216
mickey	2215
blicken	2215
glücklicher	2213
hübschen	2212
dicke	2212
gewünscht	2211
gejagt	2210
diejenigen	2209
diskutieren	2207
pinkeln	2207
huhn	2206
erheben	2205
paradies	2205
tagebuch	2205
möglichen	2204
jenseits	2204
arschlöcher	2204
apartment	2204
mason	2203
pfeift	2203
dieselben	2203
wilden	2202
vergaß	2202
enttäuschen	2201
greg	2201
konsequenzen	2200
fleck	2200
macgyver	2199
führerschein	2199
online	2198
bete	2197
verdächtige	2197
enkel	2197
normalen	2196
stift	2194
interview	2193
süßen	2193
riesige	2192
aussicht	2192
ned	2191
wiederkommen	2190
werbung	2188
warf	2187
telefoniert	2186
anblick	2185
einzelnen	2182
teppich	2181
hielten	2180
handel	2178
gekannt	2178
getrieben	2176
trainer	2176
scully	2176
schuh	2176
bomben	2176
kämpfer	2174
victoria	2174
bedenken	2174
sitzung	2174
ken	2171
sicheren	2170
verkaufe	2169
ron	2168
tapfer	2167
experiment	2167
besorge	2167
tiefe	2165
narren	2165
abgeholt	2165
abhalten	2164
bestimmte	2164
laufenden	2164
auftaucht	2163
school	2163
löschen	2161
tara	2161
sebastian	2160
mies	2160
sarg	2159
r	2159
vertragen	2158
gebissen	2158
geheimen	2157
drinks	2157
schlief	2155
tradition	2155
soeben	2155
komische	2154
schultz	2153
aufgehalten	2153
fähigkeit	2152
attraktiv	2151
begriff	2150
versichere	2150
schilde	2150
legte	2149
mitteilen	2149
sdh	2148
gemütlich	2146
muster	2145
versprach	2145
überwachen	2144
eingeschlafen	2144
schlimmsten	2144
verlierst	2144
einzelne	2144
vergib	2140
vorbeikommen	2140
aua	2140
brüste	2140
sandwich	2140
gewinner	2139
verständnis	2139
g	2139
raymond	2136
papst	2135
toast	2134
matthew	2134
einsteigen	2133
löwen	2132
einsetzen	2132
gewinn	2132
schüchtern	2132
scheinst	2131
pflanzen	2131
green	2130
sheldon	2130
christopher	2129
hätt	2128
coach	2127
werte	2127
modell	2127
übernimmt	2126
walton	2126
heftig	2126
vorfall	2126
motel	2125
teams	2124
irgendeinen	2124
müsstest	2123
freier	2123
zirkus	2122
ruhm	2121
zurzeit	2121
ausmachen	2121
rezept	2121
töchter	2120
laute	2120
akzeptiert	2119
geschwindigkeit	2119
beliebt	2118
verpflichtet	2118
betrüger	2118
lohnt	2118
märchen	2116
blöder	2116
becky	2116
wille	2115
hügel	2114
königreich	2114
dennis	2110
kehren	2110
baut	2108
chinesen	2107
gesichert	2107
michel	2106
ruth	2106
block	2104
belogen	2103
malen	2102
kofferraum	2102
road	2102
bursche	2102
erin	2101
geständnis	2101
ausgegangen	2101
begreifen	2101
dana	2100
blitz	2099
löst	2097
furcht	2097
jersey	2096
ernstes	2096
verteilt	2095
bezüglich	2095
faszinierend	2094
aufmerksam	2093
aufregung	2093
wendy	2093
ethan	2092
orte	2092
entführung	2091
keucht	2091
erhielt	2091
treue	2090
felsen	2088
malcolm	2087
kurzen	2087
zorn	2086
taucht	2086
bestimmen	2086
ausgesetzt	2086
zurückgeben	2086
verkehr	2086
bewiesen	2085
generation	2084
liebste	2084
ausrichten	2082
ausnahme	2082
ebene	2081
herrlich	2080
stürzen	2080
herausforderung	2080
gefälligst	2079
farben	2078
geliebten	2077
ankommen	2077
tempo	2077
unterbrechen	2077
kindes	2077
babe	2075
erden	2075
schrecklichen	2075
falsches	2075
täuschen	2074
tal	2074
irgendwer	2073
deins	2072
witwe	2070
sichern	2070
gerede	2068
betrug	2067
trauer	2067
anwesenheit	2065
bilden	2065
gewachsen	2065
ausflug	2065
jill	2065
verlaufen	2064
rand	2064
kenny	2063
rechnen	2063
aufzug	2063
befragen	2063
wegnehmen	2063
abschied	2062
benötigen	2062
pst	2061
amt	2060
reiche	2060
otto	2060
beginn	2060
daumen	2060
bestrafen	2059
clarence	2058
weine	2058
fremder	2057
sachte	2056
identifiziert	2051
gestehen	2050
mac	2050
owen	2050
morris	2050
riesig	2049
entscheide	2049
koma	2049
prinzen	2048
bewusstlos	2048
county	2047
marke	2047
harter	2047
hill	2046
höflich	2046
jude	2045
setzte	2045
besorg	2045
absichtlich	2045
vermasselt	2045
verschlossen	2044
sowie	2044
gesang	2043
gedreht	2043
ford	2043
religion	2043
ey	2042
unterschrift	2042
rosen	2041
persönliches	2041
queen	2040
fortschritte	2040
eingang	2038
zugehört	2037
biete	2036
clara	2036
vorhaben	2035
kultur	2034
patientin	2034
stephen	2033
explodiert	2033
nichte	2032
verzichten	2031
steven	2031
harris	2031
existenz	2030
drehbuch	2029
football	2029
anzusehen	2028
ohnmächtig	2028
zaun	2027
anthony	2027
geladen	2025
guckt	2023
privat	2023
peg	2023
brauchten	2022
liam	2022
heb	2021
virginia	2021
wächter	2018
eimer	2018
blasen	2018
rakete	2017
salz	2017
unfair	2017
verzeiht	2016
esel	2016
krankenschwester	2016
symbol	2014
entscheidet	2013
fahrzeug	2012
unterwäsche	2011
betrachtet	2009
bauern	2008
engländer	2007
wartete	2006
schaust	2006
genossen	2005
tropfen	2005
probiert	2004
spock	2003
café	2003
verhungern	2001
versuchten	2001
mütter	1999
september	1998
aktion	1997
bestanden	1997
haaren	1997
louise	1995
schluchzt	1993
übertrieben	1993
heilmittel	1993
apparat	1993
vorm	1992
friedlich	1992
richtiges	1992
zuschauer	1991
teenager	1991
geliefert	1990
may	1990
gestritten	1990
maus	1989
lediglich	1989
charakter	1988
riley	1988
krass	1986
weiterer	1984
group	1983
ricky	1983
diana	1982
geräusche	1981
lichter	1981
starken	1980
dexter	1978
staffel	1977
flaschen	1977
putzen	1977
einbruch	1976
geheilt	1975
beißen	1974
nicole	1972
stammen	1972
wände	1972
befürchte	1971
kostüm	1971
warren	1971
grüßen	1971
versagen	1970
übernommen	1969
hoffte	1968
verschieben	1968
verspätung	1968
whiskey	1967
mars	1967
media	1965
entdecken	1965
traue	1964
thron	1964
riesigen	1963
zelt	1962
akzent	1962
truppe	1960
übertragen	1960
kompliment	1960
flammen	1960
erkennst	1960
erschrecken	1960
gemälde	1960
ari	1959
walt	1959
chip	1959
mannschaft	1958
cindy	1956
loyalität	1956
benjamin	1955
dankeschön	1954
vertreten	1953
verhandlung	1951
lernst	1951
brüllt	1951
füllen	1950
letztendlich	1950
krise	1949
verlierer	1949
spencer	1949
with	1949
kekse	1949
ausschalten	1949
penis	1949
profi	1948
whisky	1947
erledige	1947
gelächter	1947
fängst	1945
erklär	1945
einspruch	1945
angeln	1945
rausgehen	1943
monk	1942
kaution	1941
eures	1940
gesessen	1939
verrate	1939
kehrt	1938
boy	1937
summe	1937
lade	1936
billig	1936
curtis	1936
bernard	1934
juni	1933
gerissen	1933
festgenommen	1932
ralph	1930
befohlen	1930
überlege	1930
koordinaten	1929
flog	1928
herzinfarkt	1927
hinlegen	1925
nahrung	1925
liege	1925
geflohen	1924
knall	1922
nebenbei	1921
mylord	1921
nachbar	1921
küss	1921
lhrem	1920
geleistet	1920
nutzt	1920
fröhliche	1920
nebel	1920
front	1920
veränderung	1919
affe	1919
kontaktieren	1918
brand	1918
fuhren	1918
zwischenzeit	1917
eingesetzt	1916
anton	1916
philip	1916
megan	1916
schlimmeres	1916
rennt	1916
anlegen	1915
nachzudenken	1915
schwör	1915
übliche	1914
kreatur	1914
verderben	1914
medizinische	1912
besetzt	1912
zugriff	1912
kanal	1910
blutdruck	1909
grüne	1909
ausgeben	1908
papi	1908
clown	1908
lhrer	1908
sonny	1908
schwören	1908
hühnchen	1907
arten	1906
aufgebaut	1906
sydney	1906
betrügen	1906
steele	1905
trank	1904
glatt	1904
trainiert	1903
indien	1903
autor	1903
geweint	1902
blume	1902
verletzungen	1902
special	1902
zwillinge	1902
mia	1901
reißt	1901
zeigst	1900
stirb	1900
justin	1899
diane	1899
gefickt	1898
schlägst	1898
moskau	1898
erwartest	1897
gestoßen	1896
durchgehen	1895
praxis	1894
gründlich	1894
benny	1894
eingeschlossen	1894
tragödie	1894
vollständig	1894
psychiater	1894
rasse	1893
lance	1891
vertraust	1891
kummer	1891
eigener	1890
christine	1888
partei	1888
zentrum	1887
testament	1887
entfernung	1886
private	1886
welten	1885
verlegen	1884
heroin	1884
erfuhr	1884
gelände	1884
kutsche	1883
dummer	1883
homer	1883
stabil	1882
ausgeschlossen	1882
out	1882
draus	1881
aufgehoben	1881
single	1880
regisseur	1880
vielmals	1880
dylan	1880
bestand	1879
k	1878
erbe	1878
weggelaufen	1878
jim-bob	1877
noah	1877
leichte	1876
zuständig	1875
losgehen	1875
long	1875
hustet	1873
brutal	1873
besprochen	1872
halbes	1871
bargeld	1870
peggy	1870
action	1870
zusammenarbeiten	1869
beunruhigt	1869
achte	1868
innere	1867
kanone	1866
eklig	1865
x	1865
armes	1865
avenue	1863
öffentlich	1863
nützt	1862
marine	1862
brillant	1861
köder	1861
gespräche	1860
nähert	1859
vorgehen	1859
kleinigkeit	1858
kissen	1858
manny	1857
geisel	1857
gerecht	1856
trost	1855
gehasst	1855
a.	1855
gesorgt	1854
archer	1854
spinner	1854
vergebung	1853
vieh	1853
schnelle	1852
normales	1852
gefesselt	1852
lautes	1851
kalte	1851
leitet	1850
angehen	1849
ekelhaft	1848
salat	1848
schicht	1848
intelligent	1847
meg	1847
verhältnis	1847
socken	1846
brieftasche	1846
holly	1846
packt	1846
eventuell	1845
nirgendwohin	1845
methode	1845
gelangen	1845
gespannt	1843
vernunft	1842
zurückgehen	1842
regnet	1842
drama	1842
entspannt	1842
wörter	1841
klingeln	1840
ruhige	1839
sprung	1839
anständig	1839
gangster	1839
harten	1838
aufzeichnungen	1837
ofen	1836
cowboy	1836
endgültig	1836
aufgaben	1835
ruh	1834
deutsch	1834
neil	1833
wodka	1833
know	1832
air	1832
respektieren	1832
riskant	1831
lohn	1829
zuviel	1829
zustimmen	1828
schnaps	1828
troy	1828
stufe	1827
erleichtert	1826
scheune	1826
vanessa	1826
klink	1825
spaziergang	1824
katherine	1824
zettel	1822
kotzen	1822
blödmann	1821
hurra	1820
lana	1820
symptome	1819
vorfahren	1818
nutzlos	1818
shaw	1818
telefonnummer	1817
nochmals	1817
grey	1816
medien	1816
faul	1813
dient	1811
russell	1811
ereignisse	1810
aussuchen	1810
verprügelt	1809
zweites	1808
sherlock	1807
fabelhaft	1807
klinge	1806
leistung	1805
beileid	1805
castle	1804
durchführen	1804
mitchell	1804
eröffnen	1804
unschuld	1804
seist	1803
stoßen	1802
palmer	1802
like	1801
genügend	1800
sofa	1800
gestatten	1799
gekocht	1799
biest	1799
lydia	1798
bräuchte	1797
ausgelöst	1795
väter	1795
verarscht	1793
butter	1793
nachbarschaft	1792
villa	1792
data	1792
goldene	1791
schließe	1790
saft	1790
begehen	1790
hauptquartier	1788
geschworen	1787
abgenommen	1787
werkstatt	1786
überreden	1786
nannten	1785
gemüse	1784
schläger	1784
frisst	1783
bewundere	1783
geschieden	1783
assistentin	1782
wettbewerb	1781
lebten	1781
sieger	1781
verfassung	1780
küsst	1780
fußball	1779
geschnitten	1778
master	1778
quietschen	1778
füttern	1778
gürtel	1777
unschuldigen	1775
menschlich	1775
eigenartig	1775
oje	1774
hanna	1774
kabel	1774
duke	1774
franz	1773
zahn	1773
landet	1773
kisten	1773
liegst	1772
mona	1772
krankenstation	1772
leine	1772
beschreibung	1771
ausmacht	1770
beschädigt	1769
grundstück	1768
steckte	1768
bahn	1768
turm	1768
mine	1768
sauerstoff	1767
nö	1766
angesichts	1766
ll	1765
versager	1765
deinetwegen	1765
vic	1765
angeklagt	1765
aufhört	1765
baden	1765
knacken	1764
verbindungen	1763
panzer	1763
marcel	1762
bach	1762
leiser	1761
stimmengewirr	1761
zerstörung	1761
stirn	1761
finn	1760
sanft	1759
kloster	1758
charmant	1758
aufbauen	1758
thanksgiving	1758
anlass	1757
zähle	1757
verlieben	1756
atmosphäre	1756
ronnie	1756
samantha	1752
leber	1751
jener	1751
begegnen	1751
dämlich	1749
krawatte	1749
juan	1748
tarnung	1748
kanada	1747
alpha	1747
baker	1747
tabletten	1747
faust	1747
auftreten	1747
monroe	1747
blatt	1746
gelöscht	1746
dschungel	1746
alison	1745
niedlich	1744
c.	1744
klage	1743
wolltet	1742
jonas	1742
akt	1740
schießerei	1739
anwältin	1739
überleg	1739
frisur	1739
spruch	1738
jene	1738
moral	1737
angelegenheiten	1737
dokumente	1737
fröhlich	1736
spezies	1735
oktober	1735
schachtel	1733
opfers	1733
noten	1733
ellie	1733
irgendwohin	1733
nora	1732
brunnen	1732
toby	1732
sandy	1731
lampe	1731
craig	1731
jagt	1730
eigentum	1730
diebstahl	1730
spenden	1729
betrieb	1729
gemeinsame	1728
absurd	1728
gegensatz	1728
frühling	1728
dünn	1727
ausland	1727
schultern	1727
entwicklung	1726
vergehen	1726
ahnen	1726
verbessern	1725
herzog	1725
diskussion	1724
gehalt	1724
lemon	1723
freak	1723
glocke	1722
forschung	1722
geradeaus	1722
fette	1721
iris	1720
rechnungen	1720
kasse	1720
tödlich	1720
tieren	1719
ian	1719
oberfläche	1719
gitarre	1719
bedienen	1719
jan	1717
zwang	1717
marsh	1716
politiker	1716
bären	1716
vereint	1716
irgendeiner	1715
subcentral.de	1715
ward	1714
besuche	1714
schreckliches	1714
schoss	1714
collins	1713
werkzeug	1712
kranken	1711
neffe	1710
sue	1710
dauerte	1710
brooklyn	1710
lebenden	1709
bevölkerung	1709
hergebracht	1708
just	1707
durchziehen	1707
gepackt	1707
service	1707
furchtbare	1706
liebster	1706
flieger	1705
vorschriften	1704
beherrschen	1703
guy	1703
detail	1703
ausgewählt	1703
herunter	1703
schriftsteller	1702
wärt	1702
kümmer	1701
andererseits	1700
bay	1700
gene	1699
shuttle	1699
üblich	1699
entführen	1699
ike	1698
jury	1697
box	1697
ausgedacht	1696
freddy	1696
partys	1695
rausgefunden	1695
plant	1694
feige	1694
gesungen	1693
möbel	1693
bewährung	1692
schieße	1692
umgeben	1692
berater	1692
e-mail	1690
bailey	1689
zoo	1689
gedicht	1688
lorelai	1688
bellt	1687
vorschlagen	1686
genießt	1686
baseball	1686
locken	1686
ooh	1686
trennung	1685
lautsprecher	1684
ticket	1684
umwerfend	1680
kanzlei	1680
wahres	1680
zufolge	1680
come	1680
hebt	1679
anschlag	1678
timing	1678
kid	1677
tucker	1676
befehlen	1676
etage	1675
dazwischen	1674
jules	1674
heisst	1674
objekt	1674
bedaure	1673
wobei	1673
kokain	1672
strategie	1671
freundes	1670
wolken	1670
gräfin	1670
bruno	1666
getreten	1666
cal	1666
pardon	1666
genosse	1665
ungut	1664
verteilen	1664
fuchs	1664
day	1664
organisiert	1663
bla	1663
up	1662
world	1661
east	1661
löcher	1661
aktiv	1659
hunter	1659
werfe	1659
beantwortet	1659
meist	1658
reis	1658
hierhin	1657
scotch	1657
überfahren	1656
logisch	1656
heather	1656
französische	1655
bekannte	1655
episode	1655
engagiert	1654
manipuliert	1654
zellen	1654
are	1653
blake	1652
dienste	1652
sodass	1652
volkes	1651
golf	1651
janet	1651
schmeißen	1651
grand	1650
zurückgekehrt	1650
eröffnet	1650
summt	1649
unterrichten	1649
verschaffen	1648
verlobte	1648
erfahrungen	1648
shit	1647
persönlichkeit	1647
gina	1647
streichen	1647
offenen	1646
weisheit	1645
vergeht	1645
beruhig	1645
zielen	1645
fans	1644
wüsstest	1644
ashley	1643
schuldet	1643
erhöhen	1643
schönsten	1643
momente	1643
adrian	1643
kameraden	1642
eingebrochen	1642
amüsiert	1640
erwähnte	1639
mitch	1639
premierminister	1639
geringste	1639
übernachten	1638
infiziert	1638
goa	1637
dinner	1637
rieche	1637
kredit	1637
allison	1636
lake	1636
legal	1634
merke	1634
jubel	1634
klänge	1634
größeren	1633
bewacht	1633
vietnam	1633
lehren	1633
chandler	1632
präsentieren	1632
nacken	1631
auflegen	1631
vergangen	1631
fangt	1630
hühner	1630
hector	1630
teal	1630
sprengen	1629
einsperren	1629
turner	1629
zusammenhang	1629
wahrer	1627
joan	1627
marco	1627
breit	1626
pfeife	1626
treibst	1626
rannte	1625
beschuldigt	1625
set	1624
verlegt	1624
überraschungen	1624
orleans	1624
douglas	1624
tauchen	1623
verdanken	1623
nadel	1622
psst	1621
gelacht	1621
apfel	1621
behilflich	1620
dreckskerl	1620
mitgefühl	1620
wichtigsten	1620
krieges	1620
wehe	1619
hope	1618
heirat	1617
exakt	1617
widerstehen	1617
höchst	1616
zurückgelassen	1614
gespürt	1614
methoden	1614
interessantes	1614
sau	1613
notaufnahme	1613
verwandten	1613
jeffrey	1612
trinkgeld	1612
ermitteln	1612
riechst	1612
beach	1612
sorte	1611
kartoffeln	1611
bo	1610
elefanten	1610
sichere	1610
sämtliche	1610
gekündigt	1609
vereinbarung	1608
harmlos	1608
weiber	1608
this	1608
dicken	1607
rauskommt	1606
old	1606
angestellten	1605
datum	1605
bezug	1605
kerzen	1605
lawrence	1604
marsch	1604
benötigt	1603
ermittlung	1603
lagen	1603
unbekannt	1603
gefressen	1603
brett	1603
manieren	1602
han	1602
enthält	1601
anfing	1601
kümmerst	1601
berühmte	1600
schwieriger	1599
piloten	1598
scherze	1598
anfängt	1597
läufst	1597
bekannten	1597
rasen	1596
empfehlen	1596
härter	1596
geweckt	1595
befördert	1595
reiter	1595
empfinden	1595
j	1595
bereite	1595
täte	1594
benutzte	1594
halloween	1594
abgesagt	1594
down	1594
quasi	1593
kocht	1593
reingekommen	1593
hupen	1592
hinunter	1592
vorüber	1591
ausdrücken	1590
reese	1589
elliot	1589
perfekten	1588
folgte	1588
rebellen	1588
di	1588
hauptsächlich	1587
schuppen	1587
braver	1587
neill	1587
zwanzig	1587
berichtet	1586
einrichtung	1586
november	1586
sensoren	1585
korrigiert	1585
houston	1584
richie	1583
verdächtig	1583
legst	1583
aufgebracht	1582
alternative	1582
experte	1582
ferne	1581
prinzip	1581
holte	1581
richte	1579
donald	1579
weisen	1579
ozean	1578
gelungen	1578
natalie	1578
esther	1577
abschaum	1577
stevie	1577
überwacht	1576
schwierige	1576
ausgedrückt	1576
hastings	1576
notruf	1575
riss	1575
bremsen	1575
häufig	1574
aktivieren	1574
lloyd	1574
anstrengend	1573
antwortet	1573
ais	1573
verschwörung	1573
kellner	1572
startet	1572
franklin	1572
andermal	1571
humphrey	1570
evan	1570
lkw	1570
erhält	1569
schmeißt	1569
fürst	1569
carson	1568
perry	1567
küsse	1566
gebet	1566
miranda	1565
melancholische	1565
räume	1565
riskiert	1565
verhindert	1564
ausrede	1564
darling	1563
tüte	1563
manhattan	1563
operiert	1562
unfassbar	1562
herrin	1561
hergestellt	1561
lila	1560
gerichtet	1560
fordern	1559
fischen	1559
kriminelle	1558
jenem	1558
verschafft	1558
dezember	1558
anspruch	1558
räuspert	1558
sid	1557
unsichtbar	1557
keith	1557
seth	1557
ersetzt	1557
ruby	1557
handtuch	1556
yang	1556
dale	1556
blödes	1555
doof	1555
wertvoll	1555
kardinal	1555
jefferson	1555
kommunikation	1554
operieren	1554
problemen	1554
aliens	1554
cameron	1554
erik	1554
erkannte	1554
river	1553
loszuwerden	1552
unnötig	1552
begleite	1552
analyse	1551
hochzeitstag	1550
melodie	1550
wehren	1550
pablo	1549
romantische	1549
zurückrufen	1549
rente	1548
zeremonie	1548
platte	1548
now	1547
ersatz	1547
mütze	1547
veränderungen	1547
zeugin	1546
rührt	1546
versichert	1545
teilt	1545
russisch	1544
wundervolle	1544
willy	1544
wiederhören	1544
passagiere	1543
diebe	1542
guckst	1542
fließt	1541
elend	1540
andauernd	1540
nicky	1540
ungeheuer	1540
fit	1540
zeitverschwendung	1539
ansicht	1539
gefährliche	1539
bell	1539
vierte	1539
verbrachte	1538
zentimeter	1538
trete	1537
politische	1537
interessen	1537
anlage	1537
anderson	1536
autounfall	1536
gefangener	1536
aufstand	1535
schafe	1535
absolute	1535
kontakte	1534
trip	1533
notizen	1533
ausgegeben	1533
versorgt	1531
gnaden	1531
piraten	1529
eli	1529
stuart	1529
sowohl	1529
muskeln	1529
unwahrscheinlich	1528
steak	1528
japaner	1526
spritze	1526
there	1526
fesseln	1526
umarmen	1525
loser	1525
begleitet	1524
früheren	1523
ally	1523
wacht	1523
morden	1523
eingefallen	1523
fox	1523
schneide	1522
weiten	1522
times	1521
musiker	1521
reichweite	1520
hood	1520
maya	1520
handys	1519
öffentlichen	1519
beleidigen	1518
russischen	1518
gabriel	1518
glenn	1518
erschien	1518
romeo	1517
wünsch	1517
schach	1516
explodieren	1516
kater	1515
wundern	1515
französischen	1515
thompson	1515
habs	1514
beeinflussen	1514
heult	1514
hinfahren	1514
bedingung	1514
empfinde	1514
top	1513
gemocht	1513
heran	1513
stella	1513
ärgern	1513
klingst	1512
konkurrenz	1512
erfordert	1512
mädchens	1511
unsicher	1511
festung	1511
runden	1510
detektiv	1509
pastor	1509
kratzer	1509
junges	1507
melissa	1507
gruselig	1507
flugzeuge	1507
durchgeführt	1507
intelligenz	1506
stieg	1506
zugestimmt	1506
mutti	1506
genieße	1506
schützt	1506
rückzug	1506
konzentriert	1506
schäme	1505
reserviert	1504
goldenen	1504
bude	1504
metall	1504
kane	1502
jacques	1502
nüchtern	1502
absichten	1501
south	1501
handschuhe	1500
erschießt	1500
arrangiert	1500
verwundet	1499
debbie	1498
bates	1498
anfühlt	1498
drückt	1498
absagen	1498
behalt	1498
einiger	1497
russische	1497
beeindrucken	1497
düstere	1496
geschäftlich	1496
egoistisch	1496
mario	1496
rocky	1496
ranch	1495
pat	1495
gerücht	1494
jen	1494
temperatur	1494
weggenommen	1493
tickets	1492
li	1492
ablenken	1492
verletzung	1492
anwesend	1492
umlegen	1492
einfachen	1491
gehorchen	1490
gemalt	1490
duncan	1489
räuber	1489
adler	1488
süßigkeiten	1488
lunge	1487
zurückziehen	1487
wyatt	1486
sonnenuntergang	1486
oper	1485
agentur	1484
kühe	1484
aufräumen	1484
krach	1484
sharon	1484
ablehnen	1483
graham	1483
pfeil	1483
unbekannte	1483
aussprechen	1483
route	1482
emotional	1482
belästigen	1482
kälte	1482
sektor	1482
blockiert	1481
öffentliche	1481
schweden	1481
gates	1481
häuptling	1480
märz	1480
nummern	1480
dar	1479
irrst	1479
leite	1479
frosch	1478
vorübergehend	1478
büchern	1478
mick	1477
miese	1477
anfangs	1476
verwandt	1476
gefährdet	1475
cola	1475
falscher	1475
kara	1475
verängstigt	1474
quellen	1474
republik	1474
f	1474
us	1474
silber	1474
aß	1474
umschlag	1473
freust	1472
hinsicht	1472
ereignis	1472
beschissene	1472
vergraben	1471
gebunden	1471
marion	1471
ente	1471
gläser	1470
kommentar	1470
doppelte	1470
boris	1469
sanfte	1469
gibbs	1469
lola	1469
buck	1469
zivilisation	1469
tiefen	1469
reicher	1468
verhaftung	1468
meldung	1468
bohnen	1468
pfeifen	1465
hall	1465
leon	1465
raketen	1465
gutem	1464
versetzen	1464
ziege	1464
löwe	1463
cat	1463
central	1463
tötest	1463
pierce	1463
privatsphäre	1463
j.	1463
büßen	1463
kalten	1462
eid	1461
burschen	1461
zweit	1461
unterscheiden	1461
gerechnet	1461
telegramm	1460
sprecht	1460
babysitter	1460
pfad	1460
getanzt	1459
mafia	1459
verteidigt	1458
abschalten	1458
wellen	1458
besoffen	1458
diensten	1458
abschließen	1457
angehalten	1456
doyle	1455
assistent	1454
ketten	1454
reist	1454
merkst	1453
bot	1453
gwen	1453
inwiefern	1452
pille	1452
bock	1452
korb	1452
herrschaften	1452
en	1451
bedauern	1451
angefasst	1451
heißer	1451
aufrichtig	1450
conrad	1450
versorgen	1450
sperren	1450
naiv	1449
mauern	1449
hugo	1448
erweisen	1448
zurücklassen	1448
samurai	1447
hoffnungen	1447
feststellen	1447
finch	1446
mandanten	1446
quartier	1446
philippe	1445
neidisch	1445
alicia	1445
chips	1445
zugelassen	1444
weibliche	1443
schlauer	1443
vorwürfe	1443
aushalten	1443
einschlafen	1443
transport	1442
laptop	1442
arrangieren	1442
städte	1441
vorzustellen	1441
unterm	1440
flash	1440
u-bahn	1440
status	1440
bond	1440
stephanie	1440
zweifellos	1440
rückwärts	1439
chffff00	1439
skandal	1439
angebracht	1439
pressen	1439
tschuldigung	1438
papierkram	1438
trat	1438
gemeinschaft	1438
instinkt	1438
flitterwochen	1437
narbe	1437
kombination	1437
vorgesetzten	1437
ausprobieren	1437
solcher	1436
sexuelle	1436
geliebter	1436
julien	1436
lauren	1436
ignoriert	1436
leslie	1436
zogen	1435
zahnarzt	1435
gelitten	1435
zutritt	1434
vergewaltigung	1434
drehe	1434
ertrage	1433
andern	1432
streich	1432
kichert	1432
sternenflotte	1431
kreaturen	1431
reif	1430
übermorgen	1430
dicker	1429
got	1429
nest	1429
but	1429
angerichtet	1429
verklagen	1429
helm	1428
bingo	1428
vergleichen	1428
schweiz	1428
bemerken	1428
herbst	1427
meredith	1427
zurückholen	1427
nazis	1427
stamm	1427
auswahl	1427
braves	1427
sichergehen	1426
antreten	1426
lester	1426
vorstand	1426
sdi	1425
robbie	1425
organisieren	1425
tank	1424
let	1424
besprechung	1424
studium	1423
gossip	1423
kreditkarte	1423
schwuchtel	1423
profil	1423
donner	1423
drake	1422
schrecken	1422
stall	1422
saßen	1422
quitt	1422
hotels	1421
respektiere	1420
kandidaten	1420
schulen	1419
crane	1419
geschäftsmann	1418
arnold	1417
läutet	1417
lachst	1417
champion	1417
unverständlich	1416
ermorden	1416
betracht	1415
schadet	1415
fester	1415
aah	1414
rühren	1414
geregelt	1413
unterbrochen	1413
angesicht	1413
kriminellen	1413
when	1413
helena	1413
einzelheiten	1412
anlügen	1412
beschütze	1412
stattfinden	1412
dads	1412
fortschritt	1412
gelingt	1411
feierabend	1411
feste	1411
burger	1410
spannend	1410
deputy	1409
einnehmen	1409
schalte	1409
passwort	1408
würstchen	1408
mittlerweile	1407
aufzugeben	1407
führst	1406
harper	1406
zivilisten	1406
ewige	1406
emotionen	1406
beurteilen	1405
käufer	1405
stars	1404
erwachsenen	1404
division	1404
aufzunehmen	1404
booth	1404
werft	1403
ältere	1403
banken	1403
kätzchen	1403
option	1402
heiratest	1402
rettete	1402
aufstellen	1402
husten	1402
schublade	1401
gestürzt	1401
seattle	1401
ankommt	1400
befragt	1400
buchstaben	1400
spielten	1399
gestiegen	1399
abgefahren	1399
gewaschen	1399
anzunehmen	1399
rob	1398
anzahl	1398
zombies	1397
have	1397
anhänger	1397
gewisser	1396
vorkommen	1396
festnehmen	1396
willow	1396
medizinischen	1395
kern	1394
offene	1393
gefeiert	1393
anschließen	1393
rico	1393
clarke	1392
erfindung	1392
besserer	1392
autopsie	1392
rucksack	1391
zwingt	1391
gnädige	1391
einsamkeit	1391
gesprungen	1391
t-shirt	1390
geopfert	1390
lena	1390
beiseite	1390
umgekehrt	1389
geschworenen	1389
draussen	1389
ausgesprochen	1389
beseitigen	1388
burg	1387
ausführen	1387
gesperrt	1387
carla	1387
irrer	1387
drehte	1387
ersparen	1387
force	1386
frech	1386
einziehen	1385
kira	1385
hot	1385
genehmigung	1385
tankstelle	1385
versteckte	1385
interessanter	1385
schneider	1385
gelb	1385
et	1383
gefährden	1383
handtasche	1383
urteilen	1383
erhöht	1382
preise	1382
bumm	1382
unbekannten	1382
gelten	1381
life	1381
butler	1380
möglichst	1380
münze	1380
singe	1379
saison	1379
andrea	1379
partnerin	1379
haltung	1379
vollidiot	1379
fasst	1379
winston	1379
minus	1379
pflichten	1379
spar	1378
demselben	1378
ruhestand	1378
versteckst	1377
kai	1377
bewachen	1375
oz	1375
vera	1375
anhörung	1375
lieder	1374
miguel	1374
dreckig	1374
verbreiten	1374
wei	1374
sch	1374
carmen	1373
first	1373
schenke	1373
wölfe	1373
erholen	1373
bedenkt	1372
blutet	1372
freddie	1371
beschweren	1371
schmeiß	1371
gauner	1371
verursachen	1371
elvis	1370
produkt	1370
cathy	1370
tafel	1369
kacke	1369
versammelt	1369
sandra	1368
regelmäßig	1368
geschrei	1368
ruder	1367
allah	1367
vollen	1367
aktivitäten	1367
wohnte	1367
kaninchen	1367
systeme	1367
orange	1367
platten	1367
rex	1366
y	1366
geliehen	1365
befolgen	1365
belästigt	1365
hongkong	1365
zombie	1364
vorgeht	1364
heißes	1364
überprüfe	1364
veröffentlicht	1363
erschieß	1362
mahlzeit	1362
offizielle	1362
yorker	1362
angie	1362
aufbrechen	1361
überlasse	1361
get	1361
kenntnis	1361
beschissenen	1361
trevor	1361
verbindet	1360
sanitäter	1360
überraschend	1360
geantwortet	1359
droht	1359
italienisch	1358
verhör	1358
größeres	1357
klagen	1357
dichter	1357
großartiger	1357
gratis	1356
fürchtet	1356
abzuholen	1356
gefühlen	1355
beschäftigen	1355
unglaubliche	1355
selbe	1355
barnes	1354
spürt	1354
funkgerät	1354
abgegeben	1353
laurel	1353
angemessen	1353
ohnehin	1352
chinesisch	1352
orden	1351
angeheuert	1351
wählt	1351
lustige	1350
abhängen	1350
vierten	1350
tanner	1350
schläge	1349
zögern	1349
bezeichnen	1349
seltsames	1349
beruflich	1348
un	1348
bedeckt	1348
anzufangen	1348
geraucht	1347
töteten	1347
begeben	1346
verständlich	1345
pop	1345
merkte	1345
infektion	1345
kitty	1345
entspricht	1344
winkel	1344
experten	1344
betten	1344
boxen	1344
torte	1343
austausch	1343
aufregen	1343
vermuten	1343
geheimdienst	1343
schlangen	1342
erholt	1342
zach	1342
überzeugend	1341
prue	1341
genick	1340
wuchs	1340
autorität	1340
schinken	1340
wien	1340
langes	1339
sookie	1339
zoey	1339
fetten	1339
hai	1338
binden	1338
erpressung	1338
derzeit	1338
getäuscht	1338
buddy	1338
keines	1337
sammlung	1337
anruft	1337
tauchte	1337
weist	1337
ergreifen	1337
frohes	1337
hänge	1337
bewohner	1337
entschied	1336
supermarkt	1336
offiziere	1336
verwandte	1336
schwachkopf	1335
antoine	1334
irak	1334
rangehen	1334
naomi	1333
kündigen	1333
geldes	1333
dealer	1333
könige	1333
army	1332
januar	1332
agnes	1332
priorität	1332
beförderung	1332
kranke	1332
eifersucht	1332
way	1332
heutige	1331
sprang	1331
kürze	1331
polen	1330
erbärmlich	1330
erfasst	1330
besonderer	1330
good	1330
geräte	1330
tanze	1330
königliche	1330
durchmachen	1329
dallas	1328
verschwendet	1328
kennedy	1328
uld	1327
alec	1326
akzeptiere	1326
ausgeschaltet	1326
ufer	1326
risiken	1326
schrie	1326
beeinflusst	1325
hal	1325
aussiehst	1325
ausgebildet	1324
bezirk	1324
herrje	1324
beauftragt	1324
geschützt	1324
abgeschnitten	1324
qualität	1323
henker	1323
ausgezogen	1323
versichern	1323
gewinnst	1322
navy	1322
schmidt	1322
beschloss	1322
batman	1321
sun	1321
kapierst	1321
scheibe	1321
veronica	1321
rosie	1320
pedro	1320
konferenz	1320
länder	1320
flecken	1319
fur	1319
neal	1319
sonnenaufgang	1319
reed	1319
braun	1317
diagnose	1317
paranoid	1317
weltraum	1317
adams	1316
vorbild	1316
halle	1315
wandern	1314
fisher	1314
frost	1314
gehandelt	1314
hawaii	1314
kabine	1313
chefin	1313
porter	1313
römer	1313
weinst	1312
bäumen	1312
simpson	1311
datenbank	1310
suchten	1310
gesegnet	1310
teilnehmen	1308
umbringt	1308
claude	1308
blonde	1307
bunker	1307
mieser	1307
löffel	1307
geteilt	1307
klaren	1307
bree	1306
abhängig	1305
überlebenden	1305
worf	1305
geeignet	1305
hindern	1305
fahrstuhl	1305
ausgeht	1304
mylady	1304
flagge	1304
komplette	1304
hing	1304
italiener	1304
disziplin	1304
erzogen	1304
harvard	1303
kongress	1303
eingezogen	1303
kurzer	1303
schirm	1303
merlin	1302
charme	1302
vorlesen	1301
gefährlicher	1301
mitfahren	1299
maurice	1299
anzeigen	1299
d.	1298
schieb	1297
empfindlich	1297
parken	1297
koche	1296
gestrichen	1296
berühmten	1296
manchen	1296
klopf	1294
zorro	1294
reichlich	1294
lügnerin	1293
mode	1293
songs	1293
breche	1293
ausgeraubt	1292
hahn	1292
wußte	1292
krachen	1292
spürte	1292
versammlung	1292
folter	1292
speck	1292
bedrohliche	1291
piept	1291
verbreitet	1290
nolan	1290
tore	1290
t.	1290
vorräte	1289
saal	1289
wirtschaft	1289
fremd	1289
mehrmals	1288
generationen	1288
coole	1288
kaufst	1287
abbrechen	1286
seife	1286
herde	1286
zwerg	1286
brandon	1285
z.b.	1285
neffen	1284
festgehalten	1284
ablenkung	1284
totale	1284
herrscher	1284
überstehen	1284
sprengstoff	1283
mikey	1283
erdbeben	1283
level	1283
australien	1283
figuren	1282
älteren	1282
lynn	1282
po	1281
theo	1281
spinnt	1281
gleichgewicht	1280
schalter	1280
kumpels	1280
zuneigung	1279
rollstuhl	1279
bienen	1279
mischen	1279
hauptstadt	1279
koks	1279
piepen	1278
langem	1278
umsehen	1278
gelegen	1278
em	1277
banditen	1277
hasste	1277
getestet	1277
camille	1277
brody	1277
dosis	1277
glaubten	1277
somit	1276
ernähren	1276
hacken	1276
kammer	1276
lenny	1275
roll	1275
bezaubernd	1275
wiederholt	1274
zueinander	1274
tattoo	1274
melanie	1274
einschließlich	1273
randall	1273
finsternis	1273
wallace	1272
betrachte	1272
schmerzt	1272
gelehrt	1271
gewechselt	1271
menschliches	1271
redete	1271
frühen	1271
voyager	1271
caleb	1271
entdeckte	1271
wirkte	1271
versprichst	1271
scheine	1270
transporter	1270
n.	1270
moderne	1269
elijah	1269
wilder	1269
abgelenkt	1269
abzug	1269
north	1268
becher	1268
sicherstellen	1267
e.	1267
anweisung	1266
klettern	1266
fingern	1266
geste	1266
spürst	1266
privatleben	1266
zusammenarbeit	1265
hinauf	1265
si	1265
tokio	1264
sicherheitsdienst	1264
kaugummi	1263
weltkrieg	1263
huren	1263
foster	1263
gemeinsamen	1262
garantieren	1262
wells	1262
ln	1262
antonio	1262
kommunizieren	1261
cm	1261
marc	1261
blieben	1261
technisch	1260
frühstücken	1259
ve	1259
khan	1259
billiger	1258
elaine	1258
standort	1258
wagt	1258
leugnen	1258
beißt	1258
landung	1258
ernste	1257
schockiert	1257
esst	1257
begleitung	1256
allianz	1256
vermutet	1255
echo	1255
herstellen	1255
lars	1254
lokal	1254
sklave	1254
honig	1254
videos	1253
verkehrt	1253
göttin	1253
segeln	1252
bewahrt	1252
cass	1251
hinterließ	1250
ganzer	1250
cody	1250
doris	1250
verurteilen	1250
höchsten	1250
februar	1250
privaten	1249
burke	1249
v	1249
begegnung	1249
steige	1249
feuerwehr	1249
apollo	1248
beginne	1248
ähnliches	1248
stevens	1247
grauen	1247
wärter	1247
gewann	1247
vertreter	1247
starker	1246
liebend	1246
marge	1245
schoß	1245
serviert	1245
heilig	1245
bißchen	1245
security	1244
genaue	1244
wally	1243
gewaltig	1243
knoten	1243
begriffen	1242
klarstellen	1242
chwhite	1242
hinrichtung	1242
überwinden	1242
ablegen	1241
einfällt	1241
wundert	1241
stimmte	1241
drohen	1240
madison	1240
entgehen	1240
stundenlang	1240
hausmeister	1239
helikopter	1239
beverly	1239
puppen	1239
aussah	1239
night	1238
beobachte	1238
check	1238
juwelen	1238
bogen	1237
duft	1237
ankam	1237
respektiert	1237
non	1237
schein	1237
gewehre	1236
kellnerin	1236
vertraulich	1236
insgesamt	1236
ächzen	1236
untersuchungen	1235
fliegst	1235
platt	1235
aufrecht	1234
geprüft	1234
hammond	1234
bedient	1234
mangel	1234
hoher	1233
knien	1232
hobby	1232
ling	1232
ivan	1231
nachtisch	1231
kollegin	1231
edwards	1231
alptraum	1230
regina	1230
ausgesehen	1229
reichtum	1229
überaus	1229
eisen	1229
beamen	1229
haftbefehl	1228
verletzte	1228
buchstäblich	1228
größter	1228
sylvia	1228
flieg	1228
dreckige	1227
erfinden	1227
ernte	1227
kamin	1227
scotty	1227
weste	1227
sahst	1226
kennzeichen	1226
grayson	1225
kronen	1225
wage	1225
z	1225
siegen	1225
verlobten	1225
edgar	1225
afghanistan	1225
würdig	1224
aufwacht	1224
gratulieren	1224
schwager	1224
violet	1223
infos	1223
föderation	1223
dose	1223
wärme	1222
erschienen	1222
magazin	1222
klemme	1222
schenkt	1222
min	1222
wars	1222
verstoßen	1222
nicholas	1221
georgia	1221
kräftig	1220
herzens	1220
mel	1220
nachbarin	1220
igitt	1220
formel	1219
bro	1219
hervor	1219
wohnwagen	1219
wegwerfen	1219
spinne	1219
tumor	1218
bezahlung	1218
päckchen	1218
grob	1218
nagel	1218
donovan	1218
starren	1217
vertreiben	1217
wirkst	1217
traust	1217
heiratete	1216
take	1216
neuesten	1216
e-mails	1215
gitter	1215
blocks	1215
erobern	1214
gin	1214
spinnen	1214
gestalt	1214
liter	1214
patty	1213
drew	1213
illusion	1213
plaudern	1212
schneidet	1212
welle	1212
samuel	1212
haft	1212
seltsamen	1211
spannung	1211
knallt	1211
zurückzukehren	1210
bestimmung	1210
tresor	1210
amber	1210
verfluchten	1209
fischer	1209
verluste	1208
lehre	1208
jenna	1208
revolver	1208
schrott	1208
verbringt	1208
state	1207
wähle	1207
films	1207
vorhang	1207
mitspielen	1207
erregt	1206
arbeiteten	1206
aufgelöst	1206
überlass	1206
trag	1206
überein	1205
unterrichtet	1205
ungewöhnliches	1204
eve	1204
lagerhaus	1204
raub	1204
visionen	1204
firmen	1204
liv	1203
verhandlungen	1203
fickt	1202
verdorben	1202
produktion	1201
füreinander	1201
krankheiten	1201
reggie	1200
jeanne	1200
schräg	1200
belle	1200
bluten	1200
meinten	1200
beamten	1200
h.	1200
bereden	1199
claudia	1199
einmischen	1199
ärsche	1198
futter	1197
verknallt	1197
muschi	1197
beschuldigen	1196
aktien	1196
harrison	1196
scheißer	1196
sexuell	1195
kinderspiel	1195
torres	1195
magische	1194
dummheit	1194
gezahlt	1194
bewegungen	1194
karre	1193
abziehen	1193
bedarf	1192
üblichen	1192
umgelegt	1192
inhalt	1191
dankbarkeit	1191
peng	1191
herkommt	1191
geehrt	1190
träumte	1190
make-up	1190
verhört	1190
messe	1190
anwesen	1190
deutscher	1189
saubere	1189
gebete	1189
pommes	1188
toni	1188
lande	1188
ruht	1188
anerkennung	1188
wunderbaren	1188
galaxie	1187
vermutung	1187
inklusive	1187
überwachung	1186
unabhängig	1186
brien	1185
fernhalten	1185
statue	1185
bestätigung	1185
dawn	1185
finale	1185
verzweiflung	1184
gewährt	1184
deprimiert	1184
erteilen	1183
colin	1183
rahmen	1183
durchgedreht	1183
erteilt	1183
fotze	1182
fehlte	1182
verlorene	1182
kanonen	1182
kansas	1181
klub	1181
britischen	1181
aufzubauen	1181
jubeln	1181
ausgelöscht	1180
marianne	1180
stu	1180
servieren	1179
weltweit	1179
fotografieren	1179
niederlage	1179
zehen	1179
schwächen	1178
sternen	1178
sheila	1178
bemühen	1178
logik	1178
stillen	1178
bellows	1177
todesursache	1177
beschaffen	1176
abgezogen	1176
klassische	1176
außergewöhnlich	1176
gruppen	1176
schwarzes	1176
durchhalten	1175
lm	1175
weitergeht	1175
kooperieren	1175
mächtigen	1175
greif	1175
mehreren	1175
verschwindest	1175
forderungen	1175
anfall	1174
klare	1174
teresa	1174
wunderschönen	1174
bestehe	1173
verkaufte	1173
aufeinander	1173
garcia	1172
hässliche	1172
großem	1172
mitbekommen	1172
gate	1171
saul	1171
ingenieur	1171
campbell	1171
andenken	1171
eintreten	1170
kämpfte	1170
zustimmung	1170
besagt	1170
roter	1170
flamme	1170
aufzuhören	1169
dokument	1169
bishop	1169
schuhen	1168
timmy	1166
simone	1166
federn	1166
paps	1166
auswendig	1165
bundy	1165
spezielle	1165
experimente	1165
szenen	1164
gezählt	1164
pfannkuchen	1164
hase	1163
highway	1163
aufenthalt	1163
bennett	1163
devon	1163
polly	1163
verstecke	1163
summen	1163
blutung	1163
more	1162
heidi	1162
hilflos	1162
staatsanwaltschaft	1162
ehrlichkeit	1161
messen	1161
mächtige	1161
stur	1161
ringe	1161
weiterleben	1160
aufspüren	1160
keks	1160
rückgängig	1160
fünfte	1159
netflix	1159
mieten	1159
speziell	1159
neugier	1158
nägel	1158
ausgefallen	1158
glen	1158
yes	1156
verstorbenen	1156
verkleidet	1156
entdeckung	1155
rauche	1155
betteln	1155
blond	1154
cam	1154
gilbert	1154
burt	1154
weggegangen	1153
nutze	1153
gütiger	1152
abgebrochen	1152
herkunft	1152
annahme	1152
wirfst	1152
gestank	1152
hintertür	1151
truthahn	1150
gefüllt	1150
bereithalten	1150
vorhat	1150
eleanor	1150
touristen	1150
fordere	1149
tagsüber	1149
feucht	1149
jeans	1149
befragung	1149
abgelaufen	1149
picard	1148
fu	1148
wunderbarer	1148
depp	1148
hüte	1148
israel	1148
ausschau	1148
kreischt	1147
bellen	1147
manipulieren	1147
studie	1147
heinrich	1147
knurren	1147
busch	1146
abwesenheit	1146
reitet	1145
komplizierter	1145
traut	1145
bestellung	1145
tatsachen	1145
heiligkeit	1145
back	1144
jahrhunderts	1144
verglichen	1144
sehnsucht	1143
überredet	1143
demokratie	1143
ranger	1143
empfehle	1143
schalt	1142
gevögelt	1142
young	1142
ra	1142
silver	1141
kräften	1140
rauszukommen	1140
schäden	1140
aggressiv	1139
ausleihen	1139
bella	1139
schlucken	1139
wesentlich	1139
ca.	1139
satan	1138
erben	1137
police	1137
horn	1137
lebende	1137
schmutzige	1137
eiskalt	1137
sirene	1137
birthday	1136
ritual	1136
ira	1135
pflanze	1135
stürzt	1135
reynolds	1135
investiert	1135
bernie	1134
marilyn	1134
formen	1134
freundchen	1134
politischen	1134
freigelassen	1134
lionel	1134
rausgeworfen	1133
verprügeln	1133
bescheiden	1133
garderobe	1133
streifen	1133
rausgekommen	1133
jodi	1133
voneinander	1132
wirt	1132
kasten	1132
zeichnen	1132
backen	1132
scheitern	1131
francs	1131
jon	1131
salon	1131
medikament	1131
demnächst	1131
geboten	1130
spike	1130
auslösen	1130
pferden	1130
lebensmittel	1130
ruhiger	1129
durchsuchungsbefehl	1129
allmählich	1129
benommen	1129
adieu	1129
fragten	1129
vortrag	1128
amerikas	1128
sherry	1128
och	1128
oui	1128
erpressen	1128
flittchen	1128
zähnen	1128
u-boot	1128
daniels	1128
endete	1128
ängstlich	1128
she	1127
as	1127
durchbruch	1126
dorothy	1125
wiederhaben	1125
schrecklicher	1125
model	1125
besitze	1125
sorg	1124
sophia	1124
sullivan	1124
chor	1123
zuschlagen	1123
schere	1123
kampagne	1123
jax	1123
verrücktes	1122
gestartet	1121
reinigen	1121
stoppt	1121
lucky	1121
quälen	1120
berufung	1120
luis	1120
knöchel	1120
zeitplan	1120
zerbrochen	1120
verfluchter	1120
weichei	1120
jegliche	1119
versuchung	1119
shelby	1119
beitrag	1119
picknick	1119
argument	1119
reiner	1119
flüstern	1118
dummheiten	1118
meile	1118
hamburger	1118
kontaktiert	1118
spione	1117
fähnrich	1117
erinnerte	1117
türklingel	1117
henri	1117
dynamit	1116
organe	1116
fell	1116
sonnenschein	1116
archie	1115
lache	1115
elisabeth	1115
aufgelegt	1115
bräutigam	1115
chinesische	1115
monats	1115
shakespeare	1114
verrät	1114
drunter	1114
schottland	1114
drohung	1114
wa	1113
wende	1113
gefoltert	1113
erwachsener	1113
einzigartig	1113
briten	1113
profis	1112
mon	1112
übertreiben	1112
ressourcen	1112
bischof	1112
nationale	1112
ausstehen	1112
geschwister	1112
mountain	1112
zurücktreten	1111
avery	1111
roberts	1111
axt	1111
hugh	1111
händler	1111
ägypten	1111
überdenken	1111
ludwig	1110
fiona	1110
warme	1110
joel	1110
konzentrier	1110
del	1110
dampf	1110
missbraucht	1110
loyal	1110
wurzeln	1109
aufhängen	1109
wurm	1109
kathy	1108
kerze	1108
bereue	1108
loslegen	1108
o.k.	1108
fingen	1108
besatzung	1107
dog	1107
klüger	1107
zugestoßen	1107
befürchten	1107
folgende	1106
schmerzhaft	1106
jody	1106
beschrieben	1105
zittern	1105
standpunkt	1105
visier	1105
rang	1105
phoenix	1104
wesley	1104
herausfindet	1104
schaute	1104
theoretisch	1104
if	1104
chan	1103
beutel	1103
drängen	1102
schlimmen	1102
klient	1102
hängst	1102
veranda	1102
pam	1102
jüngste	1102
strahlung	1102
betrügt	1102
unendlich	1101
gedichte	1101
sven	1101
irene	1101
gereist	1101
schiss	1101
benimmst	1101
schwangerschaft	1101
subcentral	1101
kopien	1101
infrage	1101
zweifeln	1100
nonne	1100
müsse	1100
juliette	1100
richtet	1100
lecken	1100
feuerwerk	1099
neueste	1099
geistes	1099
verletzten	1098
abwechslung	1098
ausgeführt	1098
kleingeld	1098
evans	1098
gelegentlich	1098
denise	1098
braten	1098
angelegt	1097
artie	1097
corporal	1097
entsteht	1097
rogers	1097
herzschlag	1097
glücklicherweise	1097
heilung	1096
cäsar	1096
angeklagten	1096
profit	1096
brüllen	1096
verschieden	1095
münzen	1095
hinterlässt	1095
königlichen	1094
stadtrat	1094
pressekonferenz	1094
nich	1093
geschaut	1093
zugegeben	1093
end	1093
komisches	1093
regie	1093
merk	1093
boote	1093
verbrennt	1093
allergisch	1092
schweizer	1091
verdächtiger	1091
gasse	1091
tussi	1091
befürchtet	1091
reite	1091
außerirdische	1091
ehemaliger	1090
radar	1090
gestattet	1090
gefecht	1090
angeschaut	1089
gedient	1089
pension	1089
strich	1088
lippenstift	1088
stab	1088
außerirdischen	1088
termine	1088
maler	1087
verweigert	1087
boxer	1087
vorteile	1087
ausstellung	1087
tragisch	1087
rasch	1086
oberste	1086
polizistin	1086
windeln	1086
detroit	1086
arizona	1086
universums	1086
aufheben	1085
narben	1085
fleißig	1084
freizeit	1084
elegant	1084
dolch	1084
sloan	1084
eindringen	1083
auszeit	1083
internationalen	1083
fielen	1083
weggeworfen	1083
vergeuden	1082
blätter	1082
blass	1082
konzept	1082
look	1082
keineswegs	1081
faden	1081
kleinste	1081
geschrien	1081
ertrunken	1081
blase	1081
treffpunkt	1081
schrift	1081
mathe	1080
royal	1080
evelyn	1080
britische	1080
körperlich	1080
konzentration	1080
schaltet	1079
draht	1079
at	1079
älteste	1079
höhere	1079
gerannt	1079
tower	1078
gedrückt	1078
reinigung	1078
fordert	1078
ideale	1078
stiehlt	1078
money	1078
eiern	1077
dritter	1077
züge	1077
optionen	1077
ge	1077
roland	1077
ersticken	1077
farmer	1077
batterie	1076
obst	1076
badewanne	1076
manches	1075
droge	1075
übertragung	1075
enge	1074
nickerchen	1074
juhu	1074
cora	1074
lungen	1073
öffnete	1073
abschneiden	1073
valentine	1072
hierbei	1072
sorgst	1072
phillip	1072
schaffte	1072
omar	1071
anfänger	1071
gen	1071
ungerecht	1071
reue	1071
two	1071
rhythmus	1071
kündige	1070
mitgehen	1070
siegel	1070
moore	1070
stechen	1070
baue	1069
prostituierte	1069
heller	1069
umgehend	1069
hoffnungslos	1069
checken	1069
drücke	1068
wong	1067
merkwürdige	1067
valley	1067
brandy	1067
gelbe	1067
nützen	1067
venedig	1066
gideon	1066
lernten	1066
benimmt	1066
georg	1066
mächtiger	1066
genutzt	1065
verzieh	1065
schüssel	1065
dreckigen	1065
wiegt	1065
kg	1065
abraham	1065
seltsamer	1064
hiervon	1064
beraten	1064
schienen	1064
wirkliche	1064
träumt	1063
versprech	1063
ideal	1063
norma	1063
sire	1063
marschieren	1063
mitbewohner	1063
verlobung	1063
mio.	1063
funken	1062
gleichfalls	1062
geringsten	1062
empfange	1062
führten	1062
ex-frau	1062
gelben	1062
lach	1061
vereinbart	1061
kimmy	1061
prügel	1061
läuten	1061
anzugreifen	1061
balkon	1061
fran	1060
flüchten	1060
umkehren	1060
ansieht	1060
rechtfertigen	1060
belügen	1060
verdächtigt	1060
begannen	1060
snow	1059
oskar	1059
englischen	1059
inspiriert	1059
murray	1059
shirt	1058
erlaube	1058
ertrinken	1058
sorgfältig	1058
spuck	1058
eingetroffen	1058
chang	1058
lynette	1058
feine	1058
home	1057
grosse	1057
schickten	1057
überreste	1057
how	1057
garantiere	1057
unerträglich	1057
vorerst	1056
yale	1056
verirrt	1056
überstanden	1056
harriet	1056
liga	1056
wertlos	1056
marvin	1055
gottverdammt	1055
gesammelt	1054
kanntest	1054
bezeichnet	1054
beantworte	1054
baltimore	1054
shirley	1054
connie	1053
netzwerk	1053
moses	1053
entstehen	1053
ingalls	1053
lauten	1053
fasziniert	1052
tv4user	1052
ehrliche	1052
akademie	1052
grünes	1052
branche	1052
rudy	1052
soße	1051
situationen	1051
entführer	1051
ewigen	1051
erzeugt	1050
fünften	1050
dtv	1050
registriert	1050
basketball	1050
abgesetzt	1049
irgendwelchen	1049
vorsitzender	1049
bedürfnisse	1049
suite	1049
mhm-hm	1048
regieren	1048
barkeeper	1048
ausgemacht	1048
fritz	1048
dateien	1048
dixon	1048
gegründet	1047
wolke	1047
wall	1047
umgang	1047
schenk	1046
festen	1046
erziehung	1046
agentin	1045
marines	1045
hasen	1044
institut	1044
mittleren	1044
hingerichtet	1044
lenken	1043
angewiesen	1043
überlebende	1043
bass	1043
pearl	1043
lahm	1043
basiert	1043
rasieren	1043
angeordnet	1043
gewalttätig	1042
untergang	1042
flach	1042
autogramm	1041
schwule	1041
kompanie	1041
casino	1041
solches	1041
sackgasse	1041
einbrecher	1040
stehenbleiben	1040
erwartungen	1040
flüssigkeit	1040
erraten	1040
verkaufst	1039
vorsprung	1039
zahlst	1039
verkäufer	1038
zukommen	1038
abdrücke	1037
kurve	1037
kämpfst	1037
les	1037
verziehen	1036
invasion	1036
pissen	1036
klarer	1036
herrschen	1036
prince	1036
zylonen	1036
donnie	1036
giles	1036
outfit	1036
prinzipien	1035
rühr	1035
entzückend	1035
reinen	1035
drecksack	1035
frischen	1035
corabeth	1035
höhepunkt	1035
elsa	1035
geduldig	1034
rio	1034
pest	1034
wenigsten	1034
beschwert	1034
natürliche	1034
erzeugen	1034
fürchterlich	1034
veröffentlichen	1034
tv4user.de	1034
wunderbares	1034
isaac	1033
unglücklicherweise	1033
ratschläge	1033
erstickt	1033
vagina	1032
scharfe	1032
nutten	1032
äpfel	1032
zoll	1032
region	1032
zuliebe	1031
riefen	1031
wachmann	1031
gipfel	1031
geübt	1031
d.j.	1031
jammer	1031
lädt	1030
galerie	1030
enkelin	1030
mönch	1030
tinte	1030
journalist	1030
glückspilz	1030
platzen	1029
ego	1029
reinste	1029
news	1028
aspirin	1028
right	1027
andre	1027
früchte	1027
bart.	1027
gewähren	1027
prophezeiung	1027
winzig	1027
light	1027
tonnen	1026
lizenz	1026
maßnahmen	1026
ermittelt	1025
stufen	1025
w	1024
joy	1024
lüg	1024
who	1024
student	1024
absetzen	1024
schwindel	1024
national	1024
fanny	1024
vorgeschlagen	1024
arbeitslos	1023
borg	1023
getränke	1023
ick	1023
joyce	1023
änderte	1022
philadelphia	1022
pfoten	1022
ausländer	1022
häng	1021
clyde	1021
kalender	1021
isabelle	1021
hannibal	1020
brüdern	1020
überstunden	1020
angehört	1019
langweilen	1019
deutet	1019
griffin	1018
friseur	1018
oberen	1018
fertigmachen	1018
they	1018
teure	1018
silas	1018
gedroht	1018
ana	1018
ermordung	1017
maura	1017
komischen	1017
bestimmtes	1017
diskret	1017
kriechen	1017
weißes	1016
luthor	1016
hinüber	1016
zauberei	1016
wünschst	1016
nadia	1016
biss	1015
komischer	1015
hotelzimmer	1014
delta	1014
chinesischen	1014
beängstigend	1014
hills	1014
quentin	1014
frequenz	1014
vorhast	1014
tödliche	1013
summer	1013
verband	1013
gebucht	1013
investieren	1013
website	1013
diät	1013
benimm	1012
vergangenen	1012
rodney	1012
verbringe	1012
zukünftige	1012
kong	1011
ehemalige	1011
ch00ff00	1010
aufklären	1010
kämen	1010
unauffällig	1009
gefälscht	1009
geier	1009
anschuldigungen	1009
sal	1009
restlichen	1009
tomaten	1009
gonna	1009
philosophie	1009
liebten	1009
programmiert	1008
shawn	1008
festgestellt	1008
fällig	1008
kneipe	1008
bezahlst	1008
beende	1008
fehlst	1007
vornehmen	1007
sumpf	1007
apotheke	1006
internationale	1006
liefert	1006
wehen	1006
bastarde	1006
erstochen	1006
schiffes	1005
manuel	1005
nördlich	1005
american	1005
körpers	1004
schal	1004
anklagen	1004
schlagt	1004
entscheidest	1004
sammelt	1004
gegenzug	1004
vorzubereiten	1004
enttäuschung	1003
unterkunft	1003
freilassen	1003
grau	1003
hunt	1003
verlobter	1003
niere	1003
kratzen	1002
altar	1002
erstaunt	1002
d.c.	1002
ausbruch	1002
tuch	1001
fahne	1001
beleidigung	1001
bedeutete	1001
verhält	1001
unheimliche	1001
unsterblich	1000
hohes	1000
evakuieren	1000
produziert	1000
nachfolger	1000
blicke	1000
vorschläge	1000
chauffeur	1000
englische	999
ironie	999
ausreichend	999
hit	999
anderthalb	999
erlösung	999
käfer	999
küsschen	999
eugene	998
auslöschen	998
ihretwegen	998
limonade	998
hedley	998
billige	997
tequila	997
schlachtfeld	997
knight	997
gemäß	997
angreifer	997
hingegangen	996
dns	996
zero	996
liefen	996
schale	996
restaurants	996
ausfindig	996
mills	996
angriffe	995
rotes	995
percy	995
modernen	995
motto	995
eintritt	994
bh	994
betroffen	994
misstrauisch	994
verwirrend	994
kapelle	993
starkes	993
brick	993
gebetet	992
einrichten	992
ausnutzen	992
kinn	992
frisches	992
quatschen	992
automatisch	991
chad	991
körperverletzung	991
spritzen	991
einwohner	991
renn	991
pink	991
chen	991
gezeichnet	991
anständige	991
steif	990
rekord	990
durchgeknallt	990
foltern	990
erspart	989
kuba	989
bräuchten	989
überdosis	989
armband	989
bert	989
adoptiert	989
komplizen	988
ehemaligen	988
department	988
einschalten	988
handschrift	987
ältesten	987
assistenten	987
großartigen	987
männlich	987
übernimmst	987
übrigen	986
klaviermusik	986
ash	986
viktor	986
judith	986
gemietet	986
mischung	986
luxus	986
schwung	985
vicky	985
hochgehen	985
wegtreten	985
stargate	985
carlo	985
beherrscht	985
grippe	984
informanten	984
mm-hmm	984
hülle	984
side	983
floh	983
kit	983
fitz	983
nudeln	983
schaf	983
uhrzeit	983
zigarre	983
tänzerin	982
einkaufszentrum	982
vollmond	982
mexikaner	982
piepst	982
gestoppt	981
gray	981
eingerichtet	981
umarmung	981
rohr	980
batterien	980
ella	980
spende	980
julius	980
mumm	980
gans	979
leuchten	979
alien	979
dom	978
geriet	978
unterzeichnet	978
operationen	978
schütteln	978
vermissten	978
angespannt	978
folgenden	978
fantastische	978
fies	978
warp	977
heilt	977
auswirkungen	977
geschlecht	977
buchhalter	977
drache	977
computerlogbuch	977
deuten	976
bildung	976
aufbewahrt	976
persönlicher	976
erpresst	976
sang	976
hinbringen	976
amerikanischer	976
üble	975
einfaches	975
angesetzt	975
mmm	975
hudson	975
josef	974
reagan	973
volltreffer	973
jonah	973
totaler	973
robinson	973
zustößt	973
herrschaft	973
verhören	973
unverzüglich	973
christina	972
bemüht	972
aufgefunden	972
unfähig	972
stellten	972
mi	972
ursprünglich	972
distanz	972
rufus	971
verheimlichen	971
verstorben	971
göttern	971
hunden	971
letztens	970
jasper	970
napoleon	970
joshua	970
billigen	969
verschont	969
rendezvous	969
empfehlung	969
handgelenk	968
boten	968
unterzeichnen	968
belasten	968
speziellen	968
literatur	968
landete	967
gelangt	967
cooler	967
quer	967
satelliten	967
triff	967
analysieren	967
zuhälter	966
zutiefst	966
geleitet	966
schlachten	965
angestellte	965
gestalten	965
köpfen	965
stipendium	964
illegale	964
vergiften	964
here	964
feiert	964
bewundern	964
herbert	964
furchtbaren	964
hüfte	964
involviert	964
wurf	963
maschinenraum	963
inspiration	963
ohio	963
samen	963
hinterhalt	962
gewahrsam	962
schweres	962
einatmen	962
zurückhalten	962
schlampen	962
parfüm	961
präsidentin	961
abe	961
entlassung	961
todesstrafe	960
ausgebrochen	960
wegfahren	960
sultan	960
hauch	960
abstellen	959
pornos	959
erklärte	959
produzieren	959
müller	958
gehängt	958
weinte	958
routine	958
merci	957
nellie	957
xander	957
schneid	957
kluge	957
heart	957
ländern	957
bevorzuge	957
ctu	957
umkreis	957
beschwerden	957
teufels	956
brooke	956
genehmigt	956
bildern	956
scheißen	956
schenkte	956
erschlagen	955
irland	955
yard	955
journalisten	955
fände	955
zurückkomme	955
ärmel	955
fließen	955
arabisch	954
verfolge	954
juckt	954
männliche	954
klingonen	954
zerrissen	953
tausch	953
schlaganfall	953
johannes	953
popcorn	953
gärtner	953
bläst	953
jet	953
chester	952
garantie	952
ändere	952
jessie	952
anstand	952
power	952
junkie	951
vati	951
topf	951
packe	951
knöpfe	951
aussehe	950
verabschiedet	950
bedürfnis	950
nähen	950
sprecher	950
chemie	950
hinweisen	949
stumm	948
zusammenhalten	948
geradezu	948
mitzunehmen	948
weite	948
lori	948
rippen	948
kühl	948
dahinten	947
techniker	947
abel	947
betet	947
beachten	947
baute	947
bonjour	947
schecks	947
ausgabe	947
boyd	947
vermasseln	946
nötige	946
südlich	946
gramm	946
laken	946
bildet	946
bewahre	946
leises	946
g.	946
lastwagen	945
kritik	945
stürzte	945
behält	945
sofern	945
vermisste	945
entsetzlich	945
francine	945
ermittler	945
nikki	945
aufgestanden	945
fälschung	944
visiontext	944
abschnitt	944
hausarrest	944
sensibel	944
album	944
lebewesen	944
lösegeld	944
verwechselt	944
prügeln	944
regnen	943
weichen	943
point	943
pussy	943
anvertrauen	942
ollie	942
kuppel	942
verließen	942
jakob	942
besuchte	942
gewerkschaft	942
herhören	942
vorbeigekommen	941
stärken	941
hinzu	941
wrack	941
knarren	940
treibstoff	940
signale	940
nachkommen	940
hoppla	940
verborgen	940
belegt	939
babylon	939
waisenhaus	939
brasilien	939
bitteschön	939
wurmloch	939
alters	939
deb	938
fee	938
milton	938
quarantäne	938
kommunisten	938
stiftung	937
milo	937
gestapo	937
verreisen	936
halleluja	936
süchtig	936
jammern	936
hofft	936
wertvolle	936
maulwurf	936
konflikt	936
turnier	936
gebacken	936
rauszufinden	936
taube	935
mais	935
nüsse	935
trieb	935
eigenschaften	934
feder	934
sänger	934
elias	934
dessert	934
rathaus	934
drohungen	934
bewirken	933
mörderin	933
u	933
edith	933
wanne	933
durchkommen	933
reid	933
mandy	932
vertraute	932
schätzt	932
freuden	932
dauer	932
regt	932
verbessert	932
unerwartet	932
drogendealer	932
gefährlichen	931
fach	931
verdanke	931
wohnungen	931
commissioner	930
cross	930
kragen	930
schwachen	930
mercedes	930
klirren	930
valentinstag	929
anstelle	929
plane	929
reizende	929
höheren	928
markiert	928
ehrenwort	928
cheers	927
schlamm	927
wälder	927
diner	927
handlung	927
costa	926
versauen	926
klassiker	926
stange	926
empfohlen	926
cynthia	926
gaby	926
rauswerfen	926
mechaniker	926
beichten	926
abkürzung	926
professionell	925
begräbnis	925
verführen	925
meinerseits	925
valerie	925
françois	925
magischen	925
ellis	925
dienstmädchen	925
chirurg	925
wal	925
paare	925
center	925
sähe	924
aufgemacht	924
leide	924
amüsant	924
obersten	924
fletcher	924
gerührt	924
schwänze	924
chff00ff	924
note	924
datei	923
zugleich	923
nackte	923
doppelten	923
bewundert	923
dimension	922
quere	922
wecker	922
entstanden	922
kreischen	922
vivian	921
läden	921
ios	921
lobby	921
umgezogen	920
angeklagte	920
perlen	920
schwulen	920
dutzende	919
simmons	919
aufgezogen	919
campus	919
herd	919
hospital	919
leichtes	918
rich	918
gegrüßt	918
aufsicht	918
hündchen	918
gegenstand	918
tageslicht	916
emotionale	916
clean	916
cassie	916
sünder	916
beträgt	916
wunderschönes	916
schickst	916
weiblichen	916
rauszuholen	916
kapier	915
rausgeholt	915
entworfen	915
eingenommen	915
daphne	915
mochten	915
köchin	915
willi	915
beichte	915
seven	915
marina	914
ausliefern	914
perfektes	914
glücklichen	914
wodurch	914
entsprechend	914
umher	914
erica	914
wurst	914
notiz	913
vorsprechen	913
bekannter	913
antrieb	913
zwerge	913
trösten	913
armut	913
verbannt	912
parade	912
konzentriere	912
angefahren	912
2-mal	912
kindisch	911
krüppel	911
kreisen	911
bestrafung	911
araber	910
klebt	910
perücke	910
gemma	910
hummer	910
se	910
june	910
wimmert	910
drittel	909
budget	909
lieferwagen	909
shannon	909
zurückgebracht	909
verschwiegen	908
drang	908
redeten	908
chi	908
herzukommen	908
anhängen	908
einsame	908
wu	908
wraith	908
erwartete	908
tierarzt	908
cousins	907
zudem	907
sturz	907
rusty	907
untergehen	906
gelang	906
wasch	906
schmutzigen	906
abkommen	906
tänzer	906
dürften	905
erstatten	905
verarbeiten	905
verfügbar	905
autobahn	905
mandant	905
clubs	905
lukas	905
widmen	905
sprichwort	904
hierfür	904
vergeltung	904
hardy	904
gekleidet	904
fotografiert	904
knallen	904
wichtigeres	904
immerzu	904
schuldgefühle	903
schnurrbart	903
genügen	903
rumlaufen	903
brötchen	903
flut	903
haushalt	903
angelo	903
cleveland	903
ministerium	903
aufgestellt	903
est	903
anker	902
wang	902
qual	902
rauschen	902
debatte	902
informant	902
masse	902
insekten	902
lud	902
glotzt	901
rückseite	901
spezialität	901
schimmer	901
mordfall	901
verbieten	901
terrorist	901
sirenen	901
theorien	901
kichern	901
positive	901
gestresst	900
korea	900
zeitschrift	900
wildnis	900
s.h.i.e.l.d.	900
menschlicher	900
schlamassel	899
behindert	899
überbringen	899
reingezogen	899
mitzuteilen	899
zurückkam	898
abstimmung	898
dritt	898
senat	898
mittags	898
marshal	898
bridge	898
price	898
raucht	898
veranstalten	897
jahreszeit	897
zusätzliche	897
want	897
drucken	897
segel	897
crowley	896
bezahlte	896
überflüssig	896
taschentuch	896
square	895
rockmusik	895
beschleunigen	895
wählte	895
lustiger	895
marian	895
glocken	894
tennis	894
seither	894
christen	893
überqueren	893
kreuzung	893
häusern	893
weiche	893
trudy	892
punkten	892
henderson	892
verpasse	892
potter	892
reinlegen	892
jeep	892
gefilmt	891
hamilton	891
bucht	891
bildschirm	891
saufen	891
gehackt	891
eminenz	891
mailbox	891
münchen	891
erschoss	891
jenkins	891
attentat	890
garrett	890
verschwendung	890
bemerkte	890
miesen	890
zischen	890
helf	890
geschirr	889
ähnlichkeit	889
feiglinge	889
spass	889
lächelt	889
klaut	889
setzten	888
bon	888
entwischt	888
rauchst	888
masken	888
schwimmt	888
ausgezeichnete	887
vorname	887
schwitzen	887
ginger	887
bourbon	887
haust	886
befand	886
lacey	886
elefant	886
annähernd	885
gewebe	885
unterschätzt	885
sternzeit	885
wachte	885
barbie	885
eichhörnchen	885
zerbrechen	884
poker	884
wechsel	884
lesbe	884
cordelia	884
konten	883
schleichen	883
strasse	883
höschen	883
jüngsten	883
niedrig	883
sonja	883
klimaanlage	883
vulkan	882
thea	882
anbetracht	882
lesbisch	882
cristina	882
platziert	882
abgrund	882
zeichnungen	882
sinken	882
hamburg	881
trauern	881
abreise	881
dates	881
bette	881
klemmt	881
ansehe	881
lin	881
passend	880
sidney	880
mittagspause	880
wettkampf	879
verschluckt	879
limo	879
erhebt	879
beneide	878
beschwerde	878
erregen	878
überwältigt	878
turtle	878
nypd	878
benannt	878
begrüßt	878
trommeln	878
burns	878
hayes	878
fortsetzen	877
geplatzt	877
pan	877
mildred	877
erschieße	877
locke	877
nachnamen	877
anpassen	877
altmodisch	877
teurer	877
feuerzeug	876
trau	876
serienmörder	876
georges	876
dr	876
durchgegangen	876
beseitigt	876
alkoholiker	876
laßt	876
ganzem	875
elemente	875
feinden	875
rückweg	875
amelia	875
abigail	874
heimweg	874
menschlichkeit	874
signora	873
geheimnisvolle	873
mcgee	873
befolgt	873
abreisen	873
premiere	873
schwingen	873
initiative	873
from	873
felicity	873
sexuellen	873
geschäftsführer	872
telefone	872
peterson	872
strafzettel	872
gelobt	872
uniformen	872
beschissener	872
pulver	872
welpen	871
angesprochen	871
kung	871
angenehme	871
kostüme	871
nachmittags	871
lebewohl	871
reporterin	871
crystal	870
nikita	870
vorwand	870
genervt	870
kreditkarten	870
durstig	870
eintreffen	870
nationalen	870
mitteln	870
trauma	870
beobachtung	870
aufhält	870
dergleichen	869
erwacht	869
schlaft	869
lebenslauf	869
anrufbeantworter	869
feiner	869
verschoben	869
zumachen	869
relativ	869
wes	868
rücksicht	868
lamm	868
pier	868
widersprechen	867
erwische	867
dachboden	867
bradley	867
keinesfalls	867
duck	867
bislang	867
retter	867
transportieren	866
anrief	866
aufpasst	866
braune	866
spontan	866
prächtig	865
galactica	865
verreist	865
jahrhunderten	865
pullover	864
ansprechen	864
frischer	864
queens	864
moon	864
spitzel	864
schnellste	863
bemühungen	863
dreckiger	863
büros	863
unfälle	863
beamte	863
angeschlossen	863
unterschiedliche	863
kluger	863
stürmen	863
jedi	863
begreife	862
fersen	862
vorbereitungen	862
fortfahren	862
produzent	862
zwischenfall	861
zurückgezogen	861
autsch	861
ivy	861
riesiger	861
vorhänge	861
pflege	861
rauslassen	861
kermit	861
golden	861
nachforschungen	861
erfahre	861
kanzler	860
jin	860
stößt	860
austin	860
sahne	860
binde	860
zwiebeln	859
schlitten	859
jahrhunderte	859
talente	859
läßt	859
rennst	859
kay	858
erbarmen	858
verkünden	858
vorgestern	858
betreiben	858
starsky	857
mindeste	857
mimi	857
andrews	857
singst	857
einsätze	857
nötigen	857
egon	857
bemerkenswert	857
warmes	856
dinosaurier	856
wahrscheinlichkeit	855
worin	855
rabbi	855
nachfrage	854
unwohl	854
pony	854
materie	854
verpisst	854
leuchtet	854
wehtut	854
unterwelt	853
irrt	853
prüfungen	853
vertrieben	853
haustür	853
neuigkeit	853
gereicht	853
weigert	853
semester	853
unternommen	852
gespart	852
geerbt	852
starbuck	852
glanz	852
fähre	852
betäubt	852
arrogant	852
ausgeliefert	852
gästen	852
holland	851
zuzusehen	851
fotograf	851
eigentümer	851
hinkriegen	851
speed	851
realistisch	851
vaughn	851
kindergarten	850
riesiges	850
pub	850
bedrückt	850
streitet	849
deckt	849
kassette	849
mack	849
arrow	849
vergebe	848
said	848
fish	848
kandidat	848
klempner	848
blaues	848
ängste	848
litt	848
verliebte	848
befahl	848
spaghetti	848
franzose	848
dunkler	848
zukünftigen	848
anzubieten	848
gesendet	847
tobias	847
schlauch	847
einstein	847
gelähmt	847
grillen	847
landschaft	847
funktion	847
anonym	846
albträume	846
träum	846
facebook	846
mh	846
veranstaltung	846
mount	846
verpflichtungen	846
sinclair	846
rue	846
schülerin	845
innerlich	845
künstlerin	845
madrid	845
schöpfer	845
regiert	845
aufschreiben	845
erleichterung	845
ava	844
auktion	844
regal	844
fakt	843
christi	843
niveau	843
fahndung	843
friede	843
erlitten	843
mathematik	843
nasa	842
bittest	842
psycho	842
matratze	842
tretet	842
mordwaffe	842
finanzielle	842
bänder	842
detectives	842
wieviele	841
undercover	841
herzustellen	841
arbeitgeber	841
werkzeuge	841
frankenstein	841
beruhigungsmittel	841
ingrid	840
coulson	840
trugen	840
kurzfristig	840
spannungsvolle	840
clayton	840
kämpften	839
erlangen	839
weltall	839
nanu	839
vertuschen	839
weckt	839
gewagt	839
nieren	839
zinsen	839
hutch	839
einpacken	838
monty	838
ballon	838
verflixt	838
herkam	838
rudel	838
gregory	837
horizont	837
sofia	837
durften	837
zusätzlich	836
dekan	836
verträge	836
umzug	836
brady	836
sängerin	836
wäldern	836
darstellen	835
limousine	835
fracht	835
zurückzukommen	835
morty	835
gedenken	835
aufgeschrieben	835
handlungen	835
struktur	835
kerker	835
aufzupassen	835
hüten	834
christ	834
unverschämt	834
durchschaut	833
mögt	833
nachname	833
händchen	833
calvin	833
birne	833
vorgesehen	833
gnädig	833
nachgesehen	833
predigt	833
versehentlich	833
schwerter	833
erwiesen	832
software	832
einschlagen	832
schiebt	831
geahnt	831
tätig	831
abgestürzt	831
eingriff	831
politisch	830
gewöhnliche	830
stärkste	830
zuflucht	830
generator	830
union	830
raven	830
ungeduldig	829
unklar	829
suspendiert	829
arbeitsplatz	829
treppen	829
matty	829
vereinen	829
bruch	829
metern	828
fällst	828
unruhig	828
schlechteste	828
platzt	828
plastik	828
abgerissen	828
halber	828
anvertraut	827
leder	827
ausser	827
verfehlt	827
verehrte	827
schmutz	827
aufzuspüren	827
stühle	827
rausbringen	827
komitee	827
mamas	827
klarkommen	826
propheten	826
durchsage	826
flora	825
stiefvater	825
grimm	825
lolle	825
faith	825
auftreiben	825
ernie	825
nationen	825
ausgaben	825
secret	824
käpt	824
rauskriegen	824
entstand	824
alarmstufe	824
übersetzen	824
griechenland	823
rüstung	823
attentäter	823
tauben	823
gewohnheit	823
mieses	823
kindermädchen	823
brenda	822
nervst	822
japanische	822
bitch	822
nsa	822
werner	822
beinhaltet	822
donuts	822
abgefeuert	822
luther	822
davonkommen	821
godzilla	821
hinzufügen	821
dreier	821
werwolf	821
denver	821
hebe	821
ehrgeiz	820
aufenthaltsort	820
hinreißend	820
gruß	820
borgia	820
howie	820
mckay	820
dj	820
nu	820
zeichnung	820
geige	820
fortsetzung	819
kotzt	819
glückstag	819
japanisch	819
archiv	819
einholen	819
bush	819
raushalten	819
verheimlicht	819
hacker	819
hingabe	818
uhren	818
cyril	818
erobert	818
bandit	818
linien	818
umzugehen	817
roberto	817
vornamen	817
tessa	817
nerv	817
berührung	817
ergreift	817
sattel	817
gelangweilt	817
intakt	817
isabella	817
poesie	817
pflegen	817
belastet	816
reinlassen	816
yen	816
geprügelt	816
perspektive	816
schreist	816
sperma	816
hingelegt	816
wildes	816
begreifst	815
marcie	815
ii	815
metropolis	815
schildkröte	815
umzingelt	815
buddha	815
bonus	815
wagst	815
spucken	815
einlassen	815
günstig	814
yu	814
lebenslänglich	814
sloane	814
präzise	814
bilde	814
sorgerecht	814
blinde	814
gebot	814
p	813
zurückzahlen	813
ameisen	813
verleihen	813
bearbeitet	813
riker	813
deckel	813
theresa	813
pentagon	813
frechheit	813
sinkt	813
gastfreundschaft	812
enthalten	812
schwamm	812
glückliches	812
sperrt	812
cliff	812
healey	812
container	812
aufsetzen	812
erhielten	811
ermöglicht	811
erstellen	811
cesare	811
rausgeschmissen	811
vorgefallen	811
herbringen	811
freiwillige	811
korrigieren	811
leichnam	811
negative	810
never	810
schwebt	810
vorsichtiger	810
pilze	810
kürzer	810
bezahl	810
behältst	810
erfüllung	809
verbündeten	809
achtet	809
meiden	809
ansichten	809
isoliert	808
ausschlag	808
fünfzehn	808
aufruhr	808
felder	808
make	807
gesunde	807
toiletten	807
schwierigen	807
crawford	807
quittung	807
portal	807
gesetzes	807
großeltern	806
mo	806
investition	806
raj	806
schweiß	806
selbstvertrauen	806
geschluckt	806
sendet	806
aufgehängt	805
susie	805
taschenlampe	805
saint	805
justiz	804
jägerin	804
heer	804
neapel	804
illegalen	804
schuft	804
k.o.	804
rückt	804
drohte	804
scheiss	803
zurückkehrt	803
verlangst	803
zünden	803
ärgert	802
großteil	802
instrument	802
codes	802
herzogin	802
bumsen	802
aktivität	802
entwickelte	802
ronald	802
gegenmittel	801
reiches	801
sheridan	801
taktik	801
studien	801
dramatisch	800
potenzial	800
anpassung	800
jugendliche	800
ass	800
zerstörte	800
clowns	800
professionelle	800
verlorenen	800
gelingen	800
militärische	800
atlanta	800
richards	799
ausgenutzt	799
maestro	799
brooks	799
freies	799
cheryl	799
gier	799
insbesondere	799
überzeugung	799
angemeldet	799
winzige	799
vorstellungen	799
massaker	799
gail	799
ausdenken	799
auspacken	799
heizung	798
haley	798
magnus	798
mußte	798
erzähler	798
kolonie	798
gps	798
girls	798
gerichtssaal	798
donnerwetter	798
studentin	797
greta	797
tickt	797
räumt	797
boom	797
miriam	797
gesichtet	797
kleben	797
zuzuhören	797
ritt	797
bauten	796
abgeschaltet	796
atlantic	796
marquis	796
teich	796
raubüberfall	796
duell	796
keuchen	796
chirurgen	796
señorita	796
wange	796
auszuschalten	796
wiedergutmachen	796
k.	795
vorbereitung	795
geile	795
kranker	795
festplatte	795
stoß	795
stieß	795
eingreifen	795
portland	795
enorm	795
aufsuchen	795
verzichte	795
sichtbar	795
pässe	795
vorschrift	795
gehör	794
jedermann	794
genieß	794
irgendjemanden	794
ups	794
substanz	794
amsterdam	794
arbeitszimmer	794
notwehr	794
patrouille	794
gewitter	794
dax	793
zeigten	793
klappern	793
schmetterling	793
sarge	793
preston	793
förmlich	793
celia	793
tammy	793
enger	792
piep	792
ausgetauscht	792
baustelle	792
bewirkt	792
brennan	792
pratt	792
gerochen	791
meintest	791
wusstet	791
broadway	791
drehst	791
martini	791
starrt	791
austauschen	791
janice	790
schnellen	790
beerdigt	790
sozialen	790
angerührt	790
say	790
verläuft	790
abschlussball	790
medaille	790
vielmehr	789
anschluss	789
anzünden	789
wunderschöner	788
naht	788
handtücher	788
basierend	788
perfekter	788
ungewöhnliche	788
international	788
mistkerle	788
vizepräsident	788
brichst	788
abgelegt	788
halluzinationen	788
festnahme	787
steph	787
pirat	787
umwelt	787
axel	787
butch	787
teilweise	787
verfickte	787
dat	787
bearbeiten	787
fetter	787
natürlichen	786
ausgestellt	786
wendet	786
gewöhnlicher	786
lavon	786
springe	786
gingst	786
änderungen	785
orbit	785
kapsel	785
unbewaffnet	785
internat	785
zeile	785
mühle	784
zeitalter	784
gabst	784
neger	784
prediger	784
schwache	784
minen	784
paulie	784
geheimes	784
sessel	784
wegbringen	784
shepherd	784
weiterhelfen	784
verpflichtung	784
baten	783
geparkt	783
gerichtsmediziner	783
anita	783
zurückkommst	783
bluse	783
reines	782
gegenleistung	782
jaffa	782
gemeinsames	782
japanischen	782
kehre	782
helfer	782
aufstieg	782
entkommt	782
partie	782
lächle	782
verdeckt	781
abfall	781
hauptrolle	781
lilly	781
tarzan	781
klingel	781
jens	780
flirten	780
spanier	780
taxifahrer	780
länge	780
träumst	780
tausenden	780
blockieren	780
darcy	780
ausschließen	779
kiki	779
wechselt	779
erforschen	779
scanner	779
eisenbahn	779
rumsitzen	779
munter	779
zugesehen	779
karma	779
tristan	778
stückchen	778
provinz	778
mitgemacht	778
yvonne	778
pärchen	778
kritisch	778
peters	778
suzanne	778
gesunden	778
finanziert	778
elektrizität	778
busen	777
erlebnis	777
mccoy	777
vaterland	777
bitter	777
schleier	777
notarzt	777
stattfindet	777
hervorragende	777
krimineller	777
durchatmen	777
stopfen	776
übergabe	776
monatelang	776
beeile	776
harley	776
unterschreibe	776
effekt	775
einlegen	775
verwirrung	775
überschritten	775
where	775
instrumente	775
mailand	775
belassen	775
latein	775
caine	774
großartiges	774
billie	774
grundlage	774
reihenfolge	774
körperliche	774
würmer	774
arena	773
mexico	773
hong	773
ballett	773
luder	773
gerald	773
werke	773
bullshit	773
mae	772
verfolgung	772
lizzie	772
männlichen	772
exemplar	772
bedauerlich	772
blinden	772
jage	772
cd	772
honey	772
finanzieren	771
anstalt	771
vorbeischauen	771
v.	771
pakt	771
damm	771
laser	771
gustav	771
einsamen	771
derart	771
unteren	771
versammeln	771
behörde	771
info	771
beckett	771
gedeckt	771
köter	770
positionen	770
vertrete	770
kirby	770
vergewaltigen	770
chemikalien	770
verwechseln	769
helle	769
vergrößern	769
anhaben	769
tuvok	769
angepisst	769
ida	769
mississippi	769
unterschlupf	769
hemden	768
besen	768
herkomme	768
ließe	768
jazz	768
eilt	768
candy	768
vorwerfen	768
plans	768
il	767
abzuhalten	767
odo	767
tugend	767
fürsten	767
neuanfang	767
drängt	766
verweigern	766
töne	766
patricia	766
maureen	766
staates	766
anordnung	766
orchester	766
senf	766
qualen	765
verwaltung	765
übertreibst	765
anonymen	765
galt	765
ver	765
scherzen	764
ausgeflippt	764
modern	764
schwiegersohn	764
getränk	764
hörer	764
finanzen	764
bang	764
colorado	764
vernünftige	764
verteidiger	764
rupert	763
verbirgt	763
ähnliche	763
bevorzugen	763
bea	763
hindurch	763
eigentliche	763
belästigung	763
seltene	763
mysteriöse	763
vorsitzende	763
anzüge	763
haue	762
häh	762
feuert	762
vorausgesetzt	762
profitieren	762
sabine	762
kaltes	762
eingedrungen	762
huch	762
creek	762
vorläufig	762
canyon	762
adern	761
mordkommission	761
schnattert	761
baxter	761
piepsen	761
benutz	761
chelsea	761
dämliche	760
erkältung	760
belohnt	760
grinsen	760
bund	760
gestochen	760
katharina	760
moms	759
provozieren	759
geschmeichelt	759
anrichten	759
letztlich	759
gehirnerschütterung	759
lehnen	759
geknackt	759
partnerschaft	759
eingeschaltet	759
whitney	759
skye	759
gestohlenen	759
aufhörst	758
tagelang	758
oswald	758
scofield	758
unterscheidet	758
begleiter	758
margot	758
ober	758
tödlichen	758
apokalypse	757
k.i.t.t.	757
much	757
knabe	757
montgomery	757
eingebildet	757
berühmter	757
reihen	757
schwindler	757
verarschst	757
maß	757
rechtsanwalt	757
geritten	757
romantik	757
net	757
räder	757
nanny	757
betsy	756
erklärungen	756
haushälterin	756
gütig	756
privatdetektiv	756
rumhängen	756
ansteckend	756
marcy	756
anstoßen	756
michaels	755
gefüttert	755
nackten	755
nervig	755
neuem	755
sheppard	755
geistig	755
niedergeschlagen	754
nicolas	754
herumlaufen	754
einmalige	754
verstößt	754
ähnelt	754
morphium	754
tool	754
bote	753
monitor	753
kooperation	753
schwerkraft	753
abgewiesen	753
auserwählt	753
bedacht	753
frucht	753
phaser	753
söldner	752
taugt	752
dalton	752
objekte	752
pulli	752
ärzten	752
kiefer	752
aufwecken	752
angemacht	752
klugscheißer	752
zaubern	751
gabel	751
engagieren	751
funktionierte	751
gross	751
schwächer	751
empfindest	751
führ	750
ernsthafte	750
vermitteln	750
einzusetzen	750
andreas	750
hughes	750
jenen	750
nonnen	750
vorgehensweise	749
wat	749
spender	749
val	749
company	749
blauer	749
rasiert	748
vergebt	748
mayday	748
venus	748
verhafte	748
steigst	748
identisch	748
bange	748
bekämpft	748
jep	748
gastgeber	748
innenstadt	747
mitbewohnerin	747
papas	747
schwindelig	747
dc	747
ratschlag	747
scham	747
intensiv	747
amigo	747
louie	747
defekt	747
beziehen	747
or	747
talentiert	746
bridget	746
gretchen	746
angezeigt	746
schaufel	746
erschüttert	746
reingefallen	746
vetter	746
braunen	746
boys	745
bestechen	745
rücksitz	745
sicherzustellen	745
verärgern	745
magier	745
management	745
eröffnung	745
grill	745
schiffen	745
passte	745
deacon	745
chefs	744
verbinde	744
würfel	744
physik	744
dosen	744
grove	744
champ	744
möchtet	744
porno	744
absoluter	744
stadion	744
abgeschossen	744
streben	744
durchstehen	744
beging	743
streik	743
weiterfahren	743
ramon	743
tipps	743
sweet	743
hinsehen	742
isabel	742
starte	742
plätzchen	742
magazine	742
wanda	742
beruht	742
ragnar	742
korruption	742
wimmelt	742
hook	742
lux	742
abgestellt	742
liefere	742
anschließend	742
grube	742
mei	741
flieht	741
schriftlich	741
kamerad	741
irrelevant	741
ironisch	741
herab	741
friedrich	741
stier	741
entschluss	741
gescheitert	741
begrüße	740
kitt	740
desaster	740
wachsam	740
startklar	740
gutmachen	740
log	740
luca	740
hypothek	739
anhand	739
schlagzeilen	739
auslöser	739
gaius	739
kündigung	739
atlantis	739
entzug	739
server	739
adele	739
leibwächter	739
abzulenken	738
angeben	738
abknallen	738
schuldigen	738
thor	738
erschrocken	738
lehrte	738
häschen	738
daily	738
handschuh	738
seide	738
bewaffnete	738
caesar	738
sklavin	737
leinwand	737
erzählten	737
geguckt	737
georgie	737
stimmts	737
brendan	737
leichten	737
phillips	737
pistolen	737
verbringst	736
scannen	736
richmond	736
klatschen	736
städten	736
ohrringe	736
präsentation	736
gotham	736
häuschen	736
vermittlung	735
zahnbürste	735
feinen	735
blei	735
gönnen	735
schlugen	735
sprüche	735
erreichbar	735
scheißdreck	735
kerlen	735
zuverlässig	735
sasha	734
aufprall	734
stewart	734
hochzeiten	734
aneinander	734
vorwurf	734
gehörten	734
ausflippen	734
kehrte	733
sonntags	733
cyrus	733
garde	733
sonde	733
blutungen	733
roosevelt	733
flüchtlinge	733
unterhose	733
scotland	733
instrumentalmusik	733
becca	732
heldin	732
geschmeckt	732
rod	732
unterstütze	732
schluchzen	732
säcke	732
psychopath	732
madonna	732
bezeugen	732
massage	732
geschmissen	732
pudding	732
einzuladen	732
meldete	732
ecken	731
bedrohen	731
lulu	731
lichtjahre	731
line	731
schweig	731
zwecklos	731
teilnehmer	731
charley	731
langeweile	731
offiziellen	731
rudi	730
verzeihe	730
hässlichen	730
gewidmet	730
tabak	730
ernannt	730
übler	730
sandwiches	730
adoptieren	730
geistern	729
sheriffs	729
vorgesetzter	729
kodex	729
südamerika	729
kostete	729
verführt	729
schonen	729
pauline	729
machtlos	729
einsehen	728
mythos	728
verantworten	728
ausschließlich	728
ahh	728
pamela	728
geschäften	728
zurückbekommen	727
anrufst	727
marihuana	727
mithalten	727
lebenszeichen	727
woody	726
anmachen	726
sklaverei	726
haustier	726
inseln	726
ohh	726
stützpunkt	726
trennt	725
gesichtsausdruck	725
andré	725
gesunken	725
fernbedienung	725
verstärkt	725
fã	725
markus	725
element	725
sterling	725
olga	725
verlegenheit	725
metro	724
bruderschaft	724
probiere	724
wiederum	724
bereitschaft	724
chet	724
börse	724
aufsatz	724
untergrund	724
versiegelt	724
gegenstände	724
gebildet	724
rast	724
regiment	724
kostenlos	723
ausschuss	723
dvd	723
gesprengt	722
ausweise	722
allan	722
feindliche	722
irina	722
feldwebel	722
zerbricht	722
lenkt	722
durchdrehen	721
ausgelassen	721
kramer	721
tango	721
respektlos	721
stripperin	721
hengst	721
schwanzlutscher	721
löse	721
banane	721
bloss	721
gavin	721
skinner	721
schurken	721
wäscht	721
daraufhin	720
nico	720
walsh	720
geschäftspartner	720
weggefahren	720
psychologie	720
zwing	720
verständigen	720
belastung	720
bender	720
bindung	719
sherman	719
umarmt	719
entkam	719
gespenst	719
konntet	719
menschenleben	719
wurdet	718
öde	718
ursprung	718
geputzt	718
sektion	718
schleppen	718
erfassen	718
terrasse	718
wilhelm	718
unbesorgt	718
warteten	718
eingereicht	718
sekretär	717
turk	717
beruhigend	717
angezündet	717
verbrechens	717
impuls	717
voreilig	717
peitsche	717
griechen	717
bennet	717
installiert	717
verlier	717
rebellion	717
karin	717
seemann	717
bones	717
aufgeräumt	717
verdiente	716
elender	716
sound	716
absturz	716
begleichen	716
orgasmus	716
toto	715
vögelchen	715
reinkommt	715
renee	715
benachrichtigen	715
kavallerie	715
allerseits	715
übe	715
constable	715
weigern	714
wirklichen	714
aufträge	714
beifall	714
cents	714
angehörigen	714
damien	713
resultat	713
global	713
pennsylvania	713
warmen	713
danielle	713
verbiete	713
entschuldigst	713
wahlen	713
aufziehen	713
weitem	713
verdreht	713
powers	712
vorschuss	712
bananen	712
dex	712
schuf	712
beschützer	712
fuer	712
wahrlich	712
hüften	712
q	712
betrag	712
hysterisch	711
schwor	711
schlägerei	711
flogen	711
bösewicht	711
aufwachsen	710
römischen	710
carolina	710
auszeichnung	710
riskiere	710
florence	710
ermöglichen	710
komiker	710
auffallen	710
eingegangen	710
kondom	710
besserung	710
vinnie	710
karton	710
verspätet	709
obhut	709
aufführung	709
fraß	709
abfahrt	709
hydra	709
briefkasten	709
häftling	708
ezra	708
kat	708
unterschätzen	708
sisko	708
hausfrau	708
hannes	708
errichten	708
stapel	708
reparatur	707
pike	707
reste	707
übereinstimmung	707
entwurf	707
shoppen	707
anliegen	707
täuschung	707
doll	707
eliminieren	707
verstärken	707
insassen	707
mithilfe	707
packung	707
u.s.	707
adressen	707
kang	707
themen	707
aufteilen	707
unberechenbar	707
eingeschlagen	707
verklagt	706
drohne	706
vage	706
hindernis	706
izzy	705
qualifiziert	705
solo	705
gierig	705
schreck	705
verrotten	705
integrität	705
hinterkopf	705
wundervollen	705
lo	705
lob	705
verwirren	705
allgemeinen	704
frustriert	704
ohnmacht	704
autoschlüssel	704
erfährst	704
image	704
grady	704
people	704
unheilvolle	704
kapieren	704
zigarren	704
josé	704
joint	703
nachgehen	703
gedrängt	703
soziale	703
diente	703
vieler	703
wissenschaftliche	703
dastehen	703
inmitten	703
millie	703
brannte	703
mengen	703
ausnahmsweise	703
silvester	703
berufen	702
schließfach	702
bunny	702
kenneth	702
tische	702
wasche	702
vase	702
einhalten	702
halfen	702
übernahm	702
millionär	702
dreißig	702
bernadette	701
denjenigen	701
begeisterung	701
forscher	701
begabt	701
design	701
matthews	701
taufe	701
entscheidend	701
zurückhaben	701
katrina	701
nervensäge	701
betritt	700
rodrigo	700
kuckuck	700
veränderte	700
vollbracht	700
jeweils	700
passende	700
unabhängigkeit	700
türe	700
einbrechen	700
folgst	699
lücke	699
jüngeren	699
immobilien	699
industries	699
schwangere	699
unfug	699
weibchen	699
ergriffen	699
jahrestag	698
oleson	698
fry	698
exzellent	698
strahlen	698
vorgenommen	698
aufgezeichnet	698
business	697
depression	697
privates	697
streiche	697
alaska	697
frances	697
wänden	697
erwecken	697
sawyer	697
männchen	697
senken	697
otis	696
spanische	696
beamter	696
kommission	696
fünfzig	696
gedemütigt	696
gucke	696
mehrheit	696
teuren	695
abreißen	695
komödie	695
gestehe	695
außergewöhnliche	695
hartes	695
ausprobiert	695
runterkommen	695
tragt	695
spart	695
bälle	695
fahrzeuge	695
freya	694
zähl	694
verehrer	694
strecken	694
gegeneinander	694
ausfüllen	694
olive	694
crazy	694
vermächtnis	694
beteiligung	694
bengel	694
p.	694
gottverdammte	694
winzigen	694
nächten	694
ätzend	693
kapital	693
attacke	693
vorstellungsgespräch	693
interessiere	693
medium	693
anwenden	693
hamlet	692
stockwerk	692
krankenhäuser	692
direkten	692
benötige	692
extreme	692
einzeln	692
traurigen	692
aufwärmen	692
auszugehen	692
befreiung	691
anzahlung	691
jensen	691
komplex	691
alias	691
grafen	691
besaß	691
sammle	690
feiertage	690
stinken	690
franc	690
neela	690
freiem	690
elektrischen	690
zustoßen	690
zerschlagen	690
hupt	690
italienische	690
hingekriegt	690
marseille	690
columbia	689
unterschiedlich	689
godsey	689
schichten	689
zielperson	689
kopenhagen	689
furchtbares	689
fürchtete	688
passagier	688
imperium	688
möcht	688
säufer	688
verlasst	688
weiser	688
zurückzuholen	688
cho	688
mieter	688
schlösser	688
privileg	687
kondome	687
montana	687
rührend	687
stumme	687
winde	687
wirbel	687
investoren	687
kakao	687
sadie	686
ausgestiegen	686
pisse	686
lucifer	686
thailand	686
behälter	686
beck	686
scheußlich	686
kurier	686
abu	685
decker	685
gereizt	685
fassung	685
leitungen	685
kaliber	685
losgeht	685
gemeine	685
wochenlang	685
zeilen	685
granate	685
morgengrauen	685
kristall	684
captains	684
sky	684
bürgerkrieg	684
dulden	684
abzuhauen	684
sorgte	684
verhandelt	684
einwände	684
lara	684
unheil	684
anteile	683
wiege	683
yankees	683
herb	683
freaks	683
verbietet	683
verwendung	683
rauben	683
cognac	683
allgemein	683
küsste	682
unschuldiger	682
evolution	682
blas	682
vulkanier	682
inn	682
gratulation	681
marmelade	681
becken	681
eden	681
hingegen	681
quält	681
spartacus	681
unversehrt	681
gering	680
janeway	680
voilà	680
jüngere	680
mächte	680
floyd	680
sechsten	680
produzenten	680
rektor	680
zitrone	680
störungen	680
reichte	680
kreativ	680
höhlen	680
winchester	679
bianca	679
willis	679
quark	679
zigeuner	679
schnarchen	679
dead	679
ärgerlich	678
angaben	678
gibson	678
chili	678
diskretion	678
armstrong	678
unterhosen	678
erforderlich	678
cassidy	678
auftauchte	677
pascha	677
aussetzen	677
sentimental	677
empfängt	677
evakuierung	677
nebenwirkungen	677
mccormick	677
erstellt	677
vernichtung	677
idiotisch	676
cocktail	676
säubern	676
behandelst	676
eingepackt	676
meisterwerk	676
empfindet	676
bestien	676
unzählige	675
einbringen	675
darryl	675
spitznamen	675
smoking	675
verschwende	675
iron	675
misstrauen	675
spätestens	675
chinese	675
cash	675
gilmore	675
pfui	674
zeugenstand	674
gästezimmer	674
abflug	674
hungern	674
verschwanden	674
serum	673
julio	673
place	673
phantasie	673
therapeuten	673
terror	673
bedienung	673
beugen	673
trish	673
elise	673
verriegelt	673
genäht	672
spurensicherung	672
falten	672
saugen	672
graue	672
ehrlicher	672
walden	672
leichenhalle	672
wärs	672
fels	672
bohren	671
versteckten	671
desmond	671
notiert	671
milliarde	671
gebäudes	671
pfadfinder	671
gorilla	671
roch	671
caitlin	671
kippen	671
gleicht	671
pflaster	671
l.	670
benutzten	670
anzuziehen	670
verlockend	670
bryce	670
ampel	670
interpol	670
dodge	670
technische	670
zimmerservice	670
lu	669
hirsch	669
hayley	669
verspricht	669
lachend	669
anständiger	669
füllt	669
geschätzt	669
verbündete	668
zuschauen	668
abstimmen	668
schwägerin	668
cybill	668
deaktivieren	668
rück	668
edmund	668
drohnen	668
begehrt	668
gange	668
sauerei	668
portion	668
beraubt	668
constance	668
bull	667
jubelt	667
jugendlichen	667
bemerkung	667
aids	667
cate	667
johann	667
hingehört	667
maryann	667
halskette	667
istanbul	667
been	666
beunruhigen	666
scheren	666
schweigt	666
brei	666
antwortete	666
fäden	666
coolen	666
schämst	666
mehl	665
vollem	665
aufgebrochen	665
expedition	665
änderung	665
überwachungskameras	665
derer	665
blinder	665
durchzuführen	665
parlament	664
direkte	664
dawson	664
tanya	664
umfeld	664
schrieben	664
michigan	664
auffliegen	664
woman	664
hergeschickt	664
vormachen	664
vorstrafen	664
hingeht	664
grauenvoll	664
schwiegermutter	663
lehrt	663
langley	663
erwürgt	663
tassen	663
seuche	663
zauberspruch	663
lucien	663
läufer	663
drive	663
effektiv	662
nord	662
callie	662
hu	662
auskommen	662
heitere	662
jupiter	662
nuss	662
trauzeuge	662
steinen	662
puh	661
österreich	661
einkommen	661
vereinigung	661
mittelpunkt	661
page	661
andeuten	661
helene	661
unverständliche	661
anschein	661
höflichkeit	661
aufzeichnung	661
komplikationen	661
aufsteigen	661
gehorcht	661
hollow	660
gefällig	660
schlicht	660
ausgestattet	660
reiße	660
nachdenke	660
parks	660
anstrengen	660
richterin	660
bindet	659
alternativen	659
verabschiede	659
vito	659
abgeht	659
dämlichen	659
edie	659
druckmittel	659
schweben	658
ankamen	658
crack	658
formular	658
festzuhalten	658
architekt	658
runtergefallen	658
eindringling	658
wahlkampf	658
country	658
staunen	658
lagern	658
gewissermaßen	658
sinnen	658
verbraucht	658
bremse	658
idiotin	657
gleichgültig	657
gefangenschaft	657
daktari	657
russ	656
westlich	656
men	656
nixon	656
samt	656
mail	656
laurie	656
vorhanden	656
bestell	656
klara	656
only	656
face	656
hinbekommen	656
adoption	656
handelte	656
verrätst	656
hinterm	656
rande	656
break	656
reinziehen	656
zart	656
ewigkeiten	655
immunität	655
eingelassen	655
gewettet	655
ergab	655
ausgesagt	655
studiere	655
malt	655
tonne	655
regle	655
borgen	655
spezialeinheit	654
behandle	654
zerreißen	654
hermann	654
übergebe	654
alma	654
wanze	654
zeugnis	654
örtlichen	654
phänomen	654
umgeht	654
weitaus	654
polizeirevier	653
öfters	653
erreiche	653
produkte	653
misch	653
beklagen	653
schurke	653
kleinere	653
sonnenbrille	653
strenge	652
phantom	652
verdoppeln	652
zuzugeben	652
titelseite	652
schwiegervater	652
abscheulich	651
nigel	651
kleinigkeiten	651
kompass	651
yoga	651
elektrische	651
gewirkt	651
kaviar	651
reiben	651
plage	651
erziehen	651
bekäme	650
streife	650
erhoben	650
analysiert	650
norwegen	650
kappe	650
iran	650
aufzustehen	650
volles	650
hebel	650
urin	650
iren	649
triumph	649
begrenzt	649
ham	649
gil	649
streichhölzer	649
martinez	649
erscheinung	649
neid	649
tabu	649
eyes	649
berechnungen	649
auskunft	649
dänemark	648
hintergangen	648
flint	648
patronen	648
wiederkommt	648
gefährliches	648
erweitern	648
bereut	648
cherry	648
ami	648
won	648
shh	648
übernimm	647
waffenstillstand	647
banks	647
sonia	647
vorkommt	647
astronauten	647
virgil	647
kreislauf	647
nash	647
richtungen	647
sicherzugehen	646
weggerannt	646
widerfahren	646
lebensunterhalt	646
hintereinander	646
dingern	646
angreift	645
ziegen	645
außenseiter	645
crockett	645
nummernschild	645
steuerbord	645
leidenschaftlich	645
autoren	645
kümmerte	645
auflösen	644
quietscht	644
gereinigt	644
verschonen	644
großgezogen	644
backe	644
mina	644
cafeteria	644
zusammenbleiben	644
bekomm	644
bedauere	644
zugesagt	644
jr	644
fix	643
schwur	643
bewaffneten	643
höchstpersönlich	643
giovanni	643
anrufer	643
rutsch	643
supergirl	643
juliet	643
blutbad	643
bankrott	643
bear	643
bräute	642
foreman	642
losfahren	642
atemzug	642
legenden	642
kopfgeld	642
nadeln	642
señora	642
johns	642
otaru	642
nils	641
papagei	641
wärmer	641
groll	641
ketchup	641
aktionen	641
nahen	640
gestolpert	640
feiertag	640
latte	640
erwischte	640
spitzname	640
hardcastle	640
senior	640
weht	640
verfolgte	640
angeber	640
befassen	640
fantasien	639
befreie	639
einfangen	639
prophet	639
grundlos	639
abzuschließen	639
engen	639
signor	639
haha	639
handwerk	639
daddys	639
schert	639
lose	638
verantwortlichen	638
höchstwahrscheinlich	638
pervers	638
mitgeteilt	638
interviews	638
zugefügt	638
vermieter	638
aßen	638
truhe	638
moralische	638
blondine	637
alvarez	637
scheinwerfer	637
bewege	637
jap	637
zugrunde	637
mischt	637
aufwachte	637
abheben	637
weiblich	637
verfügt	637
tippen	636
buchhaltung	636
beider	636
buffalo	636
fügen	636
siebten	636
befiehlt	636
klickt	636
dracula	635
ermordete	635
jura	635
well	635
einsamer	635
perle	635
lustiges	635
künstliche	635
cape	635
außerordentlich	635
falke	635
klicken	635
schwindlig	634
hingebracht	634
überstürzen	634
reingelassen	634
gattin	634
östlich	634
seins	634
genauen	634
wiegen	634
labyrinth	634
währenddessen	634
töricht	634
ausrauben	634
lautlos	634
zitat	634
abgehalten	634
hale	634
zweier	633
hingezogen	633
ty	633
unendliche	633
antibiotika	633
emil	633
gehn	633
häftlinge	633
polizeichef	632
psychiatrie	632
übergeschnappt	632
heuchler	632
jerusalem	632
immun	632
temperament	632
boulevard	632
umhang	632
zugeteilt	632
alarmanlage	632
trefft	632
überfordert	631
galgen	631
hubert	631
wegrennen	631
stiles	631
monte	631
courtney	630
filmstar	630
verfügen	630
aufwand	630
interne	630
klippe	630
verurteilung	630
umweg	629
cisco	629
einberufen	629
evakuiert	629
urteilsvermögen	629
malone	629
christy	629
ablaufen	629
einzugehen	629
zwecke	629
zeus	629
simpel	628
erfolgreiche	628
impfstoff	628
bestechung	628
cruz	628
weigere	628
salvatore	628
verschweigen	628
verlauf	628
aktuellen	628
lampen	628
trauriger	628
empfunden	628
journalistin	628
endes	628
kasino	628
titus	628
veranlasst	628
sicherung	628
fahrkarte	627
fortgehen	627
jared	627
aufgeführt	627
listen	627
tiffany	627
äußern	627
adrenalin	627
frühere	627
missbrauch	627
seminar	627
drittens	627
fernando	627
biegen	627
demonstration	626
porsche	626
deaktiviert	626
vertritt	626
erklärst	626
liebevoll	626
umgedreht	626
konversation	626
freundliche	626
zurückverfolgen	626
perverser	626
madeline	626
ausbrechen	626
traurigkeit	626
ming	625
speisen	625
verfallen	625
gittern	625
marks	625
irrenhaus	625
dance	625
rechenschaft	625
bloßen	625
schwört	624
verleiht	624
henrik	624
schlucht	624
kauen	624
five	624
erwachen	624
lichts	624
clan	624
rechne	624
ungestört	624
stationiert	624
packst	623
angewohnheit	623
lyle	623
sonnenlicht	623
warfen	623
darlehen	623
scheidet	623
josie	623
gestimmt	623
standard	623
senatorin	622
beethoven	622
vormittag	622
ratet	622
johanna	622
verarsch	622
sushi	622
auswählen	622
strike	621
geschwätz	621
enorme	621
kassieren	621
biene	621
leistet	621
totes	621
antwortest	621
drittes	621
bonbons	621
gequält	621
scharfen	620
beheben	620
beschluss	620
ast	620
hereinkommen	620
erschrickt	620
away	620
drückst	620
schmerzmittel	620
lappen	620
zurückzubringen	620
unruhe	620
kommandanten	620
fliegende	620
aria	620
nutzte	620
direktorin	620
ich-ich	619
puste	619
täuscht	619
änderst	619
chow	619
gabrielle	619
atombombe	619
türken	619
missverstanden	619
nels	619
unterdrückt	619
ausmaß	618
made	618
manuskript	618
annika	618
hallöchen	618
ct	618
freigegeben	618
blutgruppe	618
schliefen	618
symbole	618
ausdrücklich	617
reduzieren	617
ungeschickt	617
vermieten	617
te	617
beizubringen	617
ausweichen	617
leckt	617
angucken	617
gewissheit	617
verbrennungen	617
klarheit	617
trittst	617
diskutiert	617
kratzt	617
typische	617
abdruck	616
gelaunt	616
bins	616
einnahmen	616
hawkins	616
tell	616
entdeckten	616
zuversichtlich	616
pumpen	616
powell	616
fettsack	616
pfeile	616
gewillt	616
stinkst	616
lebensformen	615
immernoch	615
cage	615
betrinken	615
tuck	615
town	615
carolyn	615
zäh	615
liu	615
abgang	615
auszudrücken	614
fußboden	614
gemeiner	614
ernten	614
imstande	614
erfolgt	614
wahrhaftig	614
besessenheit	614
schämt	614
zurückgegeben	614
lanze	614
erleichtern	614
springs	614
stiefmutter	613
verein	613
yakuza	613
nichtmal	613
comics	613
three	613
metapher	613
aufgeht	613
maximal	613
starr	613
friss	613
gehirns	613
aufreißen	613
lost	613
razzia	613
hellseher	613
putzfrau	613
wohlstand	612
beatrice	612
alberto	612
holten	612
spitzen	612
poltern	612
erfreuen	612
daryl	612
lunch	611
tattoos	611
bordell	611
unterdrücken	611
connecticut	611
please	611
straftat	611
aktuelle	611
dolly	611
entzückt	611
unterbrechung	611
knox	611
kochst	611
zugeschlagen	611
schülern	611
darren	611
ethel	611
gebrauch	611
gewehrt	610
base	610
räum	610
köpfchen	610
ruhigen	610
weck	610
anhört	610
zusammenleben	610
durcheinandergerede	610
o.	610
flynn	610
bevorzugt	610
horror	609
dominic	609
krug	609
imitiert	609
friedens	609
tick	609
spurlos	609
mitgekommen	609
reserve	609
abbekommen	609
wagner	609
gardner	609
langweilt	609
benji	609
kaisers	608
norris	608
schnelles	608
kolonien	608
errichtet	608
mentor	608
blues	608
durchbrechen	608
orson	608
grüner	608
lucie	608
unzufrieden	607
beschämt	607
lästig	607
spind	607
übernachtet	607
spanischen	607
definition	607
unordnung	607
yuri	607
mittendrin	607
optimistisch	607
sekte	607
vergewaltiger	607
geschockt	607
gracie	607
mikro	607
verbrochen	607
stünde	607
beschlagnahmt	607
madeleine	607
einzelhaft	606
bug	606
italienischen	606
frederick	606
löste	606
apachen	606
spezialisten	606
nazi	606
tapferkeit	606
zutaten	606
unsichtbare	606
zurückgerufen	606
samstagabend	606
unverständliches	606
pesos	606
ursprünglichen	606
sol	605
resultate	605
r.	605
alexis	605
sende	605
klientin	605
sympathisch	605
verwöhnt	605
schiffs	605
langweile	605
bekanntschaft	604
joggen	604
rettest	604
träger	604
finanziell	604
depressionen	604
weitergeben	604
schnecke	604
gedruckt	603
feindlichen	603
rinder	603
waisen	603
chemische	603
baust	603
getraut	603
zünder	603
lachte	603
haarschnitt	603
schneewittchen	603
gerry	603
enten	603
pariser	603
einmalig	603
vergeudet	603
tomas	602
depressiv	602
comandante	602
eingebrockt	602
schreibmaschine	602
selig	602
entgangen	602
gelohnt	602
notizbuch	602
wechselgeld	602
starrst	602
z.	601
obdachlosen	601
göttliche	601
überlebte	601
merkwürdiges	601
frankreichs	601
entziehen	600
jacks	600
gefällst	600
hupe	600
festland	600
rückgrat	600
schmuggeln	600
knoblauch	600
mörders	600
motoren	600
korridor	600
sugar	600
countdown	600
socke	599
bettler	599
signore	599
russe	599
forge	599
lopez	599
salut	599
ausfallen	599
zeh	599
freud	599
äußeren	599
grausame	599
cooles	599
bakterien	599
olsen	599
feindes	599
rezeption	599
erreichte	598
dreizehn	598
paolo	598
anflug	598
penelope	598
sogenannten	598
verschwendest	598
donny	598
zulassung	598
abtreibung	598
planung	598
territorium	598
pope	598
portemonnaie	598
affengeräusche	598
improvisieren	597
reinzukommen	597
tanken	597
einschüchtern	597
explodierte	597
schleife	597
berechnen	597
befördern	597
newton	597
aufgespürt	597
streicheln	597
speer	597
reaktionen	597
maxwell	597
director	597
erhöhe	596
hinteren	596
zusammengearbeitet	596
hanson	596
geschweige	596
puff	596
dämlicher	596
ablauf	596
rollt	596
mikrofon	596
verwundeten	595
aufgewühlt	595
luftwaffe	595
wiese	595
beschissenes	595
verkleidung	595
scarlett	595
intensivstation	595
schlinge	595
mahlzeiten	595
list	594
handvoll	594
lehnte	594
stärksten	594
beweisstück	594
pretty	594
einzigartige	594
gehirne	594
pfeffer	594
nachgeben	594
pittsburgh	594
stadium	594
stritten	594
stau	594
unsterblichkeit	594
karev	594
ginny	593
wiehern	593
erkenntnis	593
erweckt	593
kategorie	593
überwältigend	593
underwood	593
neelix	593
explosionen	593
telefonzelle	593
plaza	593
verschließen	592
angesagt	592
western	592
absatz	592
beschreibt	592
lern	592
main	592
lehne	592
easy	592
buße	592
fehlende	592
anständigen	592
häufiger	591
buh	591
anfängst	591
fandest	591
jaja	591
giftig	591
rausch	591
jarvis	591
hochwürden	591
schnecken	591
einheimischen	591
unmögliche	591
weaver	591
freilassung	591
sonderbar	591
fassade	591
scharfschützen	590
anfrage	590
bewegte	590
ex-mann	590
fotografen	590
monika	590
cardassianer	590
solide	590
ansiehst	590
freitagabend	590
legten	590
klatsch	590
dewey	590
schicksals	590
hartnäckig	590
bars	590
paddy	589
sofortige	589
küstenwache	589
entsetzt	589
moe	589
edle	589
unbemerkt	589
religiöse	589
scheiben	589
plänen	589
schleifen	589
wundervoller	589
mozart	589
shelly	589
deprimierend	589
onkels	589
jade	589
pol	588
bedankt	588
fi	588
harmonie	588
alexandra	588
jacqueline	588
kelch	588
reddington	588
hüter	588
jetzigen	588
buchen	588
leiste	588
dee	588
aufgeklärt	588
kurzes	588
außenministerium	588
wheeler	587
adios	587
arrest	587
oxford	587
lebensform	587
clint	587
anfasst	587
veranstaltet	587
umstellt	587
bezieht	587
besetzung	587
murdock	587
cut	587
kriminell	587
praktikum	587
grossen	587
angebote	587
märtyrer	587
blutest	586
anfange	586
kick	586
paß	586
bogg	586
tapferen	586
haupt	586
nachtschicht	586
gebrochene	586
klebeband	586
metzger	586
marlene	586
gewöhnlichen	586
umarme	586
philipp	586
leistungen	586
dankt	586
fitzgerald	585
lesben	585
ehering	585
uno	585
strauss	585
großbritannien	585
armeen	585
aufsehen	585
heu	585
schwarm	584
ziemlicher	584
eule	584
mitteilung	584
aufgerissen	584
sätze	584
gottverdammten	584
gelockt	584
erwägung	584
langsame	584
keen	584
gunst	584
bann	584
leichenschauhaus	584
widersetzen	584
geflüchtet	584
therapeut	583
abdrücken	583
hingehst	583
lokale	583
edlen	583
dialog	583
kaputte	583
susanne	583
tokyo	583
lordschaft	583
zuhört	583
finanziellen	583
camelot	583
bäckerei	583
gehauen	582
ziemliche	582
bronx	582
originell	582
sicherheitssystem	582
elektronische	582
twilight	582
glaubens	582
charlene	582
nahezu	582
sichtkontakt	582
strafen	581
gehorsam	581
sportler	581
mutiger	581
becker	581
det	581
saga	580
ski	580
entgeht	580
abläuft	580
timothy	580
beschwingte	580
lindsay	580
aufklärung	580
phantastisch	580
zane	580
eigen	580
haven	580
gracias	580
justine	580
blonden	579
kobra	579
beantragen	579
muscheln	579
spot	579
bewerbung	579
biologische	579
raffiniert	579
protest	579
texte	579
kapiere	579
linus	579
panne	579
willens	579
argentinien	579
bissen	579
abbiegen	579
harbor	579
fernen	578
versäumt	578
frühe	578
rohre	578
packte	578
zeitmaschine	578
weiterzumachen	578
beiß	578
kleinsten	578
verzögerung	578
sprit	578
initialen	577
ansprache	577
recherchiert	577
malley	577
erfuhren	577
ja.	577
zahlte	577
eingebaut	577
offener	577
geheimnisvoll	577
geschöpf	577
unangebracht	577
schlüsse	577
eingefangen	577
halts	577
bewährungshelfer	577
folgten	576
erhebe	576
brenner	576
surfen	576
hintergehen	576
hörner	576
fürchtest	576
reaktor	576
run	576
zweieinhalb	576
gebrochenen	576
ansage	576
kompromiss	576
abzeichen	576
mehrfach	576
dolores	575
cox	575
zielt	575
vorlesung	575
gesamtes	575
berechnet	575
römische	575
auffällig	575
lenkrad	575
engagement	575
amerikanerin	575
harlem	575
jose	575
chakotay	575
fernzuhalten	575
gründer	575
technischen	575
hassan	575
eingeweide	575
verschickt	575
studierte	575
industrie	575
frühjahr	575
heiligabend	575
stellvertreter	575
unvorstellbar	574
sichert	574
scheißt	574
space	574
zweifle	574
verbrannte	574
hähnchen	574
ren	574
exfrau	574
kulturen	574
ehrgeizig	574
anmelden	574
bewegst	574
verschüttet	574
whirlpool	573
atmung	573
kaltblütig	573
handwerker	573
kurse	573
griffen	573
unangenehme	573
ausstellen	573
andernfalls	573
sonderlich	573
angefühlt	573
prag	572
frösche	572
herausfand	572
vega	572
vance	572
zärtlich	572
doe	572
jüdischen	572
steuerung	572
zeitschriften	572
verbockt	571
gewaltige	571
genesung	571
auftraggeber	571
wanna	571
abgehört	571
oregon	571
gecheckt	571
zusammenbruch	571
beachtet	571
united	571
cowboys	571
pumpe	571
eagle	570
logbuch	570
irgendwem	570
ausgenommen	570
churchill	570
rankommen	570
relevant	570
t-shirts	570
besuchst	570
tiefsten	570
einbildung	570
instabil	570
fühlten	570
hr	570
transportiert	570
mönche	570
lina	570
riggs	570
stacy	570
beschuss	570
fledermaus	570
segnen	569
stattgefunden	569
nell	569
lebeau	569
krallen	569
moss	569
kgb	569
romantischen	569
blutig	569
alliierten	569
mara	569
oberflächlich	569
sanders	569
hicks	568
ostern	568
orangensaft	568
unbekannter	568
thornton	568
ausgerutscht	568
aurora	568
freundlicher	568
exil	568
clary	568
blog	568
schmelzen	568
mysteriösen	568
überwunden	568
erdbeeren	568
ära	568
eingefroren	568
großzügigkeit	568
einreichen	568
anderswo	567
seinetwegen	567
ferguson	567
zwilling	567
deppen	567
verlangte	567
genf	567
trophäe	567
lucia	567
wisch	567
reduziert	566
ernährt	566
irgendjemandem	566
kaiserin	566
koste	566
reiste	566
lucrezia	566
therapeutin	566
pfanne	566
komma	566
stillhalten	565
freundlichkeit	565
stockholm	565
informiere	565
konsul	565
dante	565
gänge	565
irgendwen	565
unerhört	565
deutlicher	565
bomber	565
ausgeliehen	565
drehten	565
prostitution	565
inoffiziell	565
motherfucker	565
glücklichste	565
erschreckend	565
isolieren	565
flugplatz	564
friedliche	564
lachs	564
furchtbarer	564
erkältet	564
boyle	564
nadine	564
slim	564
angestellter	564
anomalie	564
bestimme	564
off	564
provoziert	564
siehe	563
aufbewahren	563
diamant	563
herauskommen	563
poster	563
gräber	563
savage	563
heh	563
jedesmal	563
bajor	563
angepasst	563
strick	563
übertreib	563
schweinchen	563
herbei	563
ahnte	562
dirk	562
bewältigen	562
fläschchen	562
sams	562
kotze	562
übt	562
lupe	562
stanford	562
davonlaufen	562
klima	562
zerstöre	562
jerome	562
schöpfung	562
befriedigen	562
schossen	561
soul	561
verschlafen	561
indiana	561
putzt	561
verdoppelt	561
entschuldigungen	561
inakzeptabel	561
prioritäten	561
bryan	561
dominion	561
jem	561
karate	561
unterschreib	561
clinton	561
louisiana	560
fat	560
f.	560
kampfes	560
grades	560
komplizierte	560
j.d.	560
waise	560
alain	560
würdigen	560
vorrat	560
trocknen	559
entfernte	559
katja	559
bücherei	559
fallschirm	559
laurent	559
fusion	559
frachter	558
komplize	558
haie	558
witzbold	558
drecksarbeit	558
schiedsrichter	558
spezialisiert	558
innern	558
verschlüsselt	558
chirurgie	558
chff409b	558
hüpfen	558
festzustellen	558
harlan	558
gerichts	558
matrosen	557
schweinerei	557
schnarcht	557
anzuhören	557
überprüf	557
überprüfung	556
florenz	556
blanche	556
maddie	556
getauscht	556
verübt	556
blutige	556
galaxien	556
antiquitäten	556
wandert	556
hormone	556
homo	556
slade	556
chapman	555
nachschub	555
america	555
zerbrechlich	555
palm	555
basta	555
riese	555
brenne	555
sticht	555
hang	555
leser	555
zurückbleiben	555
woods	555
prototyp	555
wider	555
liebenswürdig	555
gewohnheiten	555
säure	554
chaotisch	554
geschissen	554
moran	554
call	554
besorgnis	554
grundschule	554
verheiratete	553
aufruf	553
sauce	553
verwandter	553
schwelle	553
fröhliches	553
mmh	553
kühlen	553
herrliche	553
lächerliche	553
lift	553
angriffen	553
zurückfahren	553
dutch	553
verschluss	553
herzchen	552
eineinhalb	552
verbrachten	552
igor	552
besetzen	552
sexueller	552
spaßig	552
kreuzen	552
yep	552
intuition	552
terrorismus	552
traditionen	552
game	552
lad	552
vorgetäuscht	551
satellit	551
lehnt	551
samson	551
verhungere	551
unterrichte	551
burton	551
link	551
schiefgehen	551
pyjama	551
verurteile	551
wachtmeister	551
dunkles	551
abgeschlachtet	551
tätowierung	551
ansprüche	550
erleiden	550
ruinen	550
reife	550
kommenden	550
hoffman	550
verstummt	550
panama	550
staubsauger	550
projekte	550
kopieren	550
unters	549
begeht	549
vorurteile	549
militärischen	549
prüfe	549
verpissen	549
edler	549
tablett	549
geblasen	549
hergeholt	549
beratung	549
rabatt	549
renne	549
behaltet	549
tapferer	548
offenbarung	548
wegkommen	548
verabreden	548
motive	548
unannehmlichkeiten	548
village	548
späten	548
verfickten	548
argumente	548
behauptete	548
wertvolles	548
niki	548
fehlern	548
abendbrot	547
putz	547
übermitteln	547
spielplatz	547
gutachten	547
auszusehen	547
wiehert	547
basil	547
spezielles	547
flüchtigen	547
dringt	547
verkraften	547
unglaublichen	547
endlos	547
kritiker	547
schwuler	547
hob	547
pfleger	547
klarmachen	547
dermaßen	547
benson	546
hindert	546
gespendet	546
lire	546
erstaunliche	546
gummi	546
patterson	546
zicke	546
begreift	546
marionette	546
backbord	546
benehmt	545
buenos	545
erwähnten	545
gestohlene	545
medaillon	545
streifenwagen	545
pascal	545
romanze	545
shelley	545
fluchen	545
javier	545
untergebracht	545
kahn	545
scht	545
ehemänner	545
erfinder	544
kraftfeld	544
unbesiegbar	544
niete	544
horst	544
beinah	544
schwing	544
schneit	544
versenkt	544
wärest	544
erika	544
brücken	544
toi	544
stromausfall	544
zielscheibe	544
überschreiten	543
bird	543
eingejagt	543
lt.	543
que	543
versenken	543
fördern	543
kundin	543
enzo	543
portier	543
riech	543
beobachter	543
beerdigen	543
su	543
entscheidende	543
zeugs	543
lorraine	543
auszusprechen	543
gerard	542
dani	542
zoom	542
brillante	542
our	542
einfahrt	542
emotionalen	542
kommentare	542
brachen	542
parfum	542
roms	542
durchschnitt	542
glücksspiel	542
geburtstagsparty	541
cadillac	541
herausgestellt	541
beeinträchtigt	541
feel	541
spiels	541
hinnehmen	541
eingetragen	541
sprünge	541
joker	541
torpedos	541
belegen	541
xavier	541
belgien	541
rouge	541
darius	541
hypnose	541
konfrontiert	540
gezielt	540
schauspielern	540
murmeln	540
ultimative	540
weggeschickt	540
regierungen	540
erdnüsse	540
missy	540
spritztour	540
kopfgeldjäger	540
einladungen	539
kleidern	539
mm-hm	539
chicken	539
hawk	539
quarterback	539
glatze	539
systems	539
vergeblich	539
mäuschen	539
eingeliefert	539
entschlüsseln	539
kerlchen	539
unentschieden	538
ausverkauft	538
viermal	538
fargo	538
zugenommen	538
völker	538
migräne	538
eddy	538
double	538
rothaarige	538
memphis	538
aufgetragen	538
runtergehen	538
seen	538
amnesie	538
einzustellen	538
bedeutest	538
steaks	538
empfänger	538
telefonbuch	538
massen	538
vorführung	538
cheese	538
angefordert	537
royce	537
heinz	537
hexerei	537
sündenbock	537
asien	537
kopiert	537
astronaut	537
eindringlinge	537
verhältst	537
bosse	537
abzugeben	537
ice	537
genetisch	537
anständiges	537
lächelst	537
davina	537
wochenenden	537
augenbrauen	537
kauften	537
unverändert	537
fickst	536
schleicht	536
unterbewusstsein	536
nat	536
sehne	536
schilling	536
schluß	536
kundschaft	536
verschrieben	536
entfliehen	536
bestohlen	535
klick	535
heiliges	535
verstopft	535
kürbis	535
kröte	535
demütigen	535
grausamkeit	535
makler	535
ausgerastet	535
geräumt	535
kalb	535
santiago	534
schnur	534
garth	534
len	534
foundation	534
death	534
kaputten	534
rüberkommen	534
senor	534
teilte	534
einleiten	534
gelder	534
lizzy	534
kommandeur	534
demonstrieren	534
vereinbaren	534
tranken	533
copyright	533
ursula	533
mitgekriegt	533
perkins	533
kakerlaken	533
durchdacht	533
westlichen	533
waschmaschine	533
shorts	533
sehn	533
dora	533
vatikan	533
ausgänge	533
sausen	533
moralisch	533
krönung	533
instinkte	533
hü	532
vernon	532
hierhergekommen	532
büffel	532
geborene	532
ausgebucht	532
mitkommst	532
irrsinn	532
unterhalb	532
tok	532
vors	532
jackett	532
geraubt	532
schwitzt	532
ständer	532
lot	532
luna	532
rolf	531
hingefallen	531
kessel	531
jorge	531
waffeln	531
korrupt	531
freiwilligen	531
kartell	531
ba	531
kentucky	531
nevada	531
cap	531
illinois	531
wies	531
trainiere	531
bloom	531
kreise	531
raquel	530
eiscreme	530
heimweh	530
four	530
entschärfen	530
spionin	530
behielt	530
einstecken	530
franco	530
wiedergeboren	530
festgelegt	530
wähler	530
bürde	530
models	530
besorgte	529
fetzen	529
blute	529
leidest	529
blood	529
shanghai	529
trent	529
brüssel	529
vorgeschichte	529
ninja	529
großvaters	529
sabrina	529
rausschmeißen	529
verleger	529
genetische	529
säge	529
ansatz	529
erlitt	529
darstellt	528
wohlauf	528
allmächtiger	528
mochtest	528
verrecken	528
verstoß	528
weston	528
treppenhaus	528
leland	528
notieren	528
erwidern	528
speicher	528
rauskommst	528
springfield	527
sunny	527
lokalisieren	527
spence	527
wangen	527
aubrey	527
periode	527
beschatten	527
höchster	527
luc	527
gehirnwäsche	527
brothers	527
stalker	527
gleis	527
erdnussbutter	527
gallagher	527
arnie	527
antut	527
wohnten	526
nachschauen	526
breite	526
dot	526
gespeichert	526
verkleiden	526
grauenhaft	526
beobachtete	526
wegzulaufen	526
wiederfinden	526
sinnvoll	526
englands	526
ostküste	526
historischen	526
scheich	526
reparaturen	525
ähnlichen	525
aufgeschlitzt	525
sanchez	525
stecker	525
republikaner	525
gottesdienst	525
weis	525
charly	525
türkei	525
vollständige	525
gebieter	525
amerikanern	525
schmutziges	525
intelligente	525
getauft	525
soda	525
einsatzbereit	525
verliehen	524
beton	524
ausreichen	524
untersuche	524
robbins	524
sabotage	524
konsulat	524
marta	524
nimmer	524
aufgeflogen	524
ballons	524
geburtstagsgeschenk	524
micki	524
fleming	524
rotwein	524
wagens	524
blutes	524
tausendmal	524
fuller	524
trab	524
great	524
hetero	523
äußere	523
gatten	523
verlassenen	523
sauberen	523
berechtigt	523
gunsten	523
gefrühstückt	523
trockenen	523
taschengeld	523
gespenster	523
robby	523
schenkel	523
herzanfall	523
downtown	523
wirbelsäule	523
curt	522
genuss	522
flyer	522
reservierung	522
gelübde	522
dreien	522
blutigen	522
carroll	522
notwendigkeit	522
ichs	522
rover	522
rücksichtslos	522
malik	522
korn	522
vermutungen	522
dwight	522
fülle	522
walzer	522
verstört	521
zahlung	521
fürsorge	521
inspektion	521
kennenlernte	521
sauberes	521
amulett	521
neuerdings	521
zusteht	521
remington	521
überholt	521
vergossen	521
wörtlich	521
bereust	521
platzieren	520
parteien	520
kontinent	520
schweinehund	520
university	520
wachs	520
eintrag	520
lindern	520
straßenseite	520
geniale	520
untertitelung	520
hinstellen	519
angekündigt	519
meyer	519
erfand	519
treuer	519
entsprechen	519
aufladen	519
blüht	519
beule	519
katz	519
church	519
sprachlos	519
scan	519
düster	518
manuela	518
emmett	518
i.	518
logische	518
tapfere	518
joghurt	518
barrett	518
biologie	518
anwälten	518
geschäftliches	518
ellbogen	518
widersetzt	518
meth	518
geklopft	517
wright	517
begrüßung	517
steckten	517
dauerhaft	517
steuert	517
windel	517
älterer	517
greife	517
jeremiah	516
blüte	516
ehen	516
repariere	516
irving	516
docks	516
warnte	516
überarbeitet	516
jagte	516
dörfer	516
ungefährlich	516
webber	516
versorgung	516
angenehmer	516
wohler	516
trey	515
leila	515
granaten	515
verstreut	515
spuckt	515
deep	515
bagdad	515
wale	515
tagesanbruch	515
subbed	515
interessierst	515
franks	515
berührte	515
polizeiarbeit	515
interessierte	515
stottert	515
beworben	515
vorziehen	515
türglocke	514
kompletten	514
abgeriegelt	514
fenstern	514
weilchen	514
cary	514
klammern	514
ruck	514
drückte	514
beitragen	514
offenes	514
plündern	514
wikinger	514
abserviert	514
gebührt	514
padre	514
geklingelt	514
beschränkt	513
betäuben	513
nigga	513
frankfurt	513
prof.	513
antiker	513
mikrowelle	513
herkommst	513
ernster	513
umgekommen	513
coup	513
mülleimer	513
definieren	513
malibu	513
entwickelten	513
buzz	513
getrennte	513
ausüben	513
manöver	512
verlängern	512
schauspiel	512
verehrt	512
vers	512
wag	512
schenkst	512
getreide	512
empire	512
zac	512
sicherste	512
fehlenden	512
dummerchen	512
bleistift	512
wissens	512
alejandro	512
gänsehaut	512
w.	512
zurücknehmen	512
magisch	512
jungfrauen	511
trommel	511
ereignissen	511
ahoi	511
freundlichen	511
üblen	511
gebrannt	511
verkündet	511
skipper	511
bestelle	511
logo	511
vitamine	511
lover	511
flachgelegt	511
leroy	511
abgesucht	511
verblutet	511
gerüchten	511
örtliche	511
verpfiffen	510
rosalie	510
wegzukommen	510
express	510
mitzukommen	510
berühre	510
blutvergießen	510
weigerte	510
puzzle	510
diaz	510
pure	510
erwähne	510
faulen	510
gesündigt	510
picasso	509
streitkräfte	509
flügeln	509
bedeutungslos	509
sperre	509
psychopathen	509
pfiff	509
abgeordneter	509
kritisieren	509
krankes	509
jüdische	508
zornig	508
briefen	508
lili	508
heiratsantrag	508
ole	508
gießen	508
bestochen	508
beweismaterial	508
coleman	508
religiös	508
vermittelt	508
arche	508
elite	508
fliegenden	508
motiviert	508
medikamenten	508
schlank	508
lorenzo	507
befugnis	507
lockhart	507
johan	507
regst	507
beau	507
fettes	507
verhext	507
todesurteil	507
kaiserliche	507
besorgst	507
forschungen	507
allie	507
auszuziehen	507
rutscht	507
entwischen	507
ringen	507
ausgetrickst	506
creme	506
auszugeben	506
clive	506
why	506
zurückzugeben	506
fährte	506
barbaren	506
verzaubert	506
coop	506
interessanten	506
rudern	506
kriegte	506
überquert	505
ergangen	505
neigen	505
coco	505
untergeht	505
kunstwerk	505
bodyguard	505
behinderung	505
blühen	505
dünne	505
kamm	505
verwandlung	505
hunderten	505
antike	505
warner	505
pelz	505
3-mal	504
jemandes	504
regenbogen	504
zitieren	504
verursachte	504
zürich	504
kippe	504
blamieren	504
chinatown	504
programme	504
nottingham	504
pate	504
inszeniert	504
vorenthalten	504
freigabe	504
beidem	503
differenzen	503
außergewöhnliches	503
beteiligten	503
neville	503
springer	503
angus	503
grosser	503
übungen	503
mittelalter	503
skript	503
simulation	503
stockwerke	503
strahl	503
circa	503
überlässt	503
bye-bye	503
starling	503
feng	503
geschadet	503
geldbeutel	503
obere	503
glücksbringer	502
adolf	502
fowler	502
spitz	502
vargas	502
motivation	502
abwesend	502
gunnar	502
viper	502
zerquetscht	502
stetson	502
pisser	502
konferenzraum	502
declan	502
weitergegeben	502
malte	501
draufgehen	501
davey	501
beteiligen	501
whoo	501
castiel	501
unverschämtheit	501
plattform	501
mexikanischen	501
phyllis	501
bündnis	501
kripo	501
benachrichtigt	500
beunruhigend	500
vernachlässigt	500
europas	500
schnellsten	500
küken	500
could	500
yacht	500
feines	500
kutscher	500
lagerraum	500
parasiten	500
erhalte	500
landest	500
olaf	500
ferrari	500
spieß	500
blickt	500
helga	500
bluebell	499
give	499
stalag	499
knete	499
ripper	499
wissenschaftlichen	499
leeres	499
demnach	499
really	499
planänderung	499
hinkommen	499
leichtsinnig	499
dreckiges	499
jennings	499
zufälligerweise	499
verpasste	499
gesetzen	499
aufseher	498
geheimer	498
jugendamt	498
horde	498
reisende	498
darwin	498
schmetterlinge	498
sehnen	498
geschmiert	498
buchanan	498
mutige	498
doppelgänger	498
treff	498
kinderzimmer	498
stacey	498
vorführen	497
gesindel	497
vorwarnung	497
astrid	497
wählerisch	497
beschleunigt	497
charleston	497
einschätzung	497
best	497
vorspielen	497
dorfbewohner	497
superheld	497
stationen	497
beihilfe	497
erlöst	497
unkraut	497
flüchtig	496
renovieren	496
verheirateten	496
pearson	496
stützen	496
nachweisen	496
sierra	496
forbes	496
ruinierst	496
kaplan	496
pepper	496
ms	496
then	496
auszusagen	496
elfen	496
ehepaar	496
objektiv	495
spür	495
gefordert	495
zumute	495
vorliebe	495
kathryn	495
iwan	495
about	495
denny	495
durchgebrannt	495
planst	495
paranoia	495
ai	495
zivilisationen	495
vous	495
abfeuern	495
erstmals	495
seufzen	495
verübeln	494
erleuchtung	494
erfolgreicher	494
schäm	494
irgendwoher	494
unterhalt	494
vormund	494
kommunist	494
hobbs	494
draper	494
murmelt	494
wohle	494
hinterlasse	494
wundervolles	494
feuerwehrmann	494
kopfhörer	494
austern	493
juwel	493
abgefangen	493
zugreifen	493
musical	493
charming	493
delphine	493
webster	493
wiener	493
griechischen	493
gemahl	493
appartement	493
sekt	493
zerstörten	493
entschädigung	493
reiz	492
längere	492
expertin	492
via	492
uhm	492
d.h.	492
handle	492
palace	492
gatte	492
brummt	492
schriften	492
überblick	492
keep	492
lebensstil	492
eingetreten	492
vertauscht	492
weltmeister	492
unterschiede	492
wesentliche	492
deals	492
gemischt	491
gruft	491
steigern	491
handbuch	491
savannah	491
too	491
maine	491
heirateten	491
lutschen	491
milde	491
formulare	491
perfektion	491
haufenweise	491
scheppern	491
dollars	491
wissenschaftlich	491
walters	491
jessi	491
buben	490
kaufhaus	490
erweist	490
zusammengebrochen	490
fakultät	490
leitete	490
möpse	490
überfällig	490
luzifer	490
beantragt	490
präsentiere	490
französischer	490
lokalen	490
dringende	490
empfand	490
angestarrt	490
schlagzeile	490
genies	490
moira	490
genannten	490
kacken	490
streichholz	490
favorit	490
gnädiger	489
hold	489
verwalter	489
forderung	489
ehefrauen	489
heft	489
banner	489
erwürgen	489
tragische	489
rechter	489
organismus	489
potential	489
schnellstens	489
zurechtkommen	489
kontrolliere	489
veranlassen	489
hingehe	489
vorladung	488
himmlisch	488
sowjetunion	488
verheilt	488
sicheres	488
misshandelt	488
unterbringen	488
erlösen	488
abgereist	488
lebensversicherung	488
part	488
meisterschaft	488
kantine	488
bürgermeisters	488
aufgeweckt	488
erkunden	487
verwundbar	487
zufügen	487
gekonnt	487
erbaut	487
almosen	487
sagtet	487
memo	487
beleidigend	487
vergnügt	487
abgebrannt	487
wischen	487
geistige	487
rückendeckung	487
mcdonald	487
agents	487
haustiere	487
geeinigt	487
hansen	487
penthouse	486
cassandra	486
brauchtest	486
masche	486
vampiren	486
montreal	486
angenehmen	486
dope	486
serge	486
beladen	486
abliefern	486
erhofft	486
rauskomme	486
sterblichen	486
esszimmer	486
sabotieren	486
stalin	486
minnie	486
außenwelt	486
ignoriere	485
patriot	485
vögelt	485
gehaltserhöhung	485
everett	485
ss	485
verblüffend	485
ferdinand	485
erlaubte	485
sitzungen	485
erbsen	485
gangs	485
kreuzfahrt	485
schilder	485
servus	485
klon	485
chcyan	485
dea	485
illusionen	485
augenzeugen	485
ärztliche	485
krypton	484
einsetzt	484
would	484
homeland	484
kläre	484
auszuführen	484
triebwerke	484
verabreicht	484
app	484
lisbon	484
anerkannt	484
cobb	484
ko	484
aufbringen	484
anstarren	484
emilio	484
zimmern	484
briggs	483
katholisch	483
barcelona	483
seile	483
schacht	483
luisa	483
geiler	483
wachstum	483
donut	483
zufriedenheit	483
wood	483
weide	483
vicki	483
bowling	483
lawson	483
beitreten	483
ekel	483
physisch	483
maße	483
gewundert	483
roller	483
st	483
speisekarte	483
zurückschicken	483
enthüllen	483
bescheidenheit	482
verbrenne	482
übersee	482
jesu	482
ori	482
londoner	482
hinhalten	482
trauriges	482
orangen	482
schutzengel	482
yankee	482
bewerben	482
weizen	482
gips	482
siedlung	482
eigenschaft	481
kröten	481
geweiht	481
hochzeitsreise	481
jace	481
sayid	481
wahrhaft	481
preisen	481
betreibt	481
höllisch	481
überreichen	481
piggy	481
ching	481
elternteil	481
ay	481
fallenlassen	481
medizinisches	481
barrow	481
swan	481
skalpell	481
abmarsch	481
verteidige	481
floß	481
geistigen	480
tournee	480
entzündet	480
porträt	480
angeschrien	480
seavers	480
sauberer	480
asyl	480
verachten	480
passenden	480
jenes	480
schockierend	480
eliot	480
plötzliche	480
saloon	480
ausatmen	480
ops	480
vorgelesen	479
atelier	479
bessern	479
yuki	479
rafael	479
tyson	479
league	479
spucke	479
seymour	479
unglaubliches	479
pinguin	479
lords	479
festival	479
notar	479
sterbenden	479
anfühlen	479
durchschauen	478
cheeseburger	478
schlappschwanz	478
lapd	478
täten	478
strümpfe	478
usw.	478
holden	478
cookie	478
kräuter	478
ade	478
kleinstadt	478
markieren	478
sd-6	478
justizministerium	478
verborgenen	478
harald	478
offenbart	477
abfindung	477
surren	477
hausarbeit	477
lautete	477
cocktails	477
nervenzusammenbruch	477
vierzig	477
waschbecken	477
dümmste	477
abseits	477
francesca	477
szenario	477
rip	477
jahrgang	477
haube	477
claus	477
anschnallen	476
flöte	476
störst	476
stücken	476
room	476
verfolgst	476
russischer	476
lambert	476
verwende	476
jeb	476
eskorte	476
fehl	476
gebumst	476
feen	476
solomon	476
alberne	476
nippel	476
balken	476
cheerleader	476
pc	476
dranbleiben	476
acker	476
medizinisch	476
zusammenreißen	476
bekloppt	476
takt	476
vollbringen	476
menü	476
wiedergutmachung	476
pasta	476
schlimmere	475
edna	475
reyes	475
andersrum	475
frieren	475
unverletzt	475
langweilige	475
treib	475
genehmigen	475
kluges	475
mutters	475
barton	475
schmilzt	475
stinksauer	475
schwesterchen	475
psychologische	475
befunden	475
clare	475
neigt	475
hebamme	475
verteidigungsministerium	475
tau	475
schwarzmarkt	474
vollendet	474
ausgehalten	474
akku	474
inder	474
lächerlichen	474
vortäuschen	474
hetzen	474
vorgeben	474
trennten	474
saunders	474
sterbt	474
tollste	474
verträgt	474
unmittelbar	474
erhängt	474
hinab	474
ausserdem	474
albernen	474
grässlich	474
aufgibt	474
legion	473
dimitri	473
gekränkt	473
gelegenheiten	473
beabsichtigt	473
kostenlose	473
nachvollziehen	473
alltag	473
gebadet	473
einwandfrei	473
zusammengeschlagen	473
schlampig	473
glückwünsche	473
shadow	473
alabama	473
attraktive	473
umbrachte	473
kolumbien	473
forrest	473
zurückzubekommen	473
fitnessstudio	473
item	472
zelten	472
behaupte	472
wichtigere	472
freiraum	472
verjagt	472
crusher	472
prometheus	472
schmoren	472
komplimente	472
mahl	472
fässer	472
schluckt	472
oklahoma	472
schaufeln	472
krokodil	472
botschaften	472
music	472
hola	472
ehrlichen	472
auslassen	471
unpassend	471
ausgegraben	471
bellamy	471
auszusetzen	471
übergang	471
turbo	471
addison	471
ankündigung	471
gewöhn	471
silvia	471
burkhalter	471
religiösen	471
selbstverteidigung	471
storm	471
angesteckt	471
bedauerlicherweise	471
auserwählte	471
pipi	471
eliminiert	471
leah	471
sitte	470
rene	470
tate	470
byron	470
philly	470
erlaubst	470
cohen	470
größtenteils	470
darstellung	470
stattgegeben	470
reißverschluss	470
entschlossenheit	470
seltenen	470
kameramann	470
cuddy	470
rekruten	470
eingeweiht	470
esteban	470
aufgehen	470
glied	470
zusammenkommen	469
wechsle	469
kolumne	469
betrunkenen	469
abende	469
schlaue	469
minnesota	469
aziz	469
streite	469
zustande	469
sg-1	469
maryland	469
abschlagen	469
lockt	469
lungenentzündung	469
spülen	468
ricardo	468
psychisch	468
schwänzen	468
meckern	468
zebra	468
sogenannte	468
missionen	468
hausmädchen	468
dogs	468
wales	468
vorgänger	468
eingeleitet	468
rumgemacht	468
trauben	468
auszulöschen	468
boomer	468
läge	468
löscht	468
tasha	468
landstreicher	468
rechtmäßig	468
jahrzehnten	468
psychologen	468
massive	468
mustafa	468
della	468
nathalie	467
flanke	467
lyla	467
ersparnisse	467
einzumischen	467
dillon	467
joanna	467
treuen	467
frist	467
tonight	467
südafrika	467
brigitte	467
boone	467
teilzunehmen	467
scher	467
heights	467
widerrede	467
übernahme	467
snacks	467
ernährung	466
vorfälle	466
wahnvorstellungen	466
schnappe	466
bequemer	466
popmusik	466
hoden	466
aufdringlich	466
staatsanwältin	466
abstoßend	466
bataillon	466
japp	466
energiequelle	466
springst	466
widerspruch	466
wehr	466
free	466
betrunkene	466
geschubst	466
machs	466
griechisch	466
ungarn	465
pscht	465
homosexuell	465
aufregende	465
diabetes	465
schnieft	465
verbittert	465
spüle	465
tanzte	465
herausforderungen	465
nachsitzen	465
lebensgefahr	465
übergehen	465
wortes	465
nein.	465
agency	465
nebeneinander	465
gladys	465
sammler	465
schnall	465
historische	465
moralischen	465
bmw	465
verwüstet	465
grabstein	464
reh	464
präsenz	464
erkundigt	464
angegeben	464
wahrnehmung	464
gepflegt	464
hautfarbe	464
büchse	464
newkirk	464
abfangen	464
geschwächt	464
betreffen	464
vice	464
automaten	464
zugerichtet	463
öffnung	463
muffins	463
heikel	463
visitenkarte	463
stifte	463
betrat	463
allmächtigen	463
jahrzehnte	463
rebekah	463
odysseus	463
schöneres	463
geschlossenen	463
gewickelt	463
leopold	463
karren	463
chin	463
recherche	463
erhört	463
frustrierend	463
erlöse	463
forderte	463
uber	463
anleitung	463
cover	463
vergiß	462
durchreise	462
sechste	462
begehren	462
abtreten	462
massachusetts	462
slip	462
mustang	462
handlanger	462
winters	462
zeke	462
some	462
tröstet	462
bemühe	462
bluff	462
untreu	462
lmmer	462
odin	461
verhalte	461
teilhaben	461
klartext	461
liebenswert	461
jackpot	461
gebären	461
aufstellung	461
lippe	461
baba	461
lillian	461
morgana	461
mallory	461
guttun	461
chung	461
diene	461
siege	461
entzogen	461
smallville	461
pazifik	461
vordertür	460
angefleht	460
denkmal	460
panther	460
anzuschließen	460
nördlichen	460
schrauben	460
ticken	460
junggeselle	460
ertränken	460
manning	460
schickes	460
gänzlich	460
verfehlen	460
lieferanten	460
hopkins	460
leih	460
carlton	460
mother	460
unerwartete	459
halsband	459
strömung	459
beweismittel	459
petrus	459
geborgen	459
bien	459
pfennig	459
einfall	459
auferstehen	459
erfolgreichen	459
krähen	459
abgekriegt	459
wertvoller	459
gefürchtet	459
verfluchtes	459
witzige	459
orlando	459
marschiert	459
heftige	459
umfallen	459
gebiete	459
leckeres	459
rumstehen	459
aufregendes	459
gefäß	459
garden	459
anwesenden	458
bedien	458
around	458
herzstillstand	458
betrieben	458
wahnsinniger	458
bestellte	458
artig	458
publicity	458
iq	458
pas	458
bevorsteht	458
polieren	458
diebin	458
verzerrt	458
reinheit	458
anrühren	458
tornado	457
stör	457
demütigung	457
detektive	457
überspringen	457
kapuze	457
britta	457
kostbare	457
fund	457
repräsentiert	457
sulu	457
höhen	457
zahlreiche	457
gewand	457
einspringen	457
ungeziefer	457
buches	456
wdr	456
beat	456
verpackt	456
islam	456
mobile	456
brennenden	456
family	456
einjagen	456
lime	456
franky	456
kohl	456
momenten	456
bangkok	456
erneuern	456
kindchen	456
bum	456
betonen	456
officers	456
alldem	456
verstorbene	456
corey	456
spezialist	455
füttere	455
bliebe	455
darsteller	455
proviant	455
chu	455
gesichtern	455
versprachen	455
ferkel	455
ka	455
klischee	455
orakel	455
dude	455
ficke	455
übertroffen	455
anfingen	455
verwöhnen	455
gaston	455
moriarty	455
effizient	455
eitelkeit	455
unruhen	455
selma	455
escobar	455
klappte	455
marx	454
hazel	454
ausgangssperre	454
bestätige	454
kühler	454
adama	454
eintrifft	454
revoir	454
anheuern	454
versetzung	454
gleicher	454
zündung	454
eingeführt	454
riskierst	454
bestreiten	454
jahrmarkt	454
gebote	454
aufgegessen	454
abed	454
therese	454
armselig	454
größerer	454
knaller	454
aquarium	453
reservieren	453
wasserfall	453
ständige	453
davongekommen	453
aushelfen	453
knaben	453
aufgesetzt	453
spare	453
halblang	453
lest	453
spielfeld	453
repräsentieren	453
strohsack	453
bademantel	453
trupp	453
schießpulver	453
mindy	453
hochzeitsgeschenk	453
behindern	453
romulaner	452
wölfen	452
fantastischen	452
flüge	452
zerfetzt	452
peyton	452
umgehauen	452
postkarte	452
millimeter	452
babysitten	452
lotte	452
ehrenhaft	452
einzunehmen	452
schaum	452
chambers	452
loft	452
eintopf	452
pickel	452
hauptstraße	452
hürrem	452
benennen	452
bösartig	452
anführen	452
unglückliche	452
zange	452
bäcker	451
völliger	451
reisenden	451
perverse	451
gespür	451
aktenkoffer	451
erfülle	451
zubereitet	451
heissen	451
erdboden	451
hüa	451
reinbringen	451
vorbestraft	451
saures	451
erfolge	451
zeichnet	451
schrottplatz	451
examen	451
herzliches	451
beben	451
wehrt	451
kanister	451
meinungen	450
bobo	450
ebenen	450
omen	450
tresen	450
alpträume	450
very	450
linker	450
oberleutnant	450
exklusiv	450
stolze	450
zusätzlichen	450
evie	450
missachtet	450
abgehängt	450
diskussionen	449
mccarthy	449
marple	449
dublin	449
konvoi	449
einrichtungen	449
untertanen	449
gerechten	449
brent	449
kilometern	449
gemessen	449
fußstapfen	449
anya	449
toaster	449
bekennen	449
strange	449
nacheinander	449
dinozzo	449
brandstiftung	449
lachten	449
referenzen	449
tai	449
bürgermeisterin	449
honorar	448
erfrischend	448
launisch	448
rekrutiert	448
fabriken	448
premier	448
terrence	448
öffnest	448
überlegst	448
wendung	448
gilles	448
vorsitzenden	448
staatliche	448
verfasst	448
uhtred	448
pakistan	448
schreiend	448
weiterarbeiten	448
durchfall	448
verlief	448
vernünftiger	448
entsorgen	448
definiert	448
hässliches	447
zündet	447
verschlingen	447
board	447
schwan	447
souvenir	447
undankbar	447
sequenz	447
weges	447
erworben	447
konnen	447
salem	447
griechische	447
harmon	447
erholung	447
kontrollraum	447
trockene	447
raphael	447
rutschen	447
liebenden	447
studios	447
artillerie	447
hämmern	447
obdachlose	447
abfahren	447
realen	447
adel	446
kracht	446
kuscheln	446
geschoben	446
püppchen	446
vorhatte	446
dringen	446
brutale	446
cece	446
arschgesicht	446
muffin	446
offenbaren	446
again	446
head	446
carly	446
naturtalent	446
streber	445
mill	445
margo	445
entfernten	445
schnüffeln	445
aufführen	445
winken	445
rivalen	445
revanchieren	445
hässlicher	445
rené	445
gewisses	445
anakin	445
ermutigt	445
abfinden	445
dark	445
truman	445
eiche	445
schubsen	445
marguerite	445
newman	445
brüsten	445
paco	445
schwingt	445
espresso	445
mabel	445
wahnsinnige	445
geachtet	445
ahnt	445
zwitschern	445
wiederhergestellt	445
brecht	445
computern	445
has	444
blamiert	444
anbringen	444
spatz	444
anschreien	444
versprechungen	444
zauberhaft	444
krümel	444
einzelgänger	444
liebende	444
medizinischer	444
wackeln	444
season	444
interviewen	444
wiederherstellen	444
dummköpfe	444
kostbar	444
mumie	444
kittel	444
kapitulation	444
woraus	444
verzichtet	443
schmied	443
donnern	443
lightman	443
monique	443
him	443
hiro	443
ave	443
schmieren	443
lilli	443
hara	443
einfachste	443
missouri	443
herrlicher	443
lennox	442
mandantin	442
herrlichen	442
darm	442
barb	442
ranzukommen	442
überwiesen	442
identifizierung	442
kev	442
jungfer	442
talbot	442
schonmal	442
barbecue	442
banker	442
geschäftliche	442
melinda	442
imbiss	442
vibriert	442
davies	442
wegschicken	442
karotten	441
delaney	441
durchgefallen	441
stolzer	441
festlegen	441
strahlt	441
arroganz	441
hã	441
disneyland	441
geoffrey	441
verletzlich	441
gregor	441
pegasus	441
wegzunehmen	441
port	441
stabilisieren	441
morrison	441
tschüß	441
mexikanische	441
indizien	440
gmbh	440
dilemma	440
telefonklingeln	440
rückstand	440
hinrichten	440
ausgestorben	440
sponsor	440
ariel	440
durchsuchung	440
allgemeine	440
theodore	440
higgins	440
züchten	440
altmodische	440
marokko	440
vergibt	440
pflücken	440
grimes	440
ramirez	440
verdirbt	439
morton	439
gärten	439
nachdenkt	439
marko	439
joes	439
kirchen	439
verständigt	439
lustigen	439
tanzmusik	439
chemo	439
restliche	439
wohlergehen	439
vielversprechend	439
verriet	439
pur	439
fingernägel	439
aschenbecher	439
tong	439
eye	439
wisconsin	438
undeutlich	438
mancher	438
langweiligen	438
gefalle	438
fundament	438
friere	438
stellvertretender	438
tennessee	438
stanton	438
bartowski	438
hologramm	438
erhöhte	438
klassenzimmer	438
nachholen	438
bojack	438
schnitte	438
nachsichtig	438
ace	438
zufälle	438
leihe	438
verwandelte	438
liebesleben	438
geduscht	438
dunham	438
every	437
tüchtig	437
stehende	437
bereiche	437
vorgang	437
wütender	437
oh-oh	437
noel	437
vanille	437
busse	437
geschütze	437
jüdin	437
enthüllt	437
geringer	437
stroh	437
eintauschen	437
gekidnappt	437
generäle	437
winnetou	437
wehzutun	436
think	436
court	436
chinesisches	436
nelly	436
walking	436
wiedergeburt	436
artefakt	436
wiedererkennen	436
riegel	436
ausnahmen	436
künstlich	436
exempel	436
brich	436
hinsichtlich	436
oprah	436
gegraben	436
untertauchen	436
entwerfen	436
schuldige	436
athen	436
zittert	436
herauf	436
stellungnahme	436
judas	436
mrt	436
blüten	435
erlassen	435
gale	435
teuerste	435
nachthemd	435
schusswunde	435
ausfahrt	435
aiden	435
amateur	435
hei	435
decks	435
debra	435
faule	435
nova	435
problems	434
omi	434
nachtclub	434
telefonat	434
männlicher	434
geschmacklos	434
internen	434
utah	434
kriegsgericht	434
buster	434
mathilde	434
herrlichkeit	434
befestigt	434
shampoo	434
elende	434
griffith	434
fun	434
einhorn	434
hochzeitsnacht	434
unwiderstehlich	434
umlaufbahn	434
balance	434
splitter	434
hinzugehen	434
muppet	434
prüft	433
fixiert	433
betrunkener	433
audienz	433
auseinandersetzung	433
verjagen	433
gezweifelt	433
zehnmal	433
jasmine	433
zerstörer	433
treibe	433
geknallt	433
eingeben	433
stick	433
tauchst	433
vegetarier	433
epidemie	433
zhang	433
betrügst	433
wurzel	433
positiven	433
frequenzen	433
ertappt	433
seltener	433
perversen	433
fairer	432
avatar	432
überweisen	432
dulde	432
sybil	432
glaubwürdig	432
grazie	432
außerirdischer	432
bikini	432
furz	432
zerreißt	432
manchester	432
rummachen	432
vorliegen	432
gong	432
bereitmachen	432
ruben	432
einstweilige	432
kairo	432
cappuccino	432
verwischen	432
ansetzen	431
anzutun	431
superhelden	431
bewunderung	431
raumschiffs	431
skip	431
ada	431
cutler	431
hip	431
überwältigen	431
reinkam	431
kaserne	431
bedanke	431
bezahlten	431
dubois	431
trompete	431
regelt	431
europäischen	431
berliner	430
schrotflinte	430
erzielen	430
kanalisation	430
case	430
stämme	430
rumpeln	430
umhauen	430
barmherzigkeit	430
webseite	430
verachtung	430
zylinder	430
erbitte	430
provision	430
disco	430
jeglicher	430
zerstörst	430
mira	430
ost	430
meuterei	430
ähneln	430
großziehen	430
ferengi	430
nachteil	430
alzheimer	430
anstrengung	430
elliott	429
fackel	429
ununterbrochen	429
abt	429
ermordeten	429
beurteilung	429
milt	429
zügen	429
dämmerung	429
befriedigt	429
zarte	429
rechnet	429
flusses	429
losgegangen	429
amateure	429
angriffs	429
attackiert	429
verzweifelte	429
eingeholt	428
munster	428
lasagne	428
fehlfunktion	428
dino	428
verkauften	428
meistern	428
lumpen	428
heck	428
trucks	428
bing	428
eingebracht	428
angemessene	428
sultanin	428
burrows	428
installieren	428
lst	428
terri	428
gefälschte	428
herkules	428
brave	428
selbstsüchtig	428
billard	427
subjekt	427
fairen	427
sarkasmus	427
melvin	427
fax	427
omega	427
putze	427
traumhaft	427
enttäuschend	427
meldungen	427
std.	427
rivers	427
erzbischof	427
obdachlos	427
field	427
schafften	427
meilenweit	427
vermont	427
chloé	427
geschlechtsverkehr	427
teyla	427
anfälle	427
hodgins	427
halbwegs	427
gemurmel	427
glass	427
politischer	427
anubis	427
tanzfläche	427
ertränkt	426
vorsingen	426
matrix	426
positives	426
jahrzehnt	426
friert	426
silbernen	426
gästeliste	426
weggetreten	426
schnabel	426
musketiere	426
mystic	426
josephine	426
gerichte	426
stichwort	426
insgeheim	426
hello	426
stahlen	426
protestieren	426
schlaftabletten	426
aussichten	426
kartoffel	426
davids	426
talisman	426
blendend	426
mohammed	425
bi	425
videospiele	425
chico	425
fire	425
auszahlen	425
kriminalität	425
jed	425
testergebnisse	425
mächtigste	425
verschlagen	425
kaufmann	425
geschwängert	425
bezogen	425
maddy	425
teures	425
behandelte	425
ready	425
france	425
need	425
yuan	425
kung-fu	425
nachsicht	424
juanita	424
dag	424
freute	424
schnallen	424
verfügbaren	424
donnergrollen	424
körperlichen	424
plante	424
berücksichtigen	424
fiese	424
gell	424
geärgert	424
lotto	424
entspannung	424
aidan	424
skelett	424
flüsse	424
anonyme	424
finanzierung	424
unterschreibt	424
angsthase	424
tablette	424
befugt	424
aufm	423
messias	423
tötung	423
durchschneiden	423
träumer	423
gosse	423
greer	423
rain	423
artagnan	423
colleen	423
sensation	423
verschenken	423
liberty	423
ausgraben	423
nobel	423
identitäten	423
glaubwürdigkeit	423
aufwachst	423
überlebe	423
bildest	423
abschießen	423
hillary	423
globale	423
zulegen	423
vorspiel	422
scheu	422
ps	422
beschert	422
randolph	422
vorstelle	422
renoviert	422
freigesprochen	422
fäuste	422
ehrt	422
zitiere	422
redaktion	422
santos	422
imperator	422
demo	422
vollenden	422
einsicht	422
bankkonto	422
drecksau	422
gesandt	422
aufzuwachen	422
fegefeuer	422
kämpf	422
einverständnis	422
his	422
persönlichkeiten	422
horace	422
wolfgang	421
wonder	421
jüdisch	421
vermehren	421
traktor	421
muriel	421
pepe	421
versöhnen	421
bewundernswert	421
french	421
nikolaus	421
durchdringen	421
dusty	421
bewerten	421
kassiert	421
formation	421
gomez	421
angeschlagen	421
nucky	421
sichtweite	421
manipulation	421
starrte	420
meetings	420
ch34faf9	420
shows	420
vereinten	420
spielverderber	420
weckst	420
dickes	420
buchstabieren	420
zeitraum	420
indianern	420
anklopfen	420
abgeknallt	420
serviette	420
füttert	420
schmeichelhaft	420
pyramide	420
belohnen	420
ananas	420
herausfordern	420
gesiegt	420
merkwürdigen	420
jacht	420
brewster	420
ultraschall	420
weihnachtsbaum	420
verpass	420
feuers	420
selbstmitleid	420
unterschiedlichen	420
jagst	420
unterbreche	420
abstreiten	419
hochziehen	419
französin	419
untereinander	419
google	419
stempel	419
romantisches	419
cook	419
rezepte	419
sylvester	419
erweitert	419
asthma	419
viecher	419
thorpe	419
ungewöhnlichen	419
grausamen	419
privilegien	419
weihnachtsgeschenk	419
karussell	419
ältester	419
hindernisse	419
entferne	419
sags	419
vorrang	419
körperteile	418
scharfschütze	418
obama	418
vorkehrungen	418
franck	418
camilla	418
hamptons	418
abhören	418
akzeptabel	418
unsichtbaren	418
entführte	418
dragon	418
lieferungen	418
buy	418
carver	418
direkter	418
vorgeworfen	418
grundsätzlich	418
lagerfeuer	418
kleineren	418
showtime	418
gamera	418
beistehen	418
degen	418
peking	418
yan	418
verbot	418
punk	417
herrschte	417
zugemacht	417
intim	417
übertreibt	417
wimmern	417
flüchtling	417
wirke	417
gegengift	417
cupcakes	417
schuften	417
strauß	417
gesundes	417
aspekt	417
ex-freund	417
beeren	417
rückzieher	417
prime	417
rosemary	417
unfreundlich	417
anzuschauen	417
verachtet	417
dell	417
baronin	417
sons	416
piepton	416
dagelassen	416
kalter	416
kitzelt	416
übelkeit	416
rauskam	416
minimum	416
niesen	416
kal-el	416
siebte	416
anzulügen	416
denker	416
ag	416
viert	416
auferstanden	416
tantchen	416
siegt	416
meldest	416
tiefes	416
vertrauten	416
vollidioten	416
meeres	416
getarnt	416
stellvertretende	416
upper	416
trinker	416
ungeachtet	416
ungerechtigkeit	415
sergei	415
nassen	415
walnut	415
lauern	415
glotzen	415
darhk	415
erstattet	415
breitet	415
noble	415
rush	415
sí	415
gebrochenes	415
mamma	415
vermietet	415
gebraten	415
zeitlang	415
cambridge	415
überglücklich	415
aaah	415
werten	415
iowa	415
realisiert	415
tardis	415
jacobs	415
ungelegen	414
erlebe	414
primitiv	414
apophis	414
lindsey	414
buffet	414
aufgegangen	414
erlebte	414
verschwommen	414
ich-	414
spielsachen	414
geschmuggelt	414
tyrann	414
verbesserung	414
karneval	414
briefmarken	414
ufo	414
milan	414
filter	414
beatles	414
zischt	413
durchsetzen	413
lauert	413
reitest	413
bestätigte	413
gehorche	413
durchgang	413
endlose	413
ridge	413
zauberhafte	413
angehörige	413
illegales	413
heile	413
palme	413
organisierte	413
lucille	413
todeszeitpunkt	413
geiste	413
befinde	413
gemahlin	413
agieren	413
besteigen	412
tanja	412
größtes	412
touchdown	412
paaren	412
scans	412
rausgekriegt	412
vierzehn	412
vermischt	412
rausbekommen	412
weicht	412
unübersetztes	412
bergab	412
schraube	412
cortez	412
aufschneiden	412
grundgütiger	412
erdgeschoss	412
ordnen	412
miliz	412
erfordern	412
zig	412
gurken	412
viertelstunde	411
tech	411
demut	411
amis	411
oberin	411
geizig	411
diamond	411
aussehend	411
raubt	411
skeptisch	411
erich	411
todesfälle	411
göttlich	411
absitzen	411
konflikte	411
schmeiße	411
visum	411
mücken	411
ansah	411
romane	411
gral	411
aufgefordert	411
channing	411
unglücklichen	411
verlag	411
schnaubt	411
saubermachen	411
niko	411
symptom	410
beschossen	410
princeton	410
flüchtige	410
geschick	410
täubchen	410
familienmitglied	410
zügel	410
strömen	410
bestehst	410
zurückgeholt	410
abrechnung	410
schiessen	410
finanzamt	410
rampenlicht	410
geschleppt	410
peilsender	410
through	410
yin	410
gasthaus	409
elle	409
zucken	409
pennen	409
volltrottel	409
atemberaubend	409
gisborne	409
hayden	409
stiegen	409
gewaltigen	409
verwirklichen	409
physische	409
spiegelbild	409
vin	409
parrish	409
sexualität	409
herzlos	409
remy	409
kosmos	409
pakete	409
eliza	408
herkamen	408
norton	408
gino	408
anbietet	408
singapur	408
wã	408
kommode	408
einzudringen	408
terminal	408
verdrängen	408
endstation	408
betreuer	408
alarmbereitschaft	408
erkenntnisse	408
neuling	408
verehrter	408
troll	408
buchmacher	408
betete	408
pflegte	408
rhonda	408
sicherheitschef	408
thunfisch	408
würgt	408
capitaine	408
verringern	408
conway	407
geschöpfe	407
vlad	407
intelligenter	407
klügste	407
eigenhändig	407
sperr	407
nachfragen	407
merkwürdiger	407
schlapp	407
dreharbeiten	407
mittels	407
notfalls	407
wärmen	407
spannungen	407
verehren	407
felicia	407
verabredungen	407
lösungen	407
gutaussehend	407
brachtest	407
feuchten	407
angelina	407
pokal	407
prämie	407
herauskommt	406
leiterin	406
muse	406
verdächtiges	406
dreist	406
ess	406
rumpf	406
knarrt	406
wandte	406
überwachungskamera	406
wanderer	406
gepinkelt	406
abholt	406
wiederholung	406
hofften	406
playboy	406
hoffst	406
verhungert	406
tang	406
unbezahlbar	406
finster	406
shin	406
huhu	406
kamel	406
rumliegen	406
petra	406
superstar	406
fünfmal	406
abwenden	406
bauernhof	405
kopfweh	405
strengen	405
melone	405
wundere	405
prozedur	405
psyche	405
heimgehen	405
freundschaften	405
loben	405
coolste	405
ohrring	405
handynummer	405
architektur	405
ungeschehen	405
jt	405
vergangene	405
lädst	405
rassistisch	405
neugierde	405
magda	405
ausgefüllt	404
nahmst	404
limit	404
anzufassen	404
sibirien	404
männlichkeit	404
law	404
liza	404
flicken	404
geheult	404
wohnmobil	404
überallhin	404
scherben	404
ineinander	404
exzellente	404
trümmer	404
blutprobe	404
schiefgeht	404
dong	404
lockerer	404
cafe	404
gerichtsmedizin	404
son	404
ahmed	404
gedankt	404
salazar	404
mad	404
fingerabdruck	404
schokoriegel	404
spionieren	403
reservat	403
selbstachtung	403
einreden	403
mandeln	403
laterne	403
schreiber	403
stay	403
weir	403
unvermeidlich	403
schürze	403
juice	403
reagierte	403
jaguar	403
bezaubernde	403
weggezogen	403
cecil	403
verarbeitet	403
x.	403
individuum	403
moretti	403
lynch	403
zünde	402
rangers	402
entsorgt	402
abhängt	402
telefoniere	402
institution	402
geringe	402
duftet	402
lebensende	402
ernsten	402
hämmert	402
erschuf	402
edel	402
temple	402
hocken	402
dienerin	402
tripp	402
organ	402
brunch	402
mort	402
ex-freundin	402
psychische	402
amor	402
glory	402
abschiedsbrief	402
abwehr	402
eigenem	402
oberhaupt	402
moschee	401
us-regierung	401
zerlegt	401
behutsam	401
zweig	401
hundertprozentig	401
timings	401
muttermal	401
schwiegertochter	401
fremdes	401
tribut	401
poet	401
gesteht	401
blockade	401
zurückgeschickt	401
kollektion	401
sauna	401
wachst	401
geburtsurkunde	401
traditionelle	401
gespritzt	401
stillgestanden	401
erfrieren	400
lea	400
libby	400
ghost	400
gerammt	400
kendra	400
gegriffen	400
rayburn	400
orion	400
modelle	400
i-ich	400
schnappte	400
schwefel	400
gekotzt	400
angestrengt	400
stärkere	400
protokolle	400
klarzustellen	400
yards	400
nordpol	400
eclair	400
rechtlich	399
mülltonne	399
auferstehung	399
ablassen	399
leiht	399
angeführt	399
begabung	399
ruhiges	399
reno	399
pilger	399
möse	399
übernatürliche	399
specter	399
bezwingen	399
kendall	399
anzieht	399
amerikanisches	399
hockey	399
missachtung	399
va	399
simple	399
ausbilder	399
hoover	399
anerkennen	399
kälter	399
kenntnisse	399
augenblicke	399
marcello	399
arbeitstag	399
hergeben	399
falcon	399
typischer	399
choi	398
siedler	398
bestehlen	398
gezeugt	398
fälschen	398
cromwell	398
callahan	398
pole	398
hellen	398
clarissa	398
leckere	398
nana	398
anzulegen	398
ahsoka	398
schnüffelt	398
untergetaucht	398
intersect	398
abzunehmen	398
apotheker	398
dock	398
scylla	398
hobbys	398
mitgespielt	398
elenden	398
oliven	398
flinte	398
gitarrenmusik	398
geoff	398
morning	398
deo	398
geweigert	397
schmuggler	397
scooter	397
myers	397
key	397
aufbau	397
alphonse	397
ram	397
hélène	397
nebraska	397
waschlappen	397
einwanderer	397
erzielt	397
mg	397
badeanzug	397
dünner	397
faire	397
temperaturen	397
erklingt	397
capitán	397
mucks	397
vulgär	397
unterwerfen	397
must	397
campen	397
werwölfe	397
schwerste	397
dakota	397
bordeaux	397
ungünstig	397
dargestellt	397
komplexe	397
zimmermädchen	397
abgeordneten	397
leihst	396
thorne	396
geradewegs	396
aufgedeckt	396
beschimpft	396
gebäck	396
mitfahrgelegenheit	396
patrik	396
diplom	396
marys	396
kandidieren	396
einführen	396
sharp	396
opium	396
bedenke	396
verspielt	396
grabe	396
mieze	396
ursprüngliche	396
fahrkarten	396
summers	396
reinstecken	396
syd	396
aufzutauchen	396
neunten	396
widerliche	396
kupfer	396
lacher	396
antenne	396
aufessen	395
filmtiger	395
klärt	395
casting	395
selbstständig	395
brillanter	395
spendieren	395
snake	395
kings	395
order	395
kleiden	395
cheng	395
autorin	395
privater	395
anzupassen	395
bezeichnung	395
wahnsinnigen	395
leuchtturm	395
läuse	395
aufgeteilt	395
kabinett	395
hopper	395
grüßt	395
verkabelt	395
hingen	395
ungestraft	395
auffahrt	395
auffressen	394
katholischen	394
wing	394
zusammenbrechen	394
gerechte	394
ausblick	394
aufzuklären	394
berühmtheit	394
handschuhfach	394
nathaniel	394
scheißding	394
verbluten	394
kneifen	394
versicherungen	394
caldwell	394
annimmt	394
hineingezogen	394
geortet	394
klassentreffen	394
müttern	394
myrtle	394
längste	394
update	394
zitterst	394
hektar	394
altern	394
berger	394
miserabel	394
affären	394
profitiert	394
katalog	394
hurley	393
scherzt	393
schaukeln	393
bauchschmerzen	393
autorisiert	393
absuchen	393
mondes	393
titanic	393
together	393
sabotiert	393
entlasten	393
mathias	393
karibik	393
regelrecht	393
einfrieren	393
deke	393
bedeutend	393
weiterziehen	393
matte	393
rampe	393
waage	393
ausgeruht	393
corps	393
tamara	393
weggebracht	392
unschuldiges	392
erlangt	392
aufzuräumen	392
bemerkungen	392
aktuell	392
brocken	392
tacos	392
zahlungen	392
machbar	392
dream	392
schwachköpfe	392
apple	392
kreuzzug	392
stehle	392
großmaul	392
farbige	392
elch	392
beleuchtung	392
zynisch	392
bethany	392
iv	392
ausgelacht	392
verkuppeln	392
heimatstadt	392
rocco	392
schwaches	392
salami	392
hinterhof	392
eingestiegen	392
kompromisse	392
vorstellungskraft	392
beantrage	392
kennenlernten	391
bedrohlich	391
chaplin	391
j.j.	391
knallhart	391
übergibt	391
wackelt	391
kraftwerk	391
lenk	391
falken	391
walten	391
mitgift	391
tätigen	391
losgeworden	391
hallen	391
aktentasche	391
zusammengestellt	391
blinzeln	390
greene	390
wortwörtlich	390
tresorraum	390
zivilisiert	390
amüsier	390
ventil	390
schlich	390
patti	390
erlöser	390
even	390
vergebens	390
zaubertrank	390
anschaut	390
brise	390
krishna	390
ausländische	390
husch	390
crews	390
ames	390
unverantwortlich	390
stabilisiert	390
redakteur	390
schwachstelle	390
scharfes	390
matrose	390
wegzugehen	390
chevy	390
brutalen	390
luigi	390
glänzend	390
überreagiert	389
pimmel	389
straßenrand	389
junkies	389
attraktiver	389
ecstasy	389
heimkommen	389
talk	389
frachtraum	389
unangemessen	389
heiss	389
bombardiert	389
bündel	389
außenposten	389
kitschig	389
anschuldigung	389
zeichne	389
castro	389
wanzen	389
wichtigkeit	389
willard	389
spa	389
juwelier	389
mediziner	389
vertretung	389
umlauf	388
sascha	388
zurückverfolgt	388
saugt	388
spannungsgeladene	388
prügelei	388
zusammenziehen	388
hochkommen	388
besiegelt	388
aufdecken	388
mendez	388
subtitles	388
meere	388
con	388
schrein	388
bedrohte	388
counsellor	388
faucht	388
akira	388
raylan	388
schleim	388
werf	388
reizenden	388
ausgezeichneter	388
beherrschung	388
röntgen	388
knecht	388
kaputtgemacht	388
abgedreht	388
sitten	388
plakat	388
ausdauer	388
verabreichen	388
gaul	388
schiebe	388
biber	388
bub	387
schlussfolgerung	387
kamui	387
gebieten	387
hierlassen	387
kanäle	387
tschuldige	387
blah	387
hurensöhne	387
abgestimmt	387
twitter	387
rausfindet	387
zugabe	387
barfuß	387
flehen	387
allergie	387
roh	387
geblendet	387
mackenzie	387
rücktritt	387
abgekauft	387
mische	387
aufschlag	387
aussehende	387
landeten	387
nützliches	387
bombardieren	387
polo	387
kanne	387
aufmuntern	387
weinend	387
beibehalten	387
felipe	387
hercule	386
verleugnen	386
eingeklemmt	386
einkäufe	386
0h	386
movie	386
amtes	386
waldorf	386
salt	386
marjorie	386
loszulassen	386
duane	386
spukt	386
patsche	386
einblick	386
bestreitet	386
merlyn	386
vorlegen	386
hochzeitskleid	386
addy	386
mitarbeitern	386
holodeck	386
genugtuung	386
willoughby	386
norm	386
impulsiv	386
allerbeste	386
krämpfe	386
werbespot	385
feierlich	385
gefängnisse	385
beruhen	385
allesamt	385
true	385
open	385
klappert	385
heiden	385
durchlaucht	385
zar	385
rabbit	385
abgesperrt	385
unsre	385
stinkenden	385
gerda	385
parkt	385
alfonso	385
met	385
betrübt	385
ignorier	385
deienn	385
cleverer	385
pfeif	385
nachhilfe	385
gerächt	385
tracht	385
dings	385
gringo	385
zunichte	384
shake	384
drogenhandel	384
perez	384
baracke	384
mcqueen	384
grunzen	384
reinfall	384
dickie	384
oleg	384
mitbürger	384
netteste	384
kräftiger	384
lexi	384
jämmerlich	384
wecke	384
einbauen	384
kriecht	384
problemlos	384
lauschen	384
lise	384
ser	384
mercy	384
träne	384
grunzt	384
fuss	384
politisches	384
zimmermann	384
almanzo	384
gläschen	384
unterhaltsam	384
streck	384
play	384
kürzen	383
devlin	383
zitiert	383
klassen	383
skorpion	383
mächtigsten	383
gurt	383
einigung	383
dürre	383
untere	383
ärmste	383
nine	383
eingeschätzt	383
befallen	383
schmieden	383
eingesteckt	383
irischen	383
tausche	383
drucker	383
hutchinson	383
jährlich	383
verwundete	383
wandeln	383
lagst	383
qualitäten	383
vertrauenswürdig	383
zeb	383
jonny	383
kreuze	383
massieren	383
transporterraum	383
kar	382
gleichung	382
reimt	382
sympathie	382
südlichen	382
nachlässig	382
gage	382
ausgerichtet	382
inspirieren	382
militärs	382
peru	382
rädern	382
gefroren	382
schotten	382
alfredo	382
durchgekommen	382
verschlungen	382
begegnete	382
zwinge	382
fügt	382
youtube	382
wiedererkannt	382
einklang	382
leopard	382
zukommt	382
hälst	381
benedict	381
shaolin	381
reingegangen	381
signatur	381
unbedeutend	381
hinterzimmer	381
einführung	381
henrys	381
skala	381
leidtun	381
poppy	381
hohem	381
röhre	381
pilz	381
mutanten	381
beklaut	381
totschlag	381
existiere	381
vorzüge	381
erwerben	381
auftritte	381
control	381
ausrasten	380
gewendet	380
abwaschen	380
rodeo	380
billiges	380
abwärts	380
gefallenen	380
aufschub	380
clem	380
anhalter	380
jammert	380
geschwollen	380
zuhörer	380
andrej	380
alarmiert	380
wendell	380
gerichtshof	380
vorhabe	380
rituale	380
faszinierende	380
versuchs	380
lyndsey	380
schlafanzug	380
vernünftigen	380
hinterlasst	380
todesangst	380
klassischen	380
ehrengast	380
magic	380
zahltag	380
hübscheste	380
cello	380
bestürzt	380
widerspricht	379
überzogen	379
zehnten	379
sea	379
launen	379
snack	379
aj	379
casa	379
kreide	379
lyon	379
hack	379
fisk	379
rennbahn	379
trunkenheit	379
allemal	379
hergebeten	379
geschäftsreise	379
pine	379
krankenschwestern	379
teilten	379
vertuscht	379
mitmenschen	379
vorzüglich	379
lokalisiert	379
beieinander	379
reingesteckt	379
brüderchen	379
wiederkomme	379
anmut	379
traute	379
geordi	378
abstürzen	378
unschlagbar	378
nan	378
anmerken	378
angels	378
alvin	378
connors	378
zivilist	378
lebwohl	378
altersheim	378
riff	378
oberschenkel	378
missbrauchen	378
unvernünftig	378
pastete	378
schwächling	378
ermutigen	378
rausgegangen	378
happen	378
geflirtet	378
reale	378
hergezogen	377
enormen	377
achterbahn	377
niedergebrannt	377
spalt	377
parkhaus	377
wesentlichen	377
hamster	377
unternehmer	377
retteten	377
gezerrt	377
casanova	377
aufgeladen	377
aufwuchs	377
panisch	377
machine	377
glänzen	377
ordentliche	377
mördern	377
atlantik	377
verkorkst	377
ladyschaft	377
pinsel	377
por	377
wählst	377
koffein	377
kol	377
verteidigst	377
perversling	377
lücken	377
einigermaßen	377
gesunder	377
che	376
schwörst	376
türsteher	376
guillaume	376
boah	376
stiche	376
schneesturm	376
rausziehen	376
luka	376
gesteuert	376
pubertät	376
aufkommen	376
sykes	376
theke	376
meerjungfrau	376
ausgibt	376
propaganda	376
tüten	376
ausländischen	376
ingenieure	376
unterhielten	376
zod	376
schwierigste	376
maja	376
lehrling	376
bam	376
aufwache	376
krater	375
vorbeigehen	375
bahamas	375
marschall	375
funktionen	375
nero	375
comic	375
grande	375
dümmer	375
aufregender	375
schwimmbad	375
alledem	375
pfahl	375
wellington	375
ringo	375
pracht	375
etagen	375
lsd	375
j.r.	375
urkunde	375
rummel	375
fackeln	375
urgroßvater	375
darbietung	375
tierisch	375
kathleen	375
ain	375
kartons	375
neige	375
kirschen	375
maschinengewehr	375
poe	374
rodriguez	374
blackout	374
crawley	374
gepasst	374
feigen	374
mitgliedern	374
wertvollen	374
späher	374
meisters	374
beecher	374
hypothetisch	374
god	374
rice	374
brother	374
ansager	374
going	374
kaputtmachen	374
hampton	374
versperrt	374
offenheit	374
pferdchen	374
janine	374
rannten	374
emerson	374
niedriger	374
rausnehmen	374
linkshänder	374
wickeln	374
wütende	374
lieblingsessen	374
t.j.	374
exemplare	374
handyklingeln	374
ehrenwerte	374
centauri	373
miez	373
micah	373
zerbrach	373
verzeihst	373
schwacher	373
watts	373
skulptur	373
jedermanns	373
völlige	373
unterdrückung	373
gebüsch	373
fucking	373
magd	373
schultag	373
dion	373
bbc	373
reha	373
taucher	373
biologischen	373
dummerweise	373
mikes	373
guido	373
lexie	373
rabe	373
entwürfe	373
landwirtschaft	373
unbequem	372
flippt	372
malerei	372
gewässer	372
bubba	372
krumm	372
überlastet	372
scheißkerle	372
haute	372
selbstzerstörung	372
eisernen	372
smiley	372
amüsierst	372
casper	372
plätzen	372
tropft	372
mc	372
katholische	372
andi	372
manuell	372
vorarbeiter	372
schubs	371
benton	371
verhelfen	371
beschäftige	371
zelte	371
neigung	371
giulia	371
raoul	371
schweigepflicht	371
pokern	371
miau	371
spionage	371
begeistern	371
fertiggemacht	371
markierung	371
ying	371
krähe	371
carmine	371
marquez	371
knüppel	371
eintragen	370
alfie	370
spritzt	370
kaff	370
rausgelassen	370
strohhalm	370
recherchen	370
gleichmäßig	370
j.t.	370
aura	370
automatische	370
bumst	370
gig	370
arterie	370
lecter	370
blondie	370
verfolgten	370
durchlaufen	370
grobe	370
zauberhaften	370
gelächelt	370
cockpit	370
vollmacht	370
dixie	370
gekratzt	369
beta	369
respektvoll	369
hard	369
professioneller	369
prostituierten	369
gefährten	369
entbehren	369
jungfräulichkeit	369
täglichen	369
unterhalte	369
korsak	369
rockstar	369
verdrängt	369
zement	369
verschone	369
ewiges	369
untersagt	369
staatlichen	369
tubbs	369
visage	369
schlüpfen	369
jag	369
umgibt	369
konrad	369
beschäftigung	369
eingeborenen	369
heikle	369
standhalten	369
reilly	369
aufschrei	369
vermag	369
schnürsenkel	369
rettungswagen	369
gala	369
schwuchteln	369
memorial	369
auffällt	368
gewöhne	368
übersteigt	368
mutigen	368
scheiterhaufen	368
permanent	368
machtest	368
kã	368
kulissen	368
psychiatrische	368
armand	368
zusammensetzen	368
offizieller	368
eingehalten	368
oakland	368
glücks	368
crichton	368
wink	368
jacky	368
überlebst	368
radius	368
nachwuchs	368
winselt	368
natürlicher	368
kristen	368
risse	368
stewardess	368
babies	368
geschenken	368
labs	368
gefreiter	367
dirty	367
full	367
garfield	367
endlosen	367
erfolglos	367
destiny	367
pharao	367
knutschen	367
rechtmäßigen	367
sutter	367
liebesgeschichte	367
notfälle	367
stiften	367
buchladen	367
abbie	367
superkräfte	367
erhobenen	367
gefälschten	367
bewaffneter	367
architekten	367
geformt	367
tourist	367
delia	367
predigen	367
tonic	367
eingefädelt	367
geronimo	367
titan	367
faktor	367
untersuchte	367
hieße	367
ig	367
stiel	367
galaxis	367
erzwingen	367
channel	367
unternehmens	367
puerto	367
herausholen	366
tatwaffe	366
mall	366
offensive	366
behauptung	366
sehnt	366
mã	366
tippe	366
solang	366
schmeicheln	366
unterstellen	366
überzeugte	366
mitarbeiterin	366
wegziehen	366
zärtlichkeit	366
hacke	366
bescheuerte	366
geisteskrank	366
wahrnehmen	366
aufnimmt	366
nothing	366
präsidium	366
bewerber	366
spirituelle	366
fröhlichen	366
spannen	366
behauptest	366
klettert	366
unterschriften	365
ferner	365
sowjets	365
arztes	365
eduard	365
durchmachst	365
yi	365
blank	365
tanten	365
lohnen	365
verhauen	365
macy	365
enterprises	365
anstellt	365
erwachte	365
erkundigen	365
programmieren	365
fanatiker	365
gillian	365
bohrer	365
festes	365
pralinen	365
haste	365
sully	365
beistand	365
suzy	365
hackfleisch	365
olle	365
verlobungsring	365
spielregeln	365
compton	365
widerling	365
wäscherei	365
psychologe	365
samstags	365
anhält	365
anprobieren	365
maskottchen	364
auschwitz	364
alarmieren	364
insekt	364
verräterin	364
farce	364
martine	364
micky	364
mixer	364
berücksichtigt	364
mer	364
bibi	364
krankenhauses	364
söhnen	364
nasen	364
parasit	364
absoluten	364
niklaus	364
recherchieren	364
katholiken	364
annehme	364
eingestehen	364
dasein	364
unterkriegen	364
entnehmen	363
lorelei	363
misty	363
leela	363
blitze	363
notwendige	363
westküste	363
grossartig	363
loge	363
verwechslung	363
bashir	363
aufgetreten	363
tragischen	363
bonbon	363
ghetto	363
arlene	363
piano	363
stattfand	363
lebendige	363
lonnie	363
sanfter	363
rascheln	363
zugänglich	362
bloody	362
bankier	362
tyrannei	362
udo	362
stinker	362
lächelte	362
versäumen	362
romantischer	362
verzieht	362
viv	362
ohrfeige	362
gewaltsam	362
quatscht	362
gretel	362
kobold	362
befehlshaber	362
wilkes	362
eiserne	362
dachtet	362
kerls	362
beisammen	362
würgen	362
unteroffizier	362
reagierst	362
pusten	362
befolge	362
these	362
überschätzt	362
überführen	361
hineingehen	361
hinführen	361
fledermäuse	361
reizt	361
bankräuber	361
body	361
beleidigungen	361
vorspeise	361
toronto	361
umbringe	361
sofortiger	361
müllcontainer	361
tomate	361
exekution	361
sirup	361
unabhängige	361
hallelujah	361
glänzt	361
besagen	361
konfrontation	361
aussterben	361
ausstattung	361
fotografie	361
nationalgarde	361
aufhöre	361
morddezernat	361
schweinefleisch	361
six	361
yoko	361
reizen	361
brutaler	361
urteile	361
empfehlungen	361
cheyenne	360
pippi	360
irische	360
bäh	360
gouverneurs	360
eifer	360
mutation	360
mittlere	360
vornehm	360
spekulation	360
weiblicher	360
defiant	360
ch	360
antlitz	360
gunn	360
offensichtliche	360
bekamst	360
wilbur	360
außergewöhnlichen	360
wallander	360
cds	360
erwägen	360
zerquetschen	360
antat	360
u.	360
aufzutreiben	360
lenke	360
flott	360
vortreten	360
helles	360
sake	360
trauung	359
leitende	359
beiße	359
erspar	359
unbekanntes	359
technologien	359
columbus	359
landsleute	359
englischer	359
lieh	359
wucht	359
abblasen	359
abi	359
corinne	359
tobi	359
vergießen	359
ale	359
aktiviere	359
lebendigem	359
tin	359
leidtut	359
zulässt	359
bescheidenen	359
mühen	359
verkäuferin	359
wiedergesehen	359
eistee	359
entführten	359
klippen	359
riemen	358
ungesund	358
herausgefordert	358
peace	358
abgehoben	358
beklagt	358
bietest	358
erläutern	358
beerdigungen	358
hung	358
jaime	358
cotton	358
wegging	358
himmlische	358
stabilität	358
ungehorsam	358
wuchsen	358
kamt	358
dumpfbacke	358
samaritan	358
dorfes	358
jepp	358
unmoralisch	358
schlafenszeit	358
durchgezogen	358
schlaumeier	358
klassisch	358
dash	358
wißt	358
margarita	358
herausfinde	358
umstimmen	358
schlossen	357
wegschaffen	357
abteil	357
unverzeihlich	357
augenblicklich	357
fesselt	357
sforza	357
trümmern	357
bürgersteig	357
dunn	357
infanterie	357
süßeste	357
kakerlake	357
beeindruckende	357
zertrümmert	357
liebeskummer	357
endgültige	357
übertreffen	357
valium	357
schnellstmöglich	357
bedecken	357
gnadenlos	357
titelmusik	357
begierde	357
syrien	357
hmmm	357
zurückschlagen	357
negativen	357
believe	357
zirkel	357
werben	357
gemüt	357
taxis	356
sunshine	356
basteln	356
beinbruch	356
rückschlag	356
feigheit	356
verspäten	356
aires	356
genetischen	356
leinen	356
abspielen	356
fahrerflucht	356
enthielt	356
wohnheim	356
sylvie	356
papieren	356
überlebten	356
steroide	356
formulieren	356
labil	356
geheimhaltung	356
zusammenzuarbeiten	356
chemischen	356
wählten	356
herausbekommen	356
vorderen	356
bestenfalls	356
bluffen	356
fingerabdrücken	356
erinner	355
schraubenzieher	355
abbringen	355
stütze	355
anja	355
halunke	355
gunther	355
prellungen	355
klettere	355
schmerzlos	355
high-school	355
verwandle	355
verständnisvoll	355
rossi	355
annette	355
zahnpasta	355
stach	355
80er	355
gefährlichste	355
tagesordnung	355
kalorien	355
aufgedreht	355
ire	355
verklemmt	355
prescott	355
hügeln	355
durchbrochen	354
rechner	354
schimmel	354
seaquest	354
hotdogs	354
komplott	354
jana	354
vögelst	354
vernichte	354
taille	354
abkaufen	354
täusche	354
totalen	354
geburtstage	354
tonband	354
grundlagen	354
monstern	354
gerechtfertigt	354
telefonate	354
weitersuchen	354
hinzugefügt	354
erwidert	354
säule	354
foul	354
dänen	354
hintereingang	354
marcia	354
jeanette	354
hurrikan	354
trump	353
antiken	353
corporation	353
zauberstab	353
verschlechtert	353
teleskop	353
torrente	353
verlangsamen	353
glänzende	353
verabscheue	353
schachzug	353
zuversicht	353
fluchtweg	353
ertrag	353
hui	353
taverne	353
luftschleuse	353
gefühlvolle	353
überlasst	353
skywalker	353
moor	353
elektriker	353
genitalien	353
ausbreiten	353
stones	353
binnen	353
rechtfertigt	353
elanna	352
anheben	352
runterholen	352
schweige	352
preisgeben	352
bernardo	352
dottie	352
ahnst	352
falk	352
burnett	352
everybody	352
bizarr	352
fraser	352
aspekte	352
ramón	352
schummeln	352
toren	352
unsern	352
gemeinen	352
vernommen	352
satans	352
pudel	352
wandel	352
fötus	352
umbringst	352
seoul	352
halluzination	352
rekrutieren	352
stamme	352
fokus	352
kreative	352
neujahr	351
dünnen	351
patrioten	351
bowlen	351
replikatoren	351
roberta	351
krepieren	351
schnupfen	351
toms	351
verdauen	351
muschis	351
magisches	351
bares	351
zeitreisen	351
stande	351
schlafmittel	351
tölpel	351
vierter	351
zeitlinie	351
had	351
stolpern	351
enkelkinder	351
verdeckte	351
richtete	351
urne	351
hollis	351
verheimlichst	351
nerd	351
generals	351
ekg	351
durchzuziehen	351
geregnet	351
ausschlafen	351
alpen	351
pence	351
kinderwagen	351
ladet	351
ungezogen	351
revanche	351
mika	351
tiny	350
weismachen	350
zukünftiger	350
mamie	350
cause	350
verhältnisse	350
rubel	350
baumwolle	350
erniedrigt	350
warpantrieb	350
moderner	350
ramona	350
manu	350
zählst	350
vogelgezwitscher	350
studierst	350
spalten	350
mcgill	350
asgard	350
außenminister	350
angedeutet	350
gurke	350
zelda	350
dominique	350
lucius	350
were	350
verpfeifen	350
auslachen	350
lebenswerk	350
demokraten	350
kaiserlichen	350
ncis	350
quoten	349
geheimnissen	349
freitags	349
ganoven	349
tanzten	349
einlässt	349
taktische	349
aufkreuzen	349
existierte	349
cardassia	349
zittere	349
havanna	349
vertreibt	349
anspruchsvoll	349
beendete	349
rocken	349
rubin	349
darla	349
hinwegkommen	349
mind	349
erbin	349
winkt	349
internationaler	349
umzulegen	349
brandt	349
nageln	349
denkbar	349
lilith	349
ausweisen	349
mayo	349
türkisch	349
erbarme	349
hinterwäldler	349
göttlichen	349
gequatsche	349
lowell	348
fonds	348
aufgeschlossen	348
foley	348
welpe	348
töchtern	348
abzulehnen	348
hastig	348
pi	348
bürgern	348
polizeisirene	348
anführerin	348
zählte	348
beschmutzt	348
zubereiten	348
vorschein	348
pacific	348
tyrannen	348
trockner	348
kommandozentrale	348
verzögern	348
candace	348
tollwut	348
hilton	348
kes	348
freigesetzt	348
lehn	348
erreichten	348
obelix	347
befriedigung	347
omas	347
edwin	347
janey	347
ufos	347
höhenangst	347
grinst	347
nikolai	347
alexandre	347
wahrscheinlicher	347
partnern	347
joanne	347
sicherheitsvorkehrungen	347
sammelte	347
gallier	347
reichsten	347
ungemütlich	347
pinguine	347
ledig	347
angestiftet	347
demonstranten	347
sorten	347
ever	347
wiesel	347
ambitionen	347
verhaftungen	347
obendrein	347
heftiger	347
räuspern	347
verbrannten	346
irritiert	346
hotdog	346
marken	346
gérard	346
stute	346
neutral	346
begnadigung	346
taiwan	346
ni	346
heiterem	346
krankenversicherung	346
abschuss	346
umsatz	346
milz	346
pandora	346
verschenkt	346
kompletter	346
transfer	346
pflegeheim	346
inneres	346
teste	346
evil	346
finsteren	346
loretta	346
unprofessionell	346
jamaika	346
pilar	346
syphilis	346
georgina	345
letztem	345
simms	345
hervorragender	345
small	345
verzweifelten	345
sonnensystem	345
widerrufen	345
durchmacht	345
warschau	345
jean-luc	345
ping	345
losgelassen	345
verlängert	345
bee	345
feinsten	345
feldern	345
vergewissern	345
moderator	345
romero	345
entlastet	345
quote	345
furchtlos	345
dahlia	345
pupillen	345
kommunismus	345
wissenschaftlerin	345
kristalle	345
absender	345
abgekommen	345
lasen	345
austragen	345
polizeiwache	345
nizza	345
cedric	345
mietvertrag	345
sleepy	345
gonzo	345
anstecken	344
krampf	344
waffenhändler	344
amerikanisch	344
bushaltestelle	344
erstklassige	344
turnhalle	344
erniedrigend	344
untergraben	344
trauerfeier	344
unglaublicher	344
schusslinie	344
buckingham	344
mondlicht	344
waldes	344
verkrampft	344
injiziert	344
count	344
anzusprechen	344
eröffne	344
akzeptierst	344
gestand	344
theaterstück	344
budapest	344
mitzubringen	344
belagerung	344
statistiken	344
zweien	344
anstrengungen	344
hochstapler	344
praktizieren	344
abschlussfeier	344
isolation	344
schmiere	344
konkurrenten	344
nelle	344
verantwortliche	344
sonnen	344
durchgeschnitten	343
sankt	343
nichtsnutz	343
vorbeikommt	343
kooperiert	343
lausige	343
disney	343
nachtigall	343
starre	343
unternimmt	343
besitzerin	343
linkes	343
sortieren	343
kel	343
drähte	343
äffchen	343
ergehen	343
dreieck	343
dünger	343
tätigkeit	343
mitzumachen	343
essig	343
lung	343
bess	343
angehängt	343
schneidest	343
unterstellt	343
stressig	343
weißwein	343
ewing	343
dorn	342
nachtrag	342
kästchen	342
maximum	342
ständigen	342
wörterbuch	342
deborah	342
wolfe	342
sowjetischen	342
ablenkungsmanöver	342
engsten	342
beigetreten	342
second	342
tasten	342
gepostet	342
ro	342
tatest	342
aufgesucht	342
brennende	342
ugh	342
chemiker	342
gestrigen	342
shepard	342
joanie	342
schaukel	342
twist	342
brock	342
minderjährig	342
anmarsch	342
melbourne	342
abartig	342
rücksichtsvoll	342
hündin	342
unterlegen	342
doppelter	342
fabelhafte	341
einzubrechen	341
heftigen	341
langweiler	341
göre	341
richtlinien	341
ruin	341
blickwinkel	341
glücklichsten	341
ausgepackt	341
decknamen	341
maxime	341
bescheuerten	341
materialien	341
franken	341
leoparden	341
enttäusche	341
weitermachst	341
beurteilt	341
üblicherweise	341
beanspruchen	341
hm-hm	341
geldbörse	341
jor-el	341
maddox	341
untreue	341
cutter	341
letzt	341
clans	341
maman	341
abwasch	340
klaute	340
milliardär	340
taste	340
event	340
verkraftet	340
wameru	340
emilie	340
rammen	340
besichtigen	340
kanns	340
70ern	340
denis	340
marissa	340
muskel	340
bedauert	340
aussagt	340
merkten	340
baldwin	340
arbeitern	340
hebräisch	340
dietrich	340
wessex	340
auflösung	340
angelica	340
ambulanz	340
ereignet	340
ten	340
niklas	340
zurückgeblieben	340
wiedersehe	340
erreichst	340
erträgt	339
dev	339
sportwagen	339
makellos	339
engeln	339
gabby	339
rindfleisch	339
koran	339
gebäuden	339
tobt	339
charlies	339
folgendermaßen	339
leukämie	339
cleo	339
körpern	339
archibald	339
geilen	339
lau	339
frieda	339
gekrochen	339
oslo	339
jericho	339
dane	339
helllichten	339
hochverrat	339
hege	339
drängeln	339
olympia	339
wund	339
paßt	339
verschleppt	339
pot	339
öi	339
ablehnung	339
gekillt	339
banden	339
zuhörst	339
cosima	339
abwischen	339
erwähnst	338
dobbs	338
towers	338
hats	338
ringt	338
curry	338
tödlicher	338
portugal	338
verschollen	338
sizilien	338
winziges	338
verbündet	338
beschränken	338
vash	338
edison	338
ausging	338
once	338
gläubigen	338
bemerkenswerte	338
heiter	338
statement	338
schmücken	338
teilst	338
überlegung	338
schob	338
weber	337
festmahl	337
weggesperrt	337
stiehlst	337
sommers	337
schachmatt	337
terminkalender	337
wagte	337
kiss	337
hexer	337
knistern	337
cahill	337
mayer	337
ausgerüstet	337
zurückhaltend	337
bowman	337
gänse	337
schutt	337
pinky	337
strafbar	337
hawks	337
fröhlicher	337
marathon	337
klone	337
funke	337
ziemliches	337
80ern	337
geheiligt	337
kryptonit	337
hypothese	337
polizeibericht	337
marcos	337
lebenslang	337
istja	337
sprachst	336
porzellan	336
saat	336
signorina	336
grandios	336
entladen	336
verliebe	336
weibt	336
auftragskiller	336
nachdenkst	336
anfordern	336
heisse	336
handhaben	336
slater	336
oi	336
curly	336
appell	336
geheimnisvollen	336
erwarteten	336
fe	336
aberglaube	336
wechselte	336
mdr	336
mao	336
erfreulich	336
essex	336
bestandteil	336
vi	336
demütigend	336
isis	336
überholen	336
abgeordnete	336
verliebten	336
thing	336
beschwören	336
diverse	335
zuteil	335
vorschreiben	335
künstlichen	335
graysons	335
hütten	335
kante	335
gesetzeshüter	335
kenji	335
vorsichtsmaßnahme	335
beneiden	335
pitt	335
schlagzeug	335
zwangen	335
laufbahn	335
rippchen	335
physischen	335
kleiderschrank	335
beglichen	335
zusagen	335
saigon	335
gebrüll	335
statuen	335
taugen	335
uwe	335
hinführt	335
carlotta	335
tschau	335
magdalena	335
herüber	335
diesbezüglich	335
isobel	335
jamal	335
erfindungen	335
alaric	335
statistik	335
always	334
teils	334
lorna	334
didi	334
rauscht	334
susi	334
personalabteilung	334
mitkomme	334
taliban	334
vorgekommen	334
kreuzt	334
trauert	334
beschließt	334
beschuldigte	334
zurückzuziehen	334
nachgeforscht	334
brech	334
kriminalpolizei	334
britischer	334
lees	334
ernest	334
marv	334
klopapier	334
tauchten	334
gültig	334
eduardo	334
versohlen	334
überfälle	333
wiedergutzumachen	333
missachten	333
charmante	333
zugewiesen	333
befanden	333
gisburne	333
huang	333
geschehe	333
traten	333
doreen	333
checkt	333
zaum	333
immunsystem	333
nägeln	333
veteranen	333
telefonnummern	333
elton	333
authentisch	333
lüften	333
betrog	333
weiterführen	333
vorrücken	333
moody	333
weiterreden	333
sarkastisch	333
hangar	333
raste	333
einmischung	333
schuljahr	333
löchern	333
kraut	333
lebhaft	333
verlaub	333
erwartung	332
diesel	332
françoise	332
nachlass	332
garrison	332
sanatorium	332
uncool	332
romantiker	332
einweihen	332
feiere	332
allerersten	332
fayed	332
mails	332
verheiraten	332
abbott	332
shorty	332
überlegte	332
gezögert	332
konfrontieren	332
aussehender	332
donnelly	332
angetreten	332
roscoe	332
überführt	332
bankett	332
beachte	332
bereinigen	332
kritischen	332
cloud	332
aktiven	332
jojo	332
friedlichen	332
grantham	332
carpenter	331
himmlischen	331
wegbleiben	331
lump	331
öffentliches	331
geburtstagskind	331
verbotene	331
wirklicher	331
rider	331
drehung	331
einzelner	331
olivier	331
lafayette	331
serienkiller	331
wiederherzustellen	331
schwersten	331
gefährlichsten	331
spektakel	331
beherrsche	331
regenschirm	331
flossen	331
beabsichtige	331
durchsehen	331
begründung	331
dieter	331
grenzt	331
telefonisch	331
waschbär	331
christliche	331
gesäubert	331
algerien	331
dolmetscher	331
sichtweise	331
kurzschluss	331
bedeutende	331
amüsiere	331
europäische	331
verspottet	331
gleiten	331
assistieren	331
ehebruch	331
berkeley	331
fauler	330
güter	330
haiti	330
aufschlagen	330
zwangsläufig	330
teilnahme	330
something	330
gläubiger	330
empört	330
unberührt	330
vorhersagen	330
lutz	330
hiesigen	330
hailey	330
singh	330
verblüfft	330
flugzeugen	330
golfplatz	330
birgt	330
führende	330
härteste	330
building	330
eitel	330
mücke	330
stärkeres	330
ungläubigen	330
geklettert	330
injektion	330
partikel	330
jun	330
moreno	330
quantico	330
pyramiden	330
hackbraten	330
kopfkissen	330
quadranten	330
verschicken	330
schimpfen	330
water	329
moin	329
streiken	329
staatsbürger	329
östlichen	329
maximale	329
währung	329
samir	329
dreckschwein	329
abschleppen	329
lorne	329
tauscht	329
jubiläum	329
tanaka	329
verschweigst	329
hofe	329
q.	329
philosoph	329
durchqueren	329
insider	329
freizulassen	329
marlowe	329
brillanten	329
yates	329
eroberung	329
eingeredet	329
verseucht	329
unlogisch	329
vorherigen	329
uralte	329
selbstbewusstsein	329
müsli	329
musstet	329
buckel	329
vogelscheuche	329
normandie	329
feuchte	328
bundesagenten	328
begleitest	328
rächt	328
gassi	328
tito	328
florrick	328
fohlen	328
ehm	328
hitlers	328
dekoration	328
französisches	328
whitey	328
geheimwaffe	328
patsy	328
schikaniert	328
peabody	328
niest	328
flehte	328
manch	328
wahn	328
bügeln	328
entsichert	328
jeglichen	328
nicht.	328
überprüfte	328
kassetten	328
futsch	328
ähnlicher	328
roxy	327
unvorsichtig	327
them	327
sprengt	327
hour	327
erledigst	327
klugen	327
aggression	327
früherer	327
pietro	327
marius	327
viva	327
auskennt	327
weibern	327
hegen	327
designer	327
goliath	327
flüssig	327
aufgerufen	327
herausstellt	327
no.	327
leckeren	327
formalität	327
breiten	327
abwerfen	327
nervensystem	327
versöhnung	327
instruktionen	327
kalle	327
ya	327
großstadt	326
füge	326
schleppt	326
formalitäten	326
droiden	326
klassischer	326
louisa	326
cosmo	326
hingefahren	326
aufschlitzen	326
lutsch	326
ultimatum	326
nachhause	326
vorzeitig	326
natasha	326
physiker	326
ochse	326
genannte	326
francesco	326
erfindet	326
freigeben	326
stimmst	325
inne	325
absolutes	325
erschöpfung	325
zerschmettert	325
schweinen	325
eindrucksvoll	325
behüte	325
ersticke	325
nino	325
abdecken	325
besorgungen	325
gebärmutter	325
fußspuren	325
nasse	325
poliert	325
ch4040ff	325
kill	325
verwandtschaft	325
einzusperren	325
dokumentation	325
distanziert	325
intimität	325
dringender	325
selbstsicher	325
dickköpfig	325
verbündeter	325
kanadier	324
mineralwasser	324
minderjährigen	324
neusten	324
father	324
vertrieb	324
christlichen	324
vizepräsidenten	324
castillo	324
russel	324
dumpfer	324
bestellungen	324
ahhh	324
selbstbewusst	324
autotür	324
diplomatie	324
blufft	324
schräge	324
zuständigkeit	324
geschüttelt	324
hoyt	324
fiktion	324
erforscht	324
steifen	324
gay	324
duffy	324
britney	324
simpsons	324
yvette	324
besteck	324
gründete	324
überflutet	324
phelps	324
parat	324
erfolgen	323
abbild	323
wiedergeben	323
klumpen	323
fußabdrücke	323
traditionell	323
anzuhalten	323
stiller	323
glöckchen	323
gandhi	323
manfred	323
bisherigen	323
ratlos	323
maniküre	323
kohlen	323
rasend	323
rhodes	323
weihnacht	323
kehr	323
christie	323
sechzehn	323
zerren	323
webb	323
gläubig	323
abbruch	323
motorräder	323
schliesst	323
geschworene	323
herzfrequenz	323
mads	323
ewiger	323
beschrieb	323
cain	323
iii	323
agatha	323
loomis	323
beauty	323
landebahn	323
kimberly	323
herrliches	323
machete	323
längsten	323
alphabet	322
peinliche	322
einschätzen	322
abgesprochen	322
geländer	322
courage	322
vieren	322
bahnsteig	322
jault	322
falles	322
raul	322
wah	322
gallo	322
mussen	322
barriere	322
dotty	322
kräftigen	322
abzulegen	322
konstruiert	322
schwimm	322
dimensionen	322
psychologin	322
kontrollen	322
lhm	322
geprägt	322
geschäftlichen	322
rückfall	322
killen	322
einlösen	322
asteroiden	322
schluckauf	322
derartige	321
schwedisch	321
monsignore	321
doggett	321
erstechen	321
torpedo	321
widerlichen	321
abfluss	321
waisenkind	321
durant	321
jucken	321
beschafft	321
veröffentlichung	321
impulse	321
geschämt	321
stillstand	321
rooster	321
entlarven	321
verschwundenen	321
einweisen	321
bands	321
dienstags	321
klaust	321
schwieriges	321
spektakulär	321
hilary	321
kurven	321
shop	321
beigetragen	321
suv	321
russo	321
kitzeln	321
abgeschleppt	321
schicker	321
techniken	321
abladen	321
sicherheitsleute	321
glückssträhne	321
chefkoch	321
garvey	321
gemetzel	321
unmengen	321
plädieren	321
lebensmüde	320
merkmale	320
gräbt	320
einzigartigen	320
nähte	320
erwin	320
ocean	320
digital	320
speichern	320
hoffnungsloser	320
vergingen	320
omaha	320
schub	320
abschreiben	320
törtchen	320
vorsitz	320
reflexe	320
freilich	320
blenden	320
feindselig	320
einsammeln	320
singer	320
leni	320
übertrifft	320
trübsal	320
verbannen	320
postbote	320
harmlose	320
milligramm	320
krabben	320
schamlos	320
carlisle	320
sims	320
wau	320
townsend	320
gerieten	320
reklame	320
verstümmelt	320
hippie	320
marshmallows	320
orry	320
paprika	319
krasse	319
crixus	319
gertrude	319
westliche	319
stuntman	319
meute	319
vererbt	319
70er	319
knackt	319
inspirierend	319
schildern	319
steiner	319
kreieren	319
genaues	319
wohlfühlen	319
ripley	319
achse	319
idol	319
stiefeln	319
auserwählten	319
sergej	319
skyler	319
engelchen	319
komet	319
schlaues	319
sicherheitsmaßnahmen	319
thai	319
überlisten	319
helmut	319
schiebst	319
verfickter	318
briefträger	318
benedikt	318
professoren	318
mondschein	318
flohen	318
westens	318
kredite	318
haftstrafe	318
ii.	318
cabrio	318
darby	318
press	318
garibaidi	318
selina	318
weckte	318
gesprächig	318
viren	318
zehner	318
polizeifunk	318
sporen	318
dahintersteckt	318
getriebe	318
wiesen	318
pausen	318
hero	318
gottverdammter	318
müßt	318
eingegeben	318
voodoo	318
angeblichen	318
exmann	318
alistair	318
trainierst	318
ausgleich	318
fiesen	317
ernesto	317
holiday	317
verdrehen	317
flachlegen	317
dienstmarke	317
eilen	317
ehevertrag	317
pflegt	317
schüttelt	317
hereinspaziert	317
lhres	317
ilona	317
geplündert	317
stig	317
fusco	317
nicken	317
elmer	317
antust	317
erbärmliche	317
sek	317
mundwerk	317
stephan	317
lieferte	317
feuerlöscher	317
kran	317
verwiesen	317
schwitze	317
trailer	317
konfisziert	317
bristow	316
kreativität	316
kombiniert	316
kooperativ	316
clifford	316
pie	316
niederbrennen	316
soprano	316
enthusiasmus	316
rizzoli	316
pernell	316
genoss	316
jugendlicher	316
kolonne	316
leonardo	316
herstellung	316
gewehren	316
klopfte	316
lama	316
earp	316
stammbaum	316
schachteln	316
eigentlichen	316
brutus	316
korrupten	315
mast	315
lehmann	315
spesen	315
eingewiesen	315
schränke	315
sensationell	315
malst	315
ausgelegt	315
terminplan	315
shrimps	315
belehren	315
nobody	315
ertrinkt	315
ernennen	315
adalind	315
umsetzen	315
hackt	315
goodman	315
heimzahlen	315
unzertrennlich	315
biester	315
dynamische	315
unanständig	315
dudley	315
generell	315
touren	315
baltar	315
reingebracht	315
artefakte	315
bedeute	315
fürchterliche	315
apfelkuchen	315
befund	315
straßensperren	315
fehlgeburt	314
diagnostiziert	314
anarchie	314
wisse	314
kahl	314
sangen	314
schöpfen	314
journal	314
berta	314
mitnimmt	314
aufrichtigkeit	314
cullen	314
martins	314
ohrfeigen	314
ergebe	314
auszusuchen	314
aufmacht	314
tierheim	314
dalli	314
abgeschickt	314
postamt	314
anfragen	314
nachtwächter	314
beirut	314
anlagen	314
spielzeuge	314
greifst	314
mitkommt	314
mcmanus	314
schauspielerei	314
verdenken	314
schiefgelaufen	314
schlechtesten	314
stoße	314
mummy	314
drecksloch	314
überlaufen	314
stürmisch	314
betäubung	314
ritz	314
lolita	314
sandte	314
infizierten	313
downton	313
zumal	313
bloßstellen	313
hingehören	313
mercer	313
befasst	313
kühn	313
vorgezogen	313
verschwitzt	313
konstantin	313
pager	313
petersburg	313
öffentlicher	313
morales	313
pfand	313
geschäftsleute	313
jocelyn	313
trüben	313
misst	313
vortragen	313
ausstrahlung	313
geehrte	313
lew	313
garnison	313
ausgeglichen	313
annabelle	313
malmö	313
hendrix	313
till	313
diebstahls	313
untröstlich	313
checke	313
stammte	313
owens	312
angelus	312
touch	312
streuner	312
toro	312
beautiful	312
kostprobe	312
aufholen	312
etliche	312
angetrieben	312
dina	312
festzunehmen	312
einschließen	312
undichte	312
meld	312
mangelt	312
entspanne	312
irdischen	312
bahnen	312
gewöhnliches	312
simons	312
praktische	312
sutton	312
aufrechterhalten	312
ertrank	312
trompeten	312
verlassene	312
suzie	312
flöhe	312
nicks	312
verunsichert	312
getätigt	312
kostbaren	311
kniet	311
ber	311
rübe	311
senatoren	311
vickie	311
verachte	311
abzuziehen	311
hilfssheriff	311
spielraum	311
herbestellt	311
unterschrieb	311
peck	311
teri	311
jimbo	311
langgeht	311
memoiren	311
verfluche	311
sportlich	311
verklage	311
augustus	311
wiedergefunden	311
sa	311
cuina	311
lem	311
hersteller	311
mio	311
heul	311
versiegeln	311
gro	311
abstammung	311
rechtes	311
anschläge	311
silberne	311
abführen	311
koreaner	311
anwendung	311
erspare	311
tree	311
spekulationen	311
zurückgehalten	311
vorbeifahren	311
cara	311
vorstellbar	311
vorstellt	311
mürrisch	310
usb-stick	310
nachlassen	310
topper	310
kreuzworträtsel	310
fritten	310
cold	310
absperrung	310
masters	310
adrien	310
betrüge	310
redensart	310
abhält	310
schwellung	310
isak	310
erneuert	310
salbe	310
rates	310
nullen	310
schuldete	310
beschattet	310
pferderennen	310
übertreibe	310
indische	310
kämst	310
rauszukriegen	310
fine	310
umgesehen	310
abhaut	310
hundes	310
shay-zee	310
vermittler	310
gewandt	310
offline	309
versaust	309
auffassung	309
hosentasche	309
lazarus	309
brigade	309
zuschauern	309
ausführung	309
mob	309
mystische	309
illegaler	309
überzeugungen	309
maden	309
leuchte	309
beschlagnahmen	309
bewilligt	309
uh-huh	309
ashton	309
macho	309
gliedmaßen	309
mysterium	309
bluttest	309
heimfahren	309
infizieren	309
lehrern	309
baseballschläger	309
aufgibst	309
füll	309
bentley	309
conny	309
fließend	309
co	309
dornröschen	309
gescannt	309
sonya	309
geäußert	309
doofe	309
optimismus	309
regan	309
ochsen	309
marlboro	308
unterschreibst	308
ländereien	308
brustkorb	308
bayern	308
volt	308
buchstabe	308
nichols	308
michele	308
capone	308
ausschnitt	308
ukraine	308
anfertigen	308
seelenklempner	308
ausdrucksweise	308
monkey	308
arznei	308
omelett	308
atlas	308
maxine	308
geschlossene	308
abkühlen	308
food	308
arne	308
mayonnaise	308
überträgt	308
zeugt	308
einwilligung	308
entlarvt	308
gebühren	308
dinah	308
seufzer	308
lösche	308
unzucht	308
geschätzte	308
manolo	308
aufgebraucht	308
baracken	308
celeste	308
umgefallen	307
rennfahrer	307
gerichtsbeschluss	307
eingelegt	307
verehrten	307
einwanderungsbehörde	307
rudolph	307
fernglas	307
venezuela	307
verschuldet	307
klaue	307
roth	307
stoffe	307
pocken	307
mam	307
investitionen	307
unendlichen	307
shogun	307
style	307
belfast	307
abergläubisch	307
hühnern	307
umkommen	307
kommandos	307
trance	307
lebensweise	307
zwingst	307
ehrfurcht	307
timer	307
velma	307
freiheiten	307
hinterhältig	307
konzerte	307
ungültig	307
verklingt	307
gestopft	307
riet	307
verbeugen	307
hilda	307
erheblich	307
vergess	307
verarsche	307
inge	307
rosinen	307
chirurgin	307
better	307
giftige	306
blaine	306
ramsey	306
reagiere	306
rasmus	306
solis	306
rassist	306
erfinde	306
auszuschließen	306
katrin	306
schlitz	306
chucky	306
comeback	306
liess	306
glorreichen	306
formuliert	306
danvers	306
genesen	306
dunbar	306
derzeitigen	306
losgeschickt	306
menschenverstand	306
ui	306
klares	306
toleranz	306
vielerlei	306
fachmann	306
hap	306
bettchen	306
teilgenommen	306
härte	306
zurückgewinnen	306
did	306
gepflanzt	305
bacon	305
hintere	305
sterbliche	305
traktorstrahl	305
schäbig	305
ciro	305
gruselige	305
estelle	305
morgigen	305
turbulenzen	305
hunderter	305
champions	305
kontaktlinsen	305
milady	305
legionen	305
waltons	305
collier	305
aussichtslos	305
register	305
bohne	305
kjeld	305
ebenbürtig	305
geehrter	305
verpflegung	305
rotschopf	305
zusieht	305
herausstellte	305
klarzukommen	305
venen	305
zickig	305
whitman	305
bertram	305
booten	305
flugzeugabsturz	305
spalte	305
erkannten	305
überweisung	305
flexibel	305
kovac	304
witwer	304
haltestelle	304
bauunternehmer	304
zaren	304
diktator	304
gutzumachen	304
losging	304
fingernägeln	304
rutschte	304
veilchen	304
baze	304
sparks	304
braddock	304
steigert	304
vernehmung	304
porthos	304
mäntel	304
grausamer	304
aufwärts	304
gezündet	304
hypnotisiert	304
entscheidenden	304
steil	304
rassen	304
bowl	304
lightning	304
landesweit	304
plakate	304
karo	304
närrin	304
umfang	304
slogan	304
sportsfreund	304
feldmarschall	304
moose	304
vollgas	304
vertrauliche	304
zahnfee	304
goldenes	303
badehose	303
gao	303
jumper	303
scheitert	303
storys	303
servietten	303
warnt	303
geysir	303
großzuziehen	303
vorgelegt	303
darlene	303
plantage	303
diplomatische	303
0k	303
arms	303
besaufen	303
aufkleber	303
plagen	303
unfalls	303
angeguckt	303
verurteilten	303
auszuhalten	303
austrinken	303
kontext	303
versuchskaninchen	303
days	303
vinci	303
stürme	303
zweifelt	303
flugticket	303
herausgeber	303
vorträge	303
einzelkind	303
liebevolle	303
klär	303
gehetzt	303
raubtier	303
flohmarkt	303
nam	303
bauchgefühl	303
kompromittiert	303
kokosnuss	303
todesfall	303
wilkins	303
paradise	303
bürste	303
b.a.	303
zerlegen	303
rasten	302
sexleben	302
taco	302
dieben	302
unnötige	302
ärgere	302
verzug	302
afrikanische	302
punsch	302
lebenszeit	302
junggesellen	302
indischen	302
dröhnen	302
philippinen	302
lutscher	302
flugbahn	302
rica	302
vorbeibringen	302
binford	302
freizeichen	302
livia	302
wartezimmer	302
brote	302
zurückgegangen	302
tolerieren	302
professionellen	302
momo	302
fälschungen	302
schriftliche	302
rippe	302
hinschicken	302
schwimmer	302
holger	302
things	302
kritisiert	302
festsitzen	302
dynastie	301
geliebtes	301
leibe	301
kylie	301
taufen	301
anstieg	301
abgeworfen	301
wanderte	301
bereitete	301
grauer	301
enrique	301
neuseeland	301
platze	301
cami	301
narkose	301
zielobjekt	301
trieben	301
zurückhaltung	301
kollabiert	301
organisationen	301
führenden	301
untätig	301
hagen	301
tägliche	301
shan	301
ronny	301
geschnallt	301
lava	301
amigos	301
passendes	301
verging	301
hej	301
getue	301
möglicher	301
rutsche	301
wilderer	301
sergio	301
mappe	301
bekämen	301
redner	301
betreffend	301
fieser	301
scooby	301
pisst	301
problematisch	301
entwendet	301
wortwahl	301
athos	301
verstaucht	301
reginald	301
thank	300
hardman	300
vertan	300
miaut	300
videospiel	300
anschaffen	300
pointe	300
firewall	300
geschwommen	300
wassers	300
vernehmen	300
beschließen	300
branch	300
schiller	300
abriegeln	300
vernünftiges	300
kowalski	300
knappe	300
austricksen	300
zugetraut	300
artus	300
durchtrennt	300
moslem	300
abgebogen	300
lieblingsfarbe	300
visuelle	300
harding	300
gewährleisten	300
überraschte	300
beschwere	300
orientierung	300
erträumt	300
günther	300
arrangement	300
brownies	300
ceo	300
ergebt	300
betest	300
lümmel	300
biologisch	300
ducken	300
hebst	300
rassismus	299
verleumdung	299
vergaßen	299
mini	299
stacheldraht	299
dubai	299
widerlicher	299
jethro	299
milly	299
luftraum	299
aufheitern	299
hochstetter	299
schlechtem	299
verwanzt	299
lockwood	299
eingerostet	299
thad	299
besuchten	299
eingecheckt	299
syndikat	299
asse	299
california	299
bieg	299
erhängen	299
spider-man	299
trinity	299
plötzlichen	299
weiden	299
asiaten	299
feuerkraft	299
francois	299
rivera	299
crown	299
livie	299
schreiten	299
beachtung	299
aufzuheben	299
schlückchen	299
munde	298
athena	298
abgeliefert	298
individuen	298
steinbruch	298
ausgehe	298
planten	298
aufregt	298
meisterin	298
kult	298
brächte	298
rentner	298
familienmitglieder	298
erstklassig	298
dabeihaben	298
speisesaal	298
jacken	298
bloße	298
schinden	298
bedrängt	298
ahm	298
schmuckstück	298
meineid	298
übergab	298
verdammnis	298
berichtete	298
bogenschützen	298
eingekauft	298
brosche	298
vertagt	298
kwan	298
verdienten	298
zurückzugehen	298
jawoll	298
stinkende	298
grübeln	298
genialen	298
vergrößert	298
gesetzlich	298
katy	298
umleiten	298
anziehend	297
abstatten	297
gewächshaus	297
unwürdig	297
mechanismus	297
unzuverlässig	297
monde	297
tip	297
pausenlos	297
tan	297
whiteywhiteman	297
kehrten	297
abgetrennt	297
schlimmster	297
normalität	297
großzügige	297
transplantation	297
auszudenken	297
etc.	297
genialer	297
orgie	297
bruchteil	297
entzückende	297
cinderella	297
schwingungen	297
komfort	297
fantastischer	297
gone	297
tj	297
caprica	297
verbrechern	297
tagebücher	296
healy	296
bambi	296
gigi	296
mager	296
stopf	296
malaria	296
allerletzte	296
ader	296
verwischt	296
schleudern	296
tahiti	296
verschleiern	296
hop	296
skrupellos	296
rausschaffen	296
angebissen	296
domino	296
arsenal	296
unerreichbar	296
hocker	296
zeitbombe	296
raumschiffe	296
niedrigen	296
damentoilette	296
purer	295
anhaltspunkt	295
gun	295
witwen	295
gesoffen	295
derweil	295
zeitvertreib	295
meditation	295
blassen	295
kur	295
prophezeiungen	295
gemeinsamer	295
thelma	295
heuhaufen	295
broschüre	295
eingewickelt	295
verlies	295
kühen	295
gerhard	295
seltenes	295
geiles	295
ungewöhnlicher	295
exakte	295
cracker	295
bürokratie	295
windsor	295
registrieren	295
knüller	295
pj	295
kartenspiel	295
joaquin	295
lil	295
halunken	294
gesehene	294
zeugenaussage	294
erregung	294
schubladen	294
abgesichert	294
holländer	294
substanzen	294
tori	294
monarchie	294
zweifelst	294
angefertigt	294
wills	294
brautjungfer	294
verpflichten	294
ku	294
auszeichnungen	294
portugiesisch	294
leerer	294
ankämpfen	294
anstellung	294
plasma	294
davenport	294
geendet	294
newark	294
anfällig	294
subtil	294
marley	294
abitur	294
crash	294
turnschuhe	294
bedrohungen	294
kinos	294
auslöst	294
octavia	294
hierherkommen	294
annas	294
schminke	294
schreckt	294
gymnasium	294
smitty	294
pos	294
schildkröten	294
einstimmig	294
gegrillt	294
halbzeit	294
kathedrale	294
stürmt	294
niedrige	294
schwedische	294
delfine	294
ballast	293
anziehungskraft	293
schwede	293
ursachen	293
würfeln	293
klingelte	293
rudolf	293
landkarte	293
chantal	293
ernenne	293
schriftstellerin	293
gianni	293
unvorbereitet	293
schwimme	293
widme	293
steuermann	293
blade	293
ignorierst	293
ip	293
alligator	293
english	293
wenns	293
dialekt	293
weggeht	293
mysteriös	293
heulst	293
lip	293
weglassen	293
erbärmlichen	293
sofie	293
bertie	293
zappeln	293
postkarten	293
frack	293
aufpasser	293
hinterfragen	293
tätowiert	293
abteilungen	293
spekulieren	293
interpretation	293
geprobt	292
zerfallen	292
angelangt	292
flattern	292
umfasst	292
office	292
hermes	292
schlips	292
glühbirne	292
übles	292
meteoriten	292
bernstein	292
hektor	292
kristina	292
unsicherheit	292
müdigkeit	292
berges	292
herumsitzen	292
nicht-	292
verstrickt	292
daleks	292
allmächtige	292
lotus	292
iii.	292
cornflakes	292
lounge	292
düsseldorf	292
betont	292
bewertung	292
melody	292
faschisten	292
grips	292
abbey	292
hirte	292
monaco	292
falschgeld	292
verzweifeln	292
uss	292
erkrankung	292
bediene	292
auftauchst	292
applaudieren	292
geiger	291
mme.	291
belauscht	291
nik	291
geneigt	291
drogenfahndung	291
exorzismus	291
umgeleitet	291
paulo	291
schleichst	291
lagebericht	291
überfüllt	291
dent	291
dacht	291
gewähre	291
unnatürlich	291
türme	291
rost	291
murph	291
suchtrupp	291
geschnitzt	291
lt	291
troi	291
spioniert	291
brutalität	291
airlines	291
fänden	291
warteliste	291
sichergestellt	291
fördert	291
sagenhaft	291
begnadigt	291
sparky	291
heimgesucht	290
bescheißen	290
ausdrücke	290
pensioniert	290
aufzuziehen	290
feuerte	290
asterix	290
bells	290
elektronik	290
norfolk	290
paloma	290
fehlten	290
aufhörte	290
herzubringen	290
lebensgeschichte	290
ow	290
funkstille	290
popo	290
revolutionär	290
lebender	290
verwehrt	290
journalismus	290
melken	290
haarfarbe	290
kidnapper	290
siebzehn	290
zusammenbricht	290
ziegel	290
put	290
zimt	290
anmeldung	290
statuieren	289
konnt	289
fantastisches	289
moslems	289
kritiken	289
pryce	289
lektionen	289
handumdrehen	289
begegneten	289
einfallsreich	289
laufende	289
fay	289
kapitalismus	289
verschlingt	289
sacramento	289
ju	289
präzision	289
geborgt	289
reizendes	289
einheimische	289
toilettenpapier	289
klotz	289
obi-wan	289
sardinen	289
meadow	289
siobhan	289
academy	289
zerstreut	289
wegkommst	289
weggeben	289
kranz	289
jewel	289
doo	289
abzuhängen	289
spider	289
poetisch	289
hemmungen	289
paulette	289
allergien	289
tränengas	289
winn	289
hattie	289
koordinieren	289
eingemischt	289
religionen	289
umfragen	289
spiegeln	289
oberhand	289
crow	288
strengt	288
dunkelsten	288
matilda	288
vermöbelt	288
überstürzt	288
gestrandet	288
reinigt	288
herbie	288
zhao	288
beklemmende	288
davongelaufen	288
kupplung	288
ketzer	288
schnäppchen	288
sherwood	288
mix	288
odessa	288
intensiver	288
distrikt	288
strandhaus	288
verschreiben	288
trixie	288
verse	288
vorgibt	288
heißeste	288
judd	288
priya	288
balboa	288
benno	288
mutterschiff	288
pöbel	288
oberarzt	288
ebay	288
brummen	288
geschlichen	288
rau	288
strang	288
windschutzscheibe	288
extremen	288
niemandes	288
trocknet	288
pelle	288
mariana	288
scarecrow	288
vinny	288
primitive	288
verbünden	288
harrys	288
rasiermesser	288
hasch	288
kiera	288
dreckskerle	287
faxen	287
klonen	287
volljährig	287
wohltäter	287
verpackung	287
harmony	287
globalen	287
ange	287
templeton	287
bimbam	287
voraussetzungen	287
verfluchen	287
natürliches	287
selbstlos	287
puder	287
pierrot	287
totales	287
kündigt	287
bosheit	287
herpes	287
bretter	287
sprech	287
brüche	287
aas	287
olympischen	287
vergibst	287
gutschein	287
sommerferien	287
jameson	287
verehrung	287
marlo	287
erwünscht	287
aktive	287
ryans	287
etienne	287
shay	287
wan	287
engagierte	287
uff	287
jasmin	287
alexandria	287
psychologischen	287
taft	287
vorahnung	287
kometen	287
angekettet	286
scottie	286
schikanieren	286
cecilia	286
auffüllen	286
bike	286
behandlungen	286
bean	286
blinddarm	286
spießer	286
verschiedener	286
whistler	286
seekrank	286
prozesses	286
vern	286
kasper	286
phasen	286
ungemein	286
berauben	286
jolly	286
vorsätzlich	286
zak	286
verzögert	286
geschäfts	286
ordner	286
unmenschlich	286
söhnchen	286
inquisition	286
erlegen	286
rübergehen	286
hermine	286
erschafft	286
dealen	286
eiffelturm	286
trophäen	286
baptiste	286
society	286
kriegsführung	286
than	286
entführungen	285
tunte	285
fbi-agent	285
forest	285
durchschnittlich	285
schauten	285
vergleiche	285
geschmiedet	285
superintendent	285
mace	285
mean	285
verteidigungsminister	285
anzutreten	285
belästige	285
beunruhigende	285
fight	285
label	285
änderten	285
cher	285
fünfter	285
berührst	285
knacker	285
derwisch	285
gedulden	285
favor	285
zusammenbringen	285
eiswürfel	285
umstellen	285
arbeitsplätze	285
entnommen	285
charlottesville	285
sands	285
anomalien	285
hundegebell	285
kusine	285
stackhouse	285
blähungen	285
hinters	285
aushandeln	285
prise	285
säße	285
partners	285
erbrechen	285
ventilator	285
eingestuft	285
mikael	285
fr	285
sinnlose	285
aufzuregen	285
gigantische	285
historiker	285
verspotten	285
verriegeln	284
tonnenweise	284
durchkommt	284
angezapft	284
lausiger	284
filmemacher	284
erleuchtet	284
kombi	284
gelagert	284
gescheit	284
yancy	284
marshals	284
cobra	284
zäune	284
judah	284
feiger	284
geblutet	284
verrottet	284
wünschten	284
linc	284
bitteren	284
wicht	284
hereingelegt	284
eingeschüchtert	284
kampfkunst	284
nicki	284
kappen	284
zusammentun	284
krokodile	284
ta	284
traumatisiert	284
mythologie	284
pauls	284
schützling	284
bel	284
luise	284
umstand	284
hades	284
carmela	284
palästina	284
zäher	284
uralt	284
geschmolzen	284
pride	284
erlegt	284
hundertmal	283
spinat	283
tucson	283
kost	283
müßte	283
pinocchio	283
wyoming	283
kanu	283
vätern	283
vorderseite	283
rumänien	283
horse	283
kirchenglocken	283
left	283
kunstwerke	283
ritchie	283
strudel	283
fünfer	283
irrte	283
vorsehung	283
beil	283
versessen	283
antonia	283
festnageln	283
botschafterin	283
branson	283
realisieren	283
originale	283
zusammenstellen	283
experimenten	283
kleinlich	283
erlebnisse	283
gaines	283
erbitten	283
abteilungsleiter	283
folglich	283
ergeht	283
hegt	283
tiefpunkt	283
verdecken	283
klargemacht	282
wohlhabend	282
nachttisch	282
maultier	282
schimpft	282
minderjährige	282
bescheidene	282
ängsten	282
adriana	282
geburtstagsfeier	282
obgleich	282
giraffe	282
atmest	282
einzulassen	282
fegen	282
schmutziger	282
kollektiv	282
ordentlichen	282
entschlüsselt	282
fauchen	282
sank	282
erfroren	282
bunt	282
russisches	282
kräht	282
lodge	282
nachtragend	282
rekonstruieren	282
zuschlägt	282
uralten	282
nada	282
geplaudert	282
vollzogen	282
aufzustellen	282
futtern	282
milwaukee	282
sichersten	282
schmiss	282
abgeladen	282
antarktis	282
strenger	282
blutbild	282
beschimpfen	282
zungen	282
wetterbericht	282
antoinette	282
schwangeren	282
dreieinhalb	282
klagt	282
larson	282
berry	282
verzehrt	282
unfähigkeit	282
vertrage	282
boo	282
fachgebiet	282
bertha	281
verurteilte	281
lorbeeren	281
nasenbluten	281
ansatzweise	281
chinesischer	281
herablassend	281
henning	281
wütenden	281
moos	281
blickte	281
uninteressant	281
reizender	281
fawlty	281
gesellen	281
hierzu	281
göring	281
carole	281
verblasst	281
gesünder	281
annabeth	281
sinatra	281
hyde	281
annalise	281
teilchen	281
fallon	281
exotische	281
hulk	281
kieran	281
chile	281
paarmal	281
funkkontakt	281
automobil	281
hipp	281
langweilst	281
marek	281
maude	281
hauptfach	281
eu	281
orgel	281
hiergeblieben	281
korrekte	281
björn	281
ersatzteile	281
fasern	281
vitamin	281
quittungen	281
ives	281
einhundert	281
brühe	281
kreiert	281
schutzhaft	281
kauz	281
stinktier	281
sark	281
geschlachtet	281
sunset	281
erfahrener	281
diskette	281
hingeschickt	281
auszusteigen	281
dus	280
hadar	280
concierge	280
weglegen	280
gäb	280
gepflückt	280
donnerstags	280
neutralisiert	280
vikaay	280
tatenlos	280
hochheben	280
lancelot	280
hetzt	280
königinnen	280
überbewertet	280
unterfangen	280
60ern	280
außergewöhnlicher	280
erteile	280
kiffen	280
gießt	280
gefolge	280
standhaft	280
aufgeschnitten	280
ddr	280
flaschengeist	280
familientreffen	280
motorhaube	280
bolton	280
waters	280
papstes	280
anbauen	280
care	280
versau	280
abgeschoben	280
durchgesehen	280
cdc	280
dickens	280
grollen	280
linden	280
käuflich	280
schärfer	280
heaven	280
töpfe	280
zyklus	279
flirtet	279
callen	279
kelso	279
witziger	279
voreingenommen	279
zugeht	279
intrigen	279
muschel	279
ziellinie	279
davy	279
kränken	279
reinzulegen	279
hälften	279
schütten	279
zwischendurch	279
shaun	279
triade	279
knöpfen	279
losgefahren	279
müsstet	279
hufe	279
jahrbuch	279
gackern	279
effizienz	279
blutsauger	279
salvador	279
bundesstaat	279
rambo	279
abdul	279
willa	279
befestigen	279
panda	279
aufgefressen	279
zuallererst	279
weicheier	279
bash	279
spanner	279
forever	279
bewohnt	279
mitmacht	279
testet	278
abneigung	278
zisch	278
tragödien	278
hüpft	278
emilys	278
zufluchtsort	278
kriegsschiff	278
vorlage	278
eingeteilt	278
versohlt	278
farrell	278
rational	278
nervenkitzel	278
duzen	278
zugehen	278
oho	278
wappen	278
ausgebrannt	278
straßenbahn	278
geschuftet	278
pfirsich	278
prahlen	278
nordkorea	278
beschädigen	278
ladungen	278
renard	278
fechten	278
mari	278
unbrauchbar	278
losziehen	278
wandelt	278
bemitleiden	278
lok	278
endest	278
bullock	278
fortgeschritten	278
trauzeugen	278
vollständigen	278
fortgesetzt	278
wahrgenommen	278
radikale	278
afrikanischen	278
busfahrer	278
kubaner	278
lagerhalle	278
verfickt	278
devil	278
kris	278
gisela	277
ausführlich	277
bertrand	277
strikt	277
assistenzarzt	277
möwen	277
cornelius	277
sparsam	277
lkws	277
cesar	277
wasserhahn	277
totlachen	277
mittwochs	277
gedeihen	277
nähren	277
absätze	277
nützliche	277
luftangriff	277
türkischen	277
anatomie	277
zugunsten	277
carmichael	277
genaugenommen	277
filmmaterial	277
fronten	277
direktors	277
word	277
schlächter	277
petty	277
huggy	277
oberkörper	277
wasserdicht	277
erpresser	277
ambrose	277
hohl	277
verlangsamt	277
vorbeizukommen	277
zeitfenster	277
haupteingang	277
holzfäller	277
anonymer	277
abgedeckt	277
clevere	277
uran	277
klammer	277
hockt	277
idealen	277
chun	277
pin	277
vordringt	276
stunt	276
unsterblichen	276
butters	276
schrubben	276
identifikation	276
weiterspielen	276
unwetter	276
sarahs	276
tänzerinnen	276
tibet	276
achtzehn	276
eignet	276
stabschef	276
fabian	276
swimmingpool	276
fürstin	276
überzeuge	276
regnete	276
ausgeräumt	276
infusion	276
schaufenster	276
feindseligkeit	276
aufrufen	276
gewalttätige	276
schimpansen	276
email	276
verrichten	276
weilt	276
science	276
schritten	276
bedingt	276
veraltet	276
brauner	276
unterziehen	276
capitol	276
garak	276
furchterregend	276
ließt	276
tk	276
wolfram	276
eindeutige	276
einbrüche	276
gorillas	276
fields	276
entzünden	276
braunes	276
albuquerque	276
entkommst	276
kläger	276
rühre	276
ethik	276
vorsatz	276
kultiviert	276
penn	276
schafen	276
psychiatrischen	276
fly	276
genüge	276
wings	275
walk	275
marktplatz	275
undenkbar	275
einstieg	275
geköpft	275
heldentaten	275
feldzug	275
tugenden	275
fruchtbar	275
kain	275
seriennummer	275
color	275
klatscht	275
gesprächen	275
buckley	275
ausbricht	275
sträfling	275
kontaktmann	275
ludo	275
trumpf	275
streitereien	275
barker	275
schutzschild	275
lebendiger	275
überarbeitung	275
lack	275
halbem	275
march	275
erlernen	275
leichtfertig	275
gepriesen	275
polnisch	275
rhys	275
schleunigst	275
scout	275
strahlend	275
patrone	275
informierte	275
eifrig	275
inhaftiert	275
aufgegriffen	275
verbotenen	275
zarten	275
misses	275
nukleare	275
silva	275
verwarnung	275
evidence	274
dougie	274
dazugehören	274
marketing	274
dichte	274
into	274
anfreunden	274
halbbruder	274
tausender	274
dover	274
isa	274
rückruf	274
leiseste	274
jj	274
biopsie	274
henrietta	274
allerhand	274
protein	274
zurückkehrte	274
unecht	274
verladen	274
besonderem	274
unterirdischen	274
eigenartige	274
act	274
tex	274
psychiaterin	274
gespült	274
übermittelt	274
unterhaltungen	274
infrastruktur	274
heimliche	274
mental	274
pseudonym	274
altem	274
eingetauscht	274
willkürlich	274
flüsternd	274
gastgeberin	274
homie	274
dringendes	274
kongo	274
verschlossenen	274
rebell	274
granny	274
waldo	274
aufgestiegen	273
rausgezogen	273
twin	273
gedenkfeier	273
princess	273
frustration	273
amme	273
lehm	273
ägypter	273
friend	273
trek	273
hear	273
spendet	273
gegenwärtig	273
arschlöchern	273
insulin	273
zeugenschutzprogramm	273
dukaten	273
woandershin	273
komplizin	273
brain	273
coke	273
transaktion	273
praktikantin	273
schmach	273
schneemann	273
tac	273
spezialgebiet	273
weihnachtsfest	273
verkörpert	273
schwesterherz	273
langsamen	273
mittelsmann	272
umfrage	272
maquis	272
zitronen	272
nuklearen	272
zurückkehre	272
variante	272
michelangelo	272
bronze	272
kadetten	272
ordentliches	272
gefährtin	272
ryder	272
opposition	272
missverstehen	272
lieferant	272
brünette	272
rainer	272
tastatur	272
beansprucht	272
nobelpreis	272
hartley	272
zügeln	272
muirfield	272
dorota	272
ep	272
viagra	272
ziemlichen	272
abgefackelt	272
beispielsweise	272
unklug	272
nachtwache	272
polnische	272
olympiade	272
veräppeln	272
marmor	272
versprecht	272
größerem	272
sachsen	272
wichsen	272
angelassen	272
federal	272
hits	272
seiest	272
mu	272
wohn	272
betreut	272
turn	272
jonesy	272
verwendete	272
eleganz	272
hundefutter	272
knicks	272
graves	272
ophelia	272
alessandro	272
gewannen	272
aufzutreten	272
eingeschränkt	272
bürschchen	272
schwebe	272
gebirge	272
hieb	271
ernsthaften	271
konsole	271
puck	271
einschenken	271
bernd	271
erlebst	271
cavanaugh	271
augenkontakt	271
makkaroni	271
teig	271
traditionellen	271
rausreißen	271
autofahren	271
neuste	271
blondinen	271
gorman	271
amok	271
abdrehen	271
ausgerissen	271
elektrisches	271
unterzogen	271
essens	271
verlängerung	271
kontaktperson	271
50ern	271
einfachsten	271
unterlassen	271
visa	271
erkrankt	271
enttarnt	271
interpretieren	271
scharfsinnig	271
ungeheuerlich	271
gutgehen	271
plätschern	270
hilfsbereit	270
ramos	270
fahnen	270
kojoten	270
farbigen	270
umzuziehen	270
abgesessen	270
jets	270
thatcher	270
teppiche	270
lässig	270
erfrischung	270
anordnungen	270
lateinisch	270
zugelegt	270
härtesten	270
keule	270
teuflisch	270
lichtung	270
vergeigt	270
künste	270
mithelfen	270
anderweitig	270
blondes	270
instinktiv	270
weiches	270
digitale	270
inschrift	270
freeman	270
wissend	270
störte	270
zerstückelt	270
lawine	270
einzufangen	270
verlässlich	270
wogegen	270
ausgesperrt	270
gefärbt	270
niederlassen	270
sozial	270
korrupte	270
hosenscheißer	269
konzern	269
verächtlich	269
bev	269
armseligen	269
ferienlager	269
hybriden	269
abschiedsgeschenk	269
magnet	269
einzuhalten	269
hektisch	269
bio	269
organisiere	269
antidepressiva	269
zugedröhnt	269
sohns	269
unbeschreiblich	269
oberteil	269
separatisten	269
kandidatur	269
zehntausend	269
legendären	269
gonzales	269
torchwood	269
feuchtigkeit	269
surrt	269
dustin	269
kleinkind	269
kadaver	269
milos	269
kommuniziert	269
alden	269
grosses	269
giorgio	269
unsensibel	269
widerwärtig	269
unreif	269
fortzusetzen	269
missfällt	269
reichste	269
schnüffler	269
beadle	269
potenzielle	269
gewerkschaften	269
berufe	269
hoff	269
schliessen	269
residenz	268
weitergeleitet	268
match	268
lestrade	268
preußen	268
glaubhaft	268
regime	268
jüngster	268
motors	268
karaoke	268
versailles	268
spirituellen	268
fbi-agenten	268
filmt	268
uther	268
arabischen	268
dai	268
vista	268
vorstadt	268
bitt	268
50er	268
rhythmische	268
süd	268
gatsby	268
spionierst	268
isaiah	268
wärmt	268
zurückgewiesen	268
aufzumachen	268
hercules	268
solidarität	268
toleriert	268
landhaus	268
feueralarm	268
vorrichtung	268
deeks	268
biff	268
verstellen	268
keating	268
kyoto	268
ungeeignet	268
kinch	268
erwählt	268
abschlachten	268
gelber	267
ausspioniert	267
hawthorne	267
falcone	267
rüpel	267
schulmädchen	267
raben	267
frauenstimme	267
move	267
stärkt	267
sterblich	267
fächer	267
dolan	267
fluten	267
bosch	267
emotion	267
munson	267
chanel	267
schusswaffen	267
währt	267
übereinstimmen	267
hefte	267
rückflug	267
geburtsdatum	267
colby	267
reingetan	267
nadja	267
stokes	267
ausgezahlt	267
verfolger	267
katastrophen	267
furzen	267
fläche	267
lala	267
diplomaten	267
geschummelt	267
gruber	267
untergegangen	267
floss	267
bruchbude	267
stumpf	267
moby	267
burkhardt	267
pip	267
masturbieren	267
bolzen	267
markierungen	267
amara	267
unordentlich	267
verbrenn	267
dokumentiert	267
mehmet	267
anwärter	267
benahm	266
kopfverletzung	266
rausfahren	266
today	266
zivile	266
weicher	266
offizieren	266
aufzeichnen	266
stürze	266
genesis	266
hive	266
heftiges	266
nächstenliebe	266
stereoanlage	266
mueller	266
durchkämmen	266
filiale	266
sampson	266
generalstaatsanwalt	266
neutralisieren	266
rachen	266
maid	266
midnight	266
nominiert	266
verletze	266
umgekippt	266
jadzia	266
opfert	266
jean-louis	266
hernandez	266
färben	266
infektionen	266
übernatürlichen	266
kündigte	266
verzeichnet	266
abtreiben	266
yorks	266
cha	266
lesbische	266
mcleod	266
trask	266
behinderte	266
abscheuliche	266
vorbeigefahren	266
weiterleiten	266
tracey	266
trotzen	266
erektion	266
showbusiness	266
dodo	266
anträge	266
geleckt	266
wahrheiten	266
forschen	266
tropf	266
hach	266
osborne	266
regale	266
neustart	265
moped	265
adjutant	265
tanks	265
hinterausgang	265
scratch77	265
bauarbeiter	265
valeria	265
mitkriegen	265
verstarb	265
schlüpfer	265
rauszugehen	265
betäubungsmittel	265
geleert	265
exfreund	265
prognose	265
teilhaber	265
passten	265
veranstaltungen	265
kannibalen	265
lieg	265
caffrey	265
stewie	265
strumpfhosen	265
auslieferung	265
führers	265
inhaber	265
oha	265
aushilfe	265
schnitten	265
aufzudecken	265
detonation	265
opfere	265
lan	265
enkelkind	265
auflage	265
fiasko	265
rolling	265
gegenden	265
verkriechen	265
glockenläuten	265
vasquez	265
alkoholikerin	265
kavalier	265
zögert	265
ferris	265
nice	265
auszuruhen	265
hüpf	265
liverpool	265
herden	265
shine	264
säulen	264
elegante	264
athleten	264
greenwich	264
streckt	264
warmer	264
applaudiert	264
abgedrückt	264
schlussendlich	264
revolutionäre	264
ablösen	264
siegfried	264
trubel	264
marionetten	264
nutzten	264
auswärts	264
etikett	264
teddybär	264
haargenau	264
ziva	264
verstopfung	264
katarina	264
kochte	264
mitarbeit	264
goldener	264
neutralen	264
freche	264
tommys	264
kepner	264
messieurs	264
deanna	264
asher	264
miene	264
elektronischen	264
schmollen	264
zofe	264
stimmten	264
zunehmend	264
zauberin	264
lastet	264
drop	264
goes	264
rollo	264
hießen	264
muslime	264
ernsthaftes	264
unglücklicher	264
sponsoren	264
verschmelzen	264
dasitzen	264
steel	264
sin	264
coming	264
rasenmäher	264
kräftige	264
moloch	264
bureau	264
aktie	264
mi6	264
after	264
marsha	263
mietwagen	263
aufgelesen	263
heimbringen	263
liebliche	263
frauchen	263
entehrt	263
beispiele	263
constantine	263
funkspruch	263
konstant	263
beizutreten	263
plutonium	263
rocks	263
kobolde	263
geläutet	263
verhöre	263
reize	263
tratsch	263
bilanz	263
entwarf	263
shrek	263
wühlen	263
kassierer	263
konkret	263
60er	263
zepter	263
mühsam	263
habgier	263
zusammenfassung	263
gabi	263
fluchtversuch	263
gönn	263
auszuliefern	263
gebastelt	263
other	263
wohnsitz	263
ilsa	263
beginnst	263
raufkommen	263
granger	263
deutsches	263
gewaltiger	263
experimentiert	263
auszulösen	263
zdf	263
aufgeschlagen	263
überraschungsparty	263
privatschule	263
lebhafte	263
langweiliger	263
kühle	263
verführerisch	263
belege	263
betroffenen	262
schlucke	262
auszurauben	262
geschwader	262
krawatten	262
linsen	262
experimentieren	262
davidson	262
clique	262
misserfolg	262
auszunutzen	262
terrain	262
zeugenaussagen	262
bubi	262
ausschwärmen	262
kleber	262
anzuhängen	262
opas	262
harrington	262
vermerkt	262
salam	262
tischen	262
drankriegen	262
sozialarbeiterin	262
winden	262
vorgeführt	262
rege	262
moi	262
bösewichte	262
martinis	262
entbunden	262
kampfgeist	262
fozzie	262
knusprig	262
martina	262
nervengas	262
konkretes	262
magischer	262
ameise	262
belinda	262
eileen	262
rotkäppchen	262
schufen	262
clemens	262
schnelligkeit	262
legendäre	262
süss	262
entkamen	262
bowie	262
zwiebel	262
barlow	262
investor	261
montags	261
diplomatischen	261
erregend	261
hauser	261
polizeistation	261
größen	261
pr	261
rhein	261
streicht	261
lebendigen	261
sozialarbeiter	261
nachzusehen	261
brr	261
entwicklungen	261
tonys	261
stromschlag	261
portrait	261
erstaunen	261
gemeinsamkeiten	261
reisebüro	261
shaggy	261
lexikon	261
komplettes	261
durchmesser	261
oberhalb	261
absorbiert	261
melrose	261
vladimir	261
gamma	261
edmond	261
paso	261
funkeln	261
entziffern	261
sucher	261
schauplatz	261
hokuspokus	261
gesten	261
fortführen	261
vorigen	261
krankenhäusern	261
schuster	261
geangelt	261
mooney	261
airport	261
abgeschrieben	261
flurs	261
90ern	261
schaffner	261
quak	261
trust	261
dario	260
unvollständig	260
woodhouse	260
darnell	260
hexenmeister	260
andauern	260
ortiz	260
zachary	260
kammerjäger	260
flugblätter	260
dei	260
vergleichbar	260
storybrooke	260
legale	260
freeway	260
carey	260
klirrt	260
statthalter	260
kontaktiere	260
mitgliedschaft	260
lissabon	260
blech	260
busbahnhof	260
bade	260
ersuchen	260
belügst	260
finnland	260
trolle	260
werter	260
einerseits	260
jasons	260
seriös	260
skrupel	260
stilvoll	260
mcbride	260
myself	260
äußerlich	260
sortiert	260
rolls	260
vorhergesagt	260
bürgen	260
lenore	260
kandidatin	260
kehrst	260
schminken	259
rausgerissen	259
heldenhaft	259
tücher	259
abgeblasen	259
röcke	259
patrouillen	259
chucks	259
anziehung	259
stangen	259
entschärft	259
imitieren	259
ellenbogen	259
flink	259
trommelwirbel	259
nance	259
gedächtnisverlust	259
novak	259
weltuntergang	259
anforderungen	259
christophe	259
stefano	259
signieren	259
troja	259
nachladen	259
wellenlänge	259
hyperraum	259
mentale	259
notwendigen	259
beeinträchtigen	259
spott	259
erniedrigen	259
ronon	259
forensik	259
howdy	259
feuere	259
aushändigen	259
baumhaus	259
anflehen	259
bewachung	259
einstellungen	259
raucher	259
vergiftete	259
reparier	259
gurgel	259
lilys	259
einschreiben	259
margie	259
vorhersehbar	259
hendricks	259
mittelmeer	259
atticus	259
meditieren	259
mendoza	259
hardware	259
pfirsiche	259
jérôme	259
psychologisch	258
protestiere	258
behoben	258
dienststelle	258
krusty	258
anwaltskanzlei	258
pinkelt	258
gästehaus	258
leigh	258
stricken	258
mathieu	258
glatzkopf	258
passage	258
lotterie	258
bereichen	258
heuchelei	258
herausforderer	258
geiselnahme	258
missgeburt	258
mitnahm	258
90er	258
espen	258
mischa	258
programms	258
dummchen	258
titelbild	258
abzuschalten	258
ständiger	258
pizzeria	258
dämliches	258
jagten	258
rührei	258
durchsuche	258
horatio	258
child	258
leitender	258
hare	258
erfüllte	258
wahrhaben	258
atomwaffen	258
unsterbliche	258
catalina	258
geschütz	258
emile	258
snyder	258
aberglauben	258
hergefahren	258
betreuung	258
navid	258
innersten	258
colette	258
yorkshire	258
kugelschreiber	258
wahrsager	258
winziger	258
abschütteln	257
lukes	257
unerfahren	257
übersteht	257
günstiger	257
homosexuelle	257
reisepass	257
medaillen	257
erhältst	257
juristische	257
kreuzer	257
lehrbuch	257
befreite	257
tel	257
weinkeller	257
reisender	257
täuschst	257
barmann	257
blowjob	257
schraubenschlüssel	257
brautjungfern	257
laberst	257
trend	257
gleichermaßen	257
sexuelles	257
steuerzahler	257
zähmen	257
wesens	257
mächtiges	257
münster	257
zustimmt	257
raumstation	257
schmerzlich	257
eignen	257
hinzuzufügen	257
laurence	257
gewalttätigen	257
robertson	257
innenminister	257
durchzusetzen	257
taj	257
winseln	257
pflegeeltern	257
kugelsichere	257
lakaien	257
juristischen	257
vorort	257
eddies	257
einstürzen	257
durchzustehen	257
xiang	257
verspannt	257
asiatische	257
diplomat	256
koscher	256
cristal	256
todestag	256
gag	256
ausbilden	256
schäfer	256
brighton	256
erscheine	256
durchbrennen	256
einzug	256
betrügerin	256
freiwilliger	256
massiv	256
zugucken	256
skifahren	256
hampshire	256
kompetenz	256
zerfällt	256
help	256
geordnet	256
idiotischen	256
einkauf	256
prototypen	256
katholik	256
herrchen	256
door	256
requisiten	256
conner	256
versinken	256
arroganter	256
kerry	256
särge	256
clouseau	256
aufwächst	256
vermischen	256
untoten	256
fong	256
gigantischen	256
seltsamerweise	256
schnappst	256
sanften	256
abwehren	256
manns	256
galen	256
ts	256
tonfall	256
oberster	255
blättern	255
behinderten	255
crème	255
verschlimmert	255
talentierte	255
prison	255
saustall	255
existierst	255
kera	255
taggart	255
vermacht	255
freinehmen	255
übersetzer	255
erbärmlicher	255
natascha	255
ehrenwerter	255
argh	255
jock	255
paulus	255
allerbesten	255
belieben	255
absteigen	255
vermieden	255
jfk	255
strassen	255
fluges	255
wegmachen	255
flughäfen	255
verfall	255
aramis	255
erniedrigung	255
improvisiert	255
ehrenmann	255
klaps	255
duran	255
bums	255
oberbefehlshaber	255
cry	255
kennenlernt	255
kirsche	255
neunte	255
wildschwein	255
waggon	255
anmaßend	255
card	255
susanna	255
nähere	255
winnie	255
ahab	255
konkurrieren	255
überfluss	255
bradshaw	255
anastasia	254
entfachen	254
handschlag	254
farmen	254
bekämpfe	254
freedom	254
lahme	254
everything	254
nachgefragt	254
cabe	254
teufelskerl	254
auggie	254
helium	254
obduktion	254
jarl	254
europäer	254
bucky	254
faktoren	254
amir	254
nazir	254
bagel	254
wi	254
rülpst	254
prinzessinnen	254
schema	254
falschem	254
rausgeflogen	254
tijuana	254
flaggen	254
geimpft	254
pfütze	254
anzuwenden	254
dokumenten	254
hervorrufen	254
exzentrisch	254
eunice	254
bedeutender	254
kettensäge	254
mortimer	254
fusel	254
chgreen	254
stopft	254
schätzung	254
verwetten	254
annahm	254
missgeschick	254
grieche	254
hippies	254
nordens	254
spaziert	254
knabbern	254
alis	254
reinschauen	254
gegossen	254
wogen	254
irrenanstalt	254
stehengeblieben	254
earth	254
unbehaglich	253
wirkten	253
goldmine	253
berufliche	253
community	253
là	253
gejammer	253
arthritis	253
einzutreten	253
vorgespielt	253
gewöhnst	253
eingrenzen	253
beehren	253
königreichs	253
tauche	253
abweisen	253
prior	253
angewendet	253
mandarin	253
lisbeth	253
spontane	253
watkins	253
seitlich	253
raleigh	253
trinkwasser	253
scheißhaufen	253
hütet	253
verkehren	253
bewunderer	253
absage	253
bedingungslos	253
lüfte	253
cornell	253
vermutete	253
dias	253
gladiatoren	253
kompetent	253
stramm	253
browning	253
katastrophal	253
viola	253
divya	253
mundgeruch	252
leugne	252
kratz	252
navigator	252
fahrgäste	252
menschenmenge	252
fehlschlag	252
petersen	252
ausgetrocknet	252
vorlieben	252
entdecke	252
goldman	252
heffernan	252
sweeney	252
rockfish	252
gladiator	252
zwillingsbruder	252
vorläufige	252
lore	252
ahne	252
gemeinheit	252
louvre	252
phlox	252
schloß	252
larkin	252
widerfährt	252
grundstücke	252
weggegeben	252
ankündigen	252
loki	252
müllhalde	252
startete	252
höheres	252
cricket	252
killarney	252
küssten	252
maßnahme	252
paranormale	252
franny	252
einschlag	252
reichtümer	252
carters	252
erdlinge	252
ad	252
durchfallen	252
trockne	252
macbeth	252
aluminium	252
raina	252
mythen	252
hochnehmen	252
ausgangspunkt	252
mausetot	251
augenlicht	251
implantat	251
zweifelsohne	251
leier	251
dannys	251
durchwühlt	251
taktischen	251
keiko	251
minbari	251
battle	251
unerwartetes	251
unserm	251
spannender	251
säbel	251
finstere	251
anreiz	251
20er	251
enthauptet	251
krächzt	251
pops	251
lockern	251
ausweichmanöver	251
kippt	251
leichenbeschauer	251
primitiven	251
nog	251
algorithmus	251
bändigen	251
besitztümer	251
adligen	251
telefongesellschaft	251
philosophen	251
proctor	251
ertrinke	251
überbringe	251
cinnamon	251
abgehakt	251
zutat	251
überheblich	251
japans	251
getippt	251
freundliches	251
fluß	251
arbeitszeit	251
verdirbst	251
wuff	251
überfahrt	250
damian	250
gigantisch	250
anpacken	250
verreckt	250
tarnen	250
dhs	250
kabelfernsehen	250
kiew	250
mitgehört	250
ausstrecken	250
ampulle	250
autopsiebericht	250
cecile	250
umschalten	250
myra	250
korporal	250
brandstifter	250
sissi	250
grotesk	250
gill	250
hochmut	250
entdeckungen	250
zwillingen	250
ausnehmen	250
aussprache	250
anlegt	250
käsekuchen	250
hochgeht	250
verrats	250
winslow	250
wilcox	250
bestellst	250
verlesen	250
raunen	250
ninjas	250
kopfschuss	250
körbe	250
ferngespräch	250
erkälten	250
lockvogel	250
handelst	250
entzieht	250
jingle	250
dachs	250
düsteren	250
should	250
wirtin	249
voreiligen	249
deutschlands	249
gogh	249
mj	249
ausgehst	249
reuben	249
hingehörst	249
harem	249
quadrat	249
krüger	249
liebespaar	249
rundgang	249
aufgegabelt	249
jahreszeiten	249
wilma	249
todsicher	249
überrumpelt	249
gespalten	249
flippe	249
groschen	249
getragene	249
türkische	249
smart	249
verwählt	249
dubenko	249
kenobi	249
übereinkunft	249
inside	249
auszuprobieren	249
vereinigen	249
zögere	249
israelis	249
junggesellenabschied	249
dancing	249
verhaltens	249
offensichtlichen	249
schleppst	249
gebühr	249
verzogen	249
idaho	249
bezweifeln	249
mateo	249
makel	249
gemeines	248
museen	248
fahrräder	248
anzustarren	248
klopfe	248
warehouse	248
clementine	248
p.s.	248
straßensperre	248
absichern	248
platzpatronen	248
aufschließen	248
vertrauter	248
ballistik	248
moleküle	248
kadett	248
reim	248
anspielung	248
spendiert	248
gesundheitsamt	248
lieferst	248
heimatland	248
feuerschutz	248
stachel	248
bemerkten	248
india	248
adressiert	248
bankraub	248
bedford	248
widerlegen	248
pfarrhaus	248
nasser	248
lebensjahr	248
schönere	248
verbrennung	248
köln	248
clennam	248
favoriten	248
brut	248
gaststar	248
matthias	248
bittere	248
kreuzverhör	248
ortes	248
aw	248
nächtlichen	248
verschließt	248
stießen	248
mätresse	248
lebenskraft	248
nagus	248
lebrac	248
nachdenklich	248
messern	248
pfeiffer	248
dvds	248
kurzsichtig	248
horrorfilm	248
fürsorglich	247
schmal	247
betragen	247
custer	247
weiterentwickelt	247
vorlesungen	247
beobachtest	247
marnie	247
büsche	247
bettwäsche	247
cove	247
abenteurer	247
area	247
wirds	247
einsen	247
erstarrt	247
schülerinnen	247
dschinn	247
abgespielt	247
boogie	247
reportage	247
rosalee	247
car	247
überm	247
glotze	247
fotografin	247
yellow	247
segelt	247
vicomedia	247
umkleide	247
runterlassen	247
before	247
lone	247
röchelt	247
denkweise	247
cyborg	247
lektüre	247
jean-paul	247
karat	247
gordo	247
ertrug	247
türklopfen	247
standest	246
psychischen	246
sensei	246
unrechtes	246
thronfolger	246
vorschnell	246
sinnlosen	246
glut	246
albany	246
mitbringt	246
geraden	246
eröffnete	246
skizze	246
belügt	246
herstellt	246
forrester	246
sendungen	246
minneapolis	246
dans	246
dukat	246
deserteur	246
gleichheit	246
goldfisch	246
typischen	246
entgegenkommen	246
beobachtungen	246
janie	246
verschreckt	246
gregson	246
praktikanten	246
globus	246
venice	246
bruderherz	246
riviera	246
stammes	246
ungnade	246
nemo	246
delgado	246
comedy	246
lorenz	246
tone	246
festhält	246
selbständig	246
flüchtet	246
konstruktion	246
beschwöre	246
nestor	246
gefühllos	246
kayla	246
offenem	246
quadratmeter	246
cardassianischen	246
ólafur	246
starbucks	246
notsignal	246
patent	246
sähen	246
kleinem	246
vielzahl	246
programmierung	246
künstlerische	246
fulton	246
attraktiven	246
parallel	246
roulette	246
fremdsprache	246
nachzugehen	246
draufgänger	246
herumliegen	246
wandschrank	245
sinneswandel	245
blutverlust	245
izzie	245
bleich	245
versunken	245
hingestellt	245
hunderttausende	245
aufschlussreich	245
fehlerhaft	245
rainbow	245
vergeude	245
hah	245
herrichten	245
bryant	245
bronson	245
commodus	245
innereien	245
biker	245
kopfüber	245
essenz	245
erzählung	245
gepisst	245
lügendetektor	245
zusage	245
orchestermusik	245
spital	245
senkt	245
rowan	245
briefmarke	245
tadellos	245
japanischer	245
covenant	245
jemma	245
verkommen	245
chemotherapie	245
pennys	245
greendale	245
glänzenden	245
cats	245
auftragen	245
heimkehr	245
kriterien	245
chowllye	245
beschnitten	245
demjenigen	245
haas	245
versagte	245
toben	245
laufbursche	245
batiatus	245
afrikaner	245
aufbleiben	244
bankkonten	244
drohst	244
kaiserschnitt	244
taschentücher	244
reily	244
lakai	244
friedensangebot	244
überziehen	244
ortega	244
helme	244
depot	244
wick	244
travers	244
zurückdrehen	244
geklebt	244
tunnels	244
windig	244
aufgebe	244
lieblingsfilm	244
macdonald	244
betreuen	244
karotte	244
zigeunerin	244
vergaser	244
rumläuft	244
zweige	244
allahs	244
aimee	244
ignacio	244
gewerbe	244
bao	244
zufällige	244
beschämend	244
blossom	244
wunderkind	244
verteile	244
rupfen	244
alba	244
reingeraten	244
präsent	244
vermieterin	244
hörtest	244
stoned	244
labors	244
fallengelassen	244
einar	244
dorian	244
nato	244
rausschneiden	244
erbschaft	244
rauschgift	244
basieren	244
vorsichtsmaßnahmen	244
liang	244
fromm	244
aneurysma	243
cnn	243
unehrlich	243
friedlicher	243
joss	243
aussehenden	243
mikroskop	243
berechnung	243
krücken	243
redewendung	243
verantwortungslos	243
richtest	243
dreifache	243
beauftragen	243
unterhält	243
rätselhaft	243
wertschätzung	243
lausigen	243
missverständnisse	243
weggehst	243
geschminkt	243
bezirksstaatsanwalt	243
geldautomaten	243
verhielt	243
infiltriert	243
kati	243
gelaber	243
pflegerin	243
strolch	243
ji	243
gelehrter	243
cheung	243
beinhalten	243
effekte	243
eingelebt	243
calder	243
vandalismus	243
andersherum	243
fete	243
sprühen	243
kappa	243
brandneu	243
leichenwagen	243
autohupe	243
erhöre	243
vorliegt	243
ducky	243
bajoraner	243
inspizieren	243
camper	243
himmlischer	243
butterfly	243
tapete	243
connell	243
hasan	243
saddam	243
driscoll	243
palmen	243
kip	243
enthüllung	242
fontaine	242
zusammengebracht	242
stripperinnen	242
rührst	242
strömt	242
rumpelstilzchen	242
dreifach	242
durchgehalten	242
renata	242
goldberg	242
gaulle	242
alone	242
köche	242
bessie	242
ballerina	242
johnsons	242
gekrönt	242
frisör	242
landry	242
geräten	242
marquise	242
groben	242
massiven	242
wurscht	242
goodbye	242
darzustellen	242
öffneten	242
künftig	242
anbeten	242
bodyguards	242
ebenbild	242
nachlässt	242
clarkson	242
stolperte	242
gerichtsgebäude	242
versuchter	242
besuchszeit	242
ernennung	242
rausgenommen	242
starks	242
klingonische	242
fasten	242
behauptungen	242
zuchthaus	242
verwalten	242
strafverfolgung	242
glühen	242
schüssen	242
terminator	241
millionäre	241
charaktere	241
kerngesund	241
hilflosen	241
reisten	241
kleopatra	241
füller	241
filmstars	241
lebenslange	241
ausfällt	241
mitschüler	241
einfühlsam	241
auszutauschen	241
teuflische	241
tube	241
salsa	241
elfenbein	241
fury	241
überzahl	241
marias	241
beruhigung	241
anlassen	241
medina	241
vernarrt	241
sämtlichen	241
amos	241
meteor	241
pures	241
weihnachtsfeier	241
banküberfall	241
geplanten	241
äußersten	241
versage	241
entstellt	241
ip-adresse	241
pinkel	241
winterfell	241
pflegefamilie	241
rekrut	241
chefredakteur	241
fasste	241
goldie	241
olson	241
anwalts	241
wettrennen	241
molesley	241
gemach	241
klingelton	241
unschädlich	241
kontakten	241
undicht	241
zeitlich	241
petze	241
sowjetische	241
bunte	241
karla	240
jaaa	240
rasierer	240
hygiene	240
unterbinden	240
elternhaus	240
alyssa	240
eingebuchtet	240
kies	240
längeren	240
durchleben	240
aufsitzen	240
umzudrehen	240
pah	240
ergriff	240
bildfläche	240
lieblingslied	240
vertrauens	240
hobbes	240
babysitterin	240
godfrey	240
wohlbefinden	240
gekehrt	240
prächtige	240
ensemble	240
bewerbungsgespräch	240
aufbruch	240
schlafmütze	240
abgehen	240
hetty	240
unwissenheit	240
offizielles	240
senil	240
vernachlässigen	240
richters	240
feiertagen	240
doktortitel	240
pd	240
grünschnabel	240
erträgst	240
verschworen	240
selbstwertgefühl	240
übertreten	240
cholera	240
schulzeit	239
shana	239
rhett	239
besiegte	239
nahrungsmittel	239
schriftrolle	239
intus	239
bono	239
violette	239
geleit	239
aeryn	239
intervention	239
stolzen	239
inszenierung	239
automatik	239
bewertet	239
ridley	239
bettlaken	239
johnnie	239
knut	239
schauspielerinnen	239
schlafsack	239
abschleppwagen	239
schläfrig	239
verblassen	239
wait	239
selbstgespräche	239
drogenhändler	239
mayfield	239
stockton	239
festnahmen	239
lock	239
bey	239
freudig	239
flegel	239
schornstein	239
inventur	239
beaumont	239
empfiehlt	239
reflex	239
ist-	239
schäbigen	239
beleidigst	239
implantate	239
vorgarten	239
kambodscha	239
korken	239
publik	239
rauchte	239
wirjetzt	239
vergiftung	239
halliwell	239
tragischer	239
lähmung	239
barclay	239
annabel	239
identifizierte	239
cem	239
entfacht	239
lauras	239
hinterteil	239
beugt	239
gleise	239
schwängern	239
attila	239
murtaugh	239
verspüren	238
privatjet	238
polizeipräsident	238
kapitulieren	238
ck	238
hemingway	238
guatemala	238
speichel	238
radikal	238
nachmachen	238
jährlichen	238
emir	238
geschwür	238
gewissenhaft	238
organisierten	238
lebendes	238
gewichte	238
späte	238
stühlen	238
nicaragua	238
tape	238
kennenlernst	238
auszumachen	238
fleischer	238
pose	238
telepathie	238
schiefgegangen	238
krümmen	238
unruhestifter	238
schlagsahne	238
cincinnati	238
schizophrenie	238
arabische	238
wäschst	238
fist	238
zustände	238
mannomann	238
jockey	238
stärkeren	238
solchem	238
deckname	238
gedämpft	238
aushält	238
populär	238
montagmorgen	238
verdankt	238
füllung	238
bela	238
muhammad	238
abweichung	237
wegzuwerfen	237
beliebter	237
hoffmann	237
angebunden	237
sensible	237
wirksam	237
hinterlass	237
hochschule	237
bartholomew	237
historisch	237
förster	237
low	237
sicherheitsgründen	237
patmore	237
präfekt	237
wortspiel	237
quetschen	237
terra	237
alva	237
verlangten	237
nachhinein	237
verfolgungsjagd	237
durchlassen	237
auskennen	237
zuckerwatte	237
wiedergekommen	237
zugibt	237
cao	237
demütig	237
saw	237
komponist	237
berühmteste	237
emotionaler	237
erschüttern	237
daedalus	237
snob	237
tae	237
zurückkamen	237
grover	237
rettungsboot	237
levi	237
politikern	237
spritzer	237
bevorstehenden	237
blasphemie	237
tintenfisch	237
rocket	237
garnicht	237
gardinen	237
umschauen	237
web	237
direktion	237
intime	237
unvergesslich	237
birnen	237
buche	237
bierchen	237
heiler	237
sündigen	237
gönne	236
untergeschoss	236
medizinmann	236
friends	236
auszureden	236
schnalle	236
kontrollierte	236
frites	236
skizzen	236
jimmys	236
geschwänzt	236
verflixte	236
regent	236
hadley	236
cartman	236
verschlüsselte	236
liebchen	236
django	236
matsch	236
häfen	236
lokomotive	236
frohen	236
erfahrene	236
singles	236
vorübergehende	236
strukturen	236
zen	236
hybrid	236
sprangen	236
voss	236
format	236
emmet	236
pickup	236
dumpfes	236
böden	236
beliebteste	236
zentralen	236
petition	236
silvio	236
reinem	236
besagte	236
beauftragte	236
überwache	236
wähl	236
leipzig	236
lebzeiten	236
donau	236
interviewt	236
brustwarzen	236
sicherheitskameras	236
trenne	235
chevalier	235
frust	235
ertönen	235
ableben	235
kletterte	235
camillo	235
schlürfen	235
wegfliegen	235
hänsel	235
radikalen	235
schatzi	235
zwo	235
bennie	235
ric	235
künftigen	235
passender	235
shuttles	235
gleiches	235
parsons	235
entertainment	235
verbreitete	235
nickel	235
vorgemacht	235
delegation	235
laufend	235
ignoranz	235
christmas	235
eloise	235
müden	235
rizzo	235
patron	235
markenzeichen	235
wiederholte	235
verbitte	235
while	235
wachposten	235
sondereinheit	235
verweilen	235
dampfer	235
portionen	235
renovierung	235
motivieren	235
verhängt	235
kirsten	235
sodbrennen	235
aufforderung	235
wonne	235
derrick	235
ausgleichen	235
totschlagen	235
schlägen	235
bobbi	235
pförtner	235
tiefstem	235
erschwert	235
rin	235
claes	235
kroch	235
befürchtete	235
ki	235
modul	235
crest	235
lichtgeschwindigkeit	235
district	235
verheirateter	234
chilton	234
oak	234
übermütig	234
tofu	234
anzugehen	234
neutrale	234
heulsuse	234
mossad	234
anrecht	234
clifton	234
polnischen	234
dickkopf	234
trauzeugin	234
northern	234
zweihundert	234
stickstoff	234
blitzen	234
roxanne	234
stube	234
infizierte	234
chevron	234
katya	234
dre	234
dwayne	234
schlumpf	234
bundespolizei	234
erwies	234
gezüchtet	234
aufdrängen	234
anhaltspunkte	234
hierüber	234
ablehnt	234
passierschein	234
cécile	234
eulen	234
gewürze	234
versionen	234
startbereit	234
kaffeemaschine	234
rastet	234
georgetown	234
hobson	234
landstraße	234
lazarett	234
eisenkraut	234
thunder	234
elin	234
süsse	234
gegenwärtigen	234
monatlich	234
cordy	234
arabien	234
unbestimmte	234
fitch	234
mathematiker	234
machenschaften	234
zuständigen	234
armselige	234
bekifft	234
obdachloser	234
antonius	233
alibis	233
teuflischen	233
try	233
bestrafe	233
leugnet	233
michaela	233
chiefs	233
weingut	233
geistlichen	233
schubert	233
reibt	233
ungeschützt	233
adaption	233
anspannung	233
ha-ha	233
hehler	233
wirs	233
shen	233
armbrust	233
widerliches	233
aggressive	233
tomorrow	233
bugs	233
gruseligen	233
beleg	233
autodiebstahl	233
skitter	233
ruhst	233
glieder	233
meldeten	233
aii	233
gespuckt	233
narn	233
herumläuft	233
kostenlosen	233
käfige	233
maud	233
eingangstür	233
verweisen	233
kandidiert	233
infarkt	233
tussis	233
kaputtes	233
nicola	233
abbauen	233
hausfrauen	233
dichten	233
exekutiert	233
lösch	233
detektei	233
merle	233
plagt	233
avon	233
egoismus	233
ausgebreitet	233
stéphane	233
weigerst	233
schockieren	233
intensität	233
stapeln	233
überwiegend	233
leave	232
dickerchen	232
ehrliches	232
serviere	232
kulturelle	232
kenia	232
carlson	232
einzusteigen	232
mahoney	232
bezweifele	232
geheimagent	232
aida	232
gebiss	232
diktatur	232
zimperlich	232
städtischen	232
videokamera	232
steche	232
symbolisiert	232
holloway	232
raptor	232
schei	232
arkansas	232
polizeibeamter	232
genützt	232
transmitter	232
taugenichts	232
thorn	232
speedy	232
jürgen	232
wiederbeleben	232
ness	232
vorgesetzte	232
zugute	232
befriedigend	232
trade	232
unterliegen	232
abfackeln	232
verschwundene	232
éch	232
versöhnt	232
gequatscht	232
fänd	232
anmacht	232
blutspuren	232
nachteile	232
rey	232
henne	232
instinkten	232
gegners	232
durchsuchungsbeschluss	232
erhaben	232
hinfort	232
tad	232
babs	232
hatun	232
syndrom	232
schläfchen	232
gewissensbisse	232
hunderttausend	232
idiotische	232
gestillt	232
tansy	232
streuen	232
zusammenpassen	232
selbstmordversuch	231
clarice	231
glee	231
ahmad	231
rausgerutscht	231
abgelöst	231
aa	231
amore	231
röntgenbilder	231
aufgetrieben	231
vancouver	231
unerwünscht	231
popeye	231
smalltalk	231
inhumans	231
hodge	231
niederlagen	231
latinum	231
burrito	231
seelenverwandte	231
hausfriedensbruch	231
putsch	231
serling	231
tao	231
umarmungen	231
states	231
pavillon	231
verirren	231
jährliche	231
willig	231
börsenaufsicht	231
gut.	231
yusuf	231
italienischer	231
beschuldige	231
angeschnallt	231
sioux	231
sägewerk	231
bettina	231
begrenzte	231
zusammensein	231
leibliche	231
kommunistischen	231
sabbat	231
späße	231
unterleib	231
pfefferspray	231
gegenseitigkeit	231
jungchen	231
bestseller	231
bereitest	231
parke	231
gaia	231
gestatte	231
schleich	231
unterbrich	231
pfosten	231
gertrud	231
ekelig	231
roge	231
kolumbus	231
wörtern	231
abgehackt	231
geschleudert	230
holocaust	230
gebenedeit	230
kriegern	230
atwood	230
vereinigt	230
klimpern	230
geeignete	230
unbewusst	230
wusch	230
losen	230
fluggesellschaft	230
clair	230
genen	230
hera	230
einzuholen	230
lebenserhaltung	230
blaze	230
entsprechende	230
bettelt	230
amtszeit	230
schliesslich	230
feierten	230
monterey	230
auswirken	230
waschbären	230
steward	230
fei	230
jeanie	230
erhoffen	230
iv.	230
wirtshaus	230
zollen	230
erdrosselt	230
elisa	230
honolulu	230
dienten	230
dos	230
wohltätigkeit	230
augenblicken	230
schillinger	230
heide	230
schämte	230
geritzt	230
eisenhower	230
mäusen	230
sozialamt	230
krächzen	230
clave	230
arrangiere	230
weisse	230
verringert	230
klapsmühle	229
tosh	229
coffee	229
quarter	229
nachfahren	229
pferdes	229
geschwiegen	229
qui	229
safari	229
todmüde	229
doktors	229
inbegriffen	229
vollzeit	229
saturn	229
rafe	229
bane	229
berühr	229
wegsperren	229
janes	229
wachhund	229
vorschule	229
horne	229
angetrauten	229
heule	229
gebettelt	229
einwand	229
woo	229
argumentieren	229
telefonierte	229
aroma	229
geller	229
zirpen	229
vorausgesagt	229
protestanten	229
masern	229
gardens	229
lion	229
stichwunden	229
hiroshi	229
erdbeere	229
marshalls	229
beleidige	229
schnattern	229
copperfield	229
treibende	229
bzw.	229
hämisch	229
moritz	229
auszieht	229
glückseligkeit	229
mischst	229
historischer	229
schwedischen	229
disqualifiziert	229
managerin	228
schlaflosigkeit	228
anbeißen	228
wöchentlich	228
anspricht	228
sharona	228
tea	228
doña	228
außenteam	228
gieß	228
flowers	228
kämpferin	228
zimmernummer	228
castor	228
chefarzt	228
vakuum	228
bret	228
übernahmen	228
abwechselnd	228
garnichts	228
fortan	228
säen	228
bekleidet	228
geflüstert	228
gespött	228
drovers	228
metal	228
geschädigt	228
memme	228
wrestling	228
organische	228
bens	228
enid	228
ozeans	228
vermessen	228
abhängigkeit	228
steg	228
zuruck	228
nützlicher	228
dörfern	228
kaktus	228
abräumen	228
krummen	228
min.	228
ruine	228
mähen	228
soho	228
bolt	228
sprechanlage	228
einzuwenden	228
verdrückt	228
horoskop	228
verspüre	228
miauen	228
irma	228
skateboard	228
arterien	227
auffordern	227
olé	227
birkhoff	227
grollt	227
freundlicherweise	227
erotische	227
intelligenten	227
alaikum	227
costello	227
kaputter	227
purple	227
erhob	227
rar	227
verbleib	227
begriffe	227
elektromagnetische	227
ausrutscher	227
arg	227
agenda	227
trennte	227
vollkommene	227
englisches	227
forum	227
hierzubleiben	227
zuleide	227
quo	227
letzen	227
aufkreuzt	227
ergründen	227
zahnseide	227
brände	227
japanern	227
ziffern	227
delfin	227
mußten	227
zwanziger	227
lockere	227
komponiert	227
ipad	227
linse	227
eingesehen	227
stellvertretenden	227
wog	227
ferngesehen	227
genaueres	227
ehrwürdige	227
jang	227
intellekt	227
gestrickt	227
nackter	227
schmeichelt	227
smokey	227
essenszeit	227
verdeckten	226
another	226
schwartz	226
cannes	226
bauarbeiten	226
irrsinnig	226
gehindert	226
cid	226
wexler	226
crassus	226
antikörper	226
stellungen	226
living	226
unterliegt	226
entfallen	226
camden	226
nil	226
durchgestanden	226
erlebten	226
langt	226
metallisches	226
gesandten	226
verwaltet	226
rumzuhängen	226
verbände	226
pritchard	226
florian	226
stripclub	226
unterschätze	226
bediensteten	226
schöpft	226
amour	226
regele	226
lowry	226
zusammensetzung	226
hintergedanken	226
intellektuellen	226
dekorieren	226
brandi	226
religiöser	226
minderheit	226
strong	226
string	226
voraussetzung	226
ruthie	226
zoff	226
shore	226
scheusal	226
hinterlegt	226
zusammengekommen	226
draufgegangen	226
mans	226
schnallt	226
teen	226
gesichtserkennung	226
zeitreise	226
begründet	226
gestreift	226
rourke	226
ungewissheit	226
zurückzuhalten	226
anwesende	226
harfe	226
konzentrierst	226
goldstücke	226
macker	225
tappen	225
rechtmäßige	225
durchzugehen	225
bräuchtest	225
doktoren	225
effektiver	225
runtergekommen	225
herholen	225
violine	225
künftige	225
fallt	225
devereaux	225
weitergemacht	225
recep	225
raja	225
fortgegangen	225
hide	225
gutheißen	225
kriegsheld	225
ministerin	225
vorwahl	225
eroberer	225
verführung	225
wegschmeißen	225
s.t.a.r.	225
oberkommando	225
vereinbarten	225
verkackt	225
hauptkommissar	225
zellenblock	225
füllte	225
schlachter	225
nabelschnur	225
kritische	225
jing	225
unschön	225
dauerhafte	225
nieten	225
ermessen	225
jesses	225
titte	225
auslaufen	225
erbt	225
ohhh	225
eingeschleust	225
wegnimmt	225
visite	225
provokation	225
gören	225
spezieller	225
lieblinge	225
erwärmung	225
waller	225
justizminister	225
sandalen	225
zurückgelegt	225
hineinziehen	225
yves	224
doppeltes	224
schmarotzer	224
frida	224
massenhaft	224
vorzutäuschen	224
bohannon	224
cochran	224
showgeschäft	224
amandas	224
fredrik	224
hochgeladen	224
festessen	224
gekürzt	224
vergnügungspark	224
gestaltet	224
hardison	224
anstoß	224
generatoren	224
mobiltelefon	224
gustavo	224
eingewilligt	224
seeleute	224
sättigung	224
rütteln	224
hinausgehen	224
hiesige	224
ergib	224
bösartige	224
bäng	224
orpheus	224
aufzulösen	224
verstärker	224
umkleideraum	224
puzzles	224
spießig	224
sparrow	224
großzügiger	224
buchstabiert	224
infiltrieren	224
gaga	224
miterleben	224
aufsichtsrat	224
salzwasser	224
matheson	224
colleges	224
sana	224
ralf	224
schwärmen	224
geleiten	224
tach	224
stehend	224
schrotthaufen	224
schneien	224
trikot	224
siehste	224
gnädigste	224
autogramme	224
herauszufordern	224
feeling	224
suspendierung	224
lasten	224
triebwerk	224
sold	224
bowen	224
kidnapping	224
wartung	224
endgültigen	224
maskierte	224
faulpelz	224
spaßen	224
gewässern	224
katia	224
marisa	224
bellheim	224
zusammengesetzt	224
surfer	224
abzuwarten	223
geeigneten	223
vorhersehen	223
schwindet	223
anschaue	223
kittchen	223
einsturz	223
blöcke	223
verehre	223
flo	223
verbreitung	223
eidechse	223
rays	223
vertuschung	223
wegkommt	223
vollziehen	223
übergelaufen	223
durchsickern	223
schädlich	223
benehme	223
jeher	223
vorwarnen	223
cheerleaderin	223
durchschnittliche	223
trager	223
flores	223
straftäter	223
wußten	223
amazonas	223
gerichtsdiener	223
konkrete	223
breiter	223
mata	223
zaubertrick	223
arbeitslosigkeit	223
weihwasser	223
krepiert	223
willenskraft	223
anrichtet	223
zahm	223
bartlett	223
klebrig	223
rumfahren	223
abrechnen	223
ausbluten	223
records	223
vo	223
wörtchen	223
faber	223
nutzlose	223
abnimmt	223
allererste	223
langfristig	223
kessler	223
pipeline	223
predigten	223
prügelt	223
taler	223
thermometer	223
gehaltsliste	223
feuerholz	223
vulkanische	223
verrückteste	223
j.p.	223
fruchtblase	223
wehrlos	223
nationalhymne	223
mccabe	223
durftest	223
bindungen	223
quartal	223
kitchen	223
leckerbissen	223
beliebte	223
guru	223
rommel	223
unabhängigen	223
wirkliches	223
hassten	222
wegräumen	222
klinische	222
sees	222
isles	222
merrick	222
wimper	222
moreau	222
minimal	222
heimatschutz	222
weiterlaufen	222
partisanen	222
İbrahim	222
bourne	222
mistvieh	222
lundy	222
kalinda	222
zylon	222
intellektuelle	222
großzügiges	222
riesenfehler	222
ulrich	222
pfote	222
vornehme	222
symbolisch	222
berüchtigte	222
lutscht	222
reib	222
divine	222
rome	222
schlafend	222
mitnehme	222
absaugen	222
grundlegende	222
untersuchungshaft	222
gesimst	222
jacksons	222
scharfer	222
gemischte	222
nachgegeben	222
klassisches	222
klapse	222
totenwache	222
dreams	222
schliche	222
ausgespielt	222
ungewiss	222
feger	222
äußeres	222
giuseppe	222
hauptdarsteller	222
ungeduld	222
glatter	222
lieblich	222
redding	222
chekov	222
ausbreitet	222
eilmeldung	222
menschenrechte	222
ausgerottet	222
häppchen	222
verrücktheit	222
hinterhältige	221
schwerhörig	221
chemikalie	221
spieluhr	221
übereinander	221
empfehlungsschreiben	221
verzweifelter	221
malia	221
zeitig	221
gilligan	221
hingeben	221
abhaust	221
rechtliche	221
spaziergänge	221
färbt	221
statistisch	221
schleimer	221
aufzubrechen	221
lederjacke	221
mittagszeit	221
zerotollerance	221
lautstärke	221
ermüdend	221
gratuliert	221
windpocken	221
sternschnuppe	221
bigfoot	221
chateau	221
postfach	221
verfällt	221
schaltete	221
schleuse	221
glatte	221
kommende	221
lavinia	221
ehrenwerten	221
joffrey	221
feds	221
hildy	221
millers	221
id	221
prozesse	221
abc	221
geschüttet	221
köstliche	221
benötigte	221
staten	221
späteren	221
plattenspieler	221
wiederzufinden	221
tripper	221
bedeutenden	221
staatssekretär	221
übrige	221
demenz	221
wartezeit	221
namensschild	221
psychose	221
lallt	221
flemming	221
verschlimmern	221
kruste	221
blutproben	221
guerrero	221
blinker	221
alk	221
diesjährigen	221
verliebst	221
jemen	220
propeller	220
abzusagen	220
spendiere	220
flachen	220
begutachten	220
empor	220
santino	220
garza	220
bescheidener	220
stützt	220
lebensmittelvergiftung	220
kanadischen	220
orient	220
vizepräsidentin	220
netze	220
hierbehalten	220
unterbesetzt	220
fleisches	220
riskierte	220
ehemals	220
anzuschreien	220
schiene	220
vogue	220
auseinandernehmen	220
cruise	220
merry	220
selena	220
einzuziehen	220
trompetet	220
schießereien	220
una	220
victory	220
balg	220
zeigefinger	220
unterstehen	220
waffel	220
panikattacke	220
eingeäschert	220
kampflos	220
genfer	220
kato	220
forensische	220
unzerstörbar	220
miterlebt	220
kinderheim	220
tyrell	220
bethlehem	220
schutzlos	220
technisches	220
tendenz	220
siehts	220
fürchteten	220
uhura	220
entschloss	220
beruflichen	220
muttertag	220
orgelmusik	220
aktionäre	220
arthurs	220
ausgewichen	220
adebisi	220
gotta	220
minenfeld	220
gewählte	220
kilogramm	220
paragraph	220
irrational	220
schulabschluss	220
eureka	220
ergaben	220
ziggy	219
sylar	219
festgebunden	219
gul	219
zügig	219
hochverrats	219
schwebte	219
seilen	219
strip	219
brokkoli	219
ozzie	219
salzig	219
foyer	219
feierst	219
italienisches	219
veränderten	219
sippe	219
unauffindbar	219
knappen	219
abblitzen	219
ähh	219
brautpaar	219
veteran	219
eskaliert	219
unterredung	219
zurückzugewinnen	219
nagellack	219
burn	219
zehnte	219
colton	219
straftaten	219
sies	219
majid	219
caputo	219
krempel	219
inga	219
solls	219
lelouch	219
intensive	219
wischt	219
frischfleisch	219
digger	219
proteine	219
storch	219
sternzeichen	219
terrorisiert	219
marthe	219
bridges	219
elsie	219
ruiz	219
klarem	219
kugelsicher	219
klassenkameraden	219
manson	219
c4	219
vorschau	218
verbrennst	218
zusammentreffen	218
türmen	218
dampfen	218
beschmutzen	218
risa	218
signiert	218
umzusetzen	218
podium	218
clovis	218
margaux	218
äußerste	218
zurückzulassen	218
verändere	218
ergebnissen	218
langweiliges	218
goethe	218
weii	218
unternimm	218
überrannt	218
hysterie	218
abspielt	218
without	218
klau	218
menschenseele	218
bewegend	218
konsequenz	218
aufgeregtes	218
sicherungen	218
nichtsdestotrotz	218
tig	218
inventar	218
wegweiser	218
zutrauen	218
sinnvolles	218
verborgene	218
wissenschaftlern	218
einzuschlafen	218
kareem	218
kommentieren	218
inkompetent	218
tätowieren	218
tigers	218
mets	218
träge	218
leiblichen	218
anmache	218
bedürfnissen	218
tätowierungen	218
reifer	218
königlich	218
zwinkern	218
fußballspiel	218
hamid	218
laub	218
dix	218
reeves	218
flipp	218
auguste	218
zivilisierte	218
robe	218
betrugs	217
erhöhung	217
verbundenen	217
far	217
clément	217
boutique	217
verlogene	217
eintrittskarte	217
braxton	217
verfüge	217
mordopfer	217
lombard	217
asa	217
verspeist	217
grösste	217
quecksilber	217
anzustellen	217
hocherfreut	217
pancakes	217
duett	217
jüngerer	217
aufzusuchen	217
digitalen	217
flöten	217
marla	217
besetzten	217
hungrige	217
rach	217
prominente	217
aldo	217
eingelöst	217
hitchcock	217
namaste	217
rousseau	217
organismen	217
j.b.	217
sonnenbrand	217
ermittle	217
kingsley	217
brite	217
sozialversicherungsnummer	217
gasthof	217
brenzlig	217
batista	217
ruiniere	217
spritz	217
nunmehr	217
gerichtsverfahren	217
empfing	217
absurde	217
liebesbrief	217
mycroft	217
schäfchen	217
gelobe	217
unterdrückten	217
maßen	216
geschlechts	216
tribüne	216
verzerrte	216
kiosk	216
root	216
energisch	216
geplagt	216
row	216
korrigiere	216
magneten	216
kriegten	216
abrupt	216
gewaltiges	216
brewer	216
radioaktivität	216
verordnung	216
waldemar	216
chick	216
südwesten	216
beraterin	216
vermögens	216
münztelefon	216
guthrie	216
maklerin	216
verwandelst	216
weller	216
sato	216
gekettet	216
lam	216
inkompetenz	216
entflohen	216
angewandt	216
bern	216
ausgewiesen	216
aviv	216
glüht	216
flüchtete	216
wachdienst	216
schießstand	216
gedärme	216
kreativen	216
leia	216
schüttel	216
hecke	216
maxim	216
londo	216
weinberg	216
fitness	216
aschenputtel	216
nichtig	216
sprengkopf	216
sensibler	216
referat	216
abhacken	216
blutkörperchen	216
fortpflanzung	215
casinos	215
nnen	215
verhörraum	215
beziehungsweise	215
bobbys	215
sonnig	215
bali	215
rückfahrt	215
schlosses	215
durchlebt	215
harker	215
schlafengehen	215
whitehall	215
gebrochenem	215
pond	215
muh	215
aktivierung	215
wettstreit	215
ausgearbeitet	215
weather	215
vorankommen	215
deadline	215
vorfinden	215
cornelia	215
reinhauen	215
verlegung	215
wahrsagerin	215
gwendolyn	215
unartig	215
geburtsort	215
sofortigen	215
schwätzer	215
leader	215
königen	215
wüßte	215
alleingang	215
phänomenal	215
keeler	215
ti	215
krankenakte	215
dobey	215
swift	215
45er	215
rätseln	215
gewinnerin	215
schmiede	215
seal	215
gerutscht	215
systematisch	215
absteige	215
nachzuholen	215
xiao	215
lexington	215
witzfigur	215
einschläfern	215
erörtern	215
bloßgestellt	215
schweinestall	215
versteigert	215
tampa	215
maßstab	215
verstorbener	215
belegschaft	215
finley	215
argo	215
sunnydale	214
grässliche	214
scharade	214
carr	214
abzuschneiden	214
runtergeholt	214
körpertemperatur	214
konzentrierte	214
leif	214
drenton	214
privatbesitz	214
totem	214
untertreibung	214
dazugehört	214
abzüge	214
schusswunden	214
durchgeknallte	214
lungenkrebs	214
apartments	214
leim	214
beiträge	214
gefälligkeit	214
bärchen	214
versetzte	214
rohe	214
aufsteht	214
mesa	214
regenmantel	214
vorkommnisse	214
jazzmusik	214
arrangierte	214
vader	214
anzügen	214
charmanten	214
apostel	214
unendlichkeit	214
geldgeber	214
biologischer	214
kelvin	214
synagoge	214
shadowhunter	214
stringer	214
blendet	214
entzündung	214
erforschung	214
berüchtigten	214
cousinen	214
konzerne	214
untertasse	214
schnitzel	214
fehlgeschlagen	214
erkaufen	214
gangstern	214
briareos	214
hundesohn	214
dableiben	214
ml	214
hierauf	214
reichs	214
kinderleicht	214
atom	214
bewunderte	214
bedrängen	214
unerwarteten	214
dickschädel	214
gesuchte	213
ventura	213
hahaha	213
baumarkt	213
blindheit	213
melonen	213
herald	213
aggressiver	213
gebohrt	213
heiligtum	213
samariter	213
yay	213
eingeht	213
unantastbar	213
wiederkommst	213
hallt	213
bra	213
schwungvolle	213
candice	213
almeida	213
pantoffeln	213
frazier	213
handgelenke	213
verschweigt	213
short	213
gerate	213
dramatischer	213
frodo	213
jüngling	213
snart	213
vorstrafenregister	213
geschäftsfrau	213
schufte	213
stalingrad	213
rissen	213
metatron	213
bekanntes	213
überredete	213
freimachen	213
verona	213
durchzukommen	213
zahnstocher	213
under	213
doppel	213
madge	213
swing	213
abgebissen	213
stadtteil	213
gifte	213
ichabod	213
betonung	213
dringenden	213
volkoff	213
sporthalle	213
sos	213
übernehmt	213
kopierer	213
meinungsverschiedenheit	213
baumeln	213
aufgeschnappt	213
unterzeichne	213
betätigen	213
erklärten	213
übernachte	213
wendepunkt	213
kenner	213
eskortieren	213
angefreundet	213
medizinstudium	213
halbschwester	213
praktiziert	213
phantombild	213
funktionsfähig	213
katakomben	213
klügsten	213
tänze	212
nutzung	212
arbeitszeiten	212
kanbei	212
nationaler	212
klan	212
anordnen	212
rechtfertigung	212
frühestens	212
gelangte	212
wertvollste	212
sachs	212
gerüche	212
takes	212
großmeister	212
arsen	212
mordversuch	212
unfruchtbar	212
donnert	212
symptomen	212
effizienter	212
humbert	212
vonda	212
aufmachst	212
versinkt	212
morgige	212
energien	212
tönen	212
impotent	212
polizeisirenen	212
quill	212
mordfälle	212
houdini	212
kulisse	212
mundharmonika	212
maschinengewehre	212
zauberkraft	212
anbeginn	212
verfangen	212
borden	212
symbionten	212
gedämpfte	212
blutzucker	212
mcnulty	212
bräuche	212
sonnenfinsternis	212
vergessenheit	212
margaritas	212
mordnacht	212
patenonkel	212
vergeudest	212
skynet	212
dienstlich	212
gerd	212
strippen	212
ägyptische	212
motte	212
fragezeichen	212
rennstrecke	212
ellison	212
invisible	212
perseus	212
kolonisten	212
autofahrer	212
bahre	212
grossmutter	212
möglichstes	212
vorzugehen	212
gewandert	212
luxemburg	212
rausgeschnitten	212
celine	212
zugetragen	212
klemmen	212
schrien	212
waffensysteme	212
schar	211
emails	211
jean-pierre	211
leidenschaften	211
sketch	211
hoshi	211
samuels	211
rolex	211
windelweich	211
zuwenden	211
herankommen	211
sgc	211
bestatter	211
relais	211
cardiff	211
schlingel	211
meckert	211
schlauen	211
flüche	211
annäherung	211
ausverkauf	211
morrow	211
rings	211
anatomy	211
christoph	211
respektierst	211
ruinierte	211
wohlfahrt	211
frenchy	211
mädchenname	211
umtauschen	211
dichtmachen	211
jegliches	211
ramses	211
abscheulichen	211
raubtiere	211
newport	211
ladenbesitzer	211
umzukehren	211
tieres	211
tumult	211
eintausend	211
sterbende	211
verloben	211
belagert	211
entfalten	211
zehntel	211
druiden	211
begehre	211
gelauscht	211
bu	211
arc	211
sensor	211
romain	211
emilia	211
wide	211
inszenieren	211
akzeptierte	211
clancy	211
geldwäsche	211
wertsachen	211
japsen	211
ausreißer	211
vorgeladen	211
emmas	211
anarchy	211
staatsgefängnis	211
casablanca	211
ca	211
bestimmst	211
fäusten	211
erloschen	211
einchecken	211
jaye	211
übeltäter	211
verteilung	211
waverly	210
aufrichtiges	210
komponenten	210
lesung	210
diggle	210
raines	210
dempsey	210
swann	210
aufzuwachsen	210
jr.	210
feuerball	210
autopilot	210
barnum	210
überlistet	210
verdienste	210
verstörend	210
schaltkreise	210
rhode	210
straight	210
heißesten	210
pünktlichkeit	210
dynamik	210
schlafsaal	210
verweht	210
knochenmark	210
dokumentieren	210
enttäuschst	210
hub	210
häusliche	210
ködern	210
flugzeugs	210
sub	210
unterirdisch	210
elvira	210
genagelt	210
universal	210
egoist	210
preisgeld	210
gelehrten	210
definiere	210
unerlaubt	210
ausgetrunken	210
dresden	210
a.j.	210
absperren	210
gia	210
fliegender	210
valencia	210
lahmen	210
absicherung	210
oftmals	210
pfiffe	210
gekniffen	210
ballard	210
orchideen	210
chino	210
rausgeben	210
early	210
engländerin	210
rausgebracht	210
triaden	210
dingsbums	210
lebendiges	210
begreif	210
gründliche	210
schrumpfen	210
juliana	210
königlicher	210
dooley	210
ausreißen	210
sterblicher	210
reifenspuren	210
grille	210
frierst	209
barksdale	209
potts	209
edelsteine	209
opie	209
sturer	209
nordamerika	209
gründung	209
fake	209
bombenleger	209
nordosten	209
riverside	209
sonnencreme	209
besichtigung	209
stillgelegt	209
bora	209
zahlreichen	209
cleopatra	209
opferte	209
erlass	209
watt	209
verlernt	209
schubst	209
lampenfieber	209
atf	209
untersteht	209
deutliche	209
kleidet	209
beträchtliche	209
reibungslos	209
fliesen	209
pelzmantel	209
shot	209
codewort	209
brenn	209
mats	209
eintraf	209
vale	209
gulden	209
tollsten	209
grundsatz	209
prärie	209
passagieren	209
dehydriert	209
giftigen	209
dna-test	209
allerlei	209
blonder	209
heizen	209
panische	209
flipper	209
mumbai	209
verhandle	209
liebesbriefe	209
abscheu	209
crewe	209
transaktionen	209
sorgfalt	209
einzurichten	209
verkünde	209
ausübung	209
hungrigen	209
else	209
kanadische	209
betrachtete	209
ausbringen	209
dornen	209
mcnally	209
zahnspange	209
trainierte	209
khalid	209
sieges	209
mathis	209
einfiel	209
stünden	209
ignorant	209
bewache	209
col.	209
wiley	209
sancho	209
paten	209
furzt	209
doofen	209
rupien	209
heimkommt	209
getaucht	209
probierst	209
ehesten	208
beeindruckender	208
sozialhilfe	208
phönix	208
injizieren	208
crunch	208
absprache	208
unzähligen	208
verschlüsselung	208
camping	208
tratschen	208
hereingekommen	208
asiatischen	208
spann	208
stoßstange	208
gesellschaftliche	208
freiheitsstatue	208
lehnst	208
dolls	208
trinkspruch	208
lamb	208
schläuche	208
bemerke	208
importiert	208
tauschte	208
totenschein	208
gähnt	208
analysen	208
gelenkt	208
sperrgebiet	208
chrissy	208
dancer	208
christin	208
codename	208
shapiro	208
kürzeren	208
expandieren	208
hingekommen	208
leichtigkeit	208
täters	208
delaware	208
wil	208
juri	208
berechtigte	208
atombomben	208
geschoss	208
gebrochener	208
detailliert	208
zuwider	208
duval	208
erdenkliche	208
ausspucken	208
banal	208
38er	208
gehege	208
angewidert	208
besänftigen	208
schlafende	208
zivil	208
odile	208
unheilbar	208
liberalen	208
mass	208
kombinieren	208
projektor	208
prominenten	208
magistrat	208
hinfliegen	208
hauptverdächtige	208
süleyman	208
drumherum	208
conde	208
bagels	208
globe	207
ripped	207
umgesetzt	207
found	207
stunts	207
quälst	207
zivilen	207
überschwemmt	207
verhafteten	207
kompensieren	207
stifler	207
spatzen	207
reinwaschen	207
fairness	207
wiederbelebt	207
olivenöl	207
stasi	207
kamp	207
verbannung	207
sommerhaus	207
motten	207
sonnabend	207
sacha	207
äste	207
vergöttert	207
nachgelassen	207
einsames	207
flüssigkeiten	207
mako	207
howell	207
achilles	207
leitest	207
begnügen	207
weltfrieden	207
gebügelt	207
betraf	207
schlüsselbein	207
entsetzen	207
gareth	207
radiosender	207
falte	207
schleppe	207
lilien	207
sonar	207
mitsamt	207
albernes	207
klingone	207
verscheuchen	207
beef	207
chinas	207
runternehmen	207
überdrüssig	207
zurückbringt	207
heimlichen	207
entlasse	207
befleckt	207
hochachtung	207
themse	207
sonderangebot	207
runterziehen	207
gestürmt	207
rosenberg	207
stephens	207
prachtstück	207
voraussagen	207
celsius	207
kerstin	207
lebensretter	207
assad	207
vertieft	207
wahnsinns	207
lämmer	207
plausibel	207
eishockey	207
prüde	207
shredder	207
frauenheld	207
londons	207
leistest	207
anwohner	207
wett	207
wichita	207
nutzlosen	207
verzehren	207
briefing	207
rückenschmerzen	207
pluto	207
verkrochen	207
stammelt	207
ravi	207
auspeitschen	207
creed	207
augenbinde	206
one-night-stand	206
schmeckte	206
osaka	206
bong	206
tags	206
osama	206
nachos	206
yourself	206
anstrengenden	206
verbarg	206
harmloser	206
lacy	206
russin	206
hochgenommen	206
kribbeln	206
krippe	206
glorreiche	206
pia	206
sparta	206
herumführen	206
beuge	206
geistreich	206
räche	206
arlington	206
m-hm	206
übst	206
nordwesten	206
schüttet	206
entsprechenden	206
weiterkommen	206
schwertern	206
fa	206
boxt	206
ausgetragen	206
ipod	206
laguerta	206
unbeliebt	206
belgier	206
armbänder	206
rettungsteam	206
hering	206
schlachthaus	206
königreiche	206
attraktion	206
zugesetzt	206
prüf	206
fotografien	206
schreckens	206
versicherte	206
oil	206
reportern	206
gleichgültigkeit	206
beschuldigst	206
mosby	206
fidel	206
neandertaler	206
rudert	206
jumbo	206
roper	206
reserven	206
hingetan	206
strategien	206
spaßvogel	206
übermäßig	206
undankbarer	206
karas	206
schusswechsel	206
circle	206
vielem	206
thierry	206
gegoogelt	206
deutete	206
umgegangen	206
ausspielen	206
sägen	206
emmy	206
zola	205
dilaurentis	205
markham	205
frisiert	205
kontaminiert	205
abgeschafft	205
breeland	205
vamos	205
begierig	205
running	205
ratgeber	205
sports	205
eingestürzt	205
goose	205
kompliziertes	205
märkte	205
spielern	205
flugtickets	205
phryne	205
qualvoll	205
disko	205
auflöst	205
exotisch	205
soziopath	205
desert	205
soso	205
iggy	205
fummel	205
einwickeln	205
waschraum	205
birch	205
ebbe	205
stinke	205
schälen	205
wanderung	205
schatulle	205
einlädt	205
vorhabt	205
perücken	205
magnum	205
klicks	205
bewaffnen	205
myron	205
comet	205
mille	205
säugling	205
flüchtiger	205
pfeifer	205
leistete	205
absolution	205
tampons	205
scheußliche	205
stripper	205
typhus	205
calais	205
rigsby	205
gerollt	205
gealtert	205
vergewaltigte	205
umgebaut	205
doktorarbeit	205
verbrauchen	205
bistro	205
ergreifend	205
jeweiligen	205
demokratischen	205
sechzig	205
campingplatz	205
tierchen	204
meier	204
aufzureißen	204
landon	204
oger	204
osiris	204
aufgekreuzt	204
watch	204
cupcake	204
gemieden	204
crowder	204
aufpasse	204
passagierliste	204
eingelocht	204
irwin	204
grenzenlos	204
lourdes	204
orientalische	204
legendär	204
konservativ	204
trauere	204
erstklassiger	204
cup	204
krumme	204
ängstigen	204
glühbirnen	204
anlügst	204
vicodin	204
liebtest	204
mülltonnen	204
auszubrechen	204
barren	204
karel	204
keil	204
andrei	204
witzen	204
leary	204
knirps	204
rüben	204
zahnschmerzen	204
männliches	204
orgasmen	204
obszön	204
postiert	204
wiedervereinigung	204
keane	204
herausgekommen	204
navigation	204
ablenkungen	204
konserven	204
rausgeht	204
heimgekommen	204
bergman	204
chronicle	204
runterfahren	204
verspürt	204
korrespondenz	204
dunphy	204
einbuchten	204
schuß	204
dieu	204
keyes	204
lasset	204
kommunion	204
elektrisch	204
dum	204
abschiedskuss	204
wissenschaftlicher	204
marker	204
fertigen	204
gerechter	204
lichtern	204
getankt	204
ratsam	204
hiv	204
beschämen	204
marcellus	204
jean-claude	204
raumfahrt	204
ferienhaus	204
alexei	204
stevenson	203
erklingen	203
bestimmter	203
eigensinnig	203
durchmache	203
möwe	203
durchnässt	203
grundregeln	203
empfahl	203
carina	203
rind	203
leidenschaftliche	203
umzingeln	203
zugetan	203
heimatwelt	203
bienenstock	203
verwechselst	203
glühwürmchen	203
teint	203
corky	203
drahtzieher	203
sesshaft	203
jörg	203
berichterstattung	203
cady	203
überreicht	203
durchgesetzt	203
gebeichtet	203
leeds	203
vierteldollar	203
fliehe	203
testosteron	203
mitnimmst	203
klacks	203
folgender	203
begegne	203
drastisch	203
nebenzimmer	203
sahara	203
gaumen	203
twain	203
fae	203
hervorragenden	203
spray	203
kannste	203
kellys	203
damaligen	203
aron	203
deponiert	203
botwin	203
ekstase	203
raupe	203
kruger	203
pforte	203
umschreiben	203
kopfes	203
taylors	203
grässlichen	203
garnelen	203
tschetschenien	203
zurücklegen	203
stopfe	203
angemessenen	203
durchbohrt	203
gesichts	203
strikte	203
triebe	203
signalton	203
hühnerstall	203
scarlet	203
entgegennehmen	203
seidenen	203
hergeführt	203
kevins	203
schalen	203
staatsanwalts	202
rap	202
cholesterin	202
verficktes	202
stinkreich	202
rovere	202
anka	202
nope	202
beiwohnen	202
irdische	202
beulen	202
aufstände	202
delores	202
fanfaren	202
hochhaus	202
pfau	202
schott	202
nashville	202
keaton	202
parkett	202
drohten	202
entrissen	202
zuordnen	202
mothra	202
gemeinden	202
nachhelfen	202
höchstgeschwindigkeit	202
kriegsrecht	202
polizeischutz	202
grizzly	202
vorgeschmack	202
körperteil	202
spargel	202
polizeiwagen	202
smithers	202
schulhof	202
does	202
geladene	202
nervosität	202
biegt	202
patrice	202
mamis	202
schwillt	202
zimmers	202
typisches	202
schöneren	202
unnötigen	202
ausgehandelt	202
spuk	202
noblen	202
rattern	202
ausgebildete	202
verdie	202
diskriminierung	202
geschehnisse	202
bestimmungen	202
sammelst	202
schmuggel	202
wasserstoff	202
retro	202
chefingenieur	202
schlimmeren	202
noelle	202
sternenbasis	202
waffenkammer	202
bent	202
kongressabgeordneter	202
apache	202
kontaktierte	202
u-boote	202
abspringen	202
unausstehlich	202
gekennzeichnet	202
kaut	202
unit	202
ablösung	202
verletzend	202
hombre	202
abs	202
commodore	202
tunneln	202
krabbe	202
befragungen	202
gefangenenlager	201
mascha	201
dürfe	201
überfällt	201
nerys	201
schulz	201
indian	201
herzogs	201
verscheucht	201
marsianer	201
flush	201
market	201
nachgeschaut	201
bischen	201
feierliche	201
endspiel	201
plünderer	201
abreibung	201
filmst	201
fairchild	201
gandalf	201
beschäftigte	201
prüfte	201
maskell	201
trödeln	201
modernes	201
manuelle	201
zerschnitten	201
geschmeidig	201
füsse	201
säuft	201
beständig	201
bandagen	201
fokussiert	201
strahlende	201
fügte	201
magnolia	201
simba	201
dödel	201
entsetzliche	201
bind	201
altmodischen	201
ritten	201
gesellschaften	201
schreitet	201
tania	201
cbs	201
anteilnahme	201
hausbesuche	201
kabul	201
human	201
ahnungslos	201
train	201
garner	201
ungeschoren	201
brannten	201
weißbrot	201
keats	201
wettet	201
rooney	201
drogentest	201
urwald	201
berühmtesten	201
aufzuhängen	201
ausgewechselt	201
unbegreiflich	201
kriminelles	201
horton	201
lights	201
hungersnot	201
anzapfen	201
schwierigkeit	201
sandrine	201
indirekt	200
dröhnt	200
seher	200
klingonischen	200
alleinerziehende	200
holde	200
gebrüllt	200
scheidungspapiere	200
vorlaut	200
noir	200
verspeisen	200
matratzen	200
ausgehend	200
einzugreifen	200
fürchterlichen	200
verduften	200
pilatus	200
tiefgarage	200
radioaktive	200
nanntest	200
häuten	200
dinnerparty	200
maurer	200
bernhard	200
danton	200
armseliger	200
myka	200
tricorder	200
schulbus	200
unterbreiten	200
stefanie	200
unangenehmen	200
zurücklehnen	200
neurotisch	200
shea	200
chillen	200
salim	200
bewahrte	200
bombay	200
corbett	200
goodwin	200
moya	200
plunder	200
unfallort	200
ozeane	200
komplizierten	200
würdevoll	200
frisbee	200
füchse	200
kletter	200
gewaltverbrechen	200
gummibärchen	200
mercury	200
schuhgröße	200
lawton	200
sprechende	200
verbundenheit	200
saftig	200
erotisch	200
loyaler	200
sudan	200
scotts	200
sandmann	200
dehnen	200
gel	200
finanzminister	200
armbanduhr	200
kostbares	199
durchsuch	199
racker	199
r-gespräch	199
datenbanken	199
roses	199
wohlwollen	199
schnappten	199
gewischt	199
abzuwenden	199
latino	199
selbstjustizler	199
bright	199
brustkrebs	199
wynonna	199
präpariert	199
goebbels	199
abstieg	199
zuverlässige	199
blitzschnell	199
birmingham	199
eidesstattliche	199
ryland	199
leningrad	199
anschließt	199
internationales	199
gleichberechtigung	199
innenseite	199
anlocken	199
zurückfallen	199
vermählung	199
gebeugt	199
tough	199
kammern	199
beantwortest	199
coburn	199
erfahrenen	199
coast	199
gehoben	199
verlogener	199
klopfst	199
sehenswürdigkeiten	199
pettersson	199
kidnappen	199
schwierigsten	199
riesenspaß	199
schmeckst	199
verholfen	199
projekts	199
dodgers	199
entferntes	199
gustave	199
fleckchen	199
abgelegenen	199
gelüftet	199
plädoyer	199
brauen	199
weißem	199
ger	199
hooper	199
fändest	199
kode	199
empfangsdame	199
gesuch	199
doppelmord	199
abgewendet	199
verkürzen	199
abenteuern	199
lockte	199
fragtest	199
zwillingsschwester	199
jaa	199
abgefuckt	199
jonglieren	199
waffenlager	199
mögest	199
überschreitet	199
parameter	199
gletscher	199
strände	198
schweigst	198
aal	198
frederic	198
dienstaufsicht	198
notausgang	198
gutaussehender	198
fabio	198
voila	198
landeplatz	198
heranzukommen	198
mavis	198
wahllos	198
blühende	198
mackey	198
personenschutz	198
zweikampf	198
auspuff	198
neigungen	198
huntington	198
meryl	198
dumbledore	198
anmerkungen	198
vordermann	198
rächer	198
pflaume	198
längen	198
nähme	198
woll	198
strategisch	198
reifenquietschen	198
einbringt	198
quint	198
stoffwechsel	198
reinzugehen	198
parole	198
energy	198
zerbrich	198
hergerichtet	198
auszuüben	198
macleish	198
dramatischen	198
unverwundbar	198
ereignete	198
tippt	198
gewissens	198
gestaltwandler	198
verdrücken	198
hazard	198
mithören	198
verhaftete	198
aufregenden	198
faschist	198
überlegenheit	198
musketier	198
schatzkammer	198
strumpfhose	198
begegnungen	198
schleusen	198
dyson	198
romans	198
kronleuchter	198
hashtag	198
brautkleid	198
bobbie	198
verstellt	198
pein	198
spannt	198
beowulf	197
senora	197
vermasselst	197
übersät	197
werken	197
zerfressen	197
billings	197
eisberg	197
sprechstunde	197
aperitif	197
quieken	197
selbstmörder	197
weltweite	197
adèle	197
flotten	197
priscilla	197
schwenken	197
kokon	197
zaubersprüche	197
gedenke	197
tov	197
durchquert	197
hex	197
würdiger	197
verhaltet	197
ausziehe	197
hochklettern	197
robust	197
ehrenvoll	197
simulieren	197
bombenanschlag	197
gräbern	197
ordne	197
türke	197
vordere	197
karnickel	197
belgrad	197
dona	197
verbandszeug	197
annimmst	197
beschädigte	197
speise	197
winke	197
rosenkranz	197
verkehrsunfall	197
schwarzem	197
einbeziehen	197
heimzuzahlen	197
schönheiten	197
wechselst	197
sphäre	197
vielfalt	197
derby	197
landei	197
zerkratzt	197
gewünschte	197
modenschau	197
inkognito	197
zusammenstoß	197
todesopfer	197
mixen	197
backt	197
klischees	197
blanchard	197
bereitwillig	197
auszugleichen	197
projekten	197
aquaman	197
jüdischer	197
interface	197
ausspionieren	197
auffrischen	197
legalen	197
königliches	197
wiederaufbau	197
vorbeikam	197
überresten	197
mobil	197
drecksäcke	197
viertes	197
mordanklage	197
cory	197
schwertkämpfer	197
überließ	197
unterbricht	197
zutrifft	197
bube	197
reinfallen	197
verschaffte	197
erfolgte	197
verwundert	197
gebar	197
hingewiesen	197
lauer	197
militärischer	197
rashid	196
roderick	196
gelobte	196
ankläger	196
gemächer	196
nachgegangen	196
echtem	196
musikalische	196
bildete	196
pulsadern	196
vermöbeln	196
eingänge	196
verdauung	196
hingehöre	196
marlon	196
nola	196
verstimmt	196
vorzuwerfen	196
sogleich	196
jimi	196
schwärmt	196
säuberung	196
hexenjagd	196
steuererklärung	196
entschädigen	196
dirigent	196
barbier	196
nordafrika	196
caro	196
lügendetektortest	196
ausgespuckt	196
reichst	196
praktischen	196
herauszukommen	196
sure	196
auferlegt	196
soziales	196
aufregendste	196
einflussreiche	196
drängte	196
darth	196
dantes	196
homosexuellen	196
homosexualität	196
knirschen	196
treffens	196
ryo	196
exfreundin	196
edelmann	196
damaskus	196
interpretiert	196
gerichtsverhandlung	196
locksley	196
liebevoller	196
ausflüge	196
huber	196
vorhatten	196
anschalten	196
curzon	196
bürokraten	196
ministerpräsident	196
idris	196
praktikant	196
hilferuf	196
yolanda	196
zugeschaut	196
paxton	196
anziehe	196
großmama	196
geknutscht	196
frecher	196
esmeralda	196
verstummen	196
helsing	196
alleinige	196
glasgow	196
geländewagen	196
chopin	196
view	196
mutant	196
rechtsabteilung	196
ressler	196
tyrone	196
schleppte	196
oberstleutnant	196
weggeschmissen	195
hörnern	195
henriette	195
meeresgrund	195
aufgeschmissen	195
mild	195
bestückt	195
hausen	195
widmung	195
freihalten	195
gendarm	195
duften	195
spiritus	195
gefüllte	195
terrance	195
vorige	195
class	195
weissen	195
milchshake	195
delhi	195
priesterin	195
hatice	195
bescheuerter	195
dreifachen	195
latinos	195
vermählt	195
zwangsjacke	195
besagten	195
rune	195
johnston	195
staatspolizei	195
shep	195
gottlosen	195
bajoranischen	195
vincenzo	195
croissants	195
weitermacht	195
hitomi	195
epoche	195
kelzi	195
glücksfall	195
babi	195
anging	195
spirale	195
ausgestoßen	195
verstaut	195
wiederbelebung	195
kauderwelsch	195
blutergüsse	195
rückfällig	195
andeutungen	195
motels	195
verpacken	195
exzellenter	195
cummings	195
männerstimme	195
wichtigtuer	195
rowena	195
waterloo	195
auftauchten	195
ansammlung	195
hinblick	195
keim	195
warteschleife	195
wehrte	195
zeiger	195
welles	195
guillermo	195
zeitlupe	195
notiere	195
generaldirektor	195
abschrecken	195
witziges	195
kreist	195
archäologen	195
valentin	195
gefischt	195
reizvoll	195
pfefferminz	195
enttäuschungen	195
hufeisen	195
berechne	195
unvermeidbar	195
speisekammer	194
bypass	194
grober	194
peinlichen	194
schwiegereltern	194
schließung	194
fotografiere	194
kolben	194
senioren	194
luftröhre	194
unglaubwürdig	194
drummer	194
puppenspieler	194
erics	194
zahlten	194
entbehrlich	194
gegenüberstellung	194
benebelt	194
athlet	194
gemordet	194
kriegs	194
degradiert	194
anmutig	194
hooky81	194
erstickte	194
anbelangt	194
nor	194
analytiker	194
hecht	194
vereinigte	194
heißem	194
traumfrau	194
wenigkeit	194
rentier	194
anspielungen	194
egoistischer	194
worth	194
grossvater	194
woah	194
dmitri	194
laus	194
pianist	194
hinken	194
gestein	194
anschaust	194
geringen	194
graffiti	194
gredenko	194
elendes	194
wußtest	194
lira	194
bewegten	194
körpersprache	194
fertigzumachen	194
büschen	194
muhen	194
kürzungen	194
halsschlagader	194
meadows	194
tris	194
gebratene	194
grundsätze	194
insassin	194
bootshaus	194
talenten	194
knüpfen	194
zaster	194
tiberius	194
bitches	194
kriech	194
grabt	194
ausfall	194
schleiche	194
petey	194
haftbefehle	194
mistress	193
germain	193
pflaumen	193
blackjack	193
mckenzie	193
umsteigen	193
dumpfe	193
durchsichtig	193
sozialismus	193
schlumpfine	193
shiro	193
uterus	193
spiegelt	193
jetzige	193
nahrungskette	193
vollzählig	193
bah	193
schulglocke	193
rosewood	193
erleidet	193
verunglückt	193
begleiterin	193
babette	193
ausflüchte	193
auszuweichen	193
stolpert	193
southern	193
edinburgh	193
bergauf	193
fogg	193
inständig	193
arbeitslose	193
hands	193
fortgeschrittene	193
aufbaut	193
mündel	193
kiffer	193
chinesin	193
untertan	193
sense	193
aberjetzt	193
because	193
schönheitssalon	193
kollision	193
unehrenhaft	193
rauszubringen	193
blümchen	193
gefördert	193
rechtlichen	193
enkeln	193
sister	193
caruso	193
erledigte	193
qiu	193
beklauen	193
schmecke	193
bunten	193
olymp	193
skulpturen	193
salomon	193
aufgespießt	193
sicherheitsstufe	193
british	193
herausstellen	193
technischer	193
astor	193
geduldet	193
raster	193
verdammen	193
lästige	193
valentino	193
bewerfen	193
angenehmes	193
umgestellt	193
hingesetzt	193
kosmische	192
nebenwirkung	192
mattie	192
eintrittskarten	192
korsett	192
killian	192
mächten	192
dialyse	192
unergründlich	192
kämmen	192
flight	192
farnsworth	192
oren	192
keksen	192
reptilien	192
nasir	192
lannister	192
albrecht	192
zutun	192
pen	192
zwickmühle	192
weiterkämpfen	192
variablen	192
alonzo	192
wimpern	192
bewährt	192
herumfahren	192
hymne	192
überschreiben	192
brittany	192
léon	192
bücken	192
zumuten	192
gebannt	192
regionen	192
mette	192
bewies	192
quaken	192
dächern	192
kemp	192
rog	192
zusammenhängen	192
einzelzimmer	192
erwähnung	192
reinplatzen	192
amador	192
christensen	192
ladens	192
pyjamas	192
montage	192
untergebenen	192
sentimentale	192
lenkst	192
punktzahl	192
spöttisch	192
todkrank	192
entzwei	192
mar	192
paparazzi	192
lyman	192
kraftvoll	192
erdulden	192
motorengeräusch	192
proteste	192
wandelnde	192
unscharf	192
beale	192
festgenagelt	192
raue	192
gemütlicher	192
überzeugender	191
claires	191
rankin	191
haferbrei	191
lächelnd	191
macke	191
stoppte	191
entspannter	191
fotzen	191
dig	191
wlan	191
beherbergen	191
mikrofilm	191
verschwörer	191
angesehener	191
prudence	191
jägern	191
chaz	191
ulf	191
tung	191
gestärkt	191
gesehnt	191
meyers	191
tagung	191
dänische	191
wäret	191
leibes	191
burma	191
werbespots	191
ausbeutung	191
corp	191
prix	191
corax	191
gottheit	191
einzigartiges	191
gomorrha	191
wachleute	191
hatschi	191
viktoria	191
step	191
kopftuch	191
magenschmerzen	191
maui	191
animation	191
präsidentschaft	191
sokrates	191
geheimdienstes	191
breen	191
erging	191
aufzumuntern	191
manifest	191
deckard	191
holder	191
fugen	191
dränge	191
gemeinnützige	191
augenzeuge	191
inferno	191
saxon	191
darwyn	191
billys	191
quacksalber	191
supermann	191
edo	191
verschaffe	191
mitmachst	191
sekretärinnen	191
charlottes	191
schärfste	191
winterschlaf	191
r2-d2	191
bristol	191
rutschig	191
verknüpft	191
gesellschaftlichen	191
alexa	191
schröder	191
duscht	191
elektronisches	191
annahmen	191
ampeln	191
violetta	191
cardassianische	191
zed	191
gestreckt	191
gesehn	191
dildo	191
robins	191
drehbücher	191
versagst	191
herrscherin	191
layla	191
tichy	191
tollpatsch	191
hausschuhe	191
stadtrand	191
anstarrt	191
flop	191
biografie	191
lei	191
rockefeller	191
account	191
kluft	191
herrentoilette	191
stöcke	191
zeichnete	191
hörbar	191
gelbes	191
angebliche	191
beschleunigung	191
geistlicher	191
deniz	191
uhrwerk	190
gründet	190
nagt	190
aufmunterung	190
joni	190
spulen	190
beleuchtet	190
einmaliges	190
carlyle	190
anzuklagen	190
verlorener	190
hubbard	190
bereichern	190
ausgeschieden	190
kanten	190
bedank	190
wahrsten	190
kriegers	190
massenmörder	190
stäbchen	190
outfits	190
gassen	190
arlo	190
lunte	190
poole	190
ausgezeichneten	190
unkosten	190
nahaufnahme	190
schwankt	190
bände	190
teiepathen	190
elinor	190
hochfahren	190
formieren	190
luden	190
arrogante	190
konvention	190
vene	190
doakes	190
ihresgleichen	190
hochjagen	190
beurlaubt	190
aufsagen	190
telefonanruf	190
drogendezernat	190
garry	190
kubanische	190
cornwall	190
andie	190
jh	190
flache	190
vip	190
gattung	190
dealt	190
einzuschlagen	190
versammelten	190
fleischbällchen	190
ausräumen	190
banjo	190
zögerst	190
engels	190
gegenübertreten	190
ehelichen	190
skinny	190
petit	190
leitenden	190
delle	190
fleiß	190
marin	190
maple	190
alberner	189
belangen	189
verfault	189
est-ce	189
ta-da	189
chloroform	189
othello	189
herausfindest	189
eklige	189
vermiss	189
aufgefangen	189
ergo	189
unerbittlich	189
dew	189
hort	189
weiterzuleben	189
pfadfindern	189
vorstellst	189
cicero	189
beschützte	189
nassau	189
überraschende	189
gräben	189
patriotismus	189
edelstein	189
siegreich	189
überwindet	189
labern	189
ausfahren	189
ausziehst	189
einbruchs	189
herzversagen	189
professorin	189
fletch	189
fairfax	189
bath	189
report	189
ärschen	189
chrissie	189
refrain	189
oscars	189
gezeiten	189
nominierung	189
badet	189
unternimmst	189
praktischer	189
buick	189
vernaschen	189
attrappe	189
schwächt	189
pick-up	189
liebender	189
tickst	189
shack	189
heimkehren	189
lavendel	189
niederknien	189
musikalisch	189
vertagen	189
natalia	189
wunderst	189
beast	189
flammenwerfer	189
menschenfleisch	189
larissa	189
kandidiere	189
verfassen	189
agha	189
sadist	189
bremst	189
druckerei	189
sorglos	189
aufzuheitern	189
notlage	189
vorabend	189
nervöser	189
dalek	189
bauchnabel	189
braven	189
purcell	189
altman	189
professors	189
abzubrechen	189
instagram	189
festnetz	188
brillen	188
zählung	188
alimente	188
scheckbuch	188
wren	188
abrakadabra	188
präziser	188
upon	188
erreger	188
posaune	188
schlaff	188
abgetaucht	188
karrieren	188
erstbesten	188
anhatte	188
hitzkopf	188
streits	188
arbeiterklasse	188
geizhals	188
nordseite	188
erwischten	188
rorys	188
gouvernante	188
malloy	188
handgranate	188
abzusetzen	188
manticore	188
magnetische	188
nummernschilder	188
überfiel	188
heilsarmee	188
spült	188
anschrift	188
fragmente	188
angegangen	188
fantomas	188
protestiert	188
hinterließen	188
shaft	188
großzügigen	188
hervorgerufen	188
statur	188
walkie-talkie	188
lima	188
crosby	188
whit	188
multiple	188
runterfallen	188
radioaktiv	188
zunehmen	188
beate	188
gerichtstermin	188
saure	188
kristin	188
zurückkehrst	188
defensive	188
androiden	188
voreinander	188
virginie	188
umbau	188
widmete	188
metier	188
lacrosse	188
dalia	188
naher	188
fortuna	188
brando	188
diktieren	188
widerstands	188
igel	188
vorbildlich	188
quincy	188
rawls	188
kampfgeräusche	188
zertrümmern	188
verwehren	188
unterstützte	188
adelaide	188
ponys	188
stetig	188
belegte	188
schlussfolgerungen	188
aktiver	188
simuliert	188
avi	188
umgewandelt	188
everest	188
jennys	188
prophezeit	188
schranken	188
liiert	188
gabeln	188
spezial	187
haupttor	187
cougar	187
einnimmt	187
michail	187
profite	187
lassie	187
hausmann	187
modifiziert	187
shining	187
nakamura	187
terence	187
schmerzes	187
konkurs	187
revolte	187
verhängnis	187
bürgerrechte	187
einmischt	187
überbracht	187
rassisten	187
gesaugt	187
lebensgefährlich	187
tiefste	187
pines	187
teer	187
schlüsseln	187
frühzeitig	187
kapituliert	187
christentum	187
erweise	187
unausweichlich	187
heavy	187
kates	187
ultimativen	187
anbot	187
manor	187
zuge	187
aorta	187
abtei	187
potenziellen	187
rollin	187
durchsuchten	187
aufrechtzuerhalten	187
beendest	187
ankommst	187
dickinson	187
asia	187
lennon	187
billionen	187
sehnte	187
geplante	187
nr	187
kontonummer	187
tinker	187
jer	187
peel	187
warnungen	187
gönnt	187
swat	187
koje	187
lkw-fahrer	187
fieses	187
maximilian	187
demokratische	187
gran	187
ausrotten	187
brice	187
blutete	187
derzeitige	187
ureinwohner	187
geschrumpft	187
holm	187
nachforschen	187
wirres	187
hellwach	187
anklagepunkte	187
möbeln	187
any	187
blindgänger	187
ausrufen	187
reinkomme	187
kojote	187
papierkorb	187
zusammenkunft	187
schlimmstenfalls	187
oaks	187
schwänzt	186
bleiche	186
kommune	186
metaphern	186
dienstplan	186
jakes	186
sansa	186
lämmchen	186
looking	186
irres	186
gefängnissen	186
tata	186
tagt	186
ausgerufen	186
geschaltet	186
erstreckt	186
wirtschaftliche	186
umschläge	186
schmiergeld	186
anstellst	186
isolde	186
gazelle	186
peralta	186
ayla	186
gebongt	186
abenden	186
schlägereien	186
adressbuch	186
geschiedene	186
ballsaal	186
forderst	186
armando	186
unterirdische	186
trostlos	186
unwirklich	186
abstechen	186
ganges	186
bergwerk	186
bewerbungen	186
gewürgt	186
bekenne	186
doppelleben	186
bridger	186
prentiss	186
yuji	186
rauszuhalten	186
pasadena	186
räumst	186
vergleicht	186
volvo	186
geschätzten	186
gerätst	186
potentiellen	186
rennens	186
aloha	186
assistenzärzte	186
gefertigt	186
unwissend	186
abgelegen	186
pronto	186
teheran	186
sox	186
optimal	186
handschuhen	186
symphonie	186
killt	186
tuberkulose	186
corbin	186
institute	186
erstaunliches	186
postkutsche	186
löhne	186
trockenes	186
jukebox	186
duldet	186
überbieten	186
auftauche	186
einsatzkommando	186
einschränkungen	186
reizbar	186
klugheit	186
goldes	186
bettes	186
eindrücke	186
zeugenschutz	186
perser	186
herzklopfen	186
hasta	186
berauscht	186
erstaunlichen	186
citizen	186
prächtigen	186
irischer	186
impfen	186
demonstriert	186
leerem	186
dooku	186
barabbas	186
begleitete	186
akute	186
colbert	186
overall	186
sozialer	186
verdopple	186
plastiktüte	186
betreibe	186
groves	186
waffenruhe	185
guys	185
krimi	185
ilja	185
sayonara	185
vermählen	185
deckst	185
wrong	185
optische	185
räubern	185
kürzester	185
mayfair	185
rebbekah	185
nashorn	185
unheimliches	185
barbarisch	185
bello	185
gerinnsel	185
eintauchen	185
werfer	185
neurologische	185
vorzunehmen	185
fuentes	185
kapazität	185
beschwerst	185
wascht	185
wickel	185
comes	185
dandy	185
zwingend	185
unterzubringen	185
giacomo	185
richardson	185
duo	185
angewohnheiten	185
qué	185
zusatz	185
daniela	185
blutiger	185
biere	185
cable	185
übernehm	185
unregelmäßig	185
grigori	185
zugezogen	185
beaufsichtigen	185
beckman	185
weihen	185
chr.	185
melodien	185
austeilen	185
lothar	185
dräng	185
erblickt	185
standards	185
unheimlichen	185
vorbeikomme	185
wickelt	185
steves	185
ev	185
tätest	185
andres	185
verschon	185
donaldson	185
überwachungsvideos	185
tres	185
schwachsinnig	185
enkeltochter	185
bootsmann	185
vorhut	185
wohlbehalten	185
fußfessel	185
durchschaue	185
presley	185
hilflose	185
kassiererin	185
beabsichtigen	185
pour	185
lonely	185
nutzloser	185
schnurrt	185
militärpolizei	185
löschte	185
galavan	185
intelligentes	185
raketenwerfer	185
dirne	185
verlorenes	185
verschmiert	185
erhebliche	185
holprig	185
mysteriöser	184
piste	184
comtesse	184
verbirgst	184
ausnutzt	184
interessenten	184
rapper	184
reflektiert	184
track	184
kot	184
geldstrafe	184
uhh	184
jims	184
weltweiten	184
daníel	184
isaak	184
ds	184
endeffekt	184
cbi	184
schläfe	184
amazing	184
hochnäsig	184
navi	184
armleuchter	184
frettchen	184
komitees	184
minivan	184
ställe	184
hüllen	184
sprengung	184
stabile	184
entern	184
aussahen	184
ungerade	184
galileo	184
bankiers	184
takeshi	184
übern	184
anonymität	184
väterchen	184
formt	184
undankbare	184
entferntesten	184
yee	184
verträgst	184
obendrauf	184
laternen	184
caracas	184
anzuerkennen	184
karsten	184
chf6bd15	184
geboxt	184
hellsehen	184
taser	184
verhandelbar	184
dios	184
sprengköpfe	184
erntet	184
institutionen	184
morgans	184
ozzy	184
überbrücken	184
rettungsaktion	184
barber	184
weckruf	184
gestohlenes	184
nahkampf	184
anleihen	184
schimanski	184
spooner	184
dominus	184
schlümpfe	184
ungewohnt	184
schwachstellen	184
begibt	184
zpm	184
round	184
kensi	184
eingabe	184
chardonnay	184
sperrte	183
roastbeef	183
konstantinopel	183
wundersame	183
holla	183
dia	183
ergänzen	183
lebensraum	183
niederen	183
poeten	183
derartiges	183
spule	183
audi	183
crowe	183
erfahrt	183
elwood	183
mittellos	183
clubhaus	183
bernice	183
ausm	183
vee	183
verabscheut	183
lebensmitteln	183
kincaid	183
entreißen	183
schütte	183
erzfeind	183
konfiszieren	183
race	183
gekreuzigt	183
völkermord	183
fehlverhalten	183
ersetze	183
verschiebt	183
hypotheken	183
ausschlagen	183
vorgänge	183
ulrike	183
bezichtigt	183
nilsson	183
abbeißen	183
beschreibe	183
quintus	183
angefallen	183
flugsteig	183
larsen	183
delirium	183
erklimmen	183
besinnung	183
inaktiv	183
arkham	183
vikar	183
diskutiere	183
verstauen	183
liegend	183
managen	183
standesamt	183
widert	183
drosseln	183
wehre	183
gudrun	183
jefe	183
feindliches	183
augapfel	183
massagen	183
staubig	183
gegebenen	183
nichten	183
bannister	183
besuchern	183
sindbad	183
elektrischer	183
didier	183
bonsoir	183
utopia	183
pssst	183
zonen	183
rangegangen	183
berühmtes	183
dämmert	183
wirr	183
kubrick	183
tempus	183
bene	183
unmöglichen	183
genossin	183
gekippt	183
ballade	183
aufdrehen	183
gewogen	183
bezwungen	183
schall	182
umfassende	182
hundescheiße	182
überwachungsvideo	182
verbogen	182
shatterhand	182
zugangscode	182
anzweifeln	182
their	182
labert	182
notre	182
höllische	182
antritt	182
verde	182
vorab	182
gesetzlosen	182
unsinnig	182
kartoffelbrei	182
familientradition	182
butcher	182
fatal	182
payne	182
abendmahl	182
chamberlain	182
tigger	182
teamwork	182
verdientes	182
barsch	182
weltrekord	182
norweger	182
getränkt	182
ldee	182
sha	182
polier	182
late	182
grammatik	182
eingesammelt	182
ängstigt	182
vergelten	182
wiederholst	182
aufschieben	182
polizeiauto	182
heuschrecken	182
wolowitz	182
ausbrach	182
meeresfrüchte	182
massiert	182
blies	182
veronika	182
schauer	182
loco	182
fung	182
toulouse	182
jetlag	182
kategorien	182
unverständlicher	182
verwüstung	182
besiegten	182
schmerzvoll	182
wachsende	182
sicherheiten	182
sera	182
dossier	182
hawke	182
hepp	182
cartoons	182
guardian	182
whole	182
rückenmark	182
benito	182
kaltmachen	182
fahrenden	182
taro	182
äther	182
savitar	182
fluchtplan	182
familiengeschichte	182
universen	182
berman	182
orientieren	182
formell	182
ärmsten	182
schnapsladen	182
scheißangst	182
herumschnüffeln	182
falltür	182
jammerlappen	182
echse	182
suspendieren	182
zielort	182
routen	182
wai	181
chill	181
untertrieben	181
asphalt	181
delfino	181
kriegerin	181
libanon	181
bunch	181
exotischen	181
lian	181
neunzehn	181
freispruch	181
kyoko	181
städtchen	181
dokumentarfilm	181
bosco	181
klubs	181
dart	181
gelutscht	181
scheuen	181
halbtot	181
sodom	181
agiert	181
ähnlichkeiten	181
salute	181
vorgegeben	181
atome	181
überladen	181
anhieb	181
jalousien	181
einsiedler	181
rotem	181
crenshaw	181
wilsons	181
piazza	181
widerspreche	181
ueo	181
scheidungen	181
sprengsatz	181
einschränken	181
pioniere	181
algen	181
shu	181
erhöhten	181
schmerzhafte	181
hinschauen	181
aufregst	181
bulldozer	181
versklavt	181
zerschmettern	181
extremer	181
eingebung	181
auszurichten	181
vorzumachen	181
ankomme	181
myles	181
gefunkt	181
nerds	181
zeugnisse	181
spirituell	181
spürten	181
amys	181
angemessener	181
familiäre	181
außendienst	181
konsequent	181
kälber	181
fresno	181
miyagi	181
capitan	181
trace	181
frischling	181
rumgelaufen	181
pochen	181
terroristin	181
balthasar	181
sanderson	181
sweets	181
herausgerissen	181
achtern	181
vermeide	181
kronprinz	181
knistert	181
auslegen	181
freimaurer	181
asservatenkammer	181
arvin	181
wiederwahl	181
cherie	181
unterdrückte	181
hörgerät	181
kaspar	181
python	181
jämmerlichen	181
schmalen	181
gegenüberstehen	181
oase	180
brandneuen	180
haften	180
hindeuten	180
abhandlung	180
macarthur	180
arminius	180
ie	180
stadtzentrum	180
händedruck	180
lefty	180
unbehagen	180
johansson	180
indiskret	180
durchschlagen	180
sphärische	180
nachkomme	180
scavo	180
seals	180
intellektuell	180
förderung	180
mariah	180
claudio	180
kostenloses	180
laderaum	180
unterzahl	180
kinderarzt	180
blum	180
gesprächs	180
matter	180
borland	180
unterschlagen	180
soo	180
hilfsmittel	180
nachwelt	180
beneidet	180
guan	180
einträge	180
schluckte	180
lie	180
flippen	180
ibrahim	180
empfänglich	180
erkenntlich	180
jaz	180
saiten	180
gehaltsscheck	180
schnauben	180
injektionen	180
abfallen	180
andersen	180
bungalow	180
brauchbares	180
scrabble	180
ausgeschlafen	180
schotte	180
golfschläger	180
hartford	180
koennen	180
quick	180
unterlaufen	180
strophe	180
mountains	180
montague	180
erstklassigen	180
untergekommen	180
genauigkeit	180
pizzen	180
ausgehungert	180
giselle	180
anziehst	180
lichtschalter	180
vita	180
schwerem	180
mitspielt	180
streikt	180
gemailt	180
rollins	180
mansfield	180
renner	180
pflichtverteidiger	180
arigold	180
edwina	180
buchhandlung	180
angehören	180
bannon	180
mme	180
eau	180
besuchs	180
geschwistern	180
zensur	180
junggesellenparty	180
gekappt	180
bäuerin	180
transportmittel	180
halbe-halbe	180
klinks	180
chat	180
mahnung	180
heimsuchen	180
stritt	180
domingo	180
vorherige	180
hodges	179
apfelsaft	179
kommunistische	179
fußgänger	179
schräger	179
köstlichen	179
faser	179
platzte	179
gelassenheit	179
pilzen	179
flirte	179
klebte	179
nutz	179
hansi	179
pornografie	179
stolzes	179
riesending	179
gruseliger	179
allerwichtigste	179
ironischerweise	179
bereicherung	179
allgemeines	179
jam	179
bauchweh	179
unentbehrlich	179
simeon	179
wechselbalg	179
bowlingbahn	179
forensiker	179
nährt	179
genevieve	179
scheißhaus	179
zirka	179
r2	179
bestem	179
ausspannen	179
range	179
hanni	179
abgefallen	179
drogerie	179
ägyptischen	179
programmierer	179
macher	179
pieps	179
scheiterte	179
moneten	179
flying	179
spice	179
beschäftigter	179
arrestzelle	179
phänomene	179
besiegeln	179
rothstein	179
hirngespinst	179
gleitet	179
raumes	179
erzengel	179
lamar	179
zora	179
otter	179
touché	179
sung	179
japanisches	179
regelmäßige	179
getrübt	179
excalibur	179
task	179
magister	179
verhältnissen	179
meng	179
justice	179
akademiker	179
verrätern	179
juarez	179
gläsern	179
yoshida	179
gehäuse	179
kettenreaktion	179
waits	179
aufnahm	179
staudamm	179
conan	179
streitigkeiten	179
felle	179
baal	179
scanne	179
sellerie	178
bescheißt	178
peitschen	178
wickham	178
prostata	178
diagramm	178
sonnigen	178
allez	178
alligatoren	178
arbeitende	178
albaner	178
nötigung	178
coles	178
frl	178
infolge	178
zuges	178
dupree	178
vordringen	178
gefielen	178
erhitzt	178
rochelle	178
charity	178
jahrelange	178
ausarbeiten	178
fifth	178
morgendämmerung	178
demoliert	178
suzaku	178
aasgeier	178
stampfen	178
widmet	178
überrasche	178
project	178
beeilst	178
steuerberater	178
rät	178
abhaken	178
abgegangen	178
charmeur	178
irish	178
bekehren	178
player	178
austreiben	178
jodie	178
spielhalle	178
regenwald	178
belanglos	178
bills	178
kollateralschaden	178
olivers	178
imitation	178
einschaltquoten	178
eiskalte	178
urkomisch	178
ärgerst	178
bemerkst	178
zurückspulen	178
anzuzünden	178
begrenzten	178
hanks	178
zuende	178
liebstes	178
graues	178
stärkung	178
garantien	178
vorgefunden	178
armaturenbrett	178
schwimmst	178
studentinnen	178
gefangennahme	178
voice	178
extrablatt	178
wartend	178
dip	178
rückspiegel	178
vorherbestimmt	178
karpfen	178
judge	178
sperrstunde	178
monitore	178
tully	178
eddi	178
bluttests	178
baton	178
fraktur	178
alben	178
regenten	178
kreuzfeuer	178
wegsehen	178
vivien	178
dreizack	178
shark	177
ausreicht	177
wolkenkratzer	177
radios	177
fingers	177
schiefläuft	177
ausstieg	177
zusammenarbeitet	177
subs	177
schönling	177
avalon	177
geldprobleme	177
formwandler	177
resync	177
ballkönigin	177
medusa	177
lobet	177
ivo	177
ausgelaugt	177
burbank	177
killers	177
kali	177
stickig	177
mega	177
someone	177
arschkriecher	177
bestrahlung	177
nachrichtendienst	177
brownie	177
abgefunden	177
bastille	177
pott	177
yoda	177
zusammenhänge	177
bockmist	177
unkompliziert	177
jeffries	177
bildeten	177
puma	177
gestörte	177
ankunftszeit	177
plymouth	177
durchkämmt	177
verbesserte	177
plattenfirma	177
direktive	177
nütze	177
zusammenhängt	177
eisbären	177
vergesslich	177
harmlosen	177
gebrauchte	177
empörung	177
sonntagmorgen	177
kapitol	177
santo	177
kastriert	177
verstöße	177
polizeibeamte	177
entsinne	177
töpfchen	177
nötigste	177
gremium	177
herzliche	177
taff	177
viereinhalb	177
mitfühlend	177
rachels	177
polizeiliche	177
geschwafel	177
abzuwehren	177
bewohnern	177
einzuschalten	177
softitler	177
vie	177
bleistifte	177
close	177
sterbebett	176
problemo	176
kimble	176
ahmt	176
abgezockt	176
erhältlich	176
geoutet	176
sauerkraut	176
anzugeben	176
equipment	176
abgibt	176
weichst	176
augustine	176
rechtshänder	176
wassermelone	176
demokratisch	176
monument	176
alcatraz	176
tempels	176
tschüssi	176
tory	176
eingepflanzt	176
pathologie	176
ungutes	176
pak	176
tatzeit	176
schwelgen	176
vulkanischen	176
pitbull	176
du-	176
erkennbar	176
fernsehserie	176
diaries	176
töchterchen	176
clarks	176
medici	176
kotz	176
schüttle	176
lower	176
primäre	176
reinpassen	176
quartiere	176
murdoch	176
stammst	176
drago	176
catering	176
niels	176
mekka	176
virtuelle	176
zahnfleisch	176
beschießen	176
passanten	176
ehemanns	176
a-team	176
iphone	176
südens	176
ystad	176
türschwelle	176
karawane	176
gegenangriff	176
acapulco	176
charmanter	176
auszug	176
bürsten	176
patrouillieren	176
feststecken	176
niemandsland	176
stammgast	176
schutzschilde	176
amerikanischem	176
auswirkung	176
dingsda	176
dorrit	176
huo	176
flagg	176
hohn	176
blutegel	176
petrov	176
jazzhead	176
arbeitskollegen	176
boiler	176
verbesserungen	176
japse	176
renée	176
kardinäle	176
dekoriert	176
begrenzen	176
omni	176
missfallen	176
next	175
hellseherin	175
glock	175
leuchtfeuer	175
schakal	175
harp	175
alkoholproblem	175
ignorierte	175
geheißen	175
anstrengender	175
galle	175
orchidee	175
tusk	175
beworfen	175
fahrerin	175
peaches	175
vize	175
erhabene	175
whitmore	175
familienangelegenheit	175
johlen	175
schlitzauge	175
hatt	175
gem	175
bäder	175
schwarz-weiß	175
kammerdiener	175
amelie	175
mathison	175
afrikas	175
sechsmal	175
toledo	175
lieblings	175
washingtons	175
minibar	175
neugeborenen	175
trübe	175
fehlanzeige	175
todernst	175
stannis	175
löwin	175
sorgten	175
blamierst	175
unbewaffneten	175
schlachthof	175
hörgeschädigte	175
präzedenzfall	175
vibrator	175
himmler	175
rothaarigen	175
volllaufen	175
fanfare	175
körperlicher	175
antaten	175
absolviert	175
geschleift	175
beacon	175
mayans	175
immobilie	175
boots	175
kapern	175
kellogg	175
unverheiratet	175
abzieht	175
barmherzig	175
imam	175
verhöhnt	175
betrete	175
bevorstehende	175
donaghy	175
liegestütze	175
poppins	175
eiskrem	175
aoki	175
schwergewicht	175
pumpt	175
dodd	175
pagen	175
höherer	175
rance	175
drusilla	175
österreicher	175
britisch	175
springende	175
weihe	175
riesenrad	175
christo	175
höflicher	175
straßenecke	175
südseite	175
neugierige	175
katheter	175
kobayashi	175
tandy	175
modus	175
perverses	175
eingestochen	175
fälscher	175
grösser	174
begabter	174
meteorit	174
aufzuführen	174
auftragsmörder	174
pustet	174
ariane	174
baumann	174
eleganten	174
beenthere	174
ulrik	174
videorekorder	174
kneipen	174
oooh	174
capua	174
komfortabel	174
hierarchie	174
elixier	174
letty	174
einzieht	174
seniorpartner	174
abstecher	174
book	174
tät	174
zuständige	174
trampel	174
paradox	174
straff	174
maynard	174
ch33fa33	174
peperoni	174
evangelium	174
tiefgründig	174
francie	174
kolumbianer	174
guillotine	174
gebrandmarkt	174
bearbeite	174
elenas	174
hausboot	174
renault	174
symbiont	174
ter	174
lebenserwartung	174
hua	174
vermehrt	174
spielschulden	174
piccolo	174
espheni	174
untypisch	174
pappe	174
klaro	174
tret	174
schallplatte	174
ärgernis	174
sturms	174
mitgegeben	174
reformen	174
co.	174
gefrorenen	174
detaillierte	174
zuzulassen	174
lenin	174
dschingis	174
grübchen	174
baird	174
eingeschrieben	174
festgesetzt	174
dächer	174
lagers	174
knifflig	174
torwart	174
künstlern	174
maguire	174
wackelpudding	174
zustimme	174
stinkender	174
winger	174
zöpfe	174
ausfragen	174
kingston	174
blutlinie	174
bobs	174
barneys	174
ausgestrahlt	174
unentdeckt	174
bekennt	174
offiziers	174
norrie	174
kommandiert	174
imaginären	174
kuck	174
spülung	174
zurückzuzahlen	174
unbegründet	174
nilpferd	174
zivilisierten	174
vergangenes	174
außerordentliche	174
alleinstehende	174
temperamentvoll	174
empfindliche	174
simplen	174
upgrade	174
morpheus	174
zahlreich	174
küchenchef	174
geigen	173
ausserhalb	173
intern	173
blamage	173
vorbehalten	173
inflation	173
fehde	173
stieftochter	173
hussein	173
flüsterte	173
behütet	173
pelt	173
award	173
rennwagen	173
anke	173
gefiele	173
feinste	173
genötigt	173
zusammenhält	173
wertpapiere	173
hirten	173
kliniken	173
absorbieren	173
rockt	173
behandelten	173
bergsteiger	173
israels	173
karamell	173
maverick	173
kühlraum	173
kinderkram	173
chong	173
woodward	173
zerfleischt	173
innenministerium	173
überbleibsel	173
burr	173
zahllose	173
aufzüge	173
zocken	173
zerschneiden	173
krabbeln	173
verprügelte	173
loslässt	173
legitim	173
tägliches	173
auszuwählen	173
brandung	173
brandneue	173
zucht	173
brauerei	173
edles	173
schalldämpfer	173
schmuggelt	173
wachturm	173
fido	173
unterdessen	173
guard	173
israelische	173
zehenspitzen	173
mobilisieren	173
dichtung	173
kriegsgebiet	173
levy	173
razor	173
feuerwehrmänner	173
pokerspiel	173
insasse	173
zulu	173
bolivien	173
rentiere	173
vorbehalte	173
klausel	173
anschreiben	173
gowron	173
fade	173
menschenskind	173
durchstellen	173
vorbringen	173
gleisen	173
woodsen	173
weia	173
unterstützer	173
nerve	173
rundherum	173
ausladen	173
lovelace	173
geschwind	173
strebt	173
tulip	173
vergrößerung	173
pelze	173
pingelig	173
pfeiler	173
herauszuholen	173
brians	173
befehlsgewalt	173
mambo	173
sensenmann	173
gestreichelt	173
rechtssystem	173
trans	173
bescherung	173
erstatte	173
fairbanks	173
überfielen	173
renaissance	172
kurtz	172
turteltäubchen	172
geschändet	172
andocken	172
korrupter	172
toyota	172
kantonesisch	172
hauptgewinn	172
pfeilen	172
gram	172
pong	172
fabrice	172
beliebige	172
reinige	172
zubehör	172
lowe	172
rumschnüffeln	172
hitman	172
krause	172
schlitze	172
deunan	172
schwerpunkt	172
doolittle	172
rauskriegt	172
ausleben	172
wohltätige	172
überlegungen	172
traurigste	172
snoop	172
flussufer	172
überläufer	172
jaulen	172
aufgelistet	172
auffangen	172
knackig	172
anbrennen	172
detektivin	172
diszipliniert	172
minimale	172
promenade	172
zwischenfälle	172
zukünftig	172
nächtliche	172
ibm	172
bonaparte	172
integrieren	172
stürzten	172
feierlichkeiten	172
tödliches	172
promis	172
abzufangen	172
abba	172
flirt	172
mcbeal	172
koreanischen	172
gendarmen	172
verwickeln	172
clooney	172
verwirrte	172
talentierter	172
zehntausende	172
ermöglichte	172
klunker	172
third	172
ralphie	172
fahrzeugen	172
weihnachtszeit	172
wehrmacht	172
gründeten	172
einbahnstraße	172
begingen	172
codenamen	172
entschädigt	172
asteroid	172
zweifelhaft	172
erweiterung	172
ahmet	172
olof	172
rauen	172
beliebten	172
koreanisch	172
joints	172
regisseure	172
stündlich	172
chop	172
rasiere	172
fahrten	172
regenerieren	172
fangfrage	172
mitunter	172
verleitet	172
vilde	171
wife	171
ting	171
barts	171
faires	171
sicherheits	171
einlade	171
bekanntlich	171
scherzkeks	171
schworen	171
windmühle	171
telefonistin	171
abstoßen	171
befruchtung	171
vir	171
prachtvoll	171
hinzukriegen	171
näht	171
henshaw	171
spanischer	171
blumenladen	171
schwinden	171
zurückgetreten	171
kunststück	171
coney	171
stottern	171
ennis	171
tsunami	171
kürzeste	171
zurückblicken	171
lahmgelegt	171
rückwärtsgang	171
splitternackt	171
mones	171
wish	171
heiser	171
spears	171
neugeborenes	171
meisterschaften	171
zuwendung	171
kompatibel	171
verdursten	171
faules	171
relax	171
niedliche	171
scharlatan	171
eingeflogen	171
claudette	171
trucker	171
golfen	171
streitmacht	171
feuerst	171
holy	171
experiments	171
lennart	171
bescheren	171
schlussstrich	171
kaufman	171
funky	171
bildhauer	171
arturo	171
kendrick	171
gepresst	171
footballspieler	171
zuzuschlagen	171
stollen	171
trüffel	171
kochbuch	171
schmeicheleien	171
verkatert	171
verfrüht	171
suzette	171
ogden	171
barnabas	171
wolff	171
niedergestochen	171
implantiert	171
gewaltsamen	171
wunderland	171
ordens	171
verweis	171
unerlässlich	171
ghul	171
verstehste	171
flieh	171
potentielle	171
mckinley	171
bizarre	171
lon	171
transfusion	171
andersson	171
ergreife	171
erna	171
schrägen	171
gerissener	171
folie	171
versteckspiel	171
überprüfst	171
projektion	171
universitäten	171
palermo	171
enkelsohn	171
everyone	171
findus	171
diversen	171
statten	171
flirtest	171
inbegriff	171
maría	171
cade	171
angebaggert	171
pflanzt	171
unangemeldet	171
innig	171
fog	170
mccall	170
unstimmigkeiten	170
messungen	170
probierte	170
heimkam	170
abzweigung	170
nachprüfen	170
taschenmesser	170
teuersten	170
schmeling	170
erpicht	170
schwäne	170
zuverlässiger	170
chai	170
hintergeht	170
ezekiel	170
aufjeden	170
kalifornischen	170
platschen	170
haferflocken	170
shilling	170
rutherford	170
geheimdienste	170
abschlussklasse	170
verteidigte	170
xu	170
abgefüllt	170
albanien	170
bezeugt	170
lj	170
kontrollierst	170
sweatshirt	170
kanntet	170
bezweifelt	170
masseur	170
grausames	170
mystischen	170
steril	170
insofern	170
beleben	170
kz	170
hingerissen	170
abtauchen	170
poseidon	170
vaterschaft	170
schimpanse	170
lebensart	170
corner	170
entbindung	170
meet	170
runtergeladen	170
tancredi	170
benutzung	170
erscheinst	170
verlogen	170
augie	170
jørgen	170
konstante	170
begrub	170
muslim	170
dialoge	170
canterbury	170
pontus	170
freebo	170
personalakte	170
körbchen	170
funkgeräte	170
angeworben	170
transferieren	170
behandele	170
durchsuchte	170
auszuspionieren	170
bereinigt	170
holzkopf	170
letzteres	170
herrenhaus	170
glenda	170
pediküre	170
koffern	170
überrollt	170
patel	170
simsen	170
ekligen	170
goldstück	170
anlässen	170
rde	170
reimen	170
oberschwester	170
sundance	170
tiefere	169
funker	169
misshandlung	169
dänischen	169
rennpferd	169
ia	169
vornherein	169
vergönnt	169
etappe	169
kiriu	169
einzureden	169
zusammenzubringen	169
jansen	169
erlischt	169
rachefeldzug	169
befürworten	169
hilde	169
gefährte	169
abschaffen	169
abwimmeln	169
verpatzt	169
vorzeigen	169
militärisch	169
glades	169
kamele	169
hierherzukommen	169
mitmache	169
stiere	169
aristoteles	169
stumpfen	169
schönheitswettbewerb	169
ehrenamtlich	169
mussolini	169
festbinden	169
reiseführer	169
komplexer	169
stumpfe	169
derjenigen	169
caligula	169
mopp	169
hackte	169
herberge	169
schweigend	169
coyote	169
entrinnen	169
bogart	169
eagles	169
schnitzen	169
begabte	169
waschsalon	169
rechnete	169
barbar	169
zuvorgekommen	169
network	169
unbegrenzt	169
carola	169
vereinfachen	169
tortur	169
krisen	169
virtuellen	169
hörensagen	169
fernand	169
vertragt	169
aufzuholen	169
frischem	169
steed	169
same	169
totengräber	169
tribunal	169
taktlos	169
aufschrift	169
entspannend	169
hinauszögern	169
geschickter	169
postboten	169
javi	169
pavel	169
suzuki	169
modifizieren	169
archäologe	169
wonderful	169
selbstjustiz	169
fürwahr	169
preiszugeben	169
verschmutzt	169
passwörter	169
schlitzaugen	169
vorläufigen	169
series	169
matteo	169
massey	169
abwegig	169
würdige	169
abgesandte	169
kling	169
näherte	169
capri	168
abbezahlt	168
schliefst	168
kastrieren	168
wegpusten	168
weiterzugeben	168
lausig	168
aspen	168
pit	168
ryu	168
fügung	168
fünft	168
steinzeit	168
wich	168
britannien	168
sterblichkeit	168
hausarzt	168
diabetiker	168
vala	168
immigranten	168
wladimir	168
hinzuziehen	168
vereinbarungen	168
señores	168
australier	168
léa	168
staff	168
broken	168
radcliffe	168
save	168
sicherheitsgurt	168
schäbige	168
al-qaida	168
besserwisser	168
barnett	168
gottverdammtes	168
entstehung	168
läufts	168
ranfahren	168
gerüst	168
initiieren	168
vegetarierin	168
rattert	168
überschrieben	168
ausgeheckt	168
aston	168
emitter	168
wohnhaus	168
besprachen	168
aufrichtige	168
einzujagen	168
todesengel	168
feilschen	168
morten	168
geltend	168
verzögerungen	168
blackouts	168
lisas	168
vorzugsweise	168
bekloppte	168
oval	168
bevorzugte	168
lucinda	168
keime	168
tauch	168
selbstmorde	168
getröstet	168
amtlich	168
intrige	168
umkreisen	168
spaniens	168
geheiß	168
dear	168
césar	168
tänzchen	168
einschreiten	168
standing	168
konsultieren	168
kapstadt	168
jurastudium	168
rasierklinge	168
hafer	168
anhang	168
providence	168
gibbons	168
leviathan	168
investiere	168
como	168
kehlen	168
fernbleiben	168
kuschelig	168
kap	168
abschicken	168
jule	168
überfalls	168
qi	168
anzetteln	168
niedergeschossen	168
wyler	168
geometrie	168
traummann	168
aggressionen	168
antik	168
stoppe	168
gehweg	168
ehemannes	168
opern	168
regis	168
nietzsche	168
zier	168
verdien	167
raufgehen	167
foxy	167
alleinsein	167
rehabilitation	167
hepatitis	167
caterer	167
industrielle	167
boshaft	167
ruhestörung	167
nazareth	167
transponder	167
kimura	167
hinrichtungen	167
ordnungsgemäß	167
salutieren	167
sicherheitsteam	167
unnütz	167
untersuchten	167
mcnamara	167
zuvorkommen	167
poppen	167
faraday	167
anderenfalls	167
kronjuwelen	167
günstigen	167
eigenartiges	167
ros	167
dienstboten	167
beherbergt	167
étienne	167
hektik	167
ground	167
schlupfloch	167
uh-oh	167
klarinette	167
angreifbar	167
anbau	167
supreme	167
erbarmungslos	167
verheerend	167
generalsekretär	167
muttersöhnchen	167
päpstliche	167
adonis	167
nunmal	167
aufwischen	167
hyänen	167
mont	167
sicherheitsfirma	167
cos	167
bürgerin	167
gerichtsvollzieher	167
kameradschaft	167
eindringt	167
himmelreich	167
kilgrave	167
bedürftigen	167
drummond	167
verwendeten	167
eingeworfen	167
verwahrt	167
anriefen	167
joeys	167
schroff	167
stichwunde	167
jeppe	167
hexenzirkel	167
pai	167
termiten	167
hewitt	167
honda	167
klebstoff	167
zwirn	167
abgewischt	167
forensischen	167
operationssaal	167
feuerwache	167
adiós	167
schuldschein	167
chirurgische	167
handarbeit	167
pensionierung	167
göttlicher	167
bezog	167
ernsthafter	167
tribun	167
sie-	167
pik	167
shiva	167
nervige	166
pancho	166
bedenkzeit	166
römern	166
elektronisch	166
zusätzliches	166
austreten	166
vollgestopft	166
elementen	166
schweigsam	166
leidenschaftlicher	166
dayton	166
koordiniert	166
gönner	166
zeitweise	166
schrille	166
buchte	166
beliebtesten	166
echtheit	166
fremdgehen	166
ministers	166
goldig	166
macken	166
babyparty	166
entschuldigte	166
stromversorgung	166
sommersprossen	166
chiang	166
rochester	166
tribune	166
feedback	166
schnuppe	166
boat	166
dagewesen	166
psychologisches	166
self	166
esposito	166
vorfalls	166
chic	166
einzuschätzen	166
gekackt	166
ampullen	166
wische	166
hochgegangen	166
latschen	166
unermüdlich	166
schulze	166
bös	166
streichmusik	166
rambaldi	166
hinkommt	166
lebenswert	166
verdrehte	166
massig	166
rüssel	166
revolutionären	166
fringe	166
anne-marie	166
antwerpen	166
belang	166
verschleiert	166
prosit	166
gesuchten	166
ladendiebstahl	166
qualifikation	166
vormarsch	166
röntgenbild	166
schärfe	166
vermeidet	166
vorladen	166
vaterfigur	166
morley	166
mittagsschlaf	166
tischler	166
nbc	166
unentschlossen	166
vorbeigegangen	166
milieu	166
eeg	166
grievous	166
zurückzuführen	166
lumen	166
runkle	166
konkubine	166
muy	166
c-4	166
verbliebenen	166
zunutze	166
zuzuschreiben	166
abschlussprüfung	166
howe	166
pferdeschwanz	166
unaufhörlich	166
stacheln	166
medical	166
polizeischule	166
stilles	166
tageszeit	166
entdecker	166
ausrücken	166
bedrückende	166
weitersagen	166
formsache	166
polizeibeamten	166
selbsthilfegruppe	166
rückstände	166
gesenkt	166
verfügbare	166
osteuropa	166
rülpsen	166
fingerspitzen	166
zerbrochene	166
dehoh	166
heels	166
nebenher	166
abrahams	166
clement	166
stummen	166
samba	166
science-fiction	165
brainiac	165
fillmore	165
losschicken	165
laird	165
wutanfall	165
abkratzen	165
whitechapel	165
nacktheit	165
turkey	165
häftlingen	165
unterwerfung	165
kratze	165
teilzeit	165
klarzumachen	165
börsenmakler	165
lagert	165
tobin	165
verantwortungsbewusst	165
gewölbe	165
einschläft	165
erzählungen	165
erdöl	165
revue	165
rattengift	165
ope	165
tulpen	165
handele	165
gedenkt	165
ih	165
unrein	165
terroranschlag	165
schulgeld	165
künstlerisch	165
hawking	165
genialität	165
finanzministerium	165
suits	165
brie	165
grotte	165
kulturellen	165
vw	165
gemeinderat	165
flüchtlingen	165
inc	165
goldstein	165
entmutigen	165
sarkophag	165
hair	165
arden	165
kommandieren	165
schmiert	165
baupläne	165
fortune	165
erblicken	165
gegnern	165
bakersfield	165
galopp	165
moskitos	165
nostalgie	165
quiekt	165
unverschämter	165
verurteilter	165
rugby	165
beibrachte	165
bürgerwehr	165
erwache	165
biege	165
gefängnisstrafe	165
downey	165
bemerkbar	165
dementsprechend	165
realisierte	165
turteltauben	165
heimlicher	165
verleiten	165
lichtwächter	165
rosita	165
meisterstück	165
auffälliges	165
marsmenschen	165
polster	165
tesla	165
interferenzen	165
militärdienst	165
schizophren	165
nichtraucher	165
flugplan	165
skandale	165
ließest	165
largo	165
sterns	165
badger	165
jekyll	165
augenbraue	165
kriegsschiffe	165
spartakus	165
mängel	165
ablenkt	165
leichensack	165
portwein	165
ultra	165
zuckt	165
keys	165
isl	165
gähnen	165
slam	165
dumont	165
folg	165
päpstlichen	164
gemeinsamkeit	164
eldridge	164
sook	164
sehkraft	164
gewußt	164
kümmerten	164
möhren	164
saatgut	164
südstaatler	164
vergifteten	164
verfüttern	164
tulsa	164
rhoda	164
booker	164
helmer	164
gabriella	164
täuschte	164
glühende	164
omelette	164
einfügen	164
geklungen	164
ausbrüche	164
gymnastik	164
erz	164
liedern	164
mechanische	164
fälschlicherweise	164
hungerstreik	164
dreckstück	164
beschuldigungen	164
weibliches	164
preiset	164
serien	164
wc	164
spongebob	164
ausgefressen	164
ordnete	164
bürge	164
kwon	164
gefährt	164
beatmungsgerät	164
drohe	164
träumten	164
gängen	164
vertiefen	164
skandalös	164
rohes	164
browns	164
gannicus	164
patch	164
allgemeinheit	164
ungelösten	164
milord	164
verleugnet	164
notrufzentrale	164
arts	164
durchdreht	164
hyperantrieb	164
zugestellt	164
unmögliches	164
abgesegnet	164
jammerschade	164
bestiegen	164
rekorde	164
zodiac	164
provinzen	164
blickfeld	164
künstliches	164
archäologie	164
texten	164
fink	164
meidet	164
amputieren	164
warlock	164
untersteh	164
century	164
säßen	164
brabbelt	164
eko	164
algebra	164
juristisch	164
kei	164
hotline	164
forelle	164
immobilienmakler	164
galant	164
zugführer	164
annonce	164
verschrecken	164
epi	164
tolerant	164
durchdringt	164
bai	164
ammoniak	164
fergus	164
parkplätze	164
liars	164
aufleben	164
fuße	164
packard	164
optimist	163
hinterhältiger	163
animal	163
alfons	163
rangekommen	163
bibliothekarin	163
tylers	163
entblößt	163
talia	163
einzuführen	163
verschwiegenheit	163
todestrakt	163
corvette	163
abgewandt	163
moskauer	163
conor	163
glätten	163
zusammenfassen	163
arya	163
extras	163
erzählerin	163
amnestie	163
röhren	163
feierte	163
loving	163
tröstlich	163
verkrüppelt	163
bordstein	163
skol	163
volleyball	163
horrorfilme	163
berichteten	163
deepthought42	163
stampede	163
fertiggestellt	163
petersilie	163
schokoladenkuchen	163
mexikanisches	163
lichten	163
scharen	163
hielte	163
mccann	163
reinhold	163
hinhauen	163
rausgehst	163
robben	163
kree	163
gehorchst	163
kammerflimmern	163
terroristische	163
unternehme	163
gekreuzt	163
hyäne	163
aufgab	163
gefälligkeiten	163
mutiert	163
völkern	163
pittman	163
stubbs	163
jennie	163
seitens	163
besiege	163
broker	163
gezittert	163
svetlana	163
josefine	163
collin	163
errungen	163
unrealistisch	163
zwischenstopp	163
festmachen	163
malin	163
selim	163
eingezahlt	163
mitsuko	163
getrennten	163
abendschule	163
verfolgungswahn	163
geisteszustand	163
konzentrationslager	163
blaubeeren	163
vorfällen	163
lilah	163
piss	163
kruzifix	163
bhs	163
mitgezählt	163
kenna	163
pult	163
beliefert	163
anbiete	163
kolja	163
ganove	163
tauge	163
versah	162
zertreten	162
gefängniszelle	162
ermutigend	162
strafregister	162
birdie	162
vincents	162
mangelnde	162
stillschweigen	162
liedchen	162
winchesters	162
frisieren	162
gaspedal	162
fischchen	162
trainings	162
penicillin	162
zuweilen	162
bildlich	162
arbeitskräfte	162
finderlohn	162
anni	162
gendarmerie	162
moves	162
einschnitt	162
sparst	162
erliegen	162
eifersüchtige	162
arie	162
mörderischen	162
nische	162
sucre	162
mckenna	162
verordnet	162
mineralien	162
einsätzen	162
mulligan	162
guantanamo	162
ausgeübt	162
kombinationen	162
performance	162
takashi	162
errätst	162
müllkippe	162
wise	162
schussfeld	162
weggehe	162
connolly	162
kosmischen	162
inspiziert	162
groupies	162
bürgerlichen	162
automat	162
crewmitglieder	162
parties	162
30er	162
château	162
arif	162
gilda	162
voltron	162
hereinkam	162
erträglich	162
quietschende	162
entspannte	162
saito	162
überraschst	162
rapide	162
berüchtigt	162
jp	162
zuzustimmen	162
übereinstimmt	162
schikane	162
veröffentlichte	162
verlang	162
tischgebet	162
egoistische	162
rundfunk	162
wildschweine	162
rumhängt	162
sandwichs	162
verwöhnte	162
peppone	162
komplexen	162
freudige	162
herausgeben	162
flippte	162
monolog	162
eingehender	162
milchstraße	162
füssen	162
herzattacke	162
automatischen	162
angezettelt	162
rausrücken	162
blinkt	162
positiver	162
aufmachung	162
nachschlag	162
alamo	162
klacken	162
susans	162
abschiedsparty	162
kündigst	162
emmanuelle	162
garber	162
glotz	162
quatschst	162
nachruf	162
kühles	162
gefrorene	162
verpassten	162
kerzenlicht	161
ekelhafte	161
elfe	161
okinawa	161
schatzsuche	161
born	161
gläubige	161
abtrocknen	161
banfield	161
visionär	161
sailor	161
axl	161
einzukaufen	161
europe	161
rekorder	161
drein	161
capital	161
nunja	161
bukarest	161
lebensmittelladen	161
nightingale	161
swat-team	161
negatives	161
penguin	161
rembrandt	161
eingenickt	161
betätigt	161
kosaken	161
most	161
sträflinge	161
fokussieren	161
mitspieler	161
zorns	161
kom	161
abweisend	161
boca	161
auflagen	161
herfallen	161
welcome	161
kühlt	161
4-mal	161
morphin	161
schnauzer	161
feuerten	161
zarin	161
sync	161
kriegserklärung	161
absprung	161
hinziehen	161
sitting	161
hunnen	161
körner	161
frühstücke	161
durchführt	161
leuchtenden	161
menschlichem	161
klavierspiel	161
dauerhaften	161
mausoleum	161
barrys	161
organisiertes	161
gregg	161
unangenehmes	161
verschanzt	161
aufzuwecken	161
produzentin	161
ianto	161
buchten	161
kontrollpunkt	161
liebevollen	161
klos	161
senats	161
italienerin	161
monarch	161
naturwissenschaften	161
vorstellte	161
walhalla	161
betrachtest	161
bozz	161
groot	161
rollte	161
schlüsselkarte	161
verbotenes	161
fernsteuerung	161
erneuerung	161
geschäftsführerin	161
fernsehsender	161
anstehen	161
diva	161
bismarck	161
valentina	161
vorsehen	161
fettarsch	161
perspektiven	161
küsten	161
hoi	161
verlieh	161
stümper	161
geheimpolizei	161
verrechnet	161
unvorhersehbar	161
arcadia	161
rasseln	161
wehrst	161
cafés	161
zartes	161
erschiessen	161
geschuldet	161
steigend	161
reform	161
jillian	161
gaskammer	161
röntgenaufnahmen	161
tak	161
imperiums	161
gutachter	161
physiologie	161
tatsächliche	160
vorgehabt	160
unwesen	160
yamato	160
draufsteht	160
wüsstet	160
saht	160
anzumachen	160
nudel	160
berechenbar	160
annullieren	160
diebstähle	160
sonderbehandlung	160
empfindungen	160
verläßt	160
nigeria	160
anhat	160
wash	160
bohrt	160
umzusehen	160
einigkeit	160
boxershorts	160
einzuschüchtern	160
orsini	160
retterin	160
spector	160
elektroschocks	160
vogelzwitschern	160
sgt.	160
plum	160
dienern	160
erschweren	160
überzeugende	160
schmackhaft	160
flosse	160
schlitzohr	160
irgendwelcher	160
rosario	160
pao	160
halbinsel	160
referenz	160
opi	160
toupet	160
absprechen	160
anal	160
ordinär	160
teamarbeit	160
verticken	160
grundriss	160
nektar	160
krankenpfleger	160
hindeutet	160
wegläuft	160
gebeamt	160
hindi	160
verschossen	160
verbrecherin	160
zauberwort	160
beerdigungsinstitut	160
tampon	160
madchen	160
gehort	160
komödien	160
kurieren	160
remember	160
bitterkeit	160
spektrum	160
kipp	160
chefinspektor	160
andeutung	160
buchführung	160
geruchssinn	160
sinnlich	160
angepiept	160
spekuliert	160
vorausgesehen	160
spange	160
etiketten	160
altenheim	160
rae	160
höhlenmenschen	160
hip-hop	160
erwirken	160
abhole	160
linn	160
hochbeamen	160
hausbesuch	160
ride	160
hochhalten	160
aufzuschreiben	160
watte	160
erweiterte	160
spannendes	160
ausmalen	160
indy	160
gal	160
begründen	160
supermans	160
checkst	160
vergewaltigungen	160
allerletzten	160
mitgegangen	160
fazit	160
enthoben	160
trikots	160
auflauf	160
verscheißern	160
pick	160
augäpfel	160
grashüpfer	159
ausradiert	159
qualifikationen	159
meilenstein	159
gigolo	159
serrano	159
aufgeblasen	159
noonan	159
einfaltspinsel	159
verworfen	159
stemmen	159
anhängern	159
wälzen	159
norbit	159
abmachen	159
übertrage	159
vertraulichen	159
janus	159
bauteil	159
caterina	159
dove	159
zerfleischen	159
mitzi	159
schulleiter	159
rationen	159
losmachen	159
nic	159
fraglich	159
flennen	159
bed	159
stimuliert	159
superhirn	159
weglief	159
öden	159
mentalen	159
fraiser	159
bone	159
gedeiht	159
ryker	159
riverdale	159
weggeblasen	159
exquisit	159
angebrüllt	159
computers	159
datiert	159
künstlers	159
vibrationen	159
stehenden	159
meide	159
huey	159
maroni	159
besaßen	159
arbeitsamt	159
starsk	159
geschlüpft	159
zeitgefühl	159
einstehen	159
ketzerei	159
kellnern	159
schienbein	159
naschen	159
deusex72	159
durchfahren	159
küchentisch	159
cedar	159
lösegeldforderung	159
gestarrt	159
phineas	159
unfehlbar	159
quiz	159
ungesehen	159
podest	159
vorgewarnt	159
trockener	159
hauptverdächtiger	159
beruhigst	159
replikator	159
eindeutigen	159
beträchtlich	159
erarbeitet	159
maybe	159
zugegen	159
mädchennamen	159
beschreibungen	159
einöde	159
glühenden	159
belauschen	159
einwohnern	159
schlepper	159
pudern	159
beschwer	159
früchten	159
wespe	159
etablissement	159
spade	159
gutaussehende	159
qualle	159
shi	159
mittelmäßig	159
uncle	159
murmeltier	159
rien	159
vorhergesehen	159
godmode	159
heimreise	159
polizeipräsidium	159
hemisphäre	159
ent	159
auseinandersetzen	159
abzubringen	159
miki	159
zielst	159
gefügig	159
isabell	159
unbegrenzte	159
freisetzen	159
stuttgart	159
unheimlicher	159
taschendieb	159
martial	159
unbedeutende	159
einbezogen	159
quebec	159
gekrümmt	159
senators	158
verschlägt	158
endstadium	158
fool	158
speedster	158
schone	158
trenton	158
marvel	158
armenier	158
untertitel-werkstatt	158
zypern	158
initiiert	158
filip	158
tränke	158
pechsträhne	158
dampfbad	158
gemütlichen	158
mützen	158
taktiken	158
heli	158
alpha-quadranten	158
privatnummer	158
beurteile	158
hester	158
einleitung	158
trauernde	158
goldbarren	158
millennium	158
außerirdisches	158
verruf	158
elektrik	158
kapseln	158
zeitliche	158
probezeit	158
jelly	158
übergangen	158
nervöse	158
gehälter	158
narcisse	158
zweierlei	158
repräsentanten	158
komposition	158
startbahn	158
privatsache	158
palmers	158
schienst	158
lao	158
abhang	158
bit	158
patton	158
dreckloch	158
pilates	158
strafmaß	158
grub	158
walther	158
rage	158
schaft	158
fehltritt	158
nur-	158
perfect	158
erdal	158
schlappschwänze	158
mrd.	158
reingeritten	158
mordermittlung	158
dunst	158
attackieren	158
cunningham	158
age	158
nörgeln	158
eifersüchtiger	158
haines	158
rama	158
erzähltest	158
unzurechnungsfähig	158
sevilla	158
qu	158
done	158
balls	158
obliegt	158
fahnden	158
vormittags	158
geistliche	158
übersinnliche	158
fessel	158
faß	158
neptun	158
stätte	158
romano	158
gemüter	158
gezähmt	158
schuhverkäufer	158
lehrplan	158
brüllte	158
chihuahua	158
basar	158
gescherzt	158
hintrittst	158
those	157
feuerwerkskörper	157
theodor	157
verlagern	157
ausgeschlagen	157
souvenirs	157
versperren	157
dozent	157
raubte	157
anhast	157
talentshow	157
fummeln	157
hängte	157
angler	157
andys	157
kardinals	157
zufriedenstellend	157
wiederzubeleben	157
ungarisch	157
mitbekommt	157
brilliant	157
cheetah	157
unvermeidliche	157
obergeschoss	157
fragwürdig	157
kennenlerne	157
ähem	157
meerjungfrauen	157
dreifacher	157
losbinden	157
christiane	157
hinbiegen	157
geisha	157
unbeschadet	157
smaragde	157
imponieren	157
pitcher	157
yann	157
aufzubringen	157
kokosnüsse	157
raushängen	157
kaori	157
gore	157
defibrillator	157
warpkern	157
shelton	157
umhin	157
umgehört	157
vorräten	157
etikette	157
harkness	157
entsprach	157
einschlägt	157
metropolitan	157
schlafenden	157
allzeit	157
blu	157
gelehrte	157
luftunterstützung	157
stammkunden	157
sicherheitsfreigabe	157
städtische	157
häufchen	157
sterilisieren	157
vorhersage	157
lenden	157
angeldream	157
gleason	157
desinfizieren	157
kanarienvogel	157
rasur	157
pearce	157
hecken	157
wegzubringen	157
jai	157
plastische	157
genährt	157
näheres	157
ferrara	157
heuerte	157
debs	157
nachhauseweg	157
par	157
arn	157
johnnys	157
greis	157
magnetischen	157
aggressiven	157
komponisten	157
tusse	157
agenturen	157
silbe	157
bubber	157
herauszubekommen	157
obsession	157
zurückfliegen	157
unaufhaltsam	157
homerun	157
ißt	157
dam	157
gerüstet	157
mucho	157
zitterte	157
reckless	157
giants	157
spielzug	157
dumbo	157
rezession	157
lennier	157
positioniert	157
schlafplatz	157
teeger	157
traurigerweise	156
weggeflogen	156
lydecker	156
merkur	156
versetz	156
kreml	156
trautes	156
zusammenschlagen	156
abgeschlagen	156
tarnvorrichtung	156
selbstgefällig	156
steuerbehörde	156
faszinierendes	156
grants	156
knebel	156
abhanden	156
entjungfert	156
diem	156
hiroshima	156
zurückzuverfolgen	156
manon	156
feingefühl	156
herumstehen	156
spazierfahrt	156
audio	156
verschütten	156
gabriela	156
parkte	156
doppelagent	156
erhabener	156
starkem	156
bezirks	156
vietnamesisch	156
forellen	156
versuchungen	156
ares	156
kürbisse	156
wissenschaftliches	156
telegramme	156
julias	156
integriert	156
geistiger	156
vorletzte	156
günstige	156
fin	156
selfie	156
vortex	156
beschuldigten	156
hess	156
östliche	156
rutledge	156
konditionen	156
ueber	156
debüt	156
faye	156
klammert	156
humbug	156
zee	156
abgetrieben	156
mitfliegen	156
gartenarbeit	156
kuriere	156
schadensbericht	156
epilepsie	156
gutmütig	156
birgit	156
radley	156
bronco	156
infrarot	156
rumgetrieben	156
aufsammeln	156
aufstehe	156
faschismus	156
win	156
frechdachs	156
antimaterie	156
dämonische	156
salaam	156
marci	156
untermieter	156
fairview	156
rumschlagen	156
kongressabgeordnete	156
würste	156
osman	156
bohnenstange	156
saftige	156
presents	156
esra	156
klebe	156
scrooge	156
landsmann	156
scheide	156
farid	156
beige	156
gefängnisses	156
napa	156
own	156
unentwegt	156
wäschekorb	156
schwirren	156
marwan	156
jobangebot	156
leuchtende	156
nfl	156
übersetze	156
smile	156
mühelos	156
erahnen	156
kriegsende	156
einstellt	156
nimmerwiedersehen	156
rocker	156
enttarnen	156
ersucht	156
gebessert	155
sechster	155
geschmackvoll	155
squad	155
lynne	155
diplomatisch	155
vorgaben	155
shirts	155
gicht	155
laszlo	155
ablesen	155
tafeln	155
entführern	155
zerstreuen	155
hiess	155
getrocknet	155
cersei	155
weißte	155
abwurf	155
erwogen	155
givens	155
abgebaut	155
elischka	155
glamour	155
gould	155
oldtimer	155
veranlagt	155
rem	155
besitzes	155
triumphieren	155
groupie	155
befugnisse	155
joachim	155
rube	155
gefurzt	155
nachtclubs	155
derartig	155
begehe	155
auszugraben	155
mikaelson	155
lehrreich	155
varg	155
abweichungen	155
hochachtungsvoll	155
bergung	155
nüssen	155
marschmusik	155
zeichner	155
wimmeln	155
spiderman	155
weihrauch	155
grat	155
unterrichtete	155
fahrplan	155
autoradio	155
silent	155
electric	155
komponieren	155
blickkontakt	155
liegenlassen	155
zurückgezahlt	155
geschrieen	155
silbertablett	155
verschiebe	155
brrr	155
schuldgefühlen	155
sphinx	155
lächerlicher	155
ausdehnung	155
erleuchten	155
wertlose	155
chemisch	155
zweifelte	155
chiu	155
leos	155
kaltblütiger	155
maître	155
wertvollsten	155
zusammengehalten	155
gelinkt	155
vorknöpfen	155
abarbeiten	155
vorgegangen	155
bueno	155
fleht	155
riefst	155
seinerzeit	155
dalassen	155
tuttle	155
einseitig	155
reparierst	155
känguru	155
kanna	155
vickers	155
schlagzeuger	155
observieren	155
beifahrersitz	155
litchfield	155
foltert	155
segnet	155
strumpf	155
ulla	155
stehn	155
vorkam	155
melmac	155
verbleiben	155
einlochen	155
ausgeredet	155
guise	155
bestellten	155
ablehne	155
schulball	155
gefrierschrank	155
hissen	155
angepiepst	155
pepsi	155
gruben	155
eastwood	155
philips	155
stank	154
probeaufnahmen	154
umstellung	154
kreativer	154
nachgewiesen	154
dämons	154
gemeistert	154
rechtschaffenheit	154
schluchzend	154
schnucki	154
ventile	154
schã	154
pacino	154
bekümmert	154
brünett	154
jetz	154
handbremse	154
tonya	154
tieferen	154
schottischen	154
mima	154
superkraft	154
handels	154
kochsalzlösung	154
kutschen	154
impulsantrieb	154
heulte	154
gerichtliche	154
besudelt	154
südliche	154
haarige	154
ziellos	154
wohltätigkeitsveranstaltung	154
patricks	154
shopping	154
traumatisch	154
peanut	154
zurückgeht	154
verrecke	154
ersuche	154
riecher	154
vorbeikommst	154
aga	154
garroway	154
hängematte	154
foss	154
blindes	154
zeppelin	154
temporale	154
broschüren	154
schroeder	154
warenhaus	154
ungeheure	154
toussaint	154
lidia	154
schaltest	154
graystone	154
palette	154
mlle.	154
gemobbt	154
krimis	154
kinderschänder	154
fundort	154
ehrenkodex	154
waisenkinder	154
liesel	154
eingeplant	154
klitoris	154
eigentumswohnung	154
lancaster	154
seelenfrieden	154
persien	154
vorübergehen	154
reinkamen	154
erringen	154
ige	154
ausdrucken	154
einfordern	154
dundee	154
mütterchen	154
bestreite	154
fashion	154
vorsichtshalber	154
unabhängiger	154
cartoon	154
talentierten	154
johannesburg	154
stöckchen	154
riesengroß	154
ilene	154
hustensaft	154
einzelnes	154
hennen	154
raststätte	154
switek	154
unweigerlich	154
blairs	154
monsters	154
walkers	154
korps	154
cadmus	154
gnädiges	154
sensibilität	154
gräbst	154
ricco	153
areal	153
umgeschrieben	153
inzest	153
schrader	153
rinde	153
militärisches	153
micha	153
wiederholungen	153
sweetheart	153
faszination	153
erstaunlicher	153
zuzufügen	153
zielte	153
pflug	153
angesehenen	153
absolventen	153
fiction	153
week	153
auswechseln	153
reintun	153
tanker	153
überarbeiten	153
wunderbarste	153
extremisten	153
gelee	153
covington	153
robb	153
kartoffelsalat	153
passiv	153
freches	153
kommissarin	153
iwanowitsch	153
morgenmantel	153
steadman	153
dämpfe	153
todsünde	153
schanghai	153
schulbehörde	153
verbreite	153
kleineres	153
adlige	153
garland	153
schüsseln	153
verratet	153
reinsten	153
freundschaftlich	153
yohko	153
hobie	153
betraten	153
mannschaften	153
ausgebildeter	153
belebt	153
franzl	153
versklaven	153
militärgericht	153
kreuzigen	153
monet	153
relevanz	153
maat	153
weiãÿ	153
gondel	153
ill	153
aufzählen	153
verschiedenes	153
raums	153
monstrum	153
lene	153
unangenehmer	153
uschi	153
strahlst	153
äußert	153
moulin	153
rollenspiel	153
nele	153
paddeln	153
dojo	153
claudius	153
swanson	153
hallie	153
meinungsverschiedenheiten	153
meta-menschen	153
feststellung	153
erbärmliches	153
wiederauferstehung	153
manschettenknöpfe	153
rauszuwerfen	153
anregend	153
nelken	153
akbar	153
rheuma	153
heathcliff	153
vereitelt	153
auszukommen	153
unverschämte	153
interaktion	153
mahler	153
sunday	153
befreiend	153
aufgefüllt	153
blubbern	153
innerer	153
ithaka	153
bae	153
vermiesen	152
aaaah	152
e.t.	152
spul	152
pausenraum	152
lehnten	152
setup1503	152
paramount	152
demzufolge	152
zito	152
kaffeepause	152
tröste	152
anus	152
passion	152
anzuvertrauen	152
singende	152
kristallkugel	152
dada	152
peilung	152
ausreiten	152
richtern	152
russlands	152
sauberkeit	152
bezeichnete	152
schlaflose	152
abgestochen	152
unmittelbare	152
verantwortungsvoll	152
tia	152
theatre	152
verflogen	152
fütterst	152
verteiler	152
motelzimmer	152
unseretwegen	152
us-dollar	152
hingucken	152
wurmlöcher	152
baumstamm	152
obrigkeit	152
durchwühlen	152
erzürnt	152
geheimnisvoller	152
urban	152
interstate	152
eingesprungen	152
gesetzlose	152
abführmittel	152
bösartigen	152
opossum	152
wiederherstellung	152
gant	152
eingeweiden	152
familienvater	152
aufging	152
engländern	152
maßlos	152
hubot	152
sieb	152
bumpy	152
gesät	152
würmern	152
pitch	152
fünfhundert	152
flip	152
angetrunken	152
emotionales	152
mysterien	152
knalle	152
pollen	152
flüssiges	152
rapunzel	152
celal	152
voyage	152
sinnloses	152
plaudert	152
ok.	152
korkenzieher	152
urteilt	152
zyklop	152
jd	152
erdrückt	152
plural	152
uah	152
annullierung	152
nachweis	152
einwerfen	152
festplatten	152
arvid	152
domina	152
shell	152
zapata	152
somebody	152
dringlichkeit	152
gegenseitige	152
zielpersonen	152
fiesling	152
mandat	152
abgeschirmt	152
dessous	152
ar	152
schäferhund	152
aufzeigen	152
zurückerobern	152
chappie	152
hülsen	152
kontrollzentrum	152
verschwindens	152
dürftest	152
pessimistisch	152
dschihad	152
neugierigen	152
familienessen	152
anthropologie	152
lindert	152
us-armee	152
blumenstrauß	152
begnadigen	152
rausfinde	152
dissertation	152
violett	152
delegierten	152
xoxo	152
kräutern	152
steckdose	152
pickett	152
kerosin	152
umliegenden	152
einfliegen	152
gottverlassenen	152
dämpfer	152
lebensfreude	151
generalprobe	151
bürgerliche	151
teds	151
hypnotisieren	151
dci	151
rumrennen	151
schätzte	151
melodramatisch	151
lupin	151
mörderisch	151
spermien	151
brecheisen	151
kjell	151
antreibt	151
vermisstenanzeige	151
falling	151
breaking	151
einweisung	151
annehmlichkeiten	151
rückgabe	151
christa	151
klinisch	151
ficker	151
abfuhr	151
hanne	151
tauschten	151
kuli	151
mori	151
nachfolge	151
abgenutzt	151
vortanzen	151
menschenhandel	151
abläufe	151
lenz	151
aufzusteigen	151
telefonaufzeichnungen	151
circus	151
gegebener	151
ansteht	151
lieblingsbuch	151
eingeatmet	151
bagger	151
vereinfacht	151
nähmaschine	151
gnädigen	151
taktvoll	151
chocolate	151
corpus	151
stinson	151
bundesregierung	151
willste	151
dominiert	151
kampfsport	151
verurteilungen	151
durchbohren	151
erschreckst	151
überschlagen	151
cartwright	151
spreizen	151
sog	151
gegenseitigen	151
hernehmen	151
mcguire	151
schuldigern	151
lamont	151
zähler	151
ticktack	151
massimo	151
belüge	151
bewährungsauflagen	151
rasier	151
durchgeht	151
atmete	151
entbinden	151
kims	151
delikatesse	151
heini	151
austen	151
bemerkenswerter	151
beweisstücke	151
janis	151
frühes	151
besorgter	151
fotoapparat	151
aka	151
mazel	151
hiergelassen	151
prado	151
feuerwehrleute	151
katniss	151
seligen	151
expansion	151
sternchen	151
armenhaus	151
senkrecht	151
wohingegen	151
lothbrok	151
abruf	151
unterhaltet	151
abzuliefern	151
explosiv	151
angeklagter	151
ufern	151
kneift	151
beordert	151
pumuckl	151
versorge	151
abgesägt	151
gibraltar	151
blinky	151
schlichten	151
bastian	151
segelboot	151
blasmusik	151
abzüglich	151
berenson	151
angeschleppt	151
kuwait	151
banshee	151
mutigste	151
gehirntumor	151
bessert	151
umgeworfen	151
nyu	151
unerkannt	151
respektlosigkeit	151
salve	151
arzttermin	151
photo	151
bestreben	151
tims	151
malaysia	150
roz	150
burrell	150
zahlenmäßig	150
deckte	150
drogenbesitz	150
beunruhigung	150
hingehalten	150
passierten	150
objekten	150
didn	150
linderman	150
urplötzlich	150
stammzellen	150
ausgestreckt	150
pres	150
visitenkarten	150
aug	150
unbewohnt	150
chas	150
unterkommen	150
kelsey	150
jeanine	150
torten	150
nachschlagen	150
flüchtlingslager	150
spielzeit	150
glückstreffer	150
aya	150
geisteskrankheit	150
muessen	150
zerfetzen	150
gewünschten	150
roswell	150
ausspricht	150
aufzusetzen	150
konservatorium	150
dima	150
alastair	150
lia	150
kralle	150
likör	150
pinot	150
ausbaden	150
romulus	150
parallelen	150
nicholson	150
ninh	150
geraumer	150
fratze	150
broderick	150
cabo	150
aufzubewahren	150
bequeme	150
staunst	150
beifahrer	150
verweigerte	150
mietete	150
befragte	150
angelt	150
pump	150
tusch	150
haarig	150
überbringer	150
sicherheitsmann	150
analysiere	150
abendkleid	150
phantasien	150
gegenseite	150
einordnen	150
keene	150
umdreht	150
grönland	150
fifty-fifty	150
zimmergenossen	150
wendest	150
ina	150
bedauernswert	150
herumzulaufen	150
leanne	150
gottlieb	150
zerstritten	150
warden	150
gladstone	150
verlassenes	150
anlauf	150
scouts	150
mögliches	150
patientinnen	150
bezaubernden	150
römischer	150
yuko	150
beug	150
rätselhafte	150
priestern	150
lästigen	150
dorothea	150
quäle	150
fensterläden	150
checkpoint	150
vogels	150
improvisation	150
gräueltaten	150
bettzeug	150
peinlicher	150
smythe	150
hasses	150
lai	150
gehäutet	150
noora	150
auftauen	150
abgesandter	150
weltlichen	150
anzulocken	150
cale	150
hirnschaden	150
geschätzter	150
schlaftablette	150
fraglichen	150
telemach	150
gewandelt	150
sonnenstrahl	150
rausholt	150
durchtrennen	150
jod	150
tatiana	150
britt	150
fiedler	149
umsichtig	149
momentanen	149
udssr	149
sri	149
warzen	149
berühmtheiten	149
erkältest	149
aufständischen	149
matthäus	149
kongressabgeordneten	149
lyndon	149
beschwerte	149
puffer	149
veralbern	149
hinweist	149
kackt	149
aufnahmeprüfung	149
winzling	149
frakturen	149
aki	149
handelten	149
chronische	149
reece	149
valide	149
familienunternehmen	149
rosig	149
riskier	149
übertreibung	149
glaubtest	149
benachrichtige	149
teo	149
posieren	149
einzugestehen	149
30ern	149
cheech	149
betreuerin	149
knights	149
mitbringst	149
gefallene	149
wirtschaftskrise	149
tankstellen	149
sichtbaren	149
logen	149
waffenschein	149
kunstgeschichte	149
schwachpunkt	149
produktiv	149
fabelhaften	149
jie	149
heiklen	149
rikers	149
laufpass	149
versteigerung	149
abkriegen	149
entwickle	149
auskünfte	149
grendel	149
arktis	149
umkippen	149
hühnersuppe	149
bibliothekar	149
blackbox	149
gastfreundlich	149
sonntagabend	149
shalom	149
bevorzugst	149
physiotherapie	149
imaginäre	149
besorgten	149
sprecherin	149
myrna	149
dodger	149
shots	149
kennedys	149
packungen	149
zeichnest	149
auszutricksen	149
abholung	149
wisteria	149
chestnut	149
quest	149
kathi	149
fittiche	149
tigh	149
benjy	149
zulässig	149
liefe	149
many	149
tracker	149
jämmerliche	149
irgendeines	149
schutzraum	149
zerrt	149
formulierung	149
geass	149
ausgecheckt	149
kalkutta	149
fassungslos	149
extrapunkte	149
plätschert	149
mitbrachte	149
höhnisch	149
erfülltes	149
effie	149
wunderhübsch	149
racine	149
hergerissen	149
skies	149
vittorio	149
ergebener	149
gänseblümchen	149
maskenball	149
mordet	149
verkörpern	149
abgabe	149
algorithmen	149
rockwell	149
ausgehändigt	149
familienleben	149
aufenthaltsraum	149
gottseidank	149
faulheit	149
durchführung	149
humanoide	149
beibringt	149
übersicht	149
independence	149
abriss	149
vibrieren	149
heat	149
nachspiel	149
neo	149
durchlöchert	149
verbeugt	149
stoppschild	149
urgroßmutter	149
blasse	149
übergriff	149
bettdecke	149
mali	149
jessicas	148
bespreche	148
voraussehen	148
blutkreislauf	148
wunderte	148
tack	148
dede	148
raffinierte	148
delilah	148
flotter	148
thrones	148
zutreffend	148
sprechenden	148
inhuman	148
harpune	148
übersprungen	148
aphrodite	148
benötigst	148
diktiert	148
kabinen	148
entledigen	148
siu	148
olli	148
auftrieb	148
triumphale	148
strahlenden	148
blutgerinnsel	148
gully	148
geeigneter	148
renate	148
steuergelder	148
dominik	148
impfung	148
seinesgleichen	148
nostradamus	148
entschließen	148
blunt	148
soufflé	148
zitate	148
heuchlerin	148
heidenangst	148
verdeck	148
banana	148
bändern	148
gefaltet	148
verankert	148
vitrine	148
ikone	148
zuhalten	148
granit	148
geheimgang	148
intelligence	148
gefährdung	148
dougal	148
pflock	148
neely	148
menschenblut	148
rahl	148
wiederzukommen	148
erblühen	148
vollstrecker	148
silikon	148
xindi	148
sutherland	148
homos	148
bereitstellen	148
mado	148
softball	148
verreise	148
sets	148
kriegsbeil	148
schallplatten	148
med	148
boxkampf	148
cocoa	148
lebenswichtig	148
bandenkrieg	148
trafst	148
flausen	148
akkord	148
mylords	148
fühler	148
tur	148
muttermilch	148
beliebigen	148
bohrinsel	148
fielding	148
striptease	148
hayward	148
bosnien	148
pompeji	148
kampflaute	148
arschtritt	148
reinkarnation	148
holman	148
postieren	148
mammi	148
pheebs	148
bettelte	148
bestätigten	148
sedan	148
luftballons	148
belange	148
hieltest	148
jahrtausend	148
exklusive	148
platin	148
quell	148
gayle	148
befrage	148
barrikaden	148
gaeta	148
glückszahl	148
chez	148
aufgekauft	148
identische	148
luchs	148
hodor	148
haien	148
friedliches	148
turners	148
ewald	148
fahrschein	148
müllabfuhr	148
würze	148
ersatzschlüssel	148
hummel	148
einbricht	148
fernsehsendung	148
sentimentalen	148
tumore	148
durchblick	148
soren	147
bemalt	147
verfüttert	147
befehlskette	147
anstiftung	147
schnauft	147
rohan	147
altersunterschied	147
oli	147
integration	147
talkshow	147
jos	147
broyles	147
dunlop	147
dezernat	147
vollgepumpt	147
rivale	147
juno	147
indonesien	147
brathähnchen	147
zwitschert	147
bettruhe	147
figaro	147
mags	147
santana	147
intensiven	147
gleichungen	147
spaulding	147
zurückkaufen	147
gelinde	147
kimber	147
atheist	147
schnellstraße	147
spionen	147
augenlider	147
dienstzeit	147
endeten	147
geschahen	147
kotflügel	147
ehepartner	147
zugenäht	147
anlegst	147
korrekturen	147
erschufen	147
chirurgischen	147
agnès	147
beachtliche	147
fühltest	147
erregte	147
kommodore	147
rausfliegen	147
moralischer	147
patronenhülsen	147
angesprungen	147
soldier	147
absehen	147
cassius	147
ernstfall	147
handfläche	147
hochgezogen	147
unsichtbarer	147
bügeleisen	147
capitano	147
hervorgebracht	147
versetze	147
chaney	147
eiweiß	147
einzusammeln	147
zusammenpacken	147
wangenknochen	147
erscheinungen	147
verwahrung	147
norwegischen	147
befindest	147
tagein	147
wanderst	147
rt	147
dupont	147
ausstechen	147
sitzend	147
clear	147
flussaufwärts	147
konservativen	147
rettungsmission	147
beobachteten	147
thérèse	147
anfeuern	147
briefes	147
tatorten	147
soundso	147
übelsten	147
loyale	147
unfällen	147
diablo	147
vagabund	147
habens	147
eiszeit	147
housewives	147
giovanna	147
staune	147
verteidigungslinie	147
filialen	147
bundesgefängnis	147
verdirb	147
ergreifung	147
labore	147
erfüllst	147
makeup	147
hurtig	147
hauptrollen	147
traveler	147
zerhackt	147
cottage	147
bermudas	147
initiiere	147
cuthbert	146
organischen	146
andrehen	146
trampolin	146
jacksonville	146
frumfondel	146
schlosser	146
schnittwunden	146
verkäufe	146
alarmsystem	146
anbehalten	146
gewohnten	146
fremont	146
krankengeschichte	146
akademischen	146
corn	146
monatsende	146
exekutieren	146
furchteinflößend	146
shooting	146
benefizveranstaltung	146
lã	146
ausbreitung	146
installation	146
arrivederci	146
bluthund	146
ricks	146
feinheiten	146
redlich	146
zudecken	146
beglückwünschen	146
bears	146
jahrtausenden	146
toskana	146
beweglich	146
zuvorkommend	146
grundausbildung	146
ramse	146
mechanik	146
begab	146
ungläubige	146
zulasse	146
umkreist	146
texaner	146
hinknien	146
bayou	146
anprobe	146
vieleicht	146
halluziniert	146
fasan	146
zitadelle	146
dazwischengekommen	146
soames	146
überkam	146
saug	146
offenkundig	146
brimmer	146
allergische	146
autokino	146
kohlenhydrate	146
bambus	146
aufgeregte	146
rina	146
verkürzt	146
fernandez	146
nachstellen	146
carries	146
vereinte	146
fuzzy	146
tagaus	146
dalai	146
holzbein	146
rogue	146
eskimo	146
mt	146
verstandes	146
komponente	146
detonieren	146
mandela	146
erfrischungen	146
einkaufsliste	146
anwar	146
verpfuscht	146
leitartikel	146
goldlöckchen	146
bretagne	146
appellieren	146
aufmischen	146
verfrachtet	146
trügt	146
arbeitslosen	146
roslin	146
mahone	146
abzusehen	146
verwüsten	146
flussabwärts	146
busy	146
entlässt	146
korallen	146
sicherungskasten	146
zögerlich	146
halstuch	146
kleinkram	146
germaine	146
beschwörung	146
einfälle	146
abrams	146
brianna	146
wegstecken	146
ultimate	146
gleichstand	146
museums	146
bulgarien	146
roma	146
wütet	146
percival	146
allmächtig	146
stinky	146
libyen	146
gase	146
beep	146
bryson	146
dicky	146
kwai	146
skalp	146
geatmet	146
erhaltung	146
fließendes	146
trunk	146
zusammengeführt	146
südkorea	146
schlager	146
keinster	146
farik	146
elternabend	146
sissy	146
baumes	146
jahrhundertelang	146
dawes	146
widerwillig	146
fahrlässigkeit	146
einzigste	146
albino	146
störrisch	146
mitgeben	146
bedienstete	146
ulkig	145
reinzuwaschen	145
hinwegzukommen	145
versagerin	145
spaßbremse	145
glich	145
komplikation	145
spaten	145
kredithai	145
entfernter	145
direktem	145
hohle	145
verweigere	145
hofes	145
einschüchterung	145
kriegspfad	145
dichtgemacht	145
ungeborenen	145
wackelig	145
chapo	145
vorschlaghammer	145
ballern	145
peinlichkeit	145
otaru-sama	145
sachlich	145
bekanntmachung	145
zerbrochenen	145
auweia	145
feindlicher	145
vietnamesen	145
iceman	145
ordentlicher	145
unsrer	145
arbeitslager	145
heath	145
gulasch	145
frauenzimmer	145
netflix-originalserie	145
arnaud	145
zapfen	145
rumänisch	145
eleganter	145
berauschend	145
murat	145
eingraviert	145
werkzeugkasten	145
auftanken	145
vorbestimmt	145
sit	145
nim	145
erfindest	145
ogami	145
haynes	145
gungellan	145
bewerkstelligen	145
stromnetz	145
hartman	145
trainerin	145
funktionierende	145
unverbesserlich	145
erhalt	145
schneiderin	145
serbien	145
krasser	145
gynäkologe	145
experimentelle	145
geht`s	145
grinch	145
feuerleiter	145
visuellen	145
kobe	145
sprengte	145
ringer	145
überfuhr	145
krauts	145
supernatural	145
kontostand	145
axe	145
beharrlich	145
spirit	145
bemüh	145
überlastung	145
koppel	145
barrel	145
zanken	145
minderheiten	145
tilgen	145
vorzulesen	145
zurückzurufen	145
wittern	145
norrell	145
queenie	145
maximus	145
lear	145
ikarus	145
turban	145
calhoun	145
drogenproblem	145
bäuche	145
mehrerer	145
parallele	145
gekühlt	145
türklingeln	145
reinkommst	145
lösten	145
abgesprungen	145
weiblichkeit	145
sonderbare	145
holbrook	145
umschweife	145
defense	145
kühlhaus	145
callgirl	145
heibt	145
stöpsel	145
roan	145
spinn	145
schlechtere	145
autowerkstatt	145
bestattung	145
murphys	145
nenner	145
schwangerschaftstest	145
synchron	145
nighthorse	145
transplantat	145
commandant	145
gesandte	145
naturlich	145
einlauf	145
schleuder	145
prägen	145
graut	145
erfanden	145
gezaubert	145
lomax	145
séance	145
reade	145
drehort	145
luz	145
ew	145
strafrechtlich	145
bezwecken	145
verabscheuen	145
wirtschaftlichen	145
zweitbeste	145
höfliche	145
trauernden	144
schürzenjäger	144
eisig	144
schmaler	144
berät	144
friedensrichter	144
rekonstruktion	144
gluck	144
pfannen	144
verfaulen	144
rojas	144
yael	144
sezieren	144
rhetorische	144
dämpfen	144
vorhandenen	144
weltherrschaft	144
hundehütte	144
denton	144
beklagte	144
dany	144
quickie	144
ga	144
qin	144
verunsichern	144
fallschirme	144
oral	144
krücke	144
haschisch	144
abriegelung	144
chopper	144
schmorbraten	144
fatima	144
verschwendete	144
masterson	144
wasserloch	144
nomad	144
abwickeln	144
hieraus	144
knightley	144
laverne	144
ewings	144
lästern	144
gillis	144
preisverleihung	144
peanutbutter	144
told	144
waggons	144
unzulässig	144
durchlesen	144
mitreißen	144
grafschaft	144
erkundige	144
und-	144
mörderische	144
zwanghaft	144
verarzten	144
hagrid	144
hinreißen	144
schniedel	144
wiederkehr	144
bestmögliche	144
gebremst	144
rumpel	144
muad	144
sen	144
schwertes	144
auszufüllen	144
eggs	144
abstrich	144
runterbringen	144
suu	144
gedealt	144
weitesten	144
fabelhafter	144
vorzeitige	144
gebührend	144
pünktchen	144
forderten	144
überschwemmung	144
erfundene	144
hingegeben	144
kotzbrocken	144
rosamund	144
salzburg	144
brennendes	144
gürtellinie	144
bagwell	144
gcpd	144
wandere	144
gesegneten	144
maskiert	144
vorzuschlagen	144
onn	144
supernova	144
subraum	144
pulaski	144
alton	144
partridge	144
anzugträger	144
gypsy	144
munsters	144
wissenschaften	144
kolleginnen	144
mitschuldig	144
ungenau	144
entfesselt	144
pfade	144
baseballspieler	144
stethoskop	144
karina	144
schnaufen	144
mechanischen	144
lepra	144
glasklar	144
fungieren	144
vermassel	144
magengeschwür	144
prohibition	144
verbleibenden	144
peaks	144
spotten	144
abreist	144
charisma	144
taifun	144
cha-cha-cha	144
cubs	144
geigenmusik	144
geschmückt	144
schrecklichste	144
germanen	144
zynismus	144
tricia	144
minos	144
gringos	144
nairobi	144
rotz	144
massenmord	144
ideologie	144
übte	144
ha-ha-ha	144
zoidberg	144
behaupteten	144
seriöse	143
mutmaßlichen	143
deluxe	143
riegeln	143
wagenheber	143
nichtstun	143
rafa	143
fagin	143
zuckerguss	143
führungskräfte	143
ausborgen	143
angespült	143
drücker	143
chamäleon	143
thawne	143
atomkrieg	143
ems	143
lasso	143
sicherheitskräfte	143
klitzekleines	143
islands	143
angelaufen	143
kondition	143
litten	143
carlitos	143
photonentorpedos	143
beschaffe	143
ermutige	143
schlüsselloch	143
flanders	143
mischling	143
filet	143
beweggründe	143
sameer	143
anthrax	143
dramen	143
fähige	143
kroll	143
geständnisse	143
kaffe	143
polk	143
versiehst	143
hommage	143
diebesgut	143
mordverdacht	143
warwick	143
israelischen	143
markie	143
tschitti	143
umwandeln	143
rechtschreibung	143
fraktion	143
ke	143
brandzeichen	143
perrin	143
cetera	143
logischen	143
messers	143
einfältig	143
rückreise	143
aktualisieren	143
prächtiger	143
besprechungen	143
anstrengende	143
conroy	143
aguilar	143
behüten	143
umhören	143
wüsten	143
lagune	143
colors	143
einmarschieren	143
governor	143
einwilligen	143
blackstone	143
petroleum	143
basierte	143
vorweisen	143
ilse	143
zicken	143
zeitdruck	143
donnerstagabend	143
stricke	143
frontal	143
runtergeht	143
schmale	143
pressesprecher	143
schamhaare	143
unüblich	143
unwiderruflich	143
klarkommt	143
versteinert	143
gewalteinwirkung	143
durchgeknallten	143
petes	143
oberkellner	143
navigieren	143
tapferes	143
kau	143
deans	143
walross	143
beizuwohnen	143
unterarm	143
ritzen	143
relikt	143
sicherheitsrisiko	143
akzeptanz	143
plötzlicher	143
unterbrechungen	142
schussweite	142
profile	142
schlauberger	142
radfahren	142
ucla	142
backpage	142
airwolf	142
borgias	142
buchs	142
gettysburg	142
behind	142
empfängnis	142
meerschweinchen	142
feindlich	142
schändlich	142
fillory	142
mumble	142
robbi	142
savoy	142
basislager	142
ihrs	142
fünfjährigen	142
statisten	142
lakers	142
tablet	142
transformation	142
donnell	142
euretwegen	142
terrorisieren	142
fata	142
distanzieren	142
ställen	142
tierischen	142
jiro	142
abservieren	142
kinderstimmen	142
sharif	142
fallschirmspringer	142
energiefeld	142
dienstagabend	142
leitern	142
strategischen	142
cy	142
napalm	142
csi	142
aftershave	142
vorbeigebracht	142
brahms	142
bildmaterial	142
externe	142
vortritt	142
knick	142
hagel	142
verüben	142
kuß	142
muppets	142
slums	142
maury	142
wegbeschreibung	142
reingeht	142
deponieren	142
wiegst	142
caddy	142
unerfreulich	142
ingram	142
maren	142
fixieren	142
dussel	142
auslöste	142
genauestens	142
attentate	142
regulären	142
atemwege	142
hammelburg	142
hjørdis	142
kostspielig	142
pilgrim	142
bratva	142
joana	142
herkriegen	142
heruntergeladen	142
planmäßig	142
ohrläppchen	142
geber	142
gutscheine	142
winthrop	142
unbeaufsichtigt	142
gestiftet	142
misere	142
g.i.	142
entsenden	142
anfasse	142
erdnuss	142
heulend	142
fußabdruck	142
bestrafst	142
rute	142
voreilige	142
aufgeblasener	142
mas	142
zerdrückt	142
beer	142
hungriger	142
früheres	142
abzubauen	142
verschissene	142
akademische	142
turnen	142
davonzulaufen	142
fife	142
tetsuo	142
einlass	142
neugeborene	142
minze	142
herauskam	142
pflügen	142
einnahme	142
luthors	142
blast	142
lyrik	142
spiegeleier	142
sexistisch	142
gerissene	142
vietcong	142
rösten	142
gezuckt	142
kriegsgefangene	142
schumann	142
cookies	142
raffinerie	142
testperson	142
unüberlegtes	142
festzulegen	142
angeschissen	142
auszustellen	142
quagmire	142
skelette	142
effektive	142
wacker	142
fußballer	142
reiss	142
angelächelt	141
eingeloggt	141
bergmann	141
unterworfen	141
ausgemalt	141
rechtsbeistand	141
tannenbaum	141
angerannt	141
eingegriffen	141
hochrangigen	141
silke	141
schwesternschaft	141
krawall	141
kontrollfreak	141
akkordeon	141
whitaker	141
beastmaster	141
riesenerfolg	141
bajoranische	141
vollkommener	141
verwechsle	141
weggeräumt	141
müllmann	141
mäuler	141
eingangshalle	141
durchgeben	141
lakritze	141
gegenständen	141
lupo	141
chavez	141
kongresses	141
theaters	141
wertlosen	141
dünnem	141
vogler	141
vorschlug	141
vordergrund	141
schrumpft	141
winkler	141
100-mal	141
hinschmeißen	141
synthetische	141
alvey	141
fahrwerk	141
feldman	141
schatzkarte	141
angesehene	141
gardiner	141
schaukelstuhl	141
junction	141
williamsburg	141
eiswasser	141
foot	141
ingwer	141
großartigste	141
murdoc	141
wühlt	141
zweitausend	141
getürmt	141
kaufleute	141
rayna	141
elya	141
einzelteile	141
ausgesaugt	141
seelische	141
differenz	141
granada	141
schätz	141
plump	141
niedlichen	141
abwägen	141
erschaffung	141
spartaner	141
reagierten	141
volltanken	141
serben	141
verwesung	141
xanax	141
liebeslied	141
bedeutendes	141
walnüsse	141
aber-	141
widerst	141
rappen	141
biggs	141
familienname	141
deko	141
verschwörungstheorien	141
ausgefragt	141
elder	141
kobol	141
göteborg	141
etablieren	141
zurückgreifen	141
stadträtin	141
wohnhaft	141
wirkungsvoll	141
weltordnung	141
untier	141
m-m	141
exklusiven	141
donahue	141
überprüften	141
schlaflied	141
antiquität	141
aufhebens	141
rittern	141
flechten	141
reingefahren	141
kommentator	141
spritzte	141
zeche	141
gesprächspartner	141
erstklassiges	141
schramme	141
zeitungsartikel	141
empörend	141
übereifrig	141
ausgepeitscht	141
verirrte	141
sellers	141
mitbringe	141
bekloppten	141
kreta	141
pictures	141
otaru-kun	141
garn	141
mitgefahren	141
egan	141
westminster	141
antichrist	141
dragons	141
habib	141
zerriss	141
laber	141
este	141
prompt	141
hausnummer	141
frachtschiff	141
mitzuspielen	141
bullet	141
talon	140
mentorin	140
dürren	140
manipulierte	140
aldrin	140
kellnerinnen	140
mustern	140
anhielt	140
vorgeschrieben	140
brüderlichkeit	140
work	140
sentinel	140
tupfer	140
herzmassage	140
dow	140
bellick	140
krebse	140
übernatürliches	140
christlich	140
verteilte	140
interessierten	140
hunk	140
gravitation	140
anson	140
dosierung	140
zugibst	140
wichsern	140
hülse	140
ungehobelt	140
weggekommen	140
papperlapapp	140
horch	140
verschmolzen	140
anzurühren	140
landeerlaubnis	140
mailen	140
gespann	140
kaltem	140
zündete	140
kürzlichen	140
beisein	140
u.s.s.	140
breakfast	140
kühlbox	140
abtrünnigen	140
klinischen	140
langdon	140
geltung	140
müllwagen	140
fûr	140
augenarzt	140
petrelli	140
versammlungen	140
schusswaffe	140
horen	140
shooter	140
eilte	140
vorzuweisen	140
revision	140
schularbeiten	140
drogenabhängig	140
unpässlich	140
unterhielt	140
entflohenen	140
peach	140
mathematische	140
fettig	140
akkie	140
cybermen	140
bissspuren	140
stimulieren	140
gedenkst	140
sentimentalität	140
monkeys	140
ehrbare	140
identifizierten	140
fessle	140
gutgeht	140
paddel	140
kline	140
begeisterte	140
hazienda	140
arcy	140
samstagmorgen	140
fänger	140
monopoly	140
münder	140
rivalität	140
algier	140
ergebenheit	140
flüssen	140
hingesehen	140
panzern	140
girard	140
keenan	140
grundstein	140
geburten	140
schützte	140
sohle	140
kellerman	140
legitime	140
floki	140
umbrachten	140
treibsand	140
hinterland	140
erstsemester	140
komischerweise	140
wiederbekommen	140
trojaner	140
gebräu	140
salinger	140
abzureißen	140
errungenschaften	140
schicksale	140
abbrennen	140
madre	140
farah	140
prestige	140
skull	140
phosphor	140
drover	140
tunesien	140
hoffnungsvoll	140
hocke	140
satoshi	140
rehabilitiert	140
euphorie	140
stürmte	140
justus	140
abgewöhnen	140
anreden	140
trio	140
elfi	140
beisteuern	140
wachsenden	140
windes	140
b.j.	140
weltmeisterschaft	140
forces	140
hausverbot	140
childs	140
shaka	140
kreation	140
riesenproblem	140
umringt	140
unterbringung	140
geflucht	140
amélie	140
schmeichler	140
benötigten	140
jaha	140
mobilen	140
geschworener	140
ausgesorgt	140
abdullah	139
mayhew	139
fortschrittlich	139
schweinereien	139
streitest	139
premierministers	139
samcro	139
gehänselt	139
fresst	139
klitzekleine	139
nevins	139
ostens	139
höllenfeuer	139
pacht	139
kaltgemacht	139
hammel	139
geohrfeigt	139
puppenhaus	139
brezeln	139
behielten	139
julies	139
maxie	139
schlichte	139
unterschiedlicher	139
einhörner	139
monopol	139
besoffener	139
diesjährige	139
zusatzartikel	139
lobo	139
rassistische	139
vicente	139
schuldgefühl	139
astronomie	139
lucio	139
gehangen	139
intimen	139
intellektueller	139
geschlechtskrankheit	139
katzenfutter	139
aufzufallen	139
wassermann	139
perversion	139
patentante	139
erbeutet	139
riza	139
landschaften	139
äpfeln	139
brüll	139
tourismus	139
hochrangige	139
schnösel	139
wrestler	139
zuzuschauen	139
ausbeuten	139
rauszulassen	139
spielzimmer	139
lassiter	139
spezialeffekte	139
gollum	139
gerber	139
reingehst	139
angestoßen	139
arlette	139
alls	139
neugeboren	139
äußerster	139
bjorn	139
überreiche	139
ablehnte	139
dyad	139
cruchot	139
durchkreuzen	139
zuhöre	139
ehrwürdiger	139
hauptverdächtigen	139
zwölften	139
zurückließ	139
aufgebot	139
vollendung	139
sümpfe	139
stimmbänder	139
rehe	139
brasilianer	139
hochinteressant	139
rochefort	139
schiri	139
auktionshaus	139
geldverschwendung	139
schampus	139
mulders	139
herschicken	139
genehmigungen	139
leyla	139
makrele	139
kriegsgefangener	139
neumann	139
berufsrisiko	139
versprachst	139
fortgeschrittenen	139
kerbe	139
mr.orange	139
boje	139
krankenzimmer	139
maskierten	139
quälte	139
sektoren	139
simse	139
blazer	139
zwanglos	139
rückbank	139
suffolk	139
radon	139
künstlicher	139
botschafters	139
drangekriegt	139
abraten	139
schadensersatz	139
ibiza	139
weintrauben	139
verurteilst	139
befürchtungen	139
lupus	139
dugan	139
zuständigkeitsbereich	139
beglückt	139
tts	139
laufschritt	139
hintergründe	139
dianne	139
frommen	139
sears	139
geborener	139
blutspur	139
aufrichten	139
lula	138
timo	138
schmierigen	138
draufhast	138
wertloses	138
geschlechtskrankheiten	138
vokabular	138
schwirrt	138
ssen	138
strategische	138
glamourös	138
direktoren	138
public	138
saboteur	138
buchhalterin	138
somalia	138
klapperschlange	138
armageddon	138
harmonische	138
phoebes	138
bradford	138
pep	138
lilie	138
angedockt	138
ru	138
mtv	138
herausfanden	138
frannie	138
pidge	138
erbse	138
verschmelzung	138
hakan	138
gelüste	138
emmanuel	138
leuchtend	138
lis	138
republikanische	138
slips	138
eisigen	138
materiellen	138
belize	138
zopf	138
volker	138
sicherheitszone	138
éric	138
erschlug	138
rancho	138
sakrament	138
geschäftsessen	138
salud	138
hürde	138
teufelskreis	138
mile	138
gazette	138
grobian	138
liebenswerte	138
zudrücken	138
suizid	138
fähiger	138
entmutigt	138
bücherregal	138
children	138
milk	138
stoppuhr	138
röhrchen	138
social	138
knöpf	138
defekte	138
spuckst	138
langfristige	138
auswirkt	138
interessanteste	138
deena	138
unerklärliche	138
fröhlichkeit	138
iraner	138
rohen	138
saftigen	138
anaïs	138
jussi	138
däumchen	138
reservierungen	138
wachsamkeit	138
rasierwasser	138
strahlender	138
einteilen	138
lindas	138
erinnerten	138
spasti	138
ruß	138
balkan	138
kents	138
einfahren	138
fossil	138
goran	138
clea	138
andromeda	138
schmerztabletten	138
verwendest	138
teenagern	138
stryker	138
anzukommen	138
