de	14459520
que	14421005
no	12379505
a	9549646
la	9125471
el	7531226
y	7128745
es	6993497
en	6817324
lo	6041793
un	5605577
por	4454673
qué	4166708
me	3927712
una	3846322
los	3069193
se	3058120
te	3034375
con	3028045
para	2832100
está	2433246
mi	2403204
pero	2369484
sí	2350514
si	2348665
bien	2045290
eso	2029720
su	2005512
las	2001203
yo	1915934
del	1647872
como	1630651
aquí	1625090
tu	1618746
al	1549489
más	1503527
le	1432173
esto	1297847
todo	1296897
ya	1115265
estoy	1092574
ahora	1088174
muy	1086248
ha	1071928
esta	1051900
así	1050332
vamos	1049315
algo	1039192
hay	1014288
bueno	1012700
tengo	954371
él	931487
cuando	931329
estás	917354
sé	911639
tú	906053
nos	866968
nada	863844
cómo	862349
este	858931
o	843972
he	820376
ser	819688
tiene	807065
puedo	806048
ella	800671
quiero	798831
hacer	794408
fue	781449
gracias	779503
vez	767227
era	765725
soy	745166
sólo	741588
todos	686692
porque	685059
son	671394
tienes	670767
creo	651433
voy	639418
sabes	636739
estaba	636659
puede	631326
eres	630024
ese	624205
usted	618844
entonces	609938
hola	601523
solo	590343
verdad	589565
casa	587832
tan	573916
quién	566465
sus	562087
tiempo	556996
dos	556427
esa	553442
nunca	549997
dónde	539643
va	535397
oh	532776
favor	527629
mucho	516361
mí	515655
quieres	515465
siento	512907
señor	507728
mejor	500478
hace	495352
has	492533
decir	492098
también	488057
sobre	478020
dios	476939
sin	474770
tenemos	473895
están	471887
ti	470358
puedes	463318
ver	462775
hombre	460084
vida	453649
alguien	447141
cosas	424801
siempre	424363
hasta	423321
ahí	422871
ir	411198
años	408547
antes	405555
estar	402369
ni	401980
poco	397739
día	395131
uno	393047
noche	391078
hecho	391011
mis	385798
estamos	376563
otra	368984
acuerdo	367329
trabajo	363747
nosotros	357836
parece	355615
gente	354586
sea	352790
padre	351051
mira	349779
mismo	347834
dijo	342900
nadie	339772
quiere	332148
podría	329332
hablar	327201
vas	327127
ellos	323892
sr.	321637
tal	317926
pasa	315529
fuera	311571
después	311500
han	308501
desde	303620
dinero	300518
mundo	298208
claro	296584
momento	294559
les	294439
tener	292932
estado	292015
otro	290565
había	289157
mañana	283391
tenía	282966
madre	281646
vale	280447
lugar	280315
haciendo	278317
donde	277524
seguro	277231
sabe	273895
podemos	272425
tus	271677
espera	270741
nuevo	269895
sido	269505
cosa	269054
hijo	267856
allí	267215
menos	263837
tipo	262340
amigo	258356
gran	257648
nuestro	254046
mujer	249627
mamá	247700
luego	245811
papá	243251
días	243003
dice	240795
hoy	240395
tres	239782
buena	238330
necesito	237654
dije	235936
oye	234324
gusta	233367
quería	230602
será	230159
haber	229602
parte	229038
todas	227146
crees	225748
buen	224802
conmigo	224527
nombre	222406
mierda	221567
nuestra	221503
mal	220024
debe	218223
realmente	217847
estas	216844
aún	215129
mío	212096
toda	211746
hacerlo	209901
cada	209674
visto	206949
importa	203118
contigo	202208
tienen	200708
hemos	200028
razón	198832
alguna	198263
tanto	197519
saber	196610
hizo	196192
veces	195756
serio	194846
ven	193452
idea	193369
eh	193299
tarde	191883
problema	189963
hora	189851
cierto	189653
dicho	187895
quien	187133
demasiado	182668
amor	182326
entre	181114
ve	179427
pasado	178763
familia	177748
estos	176532
policía	175471
debería	175394
ustedes	174241
chica	173210
esos	171237
chicos	170008
cuenta	169714
haces	166985
todavía	166624
salir	165591
algún	163790
vaya	162833
unos	162525
veo	162326
amigos	160684
hermano	159678
pensé	159438
sabía	156439
cabeza	156069
ah	156002
cariño	153353
digo	153149
van	153024
hombres	151647
buenas	151571
somos	151256
cualquier	150946
forma	150750
mientras	150383
lado	149162
debo	148975
sería	148309
caso	148273
pueden	148183
pasó	145810
primera	145110
genial	145028
chico	145009
supuesto	144428
hice	144174
pues	143870
adiós	143677
muchas	143007
personas	141945
señora	141893
volver	141009
esas	140885
quizá	140794
contra	140485
camino	140092
durante	139987
hablando	139007
manera	137722
muerto	137301
persona	136985
rápido	136953
cuál	136406
ayuda	136155
historia	135924
iba	135256
supongo	134885
nueva	134490
entiendo	134138
dentro	133954
casi	133614
puerta	133533
ves	133094
pasar	131693
primero	131298
significa	130774
semana	130555
hacia	130000
quizás	129544
espero	129454
juntos	129353
año	128910
niños	128856
pronto	128135
tío	127895
suerte	127246
ciudad	126710
siquiera	126506
feliz	125692
venir	124376
hija	124289
gustaría	124196
minutos	123912
cuánto	123138
os	122754
hey	122432
muerte	122057
dejar	121779
realidad	121027
deja	120259
problemas	120138
vi	119856
da	119199
importante	119177
dijiste	119038
corazón	118685
miedo	118624
jefe	118458
agua	117654
haré	117579
justo	117044
horas	116873
poder	115246
buenos	115064
esposa	114925
manos	114921
debes	114812
viene	114395
venga	114109
nuestros	114018
ojos	113772
adelante	113192
encontrar	113028
mano	112665
cinco	112532
niño	112512
ninguna	112227
otros	112169
cara	111953
cuidado	111524
bajo	111241
cerca	110690
viejo	110403
déjame	109679
noches	109592
bastante	109431
fin	109402
tomar	109183
único	108435
misma	108033
escucha	107286
ningún	107193
suficiente	107106
punto	106940
cuándo	106920
sigue	106764
haya	106729
equipo	106584
grande	106057
necesita	105889
llegar	105719
incluso	105304
algunos	105052
doctor	104991
difícil	104985
aunque	104655
hubiera	104473
primer	104138
coche	103946
hago	103901
clase	103827
cuatro	103805
mas	103445
dices	103279
pequeño	103016
llama	102848
toma	102733
hiciste	102722
allá	102642
última	102333
arriba	102254
tierra	102197
guerra	101887
pensar	101695
pueda	101487
igual	101272
loco	100021
sangre	99844
mujeres	99536
vuelta	99529
fui	99366
trabajar	99262
tenido	99237
juego	99041
deberías	98960
cuerpo	98410
e	96622
algunas	96075
entrar	95899
cree	95859
podía	95527
debemos	95445
oportunidad	95375
teléfono	95015
necesitamos	94964
final	94883
listo	94769
fiesta	94739
muchos	94250
estabas	94097
quieren	94018
vete	93782
auto	93654
dar	92706
vivir	92629
posible	92449
ok	92398
hermana	92291
número	92183
meses	92062
exactamente	91598
culpa	91506
abajo	91298
escuela	90725
ido	90670
fuerte	90226
diciendo	90048
habla	90023
esté	89826
ello	89741
pregunta	89617
chicas	89467
eran	89418
unas	89043
pasando	88887
atrás	88877
malo	88555
capitán	88550
sra.	88400
bebé	88307
segundo	88232
sabemos	87714
mayor	87707
comida	87661
morir	87614
conozco	87429
dame	87200
fácil	87099
comer	86671
vino	86406
lista	86033
haga	85884
necesitas	85706
hijos	85020
probablemente	84911
padres	84855
habitación	84704
creer	84624
pensando	84438
fueron	84181
dime	84079
trata	83906
buscando	83655
tuve	83608
tampoco	83595
amo	83156
joven	82919
podrías	82328
sola	82229
par	81901
única	81808
hacen	81807
seguir	81723
dr.	81308
simplemente	80350
dicen	80310
medio	80278
puta	80176
saben	79988
sentido	79686
hagas	79398
segura	79393
esperar	79115
lejos	79091
arma	78974
alto	78496
pequeña	78191
dólares	77319
seis	77064
estaban	76916
seguridad	76807
maldita	76765
estuvo	76639
preocupes	76606
palabra	76589
esperando	76353
queda	76150
oficina	75697
matar	75652
iré	75521
cama	75441
además	75259
último	75205
oído	75123
habría	74848
estará	74836
dio	74745
recuerdo	74344
siendo	74265
acerca	74051
tenga	73994
luz	73886
correcto	73881
ud.	73708
demonios	73485
nuestras	73354
verte	73227
dormir	73064
sitio	73036
ayudar	72837
conseguir	72697
di	72555
marido	72210
paz	72000
idiota	71856
plan	71640
dado	71249
cuanto	71197
peor	70692
murió	70466
pueblo	70465
vivo	70329
venido	70151
john	69978
basta	69973
paso	69865
deberíamos	69574
música	69241
diga	68941
minuto	68878
anoche	68870
llamar	68861
piensa	68552
país	68539
digas	68227
rey	67803
perdón	67516
mucha	67426
falta	67152
pienso	67140
diablos	67119
perdido	66882
niña	66672
señorita	66491
diez	66429
lleva	66407
hospital	66316
grandes	66186
maldito	66025
otras	65924
llamado	65650
hacemos	65535
llevar	65446
fuego	65442
aqui	65202
tuvo	65130
poner	64740
calle	64675
acaba	64600
prueba	64593
increíble	64527
real	64511
libro	64445
orden	64437
semanas	64300
especial	64240
mía	64132
café	63914
duro	63800
empezar	63463
afuera	63387
queremos	63319
perro	63070
cielo	62981
jack	62965
puesto	62949
viaje	62667
detrás	62621
cuarto	62590
querida	62549
haría	62547
preguntas	62505
piensas	62433
querido	62425
libre	62421
buscar	62319
cual	62288
diré	62193
suena	62170
jugar	62132
cambio	62106
película	61985
millones	61876
habrá	61821
llamada	61791
resto	61752
vemos	61545
extraño	61249
mala	61177
presidente	61090
srta.	60636
irme	60622
ropa	60542
perder	60378
vuelve	60172
agente	60171
palabras	60090
información	60090
raro	60086
hará	59965
entiendes	59914
éste	59792
trabajando	59674
tratando	59643
general	59593
trato	59469
usar	59267
perfecto	59208
derecho	59164
modo	59041
ayer	59013
conoces	58941
demás	58811
quieras	58704
podríamos	58548
noticias	58530
asesino	58507
encontrado	57581
control	57479
odio	57427
frente	57371
sexo	57281
decirle	57135
estaré	57085
divertido	56908
armas	56785
recuerdas	56669
amiga	56665
grupo	56638
asunto	56622
acabo	56586
mensaje	56126
encima	56110
atención	56092
diferente	56028
uh	55996
cállate	55856
daño	55599
sucede	55572
cambiar	55360
siguiente	55300
sino	55136
the	54966
seas	54799
médico	54547
boca	54512
dejó	54435
error	54414
jamás	54158
largo	53833
pena	53618
voz	53574
futuro	53557
siente	53518
secreto	53504
baño	53455
mil	53364
decirte	53207
sam	53082
pensaba	53018
novia	52984
propia	52973
sueño	52956
haz	52344
fuerza	52316
deben	52297
supone	52250
estábamos	52003
ambos	51916
ay	51890
estuve	51592
encontré	51507
vuelto	51505
dolor	51283
dile	51271
encanta	51240
edad	51163
darle	51120
pie	51066
negro	50987
ganar	50970
york	50964
aire	50788
lamento	50766
verlo	50765
asesinato	50759
vio	50756
adónde	50674
llegado	50534
disculpe	50520
s	50469
cita	50399
estaría	50270
fuiste	50201
sistema	50050
gusto	50039
pobre	50019
negocio	49896
mente	49842
tuyo	49799
campo	49614
mire	49575
situación	49426
tras	49345
hotel	49177
vosotros	49111
funciona	48956
foto	48915
abogado	48914
loca	48859
propio	48844
alrededor	48767
próxima	48701
terminado	48673
hablas	48652
pagar	48636
mató	48583
llamo	48473
personal	48419
sientes	48410
ocurre	48364
ésta	48338
recuerda	48335
mitad	48317
quiera	48299
pelo	48293
tenías	48183
viste	47962
oficial	47960
llegó	47852
compañía	47842
relación	47824
conoce	47688
pase	47622
montón	47610
mejores	47509
creí	47494
cena	47357
sentir	47337
través	47295
accidente	47117
i	46981
ellas	46892
caja	46635
tranquilo	46587
bonito	46554
eras	46544
asi	46535
pudo	46533
vive	46462
vista	46461
estúpido	46441
línea	46341
caballeros	46158
haremos	46119
dan	46063
quédate	46054
tienda	45913
comprar	45899
entendido	45877
centro	45864
salvo	45755
mes	45648
joe	45615
sol	45567
tonto	45479
hambre	45455
michael	45411
mesa	45409
respuesta	45345
completamente	45342
david	45220
carta	45152
totalmente	45016
imposible	44898
pruebas	44861
novio	44832
normal	44793
gustan	44761
frank	44615
pude	44614
charlie	44589
traje	44234
dirección	44229
siete	44169
dijeron	44151
placer	44038
sean	43979
tendrá	43656
barco	43597
blanco	43530
tom	43467
profesor	43370
servicio	43358
muchacho	43295
reunión	43217
dejado	43162
ley	43043
quisiera	42974
hubo	42830
george	42765
programa	42763
carrera	42759
cumpleaños	42596
muchachos	42571
culo	42470
canción	42468
hermosa	42438
universidad	42412
boda	42403
decirme	42378
cualquiera	42369
tengas	42271
hacía	42256
estés	42240
sala	42122
llevo	42084
decisión	42011
espere	42008
don	41978
necesario	41752
sal	41725
entra	41706
prisa	41706
carajo	41656
embargo	41642
interesante	41640
tendrás	41583
escuchar	41472
abuela	41377
hicieron	41321
detective	41299
horrible	41259
suelo	41247
fotos	41245
cárcel	41152
acá	41151
io	41134
mike	41066
siéntate	40993
decía	40982
intentando	40706
vámonos	40700
maldición	40681
silencio	40675
muerta	40660
capaz	40541
salió	40377
club	40360
terminar	40338
temo	40288
broma	40281
gobierno	40236
prometo	40224
cámara	40045
media	39998
terrible	39993
llamó	39922
regalo	39903
amable	39841
dulce	39818
muertos	39809
querías	39797
ataque	39782
das	39589
navidad	39589
negocios	39553
pudiera	39528
ocho	39524
avión	39484
investigación	39465
acabó	39429
juro	39329
mantener	39327
ejército	39290
papel	39262
partes	39255
ten	39243
gracioso	39166
diría	39163
principio	39155
delante	38898
teniente	38628
deseo	38627
vayas	38593
nave	38459
sale	38407
basura	38280
vine	38168
contacto	38028
esposo	38011
tren	37976
encontramos	37952
dale	37876
verdadero	37844
tuya	37837
alma	37824
hazlo	37804
disculpa	37801
junto	37794
anda	37779
tendré	37662
matrimonio	37656
saberlo	37540
locura	37525
oro	37500
permiso	37465
director	37428
peligro	37415
libertad	37412
alegro	37403
baja	37298
tendremos	37262
derecha	37262
encuentra	37241
pies	37222
segunda	37192
maravilloso	37115
espacio	37114
rato	37101
abuelo	37062
esperaba	37031
mirando	37030
salud	37016
sorpresa	37012
ninguno	37007
miren	37000
triste	36968
aun	36908
pensado	36904
maestro	36887
según	36882
infierno	36835
podrían	36824
tipos	36703
tía	36607
crimen	36579
conocido	36564
consejo	36446
ante	36426
iglesia	36300
intento	36197
mayoría	36167
doy	36153
peter	36107
hicimos	36096
escena	36065
piso	36054
señal	36012
honor	35990
llamas	35985
abre	35915
cerebro	35820
veras	35817
viendo	35814
pone	35812
pregunto	35802
cocina	35715
vestido	35669
inteligente	35632
vieja	35616
caballo	35585
vienen	35533
vidas	35477
bar	35461
corte	35435
sucedió	35426
adentro	35406
drogas	35396
enseguida	35331
busca	35289
agradable	35267
carne	35253
parecía	35223
departamento	35214
lindo	35195
mar	35149
duda	35145
edificio	35098
conocer	35058
cargo	35050
víctima	35048
luna	34997
energía	34997
frío	34936
hablo	34863
baile	34771
trabaja	34740
misión	34729
listos	34703
ayudarte	34637
izquierda	34629
paul	34600
beber	34576
deje	34568
finalmente	34516
simple	34511
daré	34496
sabías	34453
puedas	34446
puso	34438
creía	34319
regresar	34314
llega	34263
entender	34253
mirar	34206
sacar	34188
cambiado	34095
trae	34072
hermoso	34066
opinión	34009
verás	34007
linda	34005
apenas	33969
segundos	33905
cerveza	33902
harás	33809
estuviera	33794
creen	33728
oír	33646
tendría	33574
cuántos	33572
hablado	33561
hablamos	33532
reina	33477
temprano	33465
tema	33446
prisión	33396
porqué	33393
vuelva	33350
público	33347
ocurrió	33319
veré	33305
salvar	33301
partido	33291
bonita	33286
joder	33283
causa	33279
caliente	33249
sargento	33179
cenar	33146
compañero	32947
llevó	32910
banco	32880
existe	32874
ben	32858
zona	32787
destino	32785
base	32757
solía	32665
cliente	32665
irse	32623
perra	32592
james	32572
encuentro	32557
encontró	32539
pelea	32497
san	32450
norte	32319
quise	32250
coronel	32219
apuesto	32213
peligroso	32210
viva	32204
max	32182
vienes	32150
necesitan	32121
té	32049
excepto	32005
juicio	31961
podamos	31904
llave	31899
equivocado	31851
posición	31835
trasero	31796
irnos	31731
espalda	31618
excelente	31576
éxito	31546
modos	31533
ventana	31521
veamos	31449
especie	31439
teníamos	31438
diferencia	31428
formas	31423
pedir	31418
últimos	31416
escúchame	31386
ejemplo	31354
ése	31352
radio	31316
lee	31272
calma	31202
hogar	31190
volveré	31148
fondo	31017
humano	30936
henry	30924
tí	30876
iremos	30871
unidos	30863
habían	30746
jesús	30720
planeta	30672
verme	30657
respecto	30525
regreso	30519
debido	30518
seré	30505
tenían	30390
leer	30383
parar	30341
lleno	30333
dejé	30321
respeto	30274
debajo	30209
harry	30134
escribir	30111
estación	30100
pidió	30100
alta	30046
pista	30000
estrella	29938
enfermo	29931
duele	29808
sueños	29807
veremos	29783
miles	29772
darme	29767
órdenes	29746
ocupado	29600
sigues	29572
corre	29570
podido	29555
dejes	29536
nivel	29519
habéis	29518
experiencia	29510
darte	29480
salida	29479
decirlo	29456
confiar	29427
hacerte	29424
necesitaba	29377
hermanos	29333
zapatos	29332
color	29320
vistazo	29316
nena	29309
tratar	29257
parecer	29249
juez	29177
próximo	29134
paciente	29118
hayas	29081
bolsa	29042
arte	29011
mary	28973
jugando	28967
llevas	28896
alegra	28887
bailar	28886
diablo	28865
oí	28863
sepa	28810
estarás	28804
sur	28775
banda	28768
aprender	28760
precio	28723
completo	28715
santo	28659
culpable	28654
ganas	28649
tuvimos	28633
you	28617
verla	28616
volvió	28609
libros	28603
ojo	28589
serán	28588
cielos	28554
matado	28480
azul	28477
diferentes	28472
irte	28442
ia	28426
comandante	28382
acción	28381
reglas	28301
obra	28275
esperanza	28234
cuestión	28230
molesta	28230
teniendo	28223
bill	28210
informe	28207
jimmy	28145
río	28133
bienvenido	28108
abrir	28090
tocar	28076
bob	28053
contar	28052
sigo	28033
interior	27979
apartamento	27936
vea	27885
estados	27876
estáis	27855
preocupa	27847
tomó	27846
principal	27776
empieza	27717
londres	27684
empezó	27667
vayan	27643
jim	27640
llaman	27639
ojalá	27609
perdona	27596
vuelvo	27583
golpe	27552
quedarme	27529
llamaré	27497
acabado	27494
estilo	27487
nueve	27477
definitivamente	27474
quedar	27451
cartas	27437
bomba	27431
guardia	27405
pistola	27403
probar	27381
majestad	27352
traer	27310
marcha	27262
pareces	27231
común	27165
aquel	27160
hacerle	27153
vuelo	27150
nota	27132
danny	27097
humanos	27056
estaremos	27050
valor	27034
suyo	26925
objetivo	26881
repente	26871
debía	26858
rojo	26834
bromeando	26828
irá	26819
entrada	26809
doble	26787
dejaré	26734
evitar	26731
máquina	26692
cuello	26607
conocí	26576
tiempos	26575
tome	26557
nick	26552
animales	26546
alex	26535
acaso	26523
tuviera	26513
pareja	26503
verano	26486
escuché	26474
ama	26468
serás	26457
mentira	26429
tarjeta	26408
hagan	26381
perdí	26358
correr	26352
steve	26340
traído	26331
llegue	26329
preparado	26318
haberlo	26304
tony	26298
usa	26278
intentar	26247
ayudarme	26237
flores	26230
dando	26212
vos	26194
opción	26177
isla	26148
cierra	26144
piel	26126
enemigo	26121
dejo	26109
exacto	26087
imbécil	26010
jóvenes	26000
pedido	25956
larga	25955
entiende	25917
justicia	25899
nuevos	25896
obviamente	25797
despierta	25791
pido	25720
calor	25680
luces	25666
refiero	25660
fuimos	25657
batalla	25619
déjalo	25614
intenta	25538
sarah	25528
fantástico	25493
brazo	25423
absolutamente	25418
llena	25341
hacerme	25312
salga	25286
recordar	25282
escapar	25248
bosque	25245
gay	25217
señores	25187
quedan	25181
piernas	25117
visita	25113
parís	25111
usando	25109
ganado	25106
movimiento	25097
blanca	25080
rico	25019
inocente	24983
pesar	24982
absoluto	24982
vacaciones	24975
um	24948
mismos	24932
tomado	24901
habías	24885
planes	24830
cine	24776
toca	24753
brillante	24750
confianza	24733
vuestra	24707
nombres	24706
especialmente	24660
fbi	24627
embarazada	24625
esperen	24616
pantalones	24609
defensa	24602
terminó	24592
salido	24556
estupendo	24491
jane	24469
presión	24457
inmediatamente	24410
testigo	24402
deberían	24391
olvidado	24378
soldados	24372
resulta	24353
tommy	24300
depende	24282
motivo	24276
inglés	24267
suya	24246
estudio	24243
acabar	24230
sentimientos	24182
tomando	24154
dieron	24125
parecen	24063
llaves	24052
perros	24037
propósito	24020
noticia	24010
partir	23967
vuestro	23967
metros	23962
santa	23959
quedarse	23947
clientes	23929
podrá	23914
cuántas	23906
ridículo	23895
damas	23894
estuviste	23886
tranquila	23875
operación	23863
come	23861
empresa	23858
ayúdame	23854
laboratorio	23848
elección	23826
menudo	23817
beso	23794
copa	23750
conversación	23746
brazos	23717
espíritu	23706
dejas	23660
cansado	23628
interesa	23602
refieres	23567
casado	23560
enorme	23535
asuntos	23521
fe	23518
muestra	23509
trampa	23494
ray	23492
billy	23444
memoria	23432
johnny	23426
contrario	23421
soldado	23421
subir	23413
turno	23409
encantaría	23397
preocupado	23389
restaurante	23371
saliendo	23368
escrito	23334
cálmate	23322
bienvenida	23320
caer	23298
llevaré	23274
leche	23267
estrellas	23265
prefiero	23230
red	23197
viejos	23172
solamente	23166
oiga	23159
estén	23127
cuentas	23115
taxi	23114
anillo	23113
richard	23102
preguntar	23053
victoria	23042
quiénes	23032
héroe	23032
pequeños	23029
decidido	23006
películas	22995
responsable	22954
trago	22952
volverá	22878
árbol	22850
ibas	22845
dientes	22805
encantado	22800
camión	22794
vender	22769
llame	22752
detente	22743
luchar	22738
cabo	22732
ruido	22718
lucha	22712
muere	22695
reloj	22691
gato	22686
averiguar	22670
volar	22653
vayamos	22640
tanta	22574
vendrá	22548
corriendo	22534
yendo	22518
colegio	22498
sonido	22444
caballero	22412
pasada	22393
código	22378
hagamos	22349
imagen	22339
riesgo	22336
llegamos	22327
alguno	22317
pan	22311
millón	22303
malas	22295
dama	22292
hielo	22276
coño	22270
cayó	22244
prensa	22244
querer	22219
vengan	22202
eddie	22197
caminar	22142
televisión	22129
pasará	22111
momentos	22109
coger	22105
posibilidad	22104
hubiese	22099
mark	22087
asiento	22080
tuviste	22061
herido	22044
maría	22039
seguramente	22019
proyecto	22007
pared	21999
sentí	21974
sospechoso	21933
naturaleza	21922
ésa	21914
silla	21910
perdió	21883
robert	21882
policías	21865
arreglar	21854
sentado	21849
papi	21806
ideas	21803
obtener	21789
felices	21789
señoría	21787
cantidad	21766
bebe	21749
mírame	21736
chris	21736
papa	21732
llorar	21694
quedó	21686
familiar	21678
desastre	21670
locos	21665
escuche	21649
quedarte	21600
política	21599
pedí	21552
sois	21542
nosotras	21518
will	21495
enfermedad	21473
encontraron	21470
colega	21456
príncipe	21442
verde	21441
bajar	21421
nervioso	21417
vengo	21415
inspector	21393
sirve	21373
puertas	21366
fuerzas	21362
playa	21337
cantar	21325
déjeme	21323
velocidad	21309
total	21272
cabello	21256
suficientemente	21229
huellas	21222
haberte	21198
debí	21196
unidad	21181
estan	21171
cuchillo	21138
t	21127
oigan	21109
quienes	21083
gana	21078
tonterías	21068
emergencia	21060
perfecta	21035
hable	21026
gustaba	21015
lugares	21005
ryan	20997
show	20965
robo	20955
permite	20946
parque	20907
uds.	20900
roto	20900
serie	20857
puse	20843
nuevas	20833
evidencia	20831
conocerte	20819
estúpida	20818
preocupe	20779
perdone	20775
botella	20774
viento	20773
mando	20743
extraña	20742
historias	20732
aquella	20688
tenéis	20682
solos	20664
apoyo	20643
bala	20634
verdadera	20627
tiro	20610
época	20604
puente	20603
olvídalo	20576
distancia	20553
desea	20441
dejarlo	20439
pelear	20435
pierna	20434
echar	20410
descanso	20410
américa	20401
área	20386
orgulloso	20378
datos	20352
espectáculo	20331
sube	20325
dejaste	20322
acabas	20315
verá	20295
magia	20292
nacional	20291
universo	20289
llevaba	20253
necesitar	20251
nariz	20247
aquellos	20238
clases	20203
jake	20197
casas	20193
vergüenza	20189
estarán	20164
monstruo	20156
princesa	20154
autobús	20079
cuidar	20066
ei	20063
huevos	20054
pocos	20047
podrás	20047
enferma	20044
paseo	20024
detalles	20017
llamadas	19977
belleza	19964
francia	19957
abierto	19934
viviendo	19922
envió	19919
puntos	19907
ministro	19906
conducir	19903
aceptar	19883
borracho	19877
animal	19868
caballos	19849
trajo	19847
contrato	19843
viernes	19829
bobby	19818
martin	19801
amy	19792
bienvenidos	19776
ex	19776
hechos	19742
sociedad	19735
dra.	19714
tengan	19713
quede	19709
inglaterra	19670
carga	19641
diste	19621
puto	19606
lleve	19572
presente	19563
conocía	19553
uso	19551
dedos	19533
oferta	19526
sentía	19508
proteger	19493
daniel	19492
date	19473
hiciera	19472
hablé	19472
recibir	19460
agradezco	19454
robar	19448
enamorado	19418
sepas	19411
oeste	19385
herida	19379
despacio	19378
ayude	19348
supe	19311
directamente	19298
inmediato	19291
profesional	19290
oscuro	19262
mercado	19238
cerdo	19233
tardes	19219
líder	19206
grave	19202
llegué	19194
jurado	19187
casos	19157
acuerdas	19130
ahi	19103
desaparecido	19097
debió	19085
hubieras	19078
últimamente	19064
piedra	19060
éramos	19034
habló	19032
charles	19029
paga	19027
secretos	19018
digamos	19007
intención	18986
humor	18982
dura	18977
dará	18969
seguros	18944
leo	18940
adam	18930
and	18928
ángeles	18922
querría	18897
cerrar	18896
conseguido	18891
peso	18884
víctimas	18882
asesinado	18877
humana	18861
directo	18825
central	18819
termina	18800
compañeros	18800
escuchado	18797
contento	18786
llevan	18778
podré	18777
oscuridad	18776
actuar	18776
siga	18750
llevado	18750
comenzó	18749
regresa	18683
privado	18675
mirada	18665
demonio	18645
abierta	18639
kevin	18631
m	18621
llámame	18616
siguen	18607
romper	18603
cambia	18593
fiscal	18580
jardín	18576
natural	18570
gratis	18558
cuesta	18552
amenaza	18551
pon	18533
marca	18531
comenzar	18527
ponte	18522
medicina	18521
podremos	18514
tomé	18506
preciosa	18505
sexual	18471
acceso	18465
necesidad	18452
dueño	18451
merece	18449
rayos	18443
d	18432
mintiendo	18424
tantas	18422
imagino	18413
fantasma	18394
creerlo	18393
llamé	18365
ponga	18359
brian	18329
dé	18308
pollo	18307
varios	18306
efecto	18305
felicidad	18269
espada	18248
relaciones	18244
entró	18211
resultado	18197
sombrero	18197
menor	18196
recibido	18139
negra	18132
to	18130
habido	18114
limpio	18098
china	18078
juegos	18062
correo	18059
confía	18059
video	18044
perfectamente	18042
harán	18034
teatro	18029
dormido	18025
local	18024
quedado	17999
lástima	17994
calles	17991
créeme	17988
responsabilidad	17972
búsqueda	17965
dedo	17941
tonta	17924
recuerdos	17905
razones	17901
escuchando	17897
eric	17887
elegir	17884
amas	17874
huele	17863
almuerzo	17854
cien	17845
adn	17813
tantos	17808
pago	17805
normalmente	17799
mr	17793
pastel	17786
bastardo	17758
cinta	17744
pasé	17724
dígame	17694
anna	17680
costa	17669
levántate	17665
llamando	17605
cerrado	17604
interés	17589
enfermera	17587
comienzo	17585
olvidé	17575
fuese	17570
militar	17570
polvo	17564
bella	17550
quedo	17549
kate	17539
encontraste	17539
voluntad	17537
varias	17536
teoría	17535
roja	17516
cuento	17508
escenario	17495
diario	17489
propiedad	17489
agujero	17469
aspecto	17461
campamento	17455
descansar	17451
matarme	17449
metido	17436
quiso	17405
ángel	17403
enviar	17397
impresionante	17386
proceso	17346
intentado	17331
mio	17318
fuente	17300
alcalde	17299
ocurrido	17285
malos	17276
carretera	17275
desapareció	17273
desayuno	17272
débil	17270
roma	17267
sabido	17265
comienza	17253
tambien	17234
intentarlo	17231
miembro	17219
perdiendo	17215
hayan	17207
fueras	17190
resultados	17185
jerry	17179
mata	17178
sr	17112
valiente	17107
deber	17106
pecho	17075
gustó	17068
oyes	17050
thomas	17034
periódico	17023
mami	17017
piensan	17014
washington	17008
tv	16995
cansada	16982
limpiar	16978
crear	16958
explicar	16956
robado	16955
resolver	16944
maté	16940
guapo	16932
continuar	16918
sheriff	16917
funcionar	16915
extra	16896
primo	16896
manejar	16886
primeros	16854
acto	16848
poniendo	16844
números	16838
kilómetros	16831
andy	16826
llevará	16823
rachel	16812
niñas	16789
premio	16786
internet	16784
harías	16773
inútil	16772
domingo	16770
tomas	16764
sensación	16758
alcohol	16755
tercera	16743
agentes	16740
disculpas	16739
antiguo	16733
guapa	16700
asustado	16676
puedan	16675
sexy	16674
genio	16669
recuperar	16651
creemos	16646
lengua	16632
ladrón	16617
intenté	16617
examen	16611
deprisa	16609
montaña	16591
durmiendo	16587
disparar	16583
entrenador	16580
queso	16571
entero	16547
papeles	16546
pones	16539
modelo	16525
fútbol	16513
detener	16498
lados	16476
miembros	16465
sábado	16462
pongo	16459
mataron	16455
vuelvas	16439
talento	16438
descubrir	16425
gordo	16416
tribunal	16411
toque	16400
wow	16396
hables	16393
conocemos	16393
haberme	16380
dispuesto	16375
tamaño	16359
dejen	16358
maravillosa	16347
invitado	16345
importantes	16344
derechos	16339
scott	16331
declaración	16327
claramente	16303
pacientes	16295
pérdida	16293
in	16277
iban	16271
pudiste	16265
profundo	16247
gas	16238
aeropuerto	16235
consigue	16233
olvidar	16231
gloria	16230
olvides	16229
volviendo	16220
coge	16217
fué	16211
llamaba	16189
pete	16182
tendrán	16153
instituto	16145
disparo	16133
encuentras	16132
querían	16132
hablemos	16131
dia	16129
enviado	16125
pertenece	16119
sienta	16109
pensó	16109
cadáver	16085
gracia	16082
doctora	16058
escuchen	16058
amante	16058
temporada	16055
kim	16052
cuerpos	16051
amigas	16046
larry	16045
preguntaba	16039
francés	16038
mataste	16012
techo	16010
íbamos	15997
protección	15995
médicos	15989
lisa	15984
venganza	15966
pensamos	15961
walter	15957
contó	15928
discutir	15902
comprendo	15901
idiotas	15886
enemigos	15875
camisa	15874
superior	15871
criminal	15863
preocupada	15857
bote	15845
escribió	15839
llevamos	15830
testigos	15794
recoger	15787
emily	15776
truco	15752
jason	15748
original	15725
pide	15715
jeff	15698
rosa	15694
mama	15685
negros	15682
sobrevivir	15678
rostro	15674
crédito	15668
compartir	15667
saca	15660
irás	15652
pequeñas	15646
veía	15626
empezando	15625
registro	15623
continúa	15616
grandioso	15615
viniste	15608
esquina	15602
contado	15591
tengamos	15578
cientos	15550
tormenta	15543
relájate	15540
siéntese	15537
chocolate	15529
matt	15526
pedazo	15519
tomo	15518
olor	15517
ciencia	15507
kelly	15485
conexión	15482
vieron	15470
salón	15458
sucio	15445
firma	15442
vimos	15427
pidiendo	15425
casarse	15390
bebida	15379
tercer	15377
propios	15372
fuertes	15358
lluvia	15355
recién	15340
tomaré	15333
complicado	15303
europa	15296
toques	15293
cámaras	15282
visión	15271
llego	15267
americano	15251
diversión	15249
pareció	15243
libras	15223
curso	15211
disco	15204
probable	15178
precioso	15170
tenia	15160
lago	15143
leído	15140
consiguió	15111
parecido	15111
material	15107
discurso	15097
entera	15096
it	15085
corta	15077
completa	15074
decirles	15072
lunes	15063
efectivo	15046
cura	15043
antigua	15033
hablan	15023
juntas	15019
william	15011
cáncer	15005
funeral	14989
jodido	14984
dave	14983
artista	14971
favorito	14945
guste	14942
cae	14940
termine	14918
entrevista	14910
sir	14903
pintura	14903
quieto	14902
falso	14892
india	14882
corto	14875
inteligencia	14861
destruir	14858
cargos	14856
podías	14856
mentiras	14839
señoras	14832
helado	14825
felicidades	14818
camioneta	14818
mueve	14810
aparte	14807
rock	14802
tumba	14796
seguimos	14793
hablaba	14783
verle	14781
mapa	14760
tarea	14744
cambió	14741
móvil	14734
equivocada	14730
responder	14723
vacío	14710
felicitaciones	14695
computadora	14689
estudiante	14682
muriendo	14679
construir	14672
conocen	14670
clara	14668
solución	14657
mundial	14653
plato	14646
famoso	14645
des	14644
dirá	14641
ambas	14632
tecnología	14612
notas	14611
malditos	14594
cabrón	14594
condiciones	14593
dudo	14582
robó	14578
escucho	14574
laura	14574
rápidamente	14568
bordo	14566
nieve	14533
mensajes	14528
fecha	14528
violencia	14523
n	14504
sujeto	14500
acciones	14496
fría	14472
droga	14471
saldrá	14470
suponía	14448
empezamos	14432
errores	14424
grace	14411
siglo	14401
molesto	14398
acabamos	14386
sabéis	14385
cortar	14379
seria	14376
muevas	14372
fortuna	14364
of	14360
imaginar	14356
archivos	14355
presencia	14340
familias	14336
ey	14330
quedas	14328
solas	14326
oficiales	14325
aventura	14321
gira	14319
social	14316
comunidad	14309
annie	14309
alan	14301
cero	14296
clark	14280
esperamos	14267
ocupada	14267
muévete	14263
convertido	14248
carl	14235
pieza	14232
estómago	14232
disparó	14228
legal	14219
conseguí	14219
emma	14211
carter	14199
california	14198
rara	14198
estudiantes	14182
reino	14176
alegría	14160
barrio	14134
granja	14132
podéis	14124
esfuerzo	14118
trabajaba	14117
claire	14107
perdóname	14085
tesoro	14073
empleo	14071
compré	14070
cirugía	14066
dejamos	14061
busco	14053
trabajas	14051
clave	14049
aparentemente	14048
bravo	14048
ed	14041
desearía	14033
cerrada	14033
new	14030
chicago	14028
controlar	14027
pregunté	14002
mostrar	13997
piloto	13989
pocas	13989
tuvieron	13983
ayudarle	13979
bolso	13969
llorando	13957
kyle	13935
duerme	13931
dejarme	13923
intentó	13923
respirar	13900
aparece	13899
campaña	13899
amistad	13896
corriente	13892
viven	13891
huesos	13880
invitados	13878
planta	13868
ritmo	13862
respuestas	13857
socio	13831
esperas	13828
caído	13819
motor	13807
mono	13802
llevaron	13798
página	13788
poquito	13774
u	13752
habíamos	13746
encontraremos	13745
ruego	13737
dejan	13733
aburrido	13720
paquete	13720
casada	13720
llevarte	13696
ted	13688
combate	13687
útil	13685
castillo	13685
bola	13672
canciones	13653
mataré	13635
muchísimo	13629
asistente	13628
llegaron	13623
correcta	13618
pondré	13618
simon	13612
comido	13610
salgan	13593
empecé	13581
tirar	13579
pasan	13578
cierta	13578
honesto	13577
carro	13558
limpia	13540
volví	13540
confío	13534
venta	13516
huir	13515
apareció	13512
vais	13512
compromiso	13505
gustas	13495
aseguro	13486
ira	13472
promesa	13469
decírselo	13467
cuáles	13461
compras	13458
importancia	13447
lección	13437
hablaré	13437
hacerse	13428
personalmente	13425
roger	13423
luke	13422
bolsillo	13418
enojado	13402
desgracia	13398
artículo	13395
labios	13392
cola	13390
estemos	13377
whisky	13374
taza	13358
despues	13357
gary	13354
preguntarte	13348
pelota	13342
caminando	13339
andar	13336
crea	13333
chaqueta	13332
importaría	13331
den	13322
llegará	13320
interesado	13318
atrapado	13310
supiera	13305
matarlo	13299
árboles	13292
obvio	13288
amaba	13281
hablaremos	13273
entrenamiento	13271
pescado	13262
últimas	13253
pobres	13242
dioses	13219
nerviosa	13205
vueltas	13199
encontrarlo	13177
autos	13175
alice	13175
preguntarle	13170
lucy	13170
abrigo	13147
okay	13145
estudiar	13144
b	13132
sonrisa	13131
cobarde	13126
olvida	13118
secundaria	13102
descubierto	13099
convirtió	13091
coches	13082
venía	13074
josh	13073
charla	13069
vives	13062
bruja	13054
c	13047
celular	13042
rose	13042
rompió	13041
andando	13028
vean	13023
conseguiste	13020
susan	13018
veinte	13015
encargo	13007
matarte	12999
palacio	12999
convierte	12995
ja	12991
vivos	12990
pasamos	12985
firme	12980
daría	12978
piense	12969
oigo	12962
phil	12951
sorprende	12948
alemanes	12934
milagro	12934
soportar	12931
dejaron	12928
smith	12925
disculpen	12923
moda	12906
despacho	12903
vecinos	12900
vaso	12895
dejarte	12884
explosión	12878
poderes	12877
regla	12875
acaban	12874
copia	12862
siguiendo	12857
viajar	12841
cadena	12821
fábrica	12817
mantiene	12817
meter	12816
contenta	12796
comiendo	12783
educación	12779
maneras	12777
fumar	12776
encantador	12768
cuantos	12760
homicidio	12758
madera	12752
mayores	12750
grado	12744
tratamiento	12734
blancos	12733
lord	12726
anterior	12725
comisario	12723
pizza	12719
millas	12719
tira	12715
fueran	12701
cumplir	12684
plata	12672
quedará	12655
quedaré	12655
aléjate	12653
decidir	12652
lío	12650
preguntó	12649
agencia	12648
humanidad	12647
usado	12645
guardias	12635
parada	12633
leyes	12624
funcionó	12616
odia	12611
levanta	12610
mires	12606
respira	12602
escaleras	12595
decisiones	12589
queréis	12578
salvaje	12576
preguntando	12574
pasos	12574
ambulancia	12573
traducción	12568
trabajado	12563
básicamente	12555
tratado	12552
parado	12529
especiales	12527
mentiroso	12526
libres	12515
servicios	12506
pedirle	12491
vivía	12487
medios	12483
compra	12470
conocimiento	12469
armario	12465
lobo	12465
quedamos	12464
ciertamente	12462
permitir	12454
tráfico	12452
uniforme	12444
estuvimos	12442
alemania	12440
suave	12439
propias	12434
balas	12431
asqueroso	12429
ciento	12426
invierno	12425
consigo	12419
encuentre	12408
jenny	12399
conductor	12376
equipos	12375
arena	12373
park	12363
licencia	12360
tíos	12342
jackson	12341
dijera	12333
espejo	12332
marina	12329
matando	12326
seres	12321
fiestas	12320
mover	12320
coincidencia	12318
análisis	12318
llegando	12306
azúcar	12304
tim	12300
casar	12284
sótano	12276
volvamos	12274
sabrá	12265
taylor	12255
ocasión	12248
cheque	12244
revisar	12242
ponerme	12239
suceder	12236
acusado	12235
dímelo	12235
quedé	12220
conciencia	12214
doc	12213
pesadilla	12209
sopa	12206
saltar	12196
heridas	12188
pienses	12167
suicidio	12163
llamarme	12162
posibilidades	12159
elegido	12155
divorcio	12154
registros	12154
recibí	12152
joey	12145
escuchas	12140
mirad	12137
pierde	12133
abogados	12132
trataba	12127
americanos	12122
llevando	12119
miel	12117
regrese	12097
dilo	12094
hermanas	12094
alemán	12091
iría	12088
lady	12086
salí	12083
particular	12079
miras	12075
frontera	12073
ventaja	12062
alerta	12052
piscina	12049
regalos	12047
comportamiento	12040
julia	12040
señales	12038
salimos	12028
revista	12021
hecha	12006
imágenes	12005
llegas	11999
rápida	11991
canal	11988
paciencia	11988
sacado	11985
echo	11980
crisis	11975
asesinos	11973
oíste	11970
dejando	11951
estarías	11950
anteriormente	11950
vigilancia	11948
desierto	11945
asustada	11945
cuerda	11944
míos	11941
chuck	11938
seguido	11937
seremos	11936
morgan	11906
pene	11902
despierto	11899
gobernador	11882
sección	11882
casarme	11871
trabajos	11862
karen	11860
preparados	11855
murieron	11854
oso	11845
curiosidad	11843
vd.	11840
hank	11829
impresión	11825
pez	11819
pasaba	11818
escuchaste	11816
torre	11814
sientas	11813
mentir	11810
pasillo	11809
juega	11807
suéltame	11794
arresto	11791
ricos	11783
sencillo	11782
ruta	11779
documentos	11778
enamorada	11777
apuesta	11760
perdida	11748
vinieron	11737
ayudarnos	11733
presento	11727
hazme	11718
leí	11710
arthur	11706
virus	11704
lárgate	11702
sigan	11701
compró	11699
servir	11696
pongas	11694
alarma	11689
identidad	11688
iguales	11688
aviso	11686
aprendido	11677
caza	11666
daba	11653
muchacha	11647
permanecer	11630
bebés	11630
opciones	11626
responde	11625
vernos	11625
julie	11623
llamaste	11610
ponerse	11604
sacó	11602
orgullo	11596
reales	11594
esperan	11589
vuelves	11587
maggie	11582
serlo	11578
cuantas	11570
enfadado	11566
ponen	11560
altura	11560
jones	11544
archivo	11541
fred	11539
ayudará	11535
fácilmente	11534
criatura	11525
saco	11515
precisamente	11511
máximo	11510
viniendo	11506
vendría	11503
louis	11498
ilegal	11497
refiere	11481
llamamos	11458
versión	11452
incendio	11443
preferiría	11439
gritar	11433
recibió	11430
concierto	11423
casualidad	11421
excusa	11406
rodillas	11388
cruz	11388
dulces	11387
zorra	11386
cómodo	11378
cruel	11371
sofá	11367
perdiste	11363
encantadora	11363
salgamos	11362
sombra	11356
ganó	11351
encantada	11350
firmar	11338
escritorio	11336
muñeca	11336
rastro	11335
gigante	11313
pájaro	11313
ducha	11312
tomamos	11312
déjenme	11307
condición	11302
recompensa	11285
doce	11283
actor	11282
actitud	11272
cuida	11269
salsa	11264
hubieran	11263
carlos	11255
personaje	11255
dudas	11248
jackie	11247
cambios	11241
votos	11241
vivido	11235
perdimos	11231
suficientes	11230
entrega	11229
comercial	11227
decidí	11223
tribu	11221
pura	11221
volveremos	11220
voto	11220
méxico	11218
amar	11218
poderoso	11215
traigo	11205
asesinatos	11202
fresco	11186
privada	11174
seamos	11160
guarda	11159
orgullosa	11158
vivimos	11155
difíciles	11154
hagámoslo	11150
jefa	11141
trató	11140
senador	11138
ayudando	11133
campeón	11130
bebiendo	11121
adorable	11112
ayudó	11111
ciego	11110
falsa	11108
jo	11102
sara	11102
bestia	11100
alteza	11096
deseos	11083
episodio	11073
celda	11058
llevarlo	11043
aguanta	11037
vengas	11036
jueves	11026
montañas	11025
pensamientos	11020
medianoche	11020
llevarme	11015
garganta	11011
sesión	11008
pensaste	11003
diles	10995
muera	10991
coma	10987
sentimos	10984
creas	10984
escribe	10984
identificación	10980
circunstancias	10963
preguntado	10963
veneno	10950
primavera	10950
súper	10943
vuestros	10942
queríamos	10941
aquello	10940
preocuparse	10940
martes	10940
feo	10939
cristo	10926
francisco	10926
howard	10920
virgen	10917
distrito	10915
decidió	10910
reputación	10910
socorro	10899
encontraré	10894
castigo	10891
dígale	10885
límite	10874
junta	10869
ponerte	10859
casados	10859
líneas	10858
estudios	10852
muévanse	10850
audiencia	10850
helen	10845
nació	10843
mato	10839
jugador	10832
hmm	10831
humo	10828
popular	10825
nación	10821
conocimos	10807
tropas	10804
sucediendo	10803
explicación	10789
salen	10774
discúlpeme	10772
presentar	10770
donna	10768
celebrar	10761
competencia	10759
envía	10750
mantén	10743
verlos	10735
biblioteca	10732
fila	10728
ésto	10720
misterio	10719
ganador	10715
puerto	10711
vehículo	10705
escapó	10701
traeré	10697
julio	10691
lograr	10687
desaparecer	10681
muero	10676
quítate	10669
favorita	10666
patio	10664
golpeó	10660
tontería	10650
miss	10650
pecado	10648
comité	10642
preparada	10640
comprado	10635
parezca	10633
emocionante	10632
caras	10629
rescate	10629
título	10617
llegaste	10616
decírtelo	10615
adivina	10611
elizabeth	10611
pánico	10609
barry	10607
quieran	10607
abby	10606
exterior	10601
pasión	10592
llegan	10579
preparar	10572
guau	10571
patrick	10569
tierras	10558
demostrar	10551
elegante	10551
asegurarme	10545
visitar	10545
asegúrate	10543
darles	10542
cabezas	10541
abra	10537
andrew	10534
dean	10515
ambiente	10514
conde	10512
urgente	10502
impuestos	10494
antonio	10489
distinto	10486
encantan	10476
ron	10475
marcas	10472
ayudarlo	10470
leyendo	10467
adecuado	10466
cajas	10461
abandonar	10460
dispara	10459
buscamos	10457
funcionando	10454
traté	10451
cia	10451
tomen	10448
darnos	10443
intentas	10440
lily	10439
gustado	10433
jamie	10431
luchando	10428
apesta	10427
volando	10418
periódicos	10416
lucas	10415
detenido	10412
curioso	10411
tetas	10395
caro	10393
asco	10385
usó	10382
buscas	10378
amanda	10377
salgo	10371
decirnos	10370
enseñó	10370
rick	10369
mírate	10368
stan	10368
debiste	10365
océano	10358
bolas	10355
nuevamente	10350
damos	10337
pagado	10333
federal	10325
cuán	10324
escalera	10323
acepto	10322
km	10320
terapia	10316
lágrimas	10312
terreno	10312
autoridad	10309
encuentran	10308
roca	10308
superficie	10301
cubierta	10300
terry	10292
hierba	10284
juan	10283
prometido	10283
crecer	10282
mental	10276
extranjero	10273
madame	10273
prometí	10273
mismas	10272
existen	10267
veas	10262
lento	10257
dirige	10249
capaces	10235
chino	10233
vuelvan	10227
meta	10225
suelta	10216
despedida	10216
sucedido	10207
pasta	10196
cristal	10185
vegas	10180
gritando	10172
pare	10147
peces	10146
brown	10138
guardar	10132
podían	10128
sabían	10128
literalmente	10126
salvó	10122
aprecio	10121
fotografía	10120
patrón	10119
esposas	10113
king	10104
desafío	10099
asombroso	10099
pedazos	10094
robin	10092
sales	10091
clínica	10091
atrapar	10077
experto	10072
medida	10070
tele	10054
desagradable	10052
custodia	10048
nacido	10047
anuncio	10045
física	10040
hollywood	10039
empezado	10038
ma	10023
fiebre	10022
johnson	10019
compañera	10017
ayudarla	10015
desgraciado	10015
organización	10002
echa	9995
mina	9995
honestamente	9991
deuda	9988
digan	9987
transporte	9986
cocinar	9986
delicioso	9983
podíamos	9980
greg	9976
dirás	9956
habilidades	9949
sentimiento	9944
pudieras	9941
golpes	9937
nadar	9935
operaciones	9934
admitir	9929
templo	9925
adios	9921
maravilla	9919
quita	9914
mate	9894
piano	9891
bombas	9885
paredes	9874
pantalla	9874
italia	9865
pusieron	9860
sally	9857
amén	9852
mac	9848
civil	9842
fantasmas	9842
gasolina	9841
sabia	9839
tyler	9832
judíos	9819
s.	9809
tripulación	9805
pagan	9802
arrestado	9787
extraños	9782
canta	9780
texas	9772
estando	9771
flor	9765
ricky	9763
usan	9761
cruzar	9758
esperemos	9756
guía	9755
preocuparte	9752
enseñar	9752
irán	9750
conferencia	9747
miro	9745
habitaciones	9744
galletas	9743
hablarle	9743
delito	9740
atacar	9738
objeto	9734
disparos	9732
museo	9727
ruedas	9716
recientemente	9711
huevo	9707
violación	9706
regresó	9704
sufrir	9693
tina	9687
terminamos	9682
disponible	9679
rica	9679
habilidad	9679
práctica	9674
acabe	9673
amado	9672
haberle	9667
volvemos	9637
tendrías	9633
maestra	9629
city	9627
pastillas	9626
aprendí	9624
cable	9619
nacimiento	9618
consciente	9614
alcance	9613
evento	9605
alquiler	9604
ordenador	9604
incidente	9601
huh	9599
escribí	9599
estuvieron	9593
intentaré	9586
pensamiento	9581
metió	9575
maleta	9572
condado	9569
piezas	9568
ladrones	9567
metro	9564
kilos	9563
recuerde	9561
español	9551
motivos	9546
explica	9540
renunciar	9531
actuación	9531
refugio	9528
harto	9525
reacción	9522
paliza	9520
chef	9517
ocurra	9513
marty	9513
l	9511
entrado	9510
quitar	9506
amanecer	9504
molly	9498
corazones	9496
rumores	9495
llames	9492
celoso	9489
utilizar	9489
territorio	9483
olvide	9480
prácticamente	9476
disfrutar	9471
intentaba	9466
vecino	9462
pública	9460
collar	9459
golf	9456
betty	9454
marco	9451
cercano	9445
fondos	9444
ross	9444
bruce	9444
montar	9439
salvado	9439
grados	9438
dylan	9436
moto	9434
instrucciones	9427
treinta	9426
gordon	9418
adonde	9417
hablarte	9416
jesse	9414
emperador	9413
cigarrillo	9413
cuéntame	9411
do	9411
secreta	9403
haberse	9395
hitler	9390
anne	9387
mortal	9386
ronda	9386
cuídate	9376
metal	9375
puro	9370
cierre	9366
colores	9364
eva	9360
rusia	9357
botón	9354
hijas	9354
tenerlo	9353
tono	9351
espía	9347
empleados	9342
conduce	9339
detalle	9339
estuvieras	9338
oliver	9337
rusos	9337
déjala	9331
crema	9330
roy	9330
contesta	9325
casarte	9322
manda	9321
dias	9314
prisioneros	9313
echado	9312
trajiste	9308
charlotte	9308
flota	9305
marie	9303
criminales	9303
mmm	9302
platos	9291
crímenes	9290
cometido	9289
golpear	9288
igualmente	9286
dispararon	9281
dejará	9278
tontos	9273
sabría	9268
abran	9267
ayudante	9266
cultura	9258
revolución	9256
hombro	9255
botas	9253
adoro	9252
olvidó	9246
biblia	9244
saludos	9241
katie	9236
deme	9231
adultos	9230
sitios	9226
serpiente	9221
parker	9220
nathan	9218
romántico	9213
posiblemente	9212
adivinar	9205
peores	9203
buscan	9200
enfrente	9199
restos	9196
capacidad	9192
aliento	9188
placa	9184
rata	9184
áfrica	9184
entendí	9183
metas	9181
cuadro	9176
afortunado	9175
puestos	9175
japón	9167
división	9167
subtítulos	9148
entradas	9148
bicicleta	9143
vuestras	9140
pesado	9140
sugiero	9136
calla	9136
espacial	9132
st	9129
ventanas	9129
mejorar	9125
concurso	9121
comisaría	9119
sincero	9119
centavos	9116
naturalmente	9113
deseas	9096
pasara	9096
jay	9086
esperado	9085
ocurrir	9083
pondrá	9081
recursos	9078
raza	9078
muestras	9078
personales	9077
wilson	9075
imaginación	9074
volverás	9074
ceremonia	9068
almacén	9062
sabor	9060
sentarse	9058
on	9056
unión	9056
frankie	9054
reserva	9054
españa	9050
encanto	9046
aviones	9046
calidad	9043
escondido	9035
citas	9035
aceite	9034
pusiste	9031
querrá	9018
punta	9013
cinturón	9012
podrán	9009
cuales	9005
chiste	9002
consecuencias	8992
sinceramente	8992
lewis	8992
hablaste	8989
vaca	8988
investigando	8988
vuelven	8988
chloe	8986
prisionero	8985
investigar	8985
apellido	8984
actual	8975
despertar	8971
instante	8971
vincent	8969
ud	8959
morirá	8955
sacaste	8951
justin	8946
traiga	8943
sentada	8942
mueva	8936
jordan	8934
terminé	8931
emociones	8931
dormitorio	8930
pulso	8929
atreves	8928
frase	8920
partida	8919
sabíamos	8916
parezco	8915
excelencia	8910
despedido	8908
moral	8905
asalto	8901
decente	8900
informes	8894
asusta	8890
trabajan	8888
my	8880
doug	8879
poca	8875
pasaría	8869
médica	8868
combustible	8868
discusión	8866
verán	8864
ciertas	8857
pata	8856
jean	8855
antiguos	8853
requiere	8852
cogido	8847
comunicación	8847
manzana	8846
sed	8845
tio	8843
joyas	8842
cojones	8841
noble	8840
ee.uu.	8835
trabajamos	8833
pediste	8829
encontrarla	8828
piedras	8827
traidor	8811
gané	8809
letra	8808
conseguimos	8801
vía	8800
sacerdote	8799
efectos	8788
resistencia	8783
arroz	8783
arreglado	8782
tarjetas	8781
descubrió	8780
desconocido	8779
mínimo	8778
disparado	8778
boston	8775
entienden	8769
bandera	8763
llamarte	8762
plaza	8759
entrando	8758
tomará	8751
visitas	8749
cooper	8747
demasiada	8745
faltan	8744
planeado	8738
imperio	8736
esperaré	8729
enfadada	8729
levantar	8726
cartera	8716
jeremy	8714
importar	8714
depósito	8695
colegas	8694
periodista	8691
comprobar	8690
funcione	8684
nina	8680
mereces	8675
forense	8669
tensión	8665
involucrado	8662
vacía	8662
abandonado	8661
vídeo	8661
ruso	8659
círculo	8650
judío	8643
cole	8642
gritos	8632
carol	8632
empecemos	8631
resultó	8627
campos	8625
váyanse	8621
escribiendo	8620
divertida	8616
pasen	8611
pinta	8610
supo	8608
ascensor	8607
quedarnos	8606
matará	8606
aparecer	8597
helicóptero	8589
actuando	8589
ooh	8582
pasas	8581
apúrate	8579
big	8571
entregar	8561
escape	8558
indios	8558
limpieza	8548
rebecca	8539
querrás	8531
hueso	8531
jessica	8524
magnífico	8522
trabajadores	8519
caída	8516
temperatura	8516
habia	8510
dejaría	8509
encontrará	8504
ejercicio	8504
lealtad	8501
alas	8492
pasaron	8490
invitación	8487
diamantes	8483
unidades	8479
miller	8479
enojada	8479
decimos	8476
leyenda	8475
gilipollas	8475
tomaste	8471
paraíso	8469
gatos	8462
costumbre	8461
podria	8457
cabaña	8449
secretaria	8447
lentamente	8445
ensayo	8444
pagó	8443
familiares	8443
gimnasio	8437
negativo	8437
lenguaje	8435
pájaros	8431
presenta	8428
quedes	8426
garaje	8424
palo	8423
león	8422
oídos	8422
dick	8413
espaldas	8410
apuestas	8407
científico	8404
incluyendo	8402
pelotas	8394
actividad	8392
dragón	8387
necesite	8367
intentamos	8360
aguantar	8357
davis	8354
primeras	8351
generación	8349
sexuales	8349
apetece	8338
grupos	8337
capital	8336
dejemos	8333
habrías	8333
máquinas	8331
barato	8324
monsieur	8322
sistemas	8319
fingir	8316
pensarlo	8316
miércoles	8314
escritor	8312
solitario	8308
recibo	8308
conocerlo	8307
pudimos	8302
convertirse	8300
almas	8299
salto	8296
sonar	8293
publicidad	8287
russell	8287
temporal	8286
antecedentes	8284
probado	8282
todd	8280
kenny	8279
llamaron	8276
atractivo	8275
váyase	8272
barra	8267
aniversario	8267
intereses	8267
madres	8264
deba	8263
imagina	8262
niñera	8261
movimientos	8259
quince	8256
holmes	8255
muro	8254
recibe	8244
luce	8242
nací	8242
prima	8241
cubierto	8235
contando	8232
reír	8231
producto	8226
daños	8221
abrazo	8219
gafas	8215
arreglarlo	8213
sobrino	8212
man	8209
demanda	8208
elecciones	8205
construcción	8203
ayudaré	8201
buscado	8200
criaturas	8200
dejarla	8199
internacional	8194
perfil	8193
trozo	8192
actriz	8190
repito	8189
bendiga	8185
pistas	8184
whoa	8182
vecindario	8180
hannah	8179
marcus	8179
ataques	8174
razonable	8168
vende	8167
gerente	8164
sensible	8161
ríe	8157
izquierdo	8150
personalidad	8147
camina	8146
traes	8142
tuvieras	8142
albert	8140
conté	8140
preparando	8140
secretario	8138
rueda	8138
sorprendido	8138
profundamente	8138
conoció	8130
grano	8130
pagaré	8129
límites	8127
moneda	8123
super	8121
piedad	8114
militares	8113
seguía	8104
tocado	8103
ciudadanos	8101
creado	8094
temas	8093
acepta	8092
encerrado	8090
opinas	8090
empiezo	8088
borde	8086
llevarla	8076
barcos	8075
toby	8071
pudieron	8063
tocando	8062
harvey	8060
profesora	8055
dejame	8052
expresión	8052
asesinada	8051
escándalo	8048
nervios	8040
ios	8040
randy	8039
emoción	8038
blake	8019
catherine	8019
oficialmente	8014
perdedor	8009
margaret	8003
sienten	8001
rumbo	8000
valle	7995
ian	7992
x	7990
viejas	7988
buscaba	7984
científicos	7983
gorda	7977
juventud	7972
hayamos	7969
preocupación	7969
desnudo	7965
guión	7961
grant	7960
envié	7960
señoritas	7960
carreras	7951
tratas	7951
sucia	7949
sophie	7944
ratas	7938
mayo	7923
tirado	7917
heroína	7914
háblame	7913
contestar	7911
caos	7910
alternativa	7908
estupidez	7907
derek	7906
sorprendente	7906
pedirte	7901
principios	7898
egoísta	7886
mostraré	7884
sentarme	7881
verdaderamente	7875
enhorabuena	7871
casey	7869
peligrosa	7868
ánimo	7867
viajes	7860
lujo	7858
mia	7854
cantando	7854
religión	7851
nate	7851
risas	7846
despejado	7844
miserable	7842
hierro	7841
corona	7840
wayne	7839
serías	7836
dispositivo	7834
mencionar	7832
brad	7826
mencionó	7825
inmunidad	7823
grabación	7815
producción	7813
nuclear	7807
clima	7807
puesta	7804
buscarlo	7804
carácter	7801
prostituta	7800
llamarlo	7797
steven	7794
máscara	7793
alegre	7790
comprender	7785
volviste	7783
cambiando	7782
alianza	7780
encontrarás	7779
positivo	7777
siglos	7775
serían	7775
desafortunadamente	7774
guitarra	7773
hacían	7771
estrategia	7770
entré	7768
vinimos	7767
frecuencia	7760
poli	7758
that	7754
elena	7752
discúlpame	7748
llevé	7745
vince	7742
prohibido	7738
caray	7738
arruinar	7738
masa	7737
existencia	7737
túnel	7736
bromas	7734
evitarlo	7734
industria	7732
trasera	7729
monstruos	7729
mete	7726
conseguiré	7724
inocentes	7722
colección	7720
empleado	7717
fatal	7713
stephen	7711
olivia	7710
intente	7709
expediente	7709
nancy	7707
putas	7706
jess	7706
petición	7705
ayudado	7702
lou	7702
presentación	7699
beth	7698
vendido	7698
cerebral	7696
coraje	7695
adulto	7693
rubia	7693
mandar	7692
pierdes	7687
gano	7685
almorzar	7685
caridad	7684
oscar	7681
sepan	7680
llegada	7679
capítulo	7679
disculparme	7679
viniera	7678
gastos	7675
sentirse	7673
entren	7673
quédese	7672
tarta	7671
volvería	7668
jersey	7662
mataría	7657
breve	7647
obras	7644
acero	7643
llévame	7642
street	7639
suceda	7639
cigarrillos	7638
funcionará	7637
alicia	7636
haberla	7635
camarada	7631
confesión	7631
dijimos	7626
coartada	7622
desnuda	7618
payaso	7617
rayo	7617
guay	7614
naves	7609
americana	7607
político	7605
diseño	7605
condenado	7603
convencido	7599
edward	7596
policia	7589
italiano	7586
pedro	7585
mm	7584
camiseta	7581
vendrán	7578
extrañas	7578
impacto	7577
equipaje	7575
lois	7574
sufrimiento	7566
salieron	7553
mantente	7545
sabiendo	7545
maten	7544
adolescente	7542
soltero	7542
descubrí	7541
tranquilos	7536
influencia	7534
oxígeno	7532
experimento	7531
absurdo	7529
algun	7529
habrían	7528
ponerle	7528
empiece	7528
devolver	7524
propuesta	7524
tómalo	7523
michelle	7521
abrió	7519
plantas	7519
cantante	7513
traición	7508
cementerio	7506
florida	7503
pozo	7499
patrulla	7498
brandon	7498
planeando	7495
ann	7494
tragedia	7489
ethan	7478
miami	7478
autoridades	7476
trate	7476
procedimiento	7472
fantasía	7471
billetes	7470
ganamos	7469
secuestro	7469
sabrás	7468
prestado	7464
bodas	7460
béisbol	7460
ciudades	7460
conejo	7455
pregúntale	7454
billete	7453
esperanzas	7453
díselo	7449
significado	7449
mueren	7445
shawn	7443
cincuenta	7440
jugadores	7438
web	7432
apropiado	7432
robot	7429
considerado	7429
alcanzar	7427
patatas	7424
mantenga	7424
continuación	7422
tradición	7420
países	7420
ocultar	7419
tendríamos	7419
electricidad	7413
bebidas	7409
siguió	7409
reto	7406
aldea	7401
robaron	7393
aguas	7388
caminos	7380
ellen	7379
permitido	7379
alli	7373
cima	7367
éi	7365
risa	7363
cumplido	7362
objetos	7361
decide	7358
pregunte	7358
once	7352
matan	7345
terrorista	7345
tomes	7341
términos	7337
reyes	7336
revés	7334
explotar	7333
maletas	7329
nubes	7328
circo	7326
darse	7325
west	7322
prometiste	7321
tanque	7321
uñas	7319
encargaré	7319
terroristas	7318
estúpidos	7316
héroes	7316
salta	7311
daremos	7309
agradecido	7303
victor	7295
terror	7295
keith	7291
sacrificio	7289
destrucción	7289
teddy	7288
texto	7285
peleas	7283
liga	7282
martha	7281
ana	7280
enviaré	7278
teléfonos	7275
porno	7266
diera	7266
oscura	7259
tuyos	7259
olvido	7258
queridos	7256
colina	7254
bromeas	7246
sano	7241
únicos	7238
musical	7237
pastor	7236
ponerlo	7233
naranja	7230
batería	7229
trabajó	7227
reuniones	7225
sue	7224
figura	7224
jesucristo	7223
funcionan	7220
voces	7214
caroline	7213
jacob	7210
caramba	7203
callejón	7199
técnica	7198
marshall	7197
refería	7197
notado	7197
maquillaje	7197
lanzar	7193
cadáveres	7192
atacó	7192
vendiendo	7190
bailando	7187
tenerte	7186
cubrir	7184
liz	7180
policial	7178
fase	7174
gus	7170
joseph	7168
importaba	7163
armada	7159
fea	7157
porquería	7154
mickey	7153
superar	7150
disfruta	7149
sueldo	7147
abiertos	7144
piénsalo	7140
testimonio	7138
incómodo	7136
oyó	7132
costado	7129
apaga	7126
considerando	7118
bolsas	7118
seguiré	7115
imaginé	7112
detenerlo	7112
diana	7111
pasaporte	7104
infancia	7103
suele	7099
productos	7093
rocas	7091
reverendo	7088
mediodía	7087
golpeado	7086
destruido	7086
reconozco	7083
plástico	7083
young	7083
barba	7082
mago	7080
hojas	7074
conocerla	7071
hallar	7067
mantequilla	7067
lidiar	7066
sentencia	7065
ideal	7064
dámelo	7062
mandó	7057
residencia	7056
francamente	7056
guerrero	7055
ayudo	7044
sigamos	7044
jennifer	7043
engañar	7043
baje	7043
contaré	7042
guantes	7040
rompe	7040
conociste	7036
hoja	7033
decían	7024
recepción	7023
logrado	7021
odias	7019
comisión	7018
vampiro	7016
finales	7016
sufrido	7014
azules	7012
usarlo	7010
cometer	7010
descansa	7009
peleando	7008
docena	7005
estaríamos	7003
sera	7001
lanza	7000
averiguarlo	7000
lanzamiento	6994
moverse	6994
ho	6993
falla	6992
angela	6991
técnicamente	6989
dejara	6988
medias	6986
míralo	6983
físico	6981
hacerla	6977
multitud	6977
potencial	6976
hacías	6976
famosa	6973
rutina	6972
oportunidades	6969
progreso	6964
fascinante	6963
ensalada	6960
cómoda	6959
prepara	6957
tráeme	6955
equivocas	6955
tubo	6954
owen	6953
sacarlo	6952
is	6950
usas	6948
letras	6947
dennis	6945
demasiados	6944
éstas	6944
interrumpir	6939
representa	6937
socios	6936
pecados	6935
novela	6935
herramientas	6934
desaparece	6930
apostar	6929
ó	6929
septiembre	6926
vestidos	6922
festival	6921
franceses	6920
queria	6919
gustar	6917
auxilio	6911
éstos	6911
fracaso	6908
berlín	6907
cañón	6906
llegaremos	6906
empezaron	6901
spencer	6900
fíjate	6899
votar	6894
merezco	6894
infantil	6892
estacionamiento	6892
asesina	6892
sentarte	6890
mintió	6889
grita	6889
ofrecer	6886
ruth	6876
esclavos	6874
academia	6874
probarlo	6874
viuda	6861
reporte	6860
monedas	6859
rob	6857
advertencia	6856
jugo	6856
malcolm	6855
pico	6854
miré	6851
rota	6849
sociales	6849
amarillo	6846
encargado	6846
so	6846
listas	6844
as	6844
poderosa	6842
prometió	6842
drama	6841
confundido	6839
olvídate	6838
normales	6838
inconsciente	6837
asegurar	6836
estadounidense	6835
locales	6834
informado	6833
resuelto	6831
cueva	6830
conduciendo	6829
perdidos	6828
escuchó	6828
patético	6827
abril	6826
matemáticas	6825
eliminar	6825
venid	6823
hicieras	6823
causar	6823
demasiadas	6820
vigilando	6819
función	6818
solar	6816
encontrarme	6815
williams	6813
dólar	6813
trucos	6806
h	6806
lectura	6806
camarero	6805
toman	6802
regresaré	6802
tiendas	6802
encontremos	6801
dimos	6798
cabina	6798
deporte	6795
virginia	6790
fuga	6786
holly	6786
sospechosos	6785
jonathan	6784
ala	6783
champán	6783
quedaba	6782
viera	6776
formar	6771
walker	6766
detectives	6764
entenderlo	6759
orejas	6759
obligado	6759
testamento	6757
extremadamente	6756
creyó	6754
darán	6751
materia	6748
detuvo	6747
casco	6746
sabremos	6745
agenda	6745
rosas	6738
aceptado	6736
bello	6735
fabuloso	6734
llores	6733
arruinado	6732
enterado	6730
junio	6728
baila	6728
artistas	6727
realizar	6725
hechizo	6725
respiración	6721
extremo	6716
historial	6712
pongan	6709
yeah	6708
próximos	6707
extraordinario	6707
tigre	6706
fianza	6706
consejos	6705
mostrarte	6703
doctores	6703
auténtico	6702
usamos	6701
romance	6694
miente	6691
matthew	6680
importan	6679
paren	6678
indio	6675
increíblemente	6674
pierdo	6670
llevaremos	6669
ví	6669
ofrece	6668
seco	6667
willie	6667
quinn	6663
sagrado	6663
monte	6661
paris	6661
discos	6660
louise	6653
carrie	6650
juguetes	6643
cerdos	6642
enteré	6642
escapado	6640
matarla	6638
casó	6637
ali	6636
salgas	6635
pasajeros	6632
debilidad	6632
civiles	6632
corbata	6630
dispuesta	6630
necesitaré	6627
cuartel	6627
cazar	6622
robando	6621
convencer	6619
rollo	6618
pescar	6618
mezcla	6617
parejas	6614
condicional	6614
giro	6614
bonitas	6613
necesites	6612
molestar	6607
amantes	6607
gris	6607
zoe	6603
pedimos	6602
refuerzos	6600
josé	6599
colgar	6599
heridos	6597
arreglo	6597
plazo	6595
harold	6593
salvajes	6592
elliot	6592
fotografías	6592
sintió	6590
hermosas	6588
ashley	6588
convertir	6585
contarle	6584
retiro	6584
francis	6581
gravedad	6580
importe	6578
lata	6577
enseñaré	6576
velas	6574
suyos	6570
símbolo	6569
reconocimiento	6568
típico	6568
ayudas	6564
regresado	6563
conducta	6560
lane	6560
ken	6560
am	6557
participar	6555
lana	6554
shane	6553
hacernos	6551
tratan	6551
vendedor	6549
federales	6549
pudiéramos	6544
diane	6542
estrés	6541
césar	6540
soltera	6539
gustará	6536
em	6534
brujas	6533
horario	6532
recuerden	6528
identificar	6526
hill	6519
alfombra	6518
perdóneme	6518
actores	6514
atractiva	6512
permítame	6509
desperté	6505
salía	6505
recibiendo	6505
preciso	6500
comprendes	6497
white	6495
altos	6493
fan	6491
papas	6489
anciano	6487
profunda	6486
petróleo	6486
intenciones	6481
francesa	6481
neil	6473
jin	6469
rango	6468
sombras	6465
malvado	6463
defender	6461
lleguemos	6461
suba	6459
jaula	6458
watson	6456
natalie	6454
comentarios	6448
dosis	6448
cartel	6445
disparen	6444
esperad	6442
cargar	6442
enviaron	6441
jodida	6440
seguí	6440
aproximadamente	6437
postre	6435
escala	6432
estudiando	6430
pavo	6424
origen	6424
considerar	6420
fiel	6420
diego	6415
embajador	6414
tatuaje	6414
población	6410
harris	6409
comes	6407
llamen	6400
horribles	6398
vampiros	6395
dormida	6393
niveles	6392
largas	6390
pandilla	6385
agrada	6384
traigan	6381
onda	6380
atrapados	6379
duque	6379
bajas	6374
dejaremos	6374
b.	6371
trono	6371
canto	6371
aumento	6371
esconder	6370
políticos	6370
muertes	6370
anthony	6368
pensabas	6367
saqué	6367
taller	6365
fantástica	6364
practicar	6361
asientos	6361
armado	6360
gibbs	6359
habrán	6359
considera	6352
atender	6351
ponemos	6350
we	6347
consigues	6346
sentados	6332
costó	6329
soñando	6325
stanley	6325
creó	6324
ayúdenme	6323
juzgado	6322
hablarme	6321
janet	6320
bebido	6320
pierdas	6317
ponlo	6317
gallina	6317
miguel	6315
octubre	6307
sentirme	6304
riesgos	6302
dificil	6302
besar	6302
lavar	6299
sacarte	6299
cuyo	6299
cayendo	6299
emocional	6297
prometida	6295
molestia	6293
christine	6289
consiga	6288
huella	6287
agarra	6287
karl	6284
condena	6281
decírmelo	6279
cafetería	6279
honesta	6278
tómate	6277
pablo	6275
medidas	6275
ofreció	6272
dió	6270
quizas	6269
celosa	6269
instinto	6268
bancos	6265
mías	6259
emocionado	6259
juguete	6258
villa	6257
conocida	6255
servirá	6253
norman	6252
centavo	6250
lincoln	6249
connor	6248
potencia	6246
unido	6246
julian	6246
copias	6245
receta	6242
interesada	6242
seguirá	6236
oírme	6232
normas	6230
cocaína	6230
encontrarte	6228
cambie	6227
asesinó	6226
huyendo	6223
marihuana	6222
entramos	6220
congreso	6219
capa	6217
tocó	6217
mágico	6215
beneficios	6214
aburrida	6212
invito	6205
período	6200
corredor	6199
marte	6197
ayudaría	6195
cortado	6195
mentiste	6193
olvidaste	6190
nieto	6188
odiaba	6187
fraude	6187
zapato	6181
mantenerlo	6181
liam	6180
tiró	6179
sector	6178
conseguirlo	6176
furgoneta	6174
causado	6169
beneficio	6166
querrías	6166
graduación	6162
alejado	6162
junior	6159
complejo	6159
miraba	6157
patas	6157
columna	6155
empieces	6154
bienes	6154
quisieras	6152
clásico	6152
saque	6151
oírlo	6151
hígado	6148
robaste	6144
decías	6143
all	6143
lleven	6142
trabajé	6140
muebles	6138
actos	6135
células	6130
presa	6129
hubiéramos	6129
travis	6129
joan	6123
páginas	6122
raymond	6122
llenar	6120
riley	6119
cambian	6118
sonríe	6116
moscú	6116
ordenó	6111
go	6111
motel	6111
venimos	6110
cuente	6109
a.	6108
preguntes	6105
mentido	6105
decidimos	6102
house	6100
alimentos	6099
actúa	6099
prefieres	6098
mason	6096
presupuesto	6096
prepárate	6094
ubicación	6093
etapa	6091
olvidaré	6091
trajes	6088
santos	6086
idioma	6086
fruta	6083
reconoce	6078
vuela	6078
ganando	6076
bendición	6076
luis	6076
compasión	6074
reconocer	6072
desarrollo	6072
contarte	6070
vomitar	6070
cazador	6069
pesca	6068
arco	6067
wendy	6066
llora	6065
abandonó	6064
supiste	6062
abogada	6061
fama	6060
plano	6059
elige	6054
maíz	6054
remedio	6052
harta	6050
maria	6047
muéstrame	6046
audrey	6045
acostumbrado	6043
green	6041
leonard	6039
disfraz	6035
termino	6033
hombros	6033
química	6031
vela	6031
muelle	6029
tiroteo	6025
dirigir	6023
enterrado	6022
acento	6021
psiquiatra	6018
escoger	6016
estupenda	6015
canadá	6009
indica	6007
deudas	6001
subiendo	5999
bla	5998
desayunar	5997
tomaron	5994
fines	5992
espíritus	5991
ingeniero	5991
cráneo	5988
desesperado	5987
baby	5982
separados	5977
queja	5976
jugada	5975
bajando	5975
signos	5974
dirías	5973
von	5971
buscaré	5970
comen	5969
hong	5968
pediré	5967
documento	5967
descripción	5966
tercero	5965
estructura	5965
rehenes	5961
lleguen	5956
botellas	5956
encuentren	5955
bomberos	5953
horno	5950
préstamo	5947
black	5947
tratamos	5947
autopsia	5942
ocupados	5941
penny	5941
metí	5941
pares	5940
propietario	5938
supieras	5937
adecuada	5937
cuarenta	5936
profesión	5935
británico	5934
exámenes	5930
tracy	5925
evan	5921
seth	5919
moleste	5919
agosto	5916
logró	5914
marchar	5913
logan	5913
crecido	5913
representante	5911
empiezas	5908
tareas	5908
gabriel	5908
vodka	5908
dí	5907
re	5906
terribles	5904
infeliz	5903
enormes	5903
geniales	5902
generoso	5901
brindis	5897
rita	5892
directa	5890
hacéis	5884
actualmente	5884
rifle	5881
casino	5881
logro	5880
trajeron	5879
celos	5878
artículos	5878
estable	5878
escuadrón	5877
ciudadano	5875
colin	5874
sospecha	5871
violento	5870
engañado	5869
relacionado	5868
niega	5864
vietnam	5862
batman	5861
vendió	5860
ralph	5855
chaval	5852
macho	5849
allison	5848
menores	5846
constantemente	5844
conozca	5844
directora	5837
borracha	5836
ventas	5836
alivio	5836
trauma	5834
enseñarte	5834
estadounidenses	5833
necesidades	5833
bart	5832
exposición	5830
negociar	5829
todavia	5828
explicarlo	5826
copas	5824
golpea	5824
edificios	5824
región	5823
duros	5823
moviendo	5821
kitty	5820
aman	5817
kong	5817
ford	5817
shh	5816
lógica	5815
eligió	5813
sammy	5808
sangrando	5806
jefes	5805
comió	5804
traducido	5803
narices	5803
deberes	5802
grito	5800
empresas	5800
contactos	5796
engaño	5796
acusación	5795
cirujano	5795
pagando	5795
cenizas	5794
retraso	5793
asesinar	5788
mentí	5788
imaginas	5787
haciéndolo	5786
ocurriendo	5786
pechos	5785
solicitud	5785
enfermedades	5783
soporto	5783
buscarla	5782
mona	5776
fresca	5776
prioridad	5773
mentes	5771
francos	5770
rumor	5769
confías	5767
dibujo	5767
saliste	5763
contaste	5763
buscarte	5763
prefiere	5762
almirante	5762
gastar	5761
vendrás	5759
use	5758
craig	5758
warren	5756
conjunto	5756
profesionales	5753
ciertos	5753
verdes	5753
invitó	5752
alumnos	5752
presentó	5751
informar	5751
cortó	5750
maya	5750
apagar	5749
malditas	5749
harían	5746
nelson	5745
besos	5745
graciosa	5744
chinos	5744
noviembre	5744
invisible	5743
contarme	5742
economía	5742
logramos	5738
combinación	5736
enfermos	5735
conectado	5733
sucederá	5733
asumir	5731
rusa	5721
habitual	5718
id	5717
posesión	5716
inténtalo	5714
ministerio	5714
saludable	5712
firmado	5711
oreja	5710
calientes	5709
personajes	5708
liberar	5708
cogió	5707
toro	5707
pintar	5705
eternidad	5705
similar	5704
sobrina	5702
tortura	5701
máxima	5700
franco	5699
earl	5698
raras	5696
paige	5696
espérame	5695
nene	5691
deportes	5691
sígueme	5689
sra	5687
pulmones	5687
cuánta	5685
necesitaremos	5684
isabel	5682
acabará	5680
manzanas	5679
ratón	5679
eléctrica	5676
ee	5676
productor	5675
quédense	5674
demuestra	5673
lauren	5672
eventos	5671
entendiste	5668
v	5666
reciente	5665
empiezan	5665
pasaste	5664
enfrentar	5663
dejaba	5663
escucharme	5659
apariencia	5657
aves	5657
radiación	5657
advierto	5656
quemado	5654
corea	5654
sandy	5653
síntomas	5652
japoneses	5652
kurt	5650
juzgar	5644
adrian	5644
cervezas	5643
quemar	5642
kent	5641
marzo	5639
meterme	5639
cuarta	5638
gatillo	5635
azar	5635
soledad	5635
vera	5634
método	5634
creciendo	5634
amenazas	5634
alfa	5633
afecta	5633
alguacil	5633
jugado	5631
excepción	5630
dignidad	5628
graves	5628
riendo	5627
aaron	5623
pasear	5623
autorización	5622
concepto	5618
enseñado	5618
molestes	5617
volvieron	5617
llevaría	5614
pato	5613
duncan	5612
padrino	5612
vigila	5612
generalmente	5610
quedando	5609
numero	5609
permiten	5602
bebo	5601
contratar	5600
pides	5600
administración	5599
continúe	5595
eli	5592
case	5591
inusual	5584
feria	5580
mancha	5578
leal	5578
transmisión	5577
tranquilízate	5576
asociación	5576
corran	5574
seguiremos	5574
parto	5573
pegado	5573
estarían	5571
mafia	5562
poesía	5561
preocupados	5559
intercambio	5558
mel	5557
constante	5553
selva	5551
mostró	5547
jenna	5546
juegas	5543
contrató	5542
sintiendo	5540
gane	5539
aprende	5538
presentimiento	5538
fuentes	5538
protegerte	5537
raíces	5536
meterte	5535
nicole	5532
perspectiva	5531
escolar	5530
digno	5529
shock	5528
heather	5528
bastardos	5528
quinto	5524
for	5523
soportarlo	5522
star	5522
your	5521
campana	5521
juramento	5520
matarán	5519
mitchell	5518
utiliza	5516
ronnie	5516
ilusión	5513
vencer	5512
rezar	5512
hoyo	5510
tristeza	5510
miró	5509
pases	5508
dolores	5507
sigas	5506
doloroso	5503
love	5501
debbie	5496
equivoqué	5496
cuidando	5496
medicamentos	5494
ocuparé	5493
bandas	5493
harper	5492
protocolo	5492
unirse	5490
vosotras	5489
sufriendo	5489
tomaremos	5487
otoño	5484
estatal	5483
candidato	5481
vencido	5479
autor	5479
aérea	5479
usaba	5479
comprende	5478
polla	5475
huelga	5474
rabia	5473
agujeros	5472
estuviese	5471
esperabas	5470
jovencita	5468
callado	5467
encender	5464
grosero	5460
mitch	5460
rancho	5458
conflicto	5455
conspiración	5453
comando	5452
gota	5452
escenas	5451
pa	5448
colonia	5447
medalla	5446
contactar	5446
jugamos	5445
stone	5443
cabra	5442
traerme	5442
parientes	5441
creído	5440
adolescentes	5439
llenos	5439
ultima	5438
altas	5438
cambiará	5432
inteligentes	5432
dieta	5431
quedarás	5431
correctamente	5430
vería	5428
suelto	5423
fans	5422
japonés	5422
ropas	5421
recibimos	5421
elementos	5421
verdaderos	5411
bonnie	5410
piensen	5410
pondremos	5409
contiene	5409
diciembre	5408
motores	5407
graham	5406
estarlo	5405
preguntarme	5404
na	5403
permanente	5402
comercio	5400
llegara	5400
amada	5398
jodidamente	5397
grasa	5395
infección	5395
comenzado	5387
satisfecho	5386
presidenta	5385
llevarse	5382
pesada	5380
megan	5376
barney	5372
envío	5372
desfile	5368
suma	5366
meterse	5366
conclusión	5363
atrapada	5360
mientes	5359
homicidios	5358
cajón	5357
tragos	5356
salve	5356
valores	5354
pierre	5353
leslie	5353
ejecución	5352
misterioso	5350
sándwich	5345
lobos	5343
fortaleza	5343
furioso	5342
hamburguesa	5342
barbara	5341
salario	5341
débiles	5340
plena	5337
pierda	5337
murphy	5335
cuero	5335
jodan	5334
oculta	5334
salvaste	5331
quema	5330
cometió	5329
temor	5329
nora	5327
muchísimas	5324
bo	5323
comedor	5321
aclarar	5319
controla	5316
admito	5314
ji	5314
esconde	5314
valioso	5314
aguja	5313
equivoco	5312
terminaste	5312
brillantes	5310
ingleses	5308
observando	5308
objetivos	5307
casarnos	5305
emocionada	5304
desaparición	5303
sello	5301
quietos	5301
escuelas	5293
merecía	5292
deshacerse	5290
tiburón	5288
mostrarle	5287
nube	5286
formación	5284
compraste	5284
decepcionado	5284
autopista	5283
evidente	5282
camiones	5282
programas	5282
falsas	5281
daisy	5281
encuentres	5279
matas	5279
quitado	5279
actividades	5279
líderes	5278
escuchad	5277
global	5274
esclavo	5274
ocasiones	5273
dejarle	5272
confirmar	5272
pendiente	5272
toalla	5268
construido	5267
creación	5265
raros	5264
novios	5261
escuches	5260
temía	5260
detiene	5256
be	5252
gusano	5248
atmósfera	5248
gina	5247
reunir	5244
espiritual	5243
pensión	5242
sirven	5242
saldremos	5242
marica	5240
república	5238
siéntense	5237
sabio	5235
increíbles	5235
embajada	5235
quieta	5235
escribo	5234
poema	5232
kang	5232
terminará	5231
tenis	5231
civilización	5230
patada	5229
cuerdas	5228
dibujos	5227
perdieron	5227
brenda	5226
tirando	5226
miran	5225
prometes	5225
chase	5225
pluma	5224
r	5224
posibles	5224
fallo	5223
iris	5222
superman	5221
entendemos	5217
rodilla	5217
vestida	5217
echó	5216
philip	5213
tirador	5213
aparato	5213
modales	5212
horror	5211
quisiste	5210
pavos	5210
permitiré	5205
estatua	5203
asegurarse	5202
regresen	5198
mandado	5198
continua	5195
siesta	5194
ausencia	5194
perdemos	5193
collins	5193
encontrarán	5192
cuentos	5191
wade	5191
maletín	5189
phoebe	5189
jules	5189
ellie	5188
perfume	5185
grabar	5182
crece	5181
jen	5179
echarle	5178
entro	5178
duelo	5176
israel	5174
cometí	5172
organizar	5172
pervertido	5169
subió	5169
revistas	5169
dejarás	5168
lleves	5167
walt	5166
carla	5162
jill	5161
enciende	5160
quitó	5159
radar	5158
seriamente	5157
probabilidades	5157
capullo	5156
deseando	5155
dana	5150
bang	5150
habrás	5144
ganaste	5144
locas	5144
hall	5137
encantó	5136
telefónica	5133
llegues	5133
micrófono	5132
margen	5130
gesto	5130
cintas	5127
sugiere	5127
embarazo	5126
stuart	5123
encaja	5121
consuelo	5121
llamarla	5119
sabiduría	5118
sincera	5118
bolsillos	5115
paula	5115
comencé	5114
noel	5114
muestran	5113
lea	5112
mágica	5109
terriblemente	5107
recuerdan	5105
solíamos	5104
susto	5104
ocurrirá	5101
hadas	5101
sos	5099
preocuparme	5098
hare	5098
vidrio	5095
término	5094
volverán	5093
desorden	5092
alimentar	5092
boleto	5091
lavado	5090
confusión	5086
angeles	5083
ave	5080
cambié	5080
temer	5079
pense	5079
danos	5079
facultad	5077
mochila	5077
satélite	5076
independiente	5076
intentan	5073
enero	5073
busqué	5072
diosa	5072
estuvieran	5071
barón	5070
clay	5070
artes	5069
nocturno	5068
timbre	5066
escapa	5065
establecer	5065
what	5061
duermo	5061
araña	5061
detenga	5060
intentes	5059
correos	5054
profesores	5053
enseñarle	5052
guerreros	5052
ancianos	5049
preocupo	5045
bebes	5045
imaginaba	5042
mundos	5041
martillo	5041
eterna	5041
sufrió	5039
comentario	5038
inicio	5038
buscarme	5037
impresionado	5035
estelar	5034
pagas	5034
álbum	5032
rojos	5031
jueces	5031
allen	5030
sufre	5029
internos	5029
casé	5028
teresa	5028
pudieran	5024
ola	5023
equivoca	5022
desaparecida	5020
retrato	5019
justa	5018
repugnante	5018
mentirosa	5016
uu	5015
mirado	5015
confesar	5013
vacas	5013
deberá	5013
rojas	5012
repetir	5012
respiro	5012
cuya	5011
ganancias	5011
disfrutando	5006
comedia	5006
boy	5003
chip	5002
amables	5002
inversión	5001
gemelos	4997
minas	4996
falsos	4996
times	4996
pat	4995
matarnos	4994
cogí	4994
australia	4994
seda	4992
malentendido	4989
distintas	4986
diamante	4986
april	4985
cojo	4985
avergonzado	4984
siguientes	4984
agarrar	4983
comunicaciones	4982
dirán	4981
cobrar	4980
dificultades	4979
lápiz	4979
pague	4977
deberia	4976
caiga	4975
tara	4973
christopher	4973
avenida	4971
comenzamos	4970
seca	4968
contentos	4967
vivió	4965
hágalo	4964
que-	4961
bruno	4961
llévate	4960
oculto	4960
metes	4958
soo	4957
principales	4956
mario	4955
vic	4954
euros	4954
salva	4951
mantengan	4950
entras	4950
manhattan	4948
promesas	4944
explosivos	4944
kennedy	4942
ataúd	4940
cancelar	4937
island	4937
excusas	4936
emergencias	4935
orgullosos	4933
creerme	4932
brooklyn	4931
seguida	4931
busque	4929
encendido	4929
coro	4929
urgencias	4929
tales	4926
observa	4926
manual	4924
privacidad	4923
ll	4922
pasaré	4921
recuperación	4918
cuartos	4918
semejante	4917
sobra	4916
oler	4916
presentado	4915
basado	4913
paro	4912
dinos	4912
tenerla	4912
lawrence	4912
andrea	4910
modelos	4908
pida	4906
saluda	4906
dejadme	4904
comí	4903
nido	4900
curtis	4898
plataforma	4897
benny	4893
booth	4889
pam	4889
afortunadamente	4888
entran	4887
pagué	4887
objeción	4885
reconoces	4885
clan	4884
chance	4884
tokio	4881
preguntaste	4879
vital	4879
vanessa	4879
vinieras	4878
pañuelo	4877
preso	4877
durar	4876
llevarnos	4876
esperé	4875
trampas	4875
quedaron	4875
ned	4874
saludar	4874
prométeme	4872
caen	4871
franklin	4868
halloween	4868
donald	4868
aguarda	4867
causó	4867
darás	4867
niebla	4865
psicópata	4865
rodeado	4863
invitar	4861
cal	4861
escucharlo	4859
culpo	4856
vamonos	4856
colgado	4856
goma	4855
talla	4854
oración	4852
turner	4851
acércate	4851
tomemos	4850
maestros	4850
cómplice	4849
cercana	4847
preguntan	4843
preocupas	4842
saldré	4842
licor	4841
llevara	4841
teme	4841
ídolo	4840
sindicato	4840
fallado	4837
crane	4837
usé	4836
simpson	4835
globo	4834
blancas	4834
audición	4833
vigilar	4831
almohada	4830
oido	4825
rehabilitación	4825
increible	4825
galaxia	4823
long	4822
curar	4820
elefante	4818
robé	4818
guardián	4818
investigaciones	4817
fuéramos	4816
tejido	4815
muñecas	4813
llamaría	4813
anderson	4812
atacado	4812
vagina	4809
samantha	4808
levantado	4805
tabla	4804
monos	4803
escudo	4802
extranjeros	4802
denise	4800
bañera	4795
pop	4795
ayudarlos	4794
moderna	4793
blue	4793
interrogatorio	4792
rapido	4788
merecen	4787
bonitos	4787
angel	4786
g	4786
woo	4782
brasil	4782
freddie	4780
asistencia	4779
pagará	4779
novato	4779
avisar	4778
hemorragia	4778
conviene	4777
ajá	4776
perrito	4775
créame	4774
olas	4774
sabré	4773
caí	4770
manejarlo	4765
fenómeno	4763
quejas	4763
coca	4762
persiguiendo	4762
lotería	4760
acerques	4759
certificado	4758
bigote	4757
aca	4756
bondad	4756
aterrizar	4756
misiles	4754
planos	4753
despierte	4752
despedirme	4751
connie	4751
avance	4750
sacarme	4747
prepárense	4747
tumor	4745
camarera	4745
herencia	4742
vaquero	4741
trenes	4741
largos	4739
patria	4738
ponía	4738
enviando	4738
apagado	4737
rastrear	4735
acababa	4734
campeonato	4734
técnico	4733
injusto	4731
activo	4730
pesadillas	4730
galería	4728
drew	4726
sacando	4724
vió	4723
tanques	4722
enseña	4721
editor	4721
liberación	4720
interesantes	4719
comenzaron	4719
quinta	4717
levante	4716
pesa	4713
responda	4713
lance	4711
pondría	4711
resistir	4709
hueles	4709
bajen	4709
hermosos	4708
arriesgado	4707
mueres	4707
duke	4707
agallas	4707
verlas	4706
sentirlo	4706
faltaba	4706
cindy	4706
armados	4705
volumen	4705
hunter	4705
bailarina	4705
huyó	4704
edición	4704
atreve	4704
ganan	4704
debate	4704
cables	4703
necesitará	4702
compraré	4702
odian	4702
poeta	4698
cortes	4696
doña	4695
manta	4695
competir	4695
nazis	4693
fritas	4693
dentista	4693
amamos	4692
encontraba	4691
menú	4691
may	4689
necesariamente	4688
negras	4688
descubrimiento	4687
organizado	4685
apetito	4685
cameron	4681
traen	4681
muriera	4680
visual	4679
acostado	4677
ángulo	4673
inferior	4671
sydney	4671
incapaz	4670
volante	4670
sierra	4669
probando	4668
distinta	4667
sentiría	4665
abuso	4663
celebración	4663
diente	4663
tuyas	4663
humilde	4660
discutiendo	4659
gene	4659
suicidó	4659
disposición	4658
conversaciones	4658
lámpara	4655
sabrán	4655
métodos	4654
marcos	4652
huéspedes	4651
crean	4651
preocupen	4650
direcciones	4650
baker	4649
planetas	4648
determinar	4648
condesa	4647
ópera	4647
corten	4646
peligrosos	4643
asesinados	4642
joy	4641
medicinas	4640
rory	4639
mansión	4636
torres	4636
lecciones	4634
sentirte	4634
comprando	4634
equilibrio	4634
trevor	4633
lograrlo	4632
culpar	4632
sacas	4631
crecí	4630
certeza	4629
observar	4629
molestando	4625
supervivencia	4624
nacer	4624
hechas	4624
sacaron	4623
p	4617
olvidas	4617
escondiendo	4616
can	4616
famosos	4616
melissa	4616
ias	4613
aterrizaje	4612
girar	4611
aceptarlo	4608
danza	4608
little	4607
métete	4607
hambriento	4606
mates	4605
ordenado	4604
calcetines	4603
confuso	4603
enamorados	4601
j.	4601
moderno	4600
tocas	4600
responsables	4600
tabaco	4600
registrado	4598
balón	4596
top	4596
boletos	4596
lentes	4596
consejero	4595
chistes	4595
guerras	4595
sacaré	4592
coordenadas	4590
vergonzoso	4590
distintos	4590
fingiendo	4588
significaba	4587
mensajero	4586
judy	4584
test	4584
cortesía	4584
campus	4581
compro	4577
bingo	4576
asumo	4575
j	4574
impulso	4574
pensaría	4572
venden	4571
contratado	4571
conozcas	4569
utilizando	4569
chan	4567
propiedades	4566
explicaré	4566
signo	4566
disparando	4564
ajedrez	4562
aseguraré	4561
crítica	4560
necesitabas	4560
británicos	4559
ciega	4558
cordero	4557
democracia	4555
rastros	4548
protege	4547
papeleo	4546
cubo	4545
judicial	4544
sid	4544
masaje	4543
beca	4543
verse	4542
miseria	4542
conocías	4540
contenido	4540
razon	4538
sana	4537
ritual	4537
aliados	4535
orina	4534
ofender	4532
hilo	4531
seattle	4530
subido	4528
eche	4526
quedaría	4526
enfermería	4526
entienda	4526
matrícula	4526
jung	4526
dejarán	4525
a.m.	4523
raya	4522
superiores	4521
islas	4521
dispuestos	4520
mascota	4520
ascenso	4519
comenzando	4517
delicado	4516
incluye	4516
revisa	4515
entraron	4515
estabamos	4514
llevaste	4514
duermes	4513
neal	4513
empuja	4512
atado	4512
telegrama	4511
oir	4509
sorprendió	4507
christian	4507
pegó	4506
salvarte	4505
deseaba	4505
pisos	4503
soñar	4503
interna	4503
avanzar	4499
guy	4499
mercancía	4499
localizar	4497
choque	4495
desesperada	4495
d.	4494
águila	4493
rebeldes	4493
apunta	4490
troy	4490
líquido	4489
llegaré	4488
rompí	4488
dispararle	4486
bailey	4485
jodas	4485
carbón	4485
regresé	4484
secuestrado	4482
aprendiendo	4482
sandra	4480
ayúdeme	4480
cocinero	4479
quitarme	4479
entraste	4479
katherine	4478
medicación	4477
baños	4474
creías	4474
ácido	4472
agresión	4472
lex	4472
consulta	4470
nicky	4469
alison	4467
jan	4467
detenerme	4466
órganos	4464
zach	4464
situaciones	4464
barro	4462
jódete	4462
jazz	4461
debamos	4460
amber	4459
cleveland	4458
múltiples	4456
cuentan	4456
apártate	4454
cretino	4453
brooke	4452
gays	4451
obtuvo	4451
min	4451
drake	4450
multa	4450
anillos	4449
kirk	4448
quedara	4447
claudia	4446
hacerles	4446
trabajador	4445
acabaron	4445
quirófano	4440
aéreo	4440
carmen	4438
misa	4438
riqueza	4437
separado	4436
toneladas	4435
criada	4434
ida	4434
madison	4430
observación	4430
deténgase	4430
asistir	4430
compañías	4429
mm-hmm	4427
freddy	4425
voluntario	4424
puñado	4423
profundidad	4423
ligero	4422
cuadros	4422
incendios	4422
meg	4421
afortunada	4420
pega	4420
c.	4419
añadir	4417
harrison	4417
músculos	4416
reunirse	4415
sheila	4412
sacamos	4410
depresión	4409
afueras	4408
confirmado	4408
sordo	4407
vano	4406
brigada	4406
diremos	4404
perdonar	4404
gigantes	4402
pila	4401
presentes	4401
bahía	4401
lesbiana	4398
ayuntamiento	4397
ligera	4396
acceder	4393
comprometido	4392
sentar	4390
fáciles	4389
píldoras	4389
preocupaciones	4387
eve	4386
compre	4385
desean	4383
ansioso	4382
despertado	4381
mantenerte	4381
suplico	4380
with	4380
escúcheme	4378
demos	4376
stella	4376
pierden	4375
ii	4374
olvidarlo	4373
mencionado	4373
interno	4372
pacífico	4371
obligación	4370
hablará	4370
comunista	4369
osos	4368
espías	4368
ohh	4365
arreglaré	4364
cuentes	4364
coincide	4363
servido	4362
asegurarnos	4361
mick	4361
espectacular	4360
filosofía	4360
simpático	4358
contraseña	4357
pillado	4357
naomi	4357
volviera	4357
levantarse	4356
supuestamente	4355
veredicto	4354
regresará	4354
cubre	4353
jabón	4351
egipto	4350
terminemos	4350
simples	4349
concentración	4349
dejarnos	4348
déjanos	4347
factura	4347
zack	4347
cargado	4346
submarino	4346
expertos	4344
cazadores	4342
afecto	4340
sonreír	4340
volvía	4340
protegiendo	4338
dejad	4337
desconocida	4337
one	4335
oírte	4334
cristiano	4334
víctor	4333
invasión	4333
maricón	4332
permanece	4332
jon	4332
botones	4331
habríamos	4330
criado	4329
solucionar	4328
dawson	4326
despertó	4326
oriente	4324
especialista	4324
imbéciles	4323
mantenerse	4321
alexander	4320
suiza	4319
tapa	4319
alla	4318
votación	4317
shaw	4316
lloyd	4316
heredero	4316
atravesar	4315
adams	4315
favoritos	4313
traerá	4311
engañando	4310
hamburguesas	4310
esfuerzos	4310
diarios	4308
arrogante	4307
moriré	4307
excitante	4307
entrenar	4306
maneja	4305
permíteme	4304
creíste	4304
bosques	4304
insectos	4302
liberado	4301
irene	4301
brillo	4300
becky	4299
romántica	4298
corresponde	4296
ruby	4295
harvard	4295
debías	4294
choi	4294
molestado	4294
rosie	4294
admiro	4293
georgia	4293
costillas	4292
bernard	4292
valentín	4289
llenas	4288
retirado	4288
anciana	4287
escribiste	4287
hablen	4286
concéntrate	4285
matamos	4285
fuegos	4283
suban	4281
sucios	4280
divertirse	4279
astuto	4278
hueco	4277
pariente	4276
oficinas	4274
reed	4273
coja	4271
complicada	4270
acercarse	4270
oficio	4268
tejado	4267
periodistas	4267
dorado	4266
marinero	4264
sentidos	4264
torneo	4263
kit	4263
encantaba	4263
this	4261
hacha	4257
palmer	4256
pasteles	4254
despedir	4253
enteró	4253
echaré	4253
destrozado	4251
marchó	4251
miranda	4251
computadoras	4250
burro	4247
etiqueta	4242
sharon	4242
marcharse	4241
produce	4240
naciones	4240
referencia	4240
polo	4239
maldad	4238
quedaremos	4237
jodidos	4236
aprendiste	4236
perry	4236
divirtiendo	4235
costo	4233
recorrido	4232
retrasado	4230
arnold	4229
lograste	4229
convertirme	4228
núcleo	4228
controlado	4226
pm	4226
bell	4225
pidieron	4224
conseguiremos	4224
acuerda	4224
grabado	4223
cadenas	4222
cálmese	4222
reducir	4221
bajos	4221
honorable	4219
comidas	4218
bodega	4218
funcionado	4218
traficante	4217
amenazó	4216
renta	4215
saliera	4215
posiciones	4214
tiros	4213
toco	4212
metiendo	4212
tímido	4210
conveniente	4210
cerrados	4210
ie	4209
identificado	4208
inocencia	4206
pinturas	4205
estadio	4204
elemento	4202
marrón	4201
supuse	4200
retrocede	4199
sillas	4199
individuo	4198
sorpresas	4197
adicto	4197
cabrones	4196
terapeuta	4195
ridícula	4194
busquen	4193
derrota	4192
traerlo	4190
hazte	4190
finn	4189
morirás	4189
orilla	4188
mientas	4187
construyó	4184
escuchan	4181
chimenea	4181
febrero	4178
respondió	4177
recoge	4176
wallace	4175
doyle	4175
inglesa	4175
mueras	4174
cumple	4173
muevan	4173
muertas	4173
dormí	4173
limpiando	4172
confidencial	4172
suite	4172
caleb	4170
piratas	4170
reparar	4170
dorothy	4170
rehén	4169
manchas	4168
bud	4167
cicatriz	4166
borrar	4165
fundación	4165
robbie	4165
ciencias	4165
iniciar	4164
reservado	4164
justamente	4164
conocidos	4163
niego	4161
ningun	4159
descubre	4158
adelantado	4157
blair	4157
aah	4156
sábanas	4156
argumento	4154
dueños	4154
castle	4154
viajando	4153
metiste	4151
terminaron	4149
sip	4149
esperábamos	4148
flash	4148
alec	4147
enseño	4145
fox	4145
phillip	4144
cruzado	4144
roba	4143
tradicional	4143
creció	4141
cobertura	4141
pillo	4139
escritura	4139
entere	4137
billetera	4136
hacíamos	4136
vapor	4135
cosecha	4134
generaciones	4134
wyatt	4134
capturado	4133
cuñado	4133
damon	4132
sagrada	4132
sonidos	4130
eeuu	4129
tranquilidad	4128
gatito	4128
periodo	4127
ocupo	4126
traicionado	4126
furia	4126
recuperado	4126
cuide	4125
tortuga	4125
patty	4125
piden	4124
mo	4124
ficción	4123
nikki	4123
fuí	4123
milagros	4122
soñado	4122
pis	4122
andas	4122
ovejas	4121
granero	4120
docenas	4120
quienquiera	4119
juegan	4119
lógico	4119
disciplina	4119
revisando	4119
recibiste	4117
retirarse	4117
noah	4115
salvador	4115
privilegio	4113
secuencia	4113
pensaré	4113
antiguas	4113
lydia	4111
semillas	4109
afganistán	4109
ponernos	4109
aprovechar	4109
falda	4108
mikey	4108
morris	4107
shakespeare	4106
tendrían	4106
acompaño	4105
diferencias	4104
escocia	4104
menuda	4103
utilizado	4103
linea	4102
pelos	4101
circuito	4097
agradecida	4097
richie	4096
up	4096
mantuvo	4094
aprobación	4094
novedad	4094
impedir	4094
ego	4094
conocerle	4092
imaginado	4091
protegido	4091
enfermeras	4091
gustaria	4090
pirata	4089
mantenido	4088
burke	4088
usarla	4087
inspiración	4087
aterrador	4084
lindsay	4084
dolares	4084
logré	4084
borrachos	4083
estaciones	4083
cheques	4083
norma	4082
mecánico	4082
perdedores	4081
houston	4081
polis	4078
reconocido	4077
videos	4076
gripe	4075
ataca	4074
sacarle	4073
existir	4072
jesus	4071
thompson	4071
bus	4071
precios	4069
inevitable	4065
pusimos	4065
cuba	4063
estúpidas	4062
matarlos	4061
lastimado	4059
delitos	4058
espantoso	4057
comience	4056
quitarle	4055
postal	4055
irak	4052
claridad	4051
demostrado	4050
acusaciones	4050
hal	4050
hans	4050
bicho	4050
beverly	4050
sencilla	4047
saltó	4047
chofer	4047
tomarlo	4047
creéis	4047
encantará	4046
dr	4043
físicamente	4042
occidental	4041
ejecutivo	4041
escondite	4040
aumentar	4039
entregado	4038
mantenerme	4038
desee	4038
femenina	4037
romeo	4037
molestarte	4036
torpe	4036
maurice	4036
partículas	4036
enano	4035
cerró	4033
pásame	4031
delgado	4031
escuchamos	4030
denuncia	4030
dispare	4028
vasos	4026
serpientes	4025
experimentos	4025
apoyar	4024
obsesionado	4022
retirar	4022
encontrarnos	4022
dada	4022
cállese	4020
aquellas	4020
detención	4020
tristes	4019
perímetro	4018
bloqueo	4018
preguntaré	4018
intenso	4017
pierce	4017
construyendo	4015
principalmente	4015
suelen	4012
portátil	4011
vagabundo	4011
comemos	4010
pueblos	4009
casamos	4007
investigador	4007
suministros	4006
putos	4006
preocupaba	4006
conversar	4005
daphne	4005
valientes	4004
sebastian	4004
mcgee	4003
hockey	4001
vendré	4001
vicepresidente	4001
transferencia	4000
garantía	3999
torta	3999
tremendo	3999
entremos	3998
devolveré	3998
barata	3998
alfred	3997
extraterrestres	3995
pegar	3993
comprobado	3993
isaac	3992
esperaremos	3992
stark	3991
costará	3990
descanse	3990
dulzura	3987
escondidas	3986
lastimar	3985
pasaje	3984
acercó	3984
encontrarse	3983
negar	3983
pensaron	3983
vulnerable	3982
lenta	3981
atacaron	3980
quite	3979
suéltalo	3979
manny	3979
mercedes	3979
portal	3978
necesitarás	3978
pudiese	3978
linterna	3976
alemana	3975
lindos	3975
zorro	3974
vestuario	3973
evidencias	3973
garantizo	3972
criar	3972
colocar	3971
auténtica	3971
pendejo	3970
ordenar	3969
debimos	3968
cabe	3968
alimento	3967
pilotos	3966
amiguito	3965
gorra	3964
revisión	3964
exacta	3964
hanna	3964
dong	3964
vehículos	3963
presentarte	3962
recibirá	3961
khan	3961
evidentemente	3960
joel	3959
senado	3959
atras	3958
caramelos	3958
ofrezco	3957
trataré	3956
er	3956
usaste	3956
déme	3956
salvación	3956
cobra	3955
baloncesto	3955
pacto	3954
aceptó	3952
vientre	3950
jessie	3949
yang	3948
tuviéramos	3948
callar	3947
deliciosa	3946
mirarme	3944
opina	3943
roll	3942
negó	3942
rubio	3941
boyd	3940
tomate	3940
césped	3938
inicial	3938
aplauso	3936
centímetros	3935
ordenes	3935
peggy	3934
ingresos	3934
homero	3934
accidentes	3934
declarar	3933
canalla	3933
oyeron	3932
douglas	3932
ordeno	3931
jovencito	3931
hospitales	3930
engañó	3928
esperes	3927
respetar	3926
filmar	3926
rana	3924
mosca	3924
vecina	3923
ansiedad	3920
puño	3920
veis	3919
premios	3919
leerlo	3919
rama	3919
perderte	3918
envíe	3917
retirada	3916
averigua	3916
curva	3915
brilla	3914
debas	3912
aventuras	3911
ofrecido	3910
considero	3909
romano	3909
portero	3908
sospechas	3908
elaine	3908
sepamos	3908
bobo	3907
algodón	3906
sexto	3906
bajó	3906
crítico	3905
soñé	3904
eterno	3903
entusiasmo	3902
instalaciones	3901
manejo	3900
saludo	3898
compramos	3898
ultimo	3897
posee	3897
castigado	3896
cohete	3896
gps	3896
disculpo	3895
extrañar	3894
salvarme	3892
nazi	3892
sostén	3892
fórmula	3891
limón	3890
erica	3890
jamón	3889
boom	3889
sensores	3888
esencia	3887
instrumento	3887
renuncia	3886
elegí	3885
fusión	3885
atrevas	3885
intentaste	3885
suicida	3883
rebelde	3879
vago	3878
vías	3878
samuel	3878
camaradas	3876
winston	3875
asustó	3874
revelar	3874
sugerencia	3874
srta	3874
echas	3873
caca	3873
shirley	3873
legales	3872
legalmente	3871
clyde	3871
won	3870
prostitutas	3870
promedio	3869
tela	3868
kathy	3865
superado	3865
aires	3865
ardiendo	3865
alturas	3864
preferido	3863
arrestar	3863
respirando	3863
sonaba	3863
especialidad	3861
rocky	3861
griego	3859
conservar	3859
huelo	3857
crucero	3856
esencial	3856
diviértete	3856
pendientes	3854
cerradura	3852
récord	3852
aparecen	3850
atascado	3847
distracción	3847
camas	3847
acordamos	3846
supermercado	3845
tucker	3843
echaron	3843
tomarme	3843
caramelo	3843
bastantes	3842
liras	3840
lees	3840
extraordinaria	3839
arranca	3839
manejando	3836
vendrías	3835
enviaste	3834
barnes	3833
manada	3833
llamaban	3832
bienestar	3831
hugo	3831
galleta	3831
encantar	3831
fiscalía	3830
reunido	3830
lola	3830
fumando	3829
ríes	3828
enrique	3828
mediante	3827
bishop	3826
expresar	3826
sientan	3825
tierno	3824
llamaremos	3823
valen	3823
ginebra	3821
levantó	3820
políticas	3819
interesan	3817
deberias	3816
pistolas	3815
agotado	3815
especies	3815
científica	3814
llamará	3812
oscuras	3812
herir	3812
entrevistas	3812
competición	3811
materiales	3811
acostarse	3810
arruinó	3810
brutal	3810
responsabilidades	3809
glenn	3809
guardaespaldas	3809
pretende	3809
inyección	3809
adora	3808
arregla	3807
flecha	3807
mudó	3806
armadura	3804
advertí	3803
necesaria	3802
mañanas	3801
cortinas	3801
cruce	3800
músico	3800
tire	3800
parecían	3799
serios	3799
escoria	3798
morirán	3798
coco	3796
sullivan	3796
encontraría	3794
marta	3794
nevera	3794
sonriendo	3793
beach	3792
decides	3791
pagarle	3791
sorprendida	3790
dejarlos	3790
usualmente	3790
aceptas	3788
culpables	3788
sacarla	3788
cigarro	3788
lindas	3788
declaraciones	3787
honrado	3787
farmacia	3785
bretaña	3785
sentirás	3785
gwen	3784
obispo	3784
agradecer	3784
maletero	3781
tocaba	3781
dallas	3780
lamentablemente	3779
tenias	3778
vivas	3777
queden	3777
tess	3775
murray	3774
ilegales	3774
específico	3774
salchicha	3774
maravillas	3772
empezaste	3772
previsto	3771
poderosos	3771
electrónico	3771
delincuente	3770
cogeré	3770
trabaje	3769
raj	3769
cruzando	3769
vendo	3768
fotógrafo	3767
leon	3766
compartimos	3766
crecimiento	3765
próximas	3765
fracasado	3765
serena	3764
mantenimiento	3764
ardiente	3763
acompañe	3763
protector	3763
abiertas	3762
portada	3762
expulsado	3760
comprendido	3758
est	3757
bandeja	3753
comunes	3753
envidia	3752
marcado	3752
vacías	3751
evans	3751
ballet	3750
traerte	3750
literatura	3749
alcanza	3749
bajado	3749
ahh	3749
carson	3748
fisher	3748
década	3747
órbita	3746
eventualmente	3744
ocupa	3744
helena	3744
tardará	3743
fiona	3742
flujo	3742
toni	3742
imagínate	3742
esconderse	3741
sonny	3741
suyas	3740
kansas	3739
llegarán	3739
presta	3738
jungla	3737
ayudé	3734
destinado	3733
triple	3733
colinas	3732
ofrecerle	3732
pantano	3731
mantienen	3730
rex	3730
broadway	3730
misericordia	3729
cometa	3729
particularmente	3728
morgue	3728
implica	3726
set	3726
stefan	3726
drogado	3724
ai	3723
divina	3722
lenny	3721
empezaremos	3719
detesto	3719
granjero	3718
admitirlo	3717
malvada	3717
códigos	3716
mueven	3716
orleans	3713
femenino	3712
misteriosa	3712
dueña	3711
cercanos	3711
salchichas	3711
madrid	3711
niñita	3710
basada	3710
marge	3709
operar	3709
yo-	3709
invita	3707
pausa	3707
asilo	3707
equivocados	3707
grey	3707
póngase	3706
pertenecen	3706
rompiste	3704
invitada	3703
cambiaron	3702
meredith	3702
anuncios	3701
montones	3701
mesas	3699
convirtiendo	3698
avery	3697
bárbara	3696
queriendo	3696
síganme	3696
comencemos	3695
sentimental	3694
alienígena	3693
gentil	3693
tardar	3691
abejas	3690
cuna	3690
anteriores	3689
permita	3688
piper	3688
durará	3686
cuidadosamente	3686
únicas	3686
monk	3685
dormía	3685
diagnóstico	3684
buck	3684
enlace	3683
completar	3683
benjamin	3681
síndrome	3680
stevie	3680
normalidad	3679
quitarte	3679
haley	3678
legado	3677
disparé	3677
testificar	3676
ingeniería	3675
acostarme	3675
mandé	3674
rincón	3673
sun	3673
artificiales	3672
milord	3671
dee	3671
jeffrey	3670
significan	3670
sonó	3670
foster	3669
chaleco	3669
encontrarle	3668
sobrevivió	3668
subasta	3667
pasaremos	3667
talvez	3667
cam	3667
naturales	3667
scotty	3666
corrección	3665
entiendas	3665
estate	3663
caes	3663
dándole	3663
líos	3662
jodiendo	3662
hablaron	3662
soltar	3661
llevarle	3661
marcar	3660
quedaste	3659
déjate	3659
proyectos	3658
educado	3658
guardado	3658
zonas	3654
repite	3653
hermanito	3653
tobillo	3652
insiste	3652
categoría	3651
dimensión	3651
ayudes	3650
domingos	3648
confundida	3647
li	3647
romanos	3646
bloque	3646
producir	3645
pasarme	3643
aplausos	3643
vaqueros	3642
ciclo	3642
enterrar	3642
elvis	3641
charlar	3641
inventó	3640
sentarnos	3640
bata	3639
aparecido	3638
robos	3638
duras	3637
descuento	3637
cardíaco	3636
randall	3635
recto	3635
valerie	3634
unir	3633
buddy	3631
angie	3630
infarto	3630
km.	3630
echando	3630
filadelfia	3630
plumas	3630
escrita	3628
tomaría	3626
creando	3626
hammond	3625
gusanos	3624
detengan	3623
refrigerador	3622
abrí	3620
entres	3620
sida	3620
déjelo	3618
obligó	3617
magnífica	3617
l.a.	3616
sobrio	3615
felix	3614
italianos	3614
saquen	3614
obsesión	3612
sasha	3610
entregó	3610
acerque	3609
mírala	3607
calendario	3606
ayudan	3606
llevaban	3602
deprimido	3601
robots	3600
rudo	3599
partidos	3599
cuidadoso	3598
ayudarles	3597
necesitábamos	3596
arreglos	3596
supervisor	3596
austin	3594
zapatillas	3594
experiencias	3594
sobrevivido	3593
fijo	3593
servidor	3592
solían	3591
estimado	3591
bases	3591
mónica	3590
cristianos	3590
propongo	3589
bendito	3589
get	3589
caerá	3588
marilyn	3588
altar	3587
disfruten	3587
luchador	3586
cierren	3585
alboroto	3584
extrañé	3583
formal	3583
hermandad	3582
rompiendo	3581
facebook	3581
arriesgar	3580
vestíbulo	3579
cobardes	3579
racista	3578
cuadra	3578
explique	3578
significar	3576
rio	3574
claus	3574
láser	3573
alienígenas	3573
tribal	3573
dedicado	3572
rudy	3572
habitantes	3571
divino	3570
campbell	3570
tomaba	3569
conseguirás	3568
pobreza	3568
ebrio	3567
griffin	3567
ambición	3567
visitantes	3566
sirvo	3566
tenés	3565
enseñarme	3564
rival	3563
tarda	3562
marcho	3562
violet	3562
comisionado	3561
christina	3561
out	3561
terminan	3558
captura	3557
parad	3557
persecución	3556
específicamente	3556
aparezca	3556
agradecimiento	3555
acercando	3555
tomarte	3555
usaré	3555
debieron	3554
bici	3554
bush	3554
frágil	3554
pensará	3553
regresamos	3553
mejora	3552
qu	3551
tinta	3551
nieta	3551
silver	3550
inventado	3550
dejaras	3550
cuchillos	3548
ruptura	3548
preocupan	3548
debéis	3548
viaja	3547
cepillo	3547
velada	3545
propina	3543
escribes	3543
activa	3542
toqué	3542
cathy	3541
levantarme	3540
tiré	3540
caravana	3540
callate	3539
sherlock	3538
gustaban	3538
wes	3536
meto	3535
traseros	3535
atracción	3534
noté	3533
revisé	3532
atrae	3532
grabando	3532
reportero	3529
explorar	3529
perfección	3529
consentimiento	3529
tiburones	3529
denny	3528
acepte	3527
agradecerte	3525
chad	3525
yoon	3525
gil	3524
postura	3524
concreto	3524
desnudos	3523
gastado	3523
apertura	3522
hurra	3521
enterprise	3521
trates	3519
ahorrar	3519
divertirnos	3519
autorizado	3517
decida	3517
regular	3517
homosexual	3516
mutuamente	3515
ruidos	3515
film	3514
bate	3513
suenas	3513
bennett	3511
lunar	3511
delta	3510
pongamos	3509
erik	3509
cógelo	3508
vestir	3508
venas	3508
evaluación	3508
reservas	3507
opiniones	3507
pagamos	3506
reagan	3506
edgar	3506
capturar	3505
espadas	3505
marino	3505
singh	3504
lejano	3503
altamente	3503
solías	3503
ocuparme	3503
creerá	3501
vulgar	3501
oímos	3500
estafa	3500
describir	3499
escopeta	3498
orquesta	3497
sentiste	3497
sabias	3496
llámeme	3495
volvimos	3495
cassie	3495
cool	3495
like	3495
lester	3494
hábito	3493
perdono	3493
integridad	3492
melanie	3492
orinar	3492
rodar	3491
décadas	3491
cardenal	3491
sospecho	3489
amarilla	3488
reese	3488
entretenimiento	3487
arizona	3486
escriba	3485
dwight	3484
hembra	3484
f	3481
pruebe	3481
k	3481
restaurantes	3480
primaria	3480
convención	3479
debían	3479
cago	3478
tiras	3477
firmes	3477
ignorar	3476
seguidores	3475
falleció	3473
quemó	3473
bésame	3473
corrió	3472
picante	3471
déjale	3469
destruyó	3469
marc	3468
permitió	3467
cambiarme	3467
árabe	3467
voló	3465
stewart	3464
contrabando	3464
boxeo	3464
pintor	3462
ejercito	3462
conocieron	3462
delantera	3461
yoga	3461
time	3461
forman	3459
disfrute	3459
reggie	3459
mulder	3459
hope	3458
chi	3458
ríen	3456
vicky	3454
campanas	3454
dijeras	3454
fallar	3453
intentaron	3452
raíz	3451
sheldon	3451
marea	3451
buzón	3449
monroe	3449
pareciera	3447
hicieran	3447
eliminado	3446
rechazado	3446
turistas	3445
inútiles	3445
facturas	3445
cortos	3445
visiones	3443
habernos	3442
lena	3442
comparado	3442
ponme	3442
matarle	3441
lesiones	3441
desear	3440
cerebros	3440
ra	3439
jorge	3438
indican	3438
tuviese	3436
oyen	3435
desaparecieron	3435
hermanita	3435
estallar	3433
paró	3433
know	3432
ejercicios	3432
flynn	3431
extras	3430
temes	3429
bromeo	3429
atraer	3429
mear	3428
anunciar	3428
tae	3424
eléctrico	3423
sujetos	3422
litros	3422
judía	3421
dawn	3421
pensábamos	3419
cañones	3419
golpeando	3418
acoso	3418
explicarte	3417
placas	3416
remoto	3416
asesinaron	3415
voluntarios	3414
conectar	3414
enojar	3414
cuelga	3412
cuernos	3411
nietos	3411
gallo	3410
mojado	3410
obtiene	3410
monica	3409
aprendió	3409
hubieses	3409
moore	3409
reid	3408
entrenado	3408
cuidaré	3408
escucharon	3406
reynolds	3406
convertirte	3406
naciste	3405
escudos	3405
cerradas	3403
palos	3403
vínculo	3402
básico	3398
kay	3398
arrestaron	3397
limpias	3397
municiones	3396
evolución	3395
olviden	3395
convincente	3395
pelotón	3394
comprometida	3394
suene	3393
debíamos	3393
agarró	3392
irlandés	3391
sudor	3391
conociera	3390
desesperación	3390
muchachas	3389
huye	3389
nucleares	3388
hada	3387
marcharme	3386
convertí	3385
haríamos	3385
similares	3384
comienzan	3383
concierne	3383
valga	3383
eché	3383
mito	3382
claras	3381
duró	3380
rencor	3380
persigue	3379
trágico	3377
brandy	3377
desgraciadamente	3376
violó	3373
practicando	3373
volverse	3372
road	3371
wells	3371
escucharte	3370
discúlpenme	3370
poirot	3369
generador	3369
aguanto	3369
amelia	3368
riñón	3368
navaja	3368
dedica	3367
muñeco	3366
matty	3366
usaron	3365
by	3364
delincuentes	3364
oscuros	3364
niles	3364
cliff	3364
ocultando	3363
hara	3363
comerciales	3362
polly	3361
descubrimos	3361
saint	3360
cometiendo	3359
protesta	3359
hudson	3358
llevarán	3357
ruina	3356
mátalo	3355
involucrada	3355
gratitud	3354
andan	3354
oraciones	3353
círculos	3353
decidiste	3352
plaga	3351
sobredosis	3350
uses	3350
corazon	3350
revólver	3350
andre	3350
independencia	3350
exceso	3349
conexiones	3348
barras	3348
santuario	3347
estrado	3346
insisto	3344
sirena	3344
are	3344
héctor	3343
áreas	3342
frito	3342
absoluta	3342
convertirá	3341
barrera	3341
estándar	3340
cargando	3338
públicas	3338
primos	3338
perseguir	3337
favores	3337
cuan	3337
lizzie	3337
interesados	3337
mierdas	3336
supremo	3336
matara	3336
lavandería	3336
une	3335
ohio	3335
llamados	3334
farsa	3333
automático	3333
terminal	3333
kira	3332
moriremos	3332
val	3332
erin	3331
protegerme	3331
químicos	3330
oyendo	3330
técnicas	3330
adulta	3329
venían	3328
empiecen	3328
permites	3328
ocupar	3327
tijeras	3326
senos	3326
calibre	3326
dominio	3324
instrumentos	3323
demostración	3321
rompecabezas	3321
asustaste	3321
separación	3318
sostener	3317
esperma	3316
porter	3316
dados	3316
bién	3316
firmó	3316
p.m.	3315
alias	3314
atento	3314
inesperado	3314
indicado	3313
unidas	3313
movido	3312
lanzó	3310
rápidos	3310
toallas	3309
carnicero	3309
hunt	3309
colgando	3308
positiva	3307
ari	3307
triunfo	3307
vendí	3307
ballena	3306
cállense	3306
corrupción	3306
q	3306
cayeron	3305
regreses	3304
regresemos	3303
uds	3303
moriría	3303
cheryl	3302
extraterrestre	3301
terremoto	3301
salvé	3301
habré	3301
aparcamiento	3298
frutas	3297
resumen	3297
llevarás	3296
ricardo	3296
chiflado	3295
planea	3295
m.	3295
ahorros	3294
omar	3294
tuvieran	3294
nolan	3294
explotó	3294
flotando	3293
andaba	3293
demente	3293
automóvil	3292
acostumbrada	3291
bellas	3290
doler	3290
jonas	3289
contenedor	3289
saldrás	3288
ondas	3288
barril	3288
adopción	3287
instintos	3287
patadas	3287
acostarte	3286
satisfacción	3286
moscas	3286
sirvió	3285
huésped	3285
existía	3284
have	3283
asia	3282
inmortal	3282
comeré	3281
cambiaste	3281
abro	3281
varón	3281
cooperación	3281
resiste	3280
músicos	3280
patear	3280
sácame	3279
grayson	3278
cueste	3277
combatir	3276
accidentalmente	3276
ponerla	3276
insoportable	3275
tour	3274
contaba	3274
hoteles	3274
guardo	3274
iniciativa	3274
denme	3273
avergonzada	3272
cambiarlo	3271
comunistas	3269
decidieron	3268
mejorando	3268
regimiento	3268
avísame	3267
orfanato	3267
enseñando	3267
contratos	3266
beba	3265
vistas	3265
dixon	3265
anual	3263
declarado	3262
encubierto	3262
aborto	3261
paquetes	3256
sospechosa	3256
dámela	3256
diseñado	3255
solitaria	3255
prepare	3255
salvarla	3254
facil	3253
atraparon	3253
venda	3249
dj	3249
cacería	3248
e-mail	3248
penas	3248
británica	3248
selección	3248
honestidad	3247
culto	3247
joyce	3247
telefono	3246
dormiste	3246
amabilidad	3246
entendió	3245
notar	3245
inestable	3244
manga	3244
mademoiselle	3244
lava	3243
delicada	3243
cambias	3242
generales	3242
bay	3242
jugaba	3241
molestaría	3240
mandy	3240
congelado	3238
nocturna	3237
marines	3237
estuviéramos	3237
einstein	3237
ruinas	3236
madrugada	3236
mostrado	3236
bichos	3235
sácalo	3235
boris	3235
celebrando	3235
residentes	3234
suponer	3232
unico	3232
conseguirá	3232
ordena	3231
vivirá	3231
champagne	3230
derrotar	3229
cavar	3229
sólido	3229
mariposa	3229
provocar	3229
salvarlo	3228
asquerosa	3227
sorprendería	3227
recomiendo	3227
mantendré	3225
provisiones	3225
parecerá	3224
batallas	3224
temblando	3223
dragones	3222
but	3222
ferrocarril	3222
súbete	3222
leíste	3221
agradecerle	3221
woody	3220
asustar	3219
mantengo	3218
querrán	3218
trofeo	3217
espeluznante	3217
crecen	3217
prácticas	3217
bares	3217
stevens	3217
causando	3216
sonia	3216
echarme	3215
cifras	3214
enséñame	3214
polonia	3214
cachorro	3213
aumenta	3212
fractura	3211
revisado	3211
roberts	3211
guante	3211
muros	3211
fu	3209
uniformes	3209
confiado	3209
recordarlo	3208
rotos	3207
leyó	3207
mostrando	3205
acompañarme	3205
toquen	3205
acordado	3204
apuro	3203
pañales	3203
sonando	3202
comiste	3202
presos	3202
otto	3202
tomada	3199
mínima	3198
contárselo	3198
incluido	3197
rindo	3197
enseñé	3196
opuesto	3195
parecería	3195
necesitaría	3194
catalina	3194
pito	3194
follar	3194
hamilton	3192
sesenta	3191
balcón	3191
jefferson	3190
camilla	3190
bauer	3189
sirva	3189
llueve	3189
paloma	3189
irlanda	3188
ático	3188
homicida	3187
dañado	3187
preparen	3187
cálculos	3186
sinvergüenza	3185
rusty	3184
hablábamos	3184
calvin	3183
trozos	3183
granada	3183
filas	3182
baúl	3181
inventar	3181
impide	3180
not	3179
llover	3179
falló	3178
tanner	3177
cody	3176
sirviente	3176
rechazar	3175
funciones	3175
june	3175
ocurren	3175
instalación	3174
llegaría	3174
verificar	3173
abuelos	3173
bruto	3172
teorías	3172
separar	3172
crío	3172
publicar	3171
afectado	3170
alcanzado	3170
estabais	3170
vivian	3170
tatuajes	3169
clásica	3168
prestar	3168
consiguen	3168
deténganse	3168
acondicionado	3167
verduras	3167
digital	3167
dirigen	3165
archer	3164
imperial	3164
t.	3163
comprobarlo	3163
emboscada	3162
finanzas	3162
recta	3162
enviamos	3162
disponibles	3162
agradecería	3161
llévalo	3161
soga	3160
mudo	3160
apodo	3160
intelectual	3158
stephanie	3158
courtney	3158
paisaje	3156
surgió	3154
excepcional	3153
brennan	3153
fletcher	3153
pub	3152
dirijo	3151
lesión	3150
marvin	3150
empujar	3149
acabemos	3148
fuma	3146
suicidarse	3146
regina	3145
novias	3145
matones	3145
redes	3145
encendida	3145
mátame	3144
entorno	3144
expectativas	3144
hablabas	3144
burt	3143
cambiaría	3142
conseguirte	3142
explicarle	3141
theo	3141
bastón	3141
explico	3141
canales	3141
armar	3140
preparación	3140
carlo	3139
garcía	3139
neumáticos	3139
pedirme	3138
alá	3138
participación	3137
atacando	3137
vientos	3137
usada	3136
hablara	3136
verga	3136
estudiado	3135
llamara	3135
cha	3134
cd	3133
avanzando	3133
botes	3132
encerrada	3132
ayudaste	3132
escondida	3131
gordos	3131
salidas	3130
leones	3130
garras	3129
pleno	3129
lamentable	3128
perfectos	3127
acompaña	3126
promoción	3125
televisor	3124
masacre	3124
moveos	3124
llegaba	3123
jet	3123
desperdicio	3122
queen	3122
detendrá	3121
quedarán	3121
importará	3120
margarita	3119
chau	3119
devuelve	3119
peluca	3119
inspección	3118
cansados	3118
cosquillas	3117
factor	3117
recientes	3115
trece	3115
violín	3114
navegar	3114
picnic	3114
beckett	3113
incómoda	3113
patrones	3112
examinar	3112
lazos	3111
mrs	3111
chantaje	3111
alquilar	3110
durmió	3110
artie	3110
enseñe	3110
humanas	3109
negativa	3109
talentos	3108
cory	3108
futura	3104
melodía	3104
entierro	3102
sentirá	3102
permitirá	3102
reza	3101
cambiamos	3101
carajos	3100
an	3099
fijado	3099
urgencia	3098
milla	3098
plomo	3098
deb	3098
destruye	3096
únicamente	3096
bufete	3094
detroit	3094
aparta	3094
evelyn	3093
conrad	3093
creería	3091
localización	3091
hogares	3091
klaus	3090
casaste	3090
envuelto	3090
dexter	3090
dinamita	3089
avanza	3089
porfavor	3087
madura	3086
constitución	3086
cuñada	3086
disparaste	3085
sabés	3085
arturo	3085
convenció	3084
hee	3084
tronco	3084
there	3083
empezaré	3083
aplicación	3082
todopoderoso	3082
gray	3082
monja	3081
encontrada	3081
campesinos	3081
herramienta	3080
lake	3080
zoológico	3080
kane	3079
insistió	3079
creador	3079
monje	3079
convierta	3078
spock	3077
pertenecía	3077
presentarme	3076
no.	3076
perdería	3075
cagar	3075
ganará	3075
burns	3074
roman	3074
logra	3074
controles	3074
parlamento	3072
clavo	3072
utilizó	3071
alumno	3071
informante	3071
perderé	3070
ponle	3070
down	3070
túneles	3069
furiosa	3069
ivan	3069
xena	3069
apunto	3069
esperándote	3068
artificial	3068
cortas	3068
abandona	3067
cuidados	3067
hills	3067
terrorismo	3066
arrancar	3066
carolina	3066
elegiste	3065
misiones	3064
masculino	3064
crack	3064
soporte	3064
pólvora	3063
perderás	3062
documental	3062
lazo	3061
jae	3061
mortales	3061
nicholas	3060
tocan	3059
corrí	3059
hallamos	3059
gol	3057
dificultad	3057
institución	3057
lemon	3057
intimidad	3056
hacerlos	3056
rescatar	3055
podrias	3054
recuerdes	3054
mascotas	3053
just	3053
avanzada	3053
incorrecto	3052
invertir	3051
costar	3050
morfina	3050
creencias	3049
banquete	3048
llamarle	3048
pearl	3048
hastings	3048
enfoque	3047
enamoré	3046
spike	3046
joya	3046
gancho	3045
escribiré	3042
causas	3042
gallinas	3042
pretendía	3040
deseado	3040
descubrieron	3040
sugiriendo	3040
perdonado	3039
intervención	3037
brady	3037
conquistar	3037
valía	3036
billones	3036
colorado	3036
post	3036
east	3034
capilla	3033
ofreciendo	3033
espléndido	3033
lucky	3032
reflejo	3031
suavemente	3030
avanzado	3030
deberíais	3030
creyendo	3028
reciben	3027
subo	3027
manuel	3027
duerma	3025
contador	3025
sexualmente	3025
necesitaban	3025
carruaje	3024
terminando	3024
lote	3023
champaña	3023
palomitas	3023
registrar	3023
quedate	3022
detenerlos	3022
agresivo	3021
grites	3021
mariscal	3021
gavin	3021
brick	3020
zumo	3020
velo	3019
invité	3019
virtud	3018
chandler	3018
afortunados	3017
nueces	3016
soda	3016
bájate	3016
matón	3015
continente	3014
congresista	3013
financiero	3013
brody	3013
pretendo	3012
colocado	3011
mantenerla	3011
eco	3010
oriental	3010
llevarlos	3009
valiosa	3009
quito	3007
ernie	3007
pelicula	3005
karma	3005
descuida	3005
probabilidad	3005
fraternidad	3004
dirigido	3004
expedición	3004
bestias	3004
encargarme	3003
comprueba	3003
explicaciones	3002
tumbas	3002
industrial	3002
agnes	3002
amos	3001
estupido	3000
napoleón	2999
dudar	2999
cómico	2999
limpios	2998
unirte	2998
chicle	2997
e.	2997
tocino	2997
respetable	2996
brett	2996
encontrarlos	2995
federación	2994
obliga	2994
miento	2994
descarga	2994
corren	2994
wang	2994
encontrara	2993
leña	2993
bond	2993
sylvia	2991
abraham	2991
religiosa	2990
perderá	2990
ilusiones	2990
saldría	2990
analizar	2990
perdidas	2989
chelsea	2989
conocimientos	2988
estreno	2988
manteniendo	2987
cosita	2987
peste	2986
podia	2986
software	2983
pasajero	2983
frenos	2982
experimentar	2982
perderemos	2982
paja	2980
caballería	2980
aquél	2979
arruinaste	2979
herr	2979
cortina	2979
queramos	2978
puñetazo	2976
habiendo	2976
rodney	2976
odiar	2976
hugh	2975
hostia	2975
termines	2974
frasier	2974
confirma	2974
psicología	2974
finch	2974
schmidt	2973
delgada	2972
honestos	2972
prepararé	2972
tomarse	2971
calzoncillos	2971
despidieron	2970
sidney	2970
definición	2970
anton	2969
cocinando	2969
difunto	2969
fugitivo	2968
violenta	2967
cerrando	2966
cicatrices	2966
donovan	2966
excelentes	2965
danielle	2964
enfrentarse	2964
conejos	2964
preciosas	2963
eramos	2961
grecia	2960
asegurado	2959
actúas	2959
artillería	2957
panel	2956
desarrollar	2956
asesor	2956
séptimo	2956
bando	2956
declaro	2956
south	2955
resfriado	2954
devuelto	2954
tablero	2953
bradley	2953
abandonada	2952
archie	2952
turnos	2951
sesos	2950
movernos	2950
viena	2949
quitaron	2948
confíe	2948
atraparlo	2947
sombreros	2947
oxford	2947
relajarte	2947
michel	2946
nobles	2946
ética	2945
apoya	2945
munición	2945
táctica	2944
perderlo	2943
atacan	2943
recordaba	2942
admite	2942
comas	2942
millonario	2941
sobrevivientes	2941
éso	2940
frio	2940
involucrados	2940
fumo	2939
establecido	2938
aprieta	2938
destruida	2937
payasos	2936
amenazando	2935
bandidos	2935
whoo	2934
estupideces	2933
cruza	2933
llámalo	2932
sofía	2932
provecho	2931
trataron	2931
envían	2931
day	2930
perras	2930
botín	2928
rechazo	2928
entenderá	2927
donante	2927
avisado	2927
exhibición	2926
consiguieron	2926
candidatos	2926
maravillosos	2926
vitales	2925
genética	2925
venecia	2925
ram	2924
muestre	2924
paranoico	2923
lynn	2923
diciéndome	2921
silencioso	2921
casaré	2921
sucias	2920
hierbas	2920
ash	2919
empezaba	2919
insignificante	2919
wally	2919
consecuencia	2918
marchado	2917
suspira	2917
doncella	2917
conocernos	2917
aspectos	2916
girl	2916
discutimos	2915
conserje	2915
letal	2915
arregló	2915
explicarme	2914
chang	2912
chen	2912
hormigas	2911
fechas	2910
dvd	2910
escolta	2910
laurel	2909
valla	2909
mayordomo	2908
claude	2907
deportivo	2906
arquitecto	2906
mordió	2906
jacques	2905
apuntando	2905
guardas	2905
establo	2905
asombrosa	2905
gilbert	2904
religioso	2903
willy	2901
latas	2900
traerla	2899
suministro	2899
aislamiento	2899
perlas	2899
cargamento	2898
alrededores	2898
entendía	2897
cristina	2897
saltando	2897
pensaban	2897
p.	2896
obtuve	2896
pondrás	2896
corporal	2896
realista	2896
italiana	2895
embarazoso	2895
incumbencia	2895
monta	2895
ofrecerte	2893
helados	2893
apos	2892
cuestiones	2892
admirador	2892
ayudara	2892
montado	2892
prudente	2892
generosa	2891
fenomenal	2891
acusa	2890
comprarme	2890
regresaste	2890
barbacoa	2889
célula	2888
juguemos	2888
rodando	2888
caigo	2888
asustando	2888
sabrías	2888
celebrarlo	2888
decepción	2887
representación	2886
costumbres	2885
pérdidas	2884
gotas	2884
carbono	2884
moverte	2883
arde	2883
viví	2882
demandas	2882
rogers	2881
semestre	2881
javier	2880
miramos	2880
recibes	2879
cristiana	2878
hacienda	2878
disparan	2878
género	2878
cat	2877
wall	2876
refresco	2876
interruptor	2876
conducía	2875
halcón	2873
mudarse	2873
coloca	2873
codo	2872
valentía	2872
promete	2872
pipa	2871
sustancia	2871
posterior	2871
was	2870
atrapó	2870
envíen	2869
brisa	2869
maravillosas	2869
reparto	2867
forenses	2867
taberna	2866
deshacerme	2866
ratones	2866
aleluya	2865
comunicado	2864
seguimiento	2864
discreción	2863
gritó	2863
pulgar	2863
comprensión	2862
retroceder	2862
originales	2861
disfraces	2861
frasco	2861
arreglaremos	2860
tequila	2859
perdonen	2859
bernie	2859
pidas	2859
decís	2859
permítanme	2857
deberiamos	2857
planear	2856
ocúpate	2856
es-	2856
volved	2856
relojes	2855
lider	2854
convento	2854
tráelo	2853
regaló	2852
coges	2852
insulto	2851
paces	2851
cargada	2850
jared	2850
kid	2850
coña	2850
lloviendo	2850
vigilante	2849
metida	2849
cálido	2849
pero-	2848
abras	2847
robada	2847
gabinete	2846
excursión	2844
filete	2843
acepté	2843
dante	2842
rich	2841
desconocidos	2841
perteneces	2841
ésas	2840
mecanismo	2840
atiende	2839
liv	2839
invento	2838
dorada	2838
seguirán	2838
exitoso	2837
fronteras	2837
alterado	2837
pulmón	2837
ellis	2837
frases	2836
mostrador	2835
precisión	2835
z	2834
conste	2834
laurie	2834
camisas	2834
bromeaba	2834
convierten	2834
manicomio	2834
freno	2833
hondo	2832
cynthia	2832
america	2831
dispares	2831
basurero	2830
querés	2830
mini	2830
abriendo	2830
pensara	2830
separarnos	2829
ábrelo	2828
retrocedan	2828
pertenezco	2828
infiel	2827
cualidades	2826
provoca	2825
rodea	2825
favoritas	2824
mataran	2823
resolverlo	2822
respeta	2822
comprador	2822
domicilio	2821
reduce	2821
obedecer	2821
quemaduras	2820
levanten	2820
antoine	2820
juntar	2819
arrepiento	2819
moverme	2818
hyun	2818
bóveda	2817
gimnasia	2817
sirvientes	2816
respecta	2815
suéltala	2815
baxter	2815
presentarles	2815
conectados	2814
trayendo	2814
iván	2814
levanto	2813
doris	2813
privados	2812
antepasados	2812
sacrificios	2812
fantasías	2811
mantendrá	2811
conclusiones	2811
confirmación	2810
traidores	2810
residente	2810
joshua	2809
gemelas	2807
dibujar	2806
emocionalmente	2806
violar	2806
dirigida	2805
cangrejo	2805
burbuja	2804
ignorante	2803
sesiones	2801
comparación	2801
ligeramente	2801
now	2801
ejecutar	2800
ciegas	2800
alberto	2800
proviene	2799
dolió	2799
ch00ffff	2798
parcial	2798
empacar	2797
victima	2797
sentamos	2797
católica	2797
creían	2797
mocoso	2797
semilla	2796
ring	2794
chatarra	2794
hablarlo	2792
pascua	2792
sadie	2792
vé	2791
golpearon	2791
cómodos	2791
aceptaré	2791
acercarme	2790
juegues	2788
bert	2787
dicha	2787
afirma	2787
hostil	2787
calvo	2786
cintura	2786
tomara	2785
separamos	2785
sincronización	2785
barriga	2784
disfruto	2784
survivor	2784
suprema	2784
despegar	2783
monitor	2783
globos	2783
mandaré	2783
vagón	2782
régimen	2782
bates	2782
ward	2782
huracán	2781
conferencias	2780
cera	2780
mirarte	2779
protegerla	2778
aroma	2777
enfrenta	2777
curado	2777
interpretar	2776
paraguas	2776
bloqueado	2776
misil	2776
ensayos	2775
peligrosas	2775
declaró	2775
pasemos	2774
buffy	2774
irónico	2774
busquemos	2773
paradero	2772
esther	2772
rechazó	2772
aprobado	2771
desesperadamente	2771
iros	2771
pagaron	2771
cocinera	2770
felicito	2769
agáchate	2768
gerald	2768
führer	2767
robinson	2767
renuncio	2767
apretado	2766
serias	2766
escogido	2766
acompañante	2764
catorce	2763
liderazgo	2761
atlanta	2761
fabulosa	2760
devuélveme	2760
sensacional	2759
ganadores	2759
olla	2759
cyrus	2759
guarde	2759
traicionó	2758
ocupación	2758
hablaban	2758
lloras	2755
bragas	2754
obstáculo	2754
inodoro	2754
denle	2753
terraza	2753
eternamente	2752
patricia	2752
stacy	2752
unica	2751
estancia	2751
confesó	2750
molestias	2750
desarrollado	2750
suelte	2750
enfades	2749
american	2749
éxtasis	2747
joon	2747
tranquilamente	2746
elsa	2745
colchón	2745
escoge	2745
formulario	2745
profeta	2745
camille	2744
world	2744
realizado	2744
espuma	2744
glen	2743
huido	2743
ramas	2743
fija	2742
morimos	2742
cuarentena	2742
informó	2742
conocían	2741
mostrarles	2740
song	2739
pala	2738
entregas	2738
acusada	2737
exagerando	2736
recorrer	2736
acabando	2736
interpretación	2736
impaciente	2735
carreteras	2735
mostrarme	2735
precaución	2734
pastilla	2734
peleamos	2734
perdon	2734
viajado	2733
tardaré	2733
metieron	2732
administrador	2732
eleanor	2732
susie	2732
bum	2731
latín	2731
fanny	2730
cristales	2729
francotirador	2729
interferir	2729
garantizar	2728
callada	2728
cuchara	2728
casero	2728
nasa	2728
billar	2728
desprecio	2726
discursos	2726
descansando	2726
peinado	2726
mola	2726
juvenil	2725
cogiendo	2725
masiva	2725
derribar	2725
anfitrión	2725
tutor	2723
agujas	2723
iniciales	2723
fino	2722
kilo	2721
venus	2721
pollos	2721
bolos	2720
elijo	2719
recordaré	2719
ingenioso	2719
cuaderno	2718
coinciden	2717
medicamento	2717
burton	2717
comprarte	2717
herman	2717
walsh	2716
públicos	2715
oveja	2715
resultar	2715
mande	2714
máscaras	2714
impresionar	2714
gases	2714
acabé	2714
kung	2713
trabajadora	2713
asado	2712
tímida	2712
inmediata	2711
data	2711
oz	2710
sátur	2710
resaca	2709
ángela	2709
conocerlos	2708
cadera	2707
mérito	2707
got	2707
compañia	2707
ventajas	2707
santidad	2707
cancelado	2706
ninja	2706
lin	2706
seguid	2706
deprimente	2705
monty	2705
blues	2704
contamos	2704
defensor	2704
sentó	2703
villano	2702
soviética	2702
grand	2702
fort	2702
perdonarme	2702
universitario	2701
capitan	2701
optimista	2701
protesto	2701
mejorado	2700
keller	2700
palma	2699
experimentado	2698
asegúrese	2698
reemplazar	2698
luchado	2698
pegarle	2697
basa	2696
anteojos	2695
yate	2695
estropeado	2695
g.	2695
cobre	2694
superarlo	2694
mejilla	2694
proceder	2693
phoenix	2693
cortando	2693
unirme	2692
martín	2692
significaría	2691
they	2691
creerás	2691
pica	2691
párate	2690
palanca	2690
merecido	2690
firmas	2690
acosté	2689
cooperar	2689
conteste	2688
tramando	2688
llegarás	2687
esclava	2687
enterar	2687
jerusalén	2686
ando	2685
look	2685
hazle	2684
referencias	2684
técnicos	2683
atrevido	2683
investigadores	2683
práctico	2682
reciba	2681
forzado	2681
consideración	2680
ganarse	2680
cebolla	2680
vivían	2679
apropiada	2678
levantarte	2677
experta	2677
cogerlo	2677
condenados	2676
duermas	2676
efectivamente	2676
limusina	2674
ancestros	2674
superficial	2674
rebelión	2673
motocicleta	2673
tardado	2673
sede	2671
abrimos	2671
ava	2670
póquer	2670
mide	2670
escuchame	2669
pagos	2669
exclusiva	2669
cría	2668
je	2667
mudar	2667
culos	2667
lesbianas	2667
mirarlo	2667
pusiera	2665
està	2664
torno	2664
denver	2664
sacaremos	2663
golpeé	2663
tentación	2662
coman	2661
deberás	2661
callie	2661
judith	2660
sermón	2660
dramático	2660
sutil	2660
localizado	2659
fanático	2659
cuerno	2659
franz	2659
sillón	2658
eduardo	2658
libra	2657
suecia	2657
confiable	2656
detén	2656
autobuses	2656
copiado	2656
buscó	2655
cantidades	2654
estrictamente	2654
digitales	2654
surf	2654
nadia	2654
trigo	2652
comunicarse	2652
precisa	2652
acercan	2651
recomendación	2651
activos	2651
siguieron	2650
chao	2650
timmy	2650
tanya	2649
detenerte	2648
milán	2648
trajimos	2648
pretendes	2647
d.c.	2647
abres	2646
escáner	2646
daban	2645
joo	2645
enseñaron	2644
recogiendo	2644
nudo	2644
ingredientes	2643
baltimore	2643
mentales	2643
disculpan	2643
veros	2642
asusté	2642
félix	2642
olvidemos	2641
concejal	2641
dental	2641
potter	2640
suspendido	2640
suéter	2640
entrenando	2640
mudarme	2638
comprarle	2638
dinosaurios	2637
dirigía	2636
perpetua	2636
ofrecí	2636
punk	2634
molestó	2634
cuadras	2633
traía	2631
ríos	2631
alaska	2629
mexicano	2629
arroyo	2628
seríamos	2628
novedades	2627
abuelita	2627
evacuación	2627
suero	2627
matthews	2627
abren	2627
ciegos	2626
sopla	2626
amorosa	2626
quemando	2626
confiaba	2625
tenso	2625
ofendido	2625
ballenas	2624
posada	2624
libera	2623
fernando	2622
pieles	2621
tremenda	2621
píldora	2620
country	2620
unió	2620
creativo	2620
sacrificar	2619
escocés	2619
casamiento	2618
bandido	2618
crucial	2618
yu	2617
filme	2616
meten	2616
pónganse	2615
parados	2614
summer	2614
dominar	2613
infinito	2613
culpabilidad	2613
escondió	2613
carteles	2613
marqués	2612
escritores	2612
gregory	2612
astronauta	2611
pimienta	2611
mandíbula	2611
langosta	2611
lastima	2610
asustes	2610
kat	2610
notable	2609
cultural	2609
previamente	2609
fideos	2608
preparo	2608
shelly	2608
rupert	2608
desaparezca	2607
mantenernos	2607
sacan	2606
relevante	2605
musica	2605
respetos	2605
químico	2605
duermen	2604
oponente	2604
hallado	2603
hércules	2603
sujeta	2602
supongamos	2602
decano	2601
atrapa	2601
at	2601
louie	2600
relajarse	2600
asustados	2600
hipócrita	2600
déjenlo	2600
unida	2600
bailarín	2599
apretar	2599
evita	2598
camisetas	2598
ancho	2598
temen	2598
quitas	2598
arruinando	2597
natal	2597
ajo	2597
adoran	2597
evitando	2596
angustia	2596
consiste	2596
andré	2594
fran	2594
amé	2594
shin	2592
definitiva	2592
nerviosos	2592
amenazado	2592
wesley	2591
creamos	2591
desaparecidos	2590
informa	2589
relleno	2589
pedo	2588
documentación	2588
zombi	2587
decido	2587
quiebra	2587
good	2587
pagarme	2586
marcel	2586
peg	2586
obreros	2585
olvidaba	2585
avisaré	2584
fundamental	2584
preparé	2584
amen	2583
robados	2582
hood	2582
ponla	2582
universal	2582
terrestre	2582
price	2582
reconoció	2581
hipoteca	2581
rupias	2581
jardinero	2580
preston	2580
lori	2579
condón	2579
garrett	2578
vuelan	2578
facilidad	2578
pinky	2578
clarke	2576
rejas	2576
subí	2575
harina	2575
batallón	2575
exteriores	2575
histórico	2574
baba	2574
refugiados	2574
here	2574
agradables	2574
pajarito	2573
condones	2572
chester	2572
hábitos	2571
prevenir	2571
despido	2571
padrastro	2570
besarte	2570
blusa	2569
ugh	2569
alimenta	2569
estudia	2569
inmigración	2568
maridos	2568
vístete	2568
jugó	2568
enfrentamos	2567
disculparte	2567
colapso	2566
wong	2566
pesos	2565
cachorros	2565
defectos	2565
fragmentos	2565
pondrán	2564
menta	2564
gu	2563
claros	2562
internado	2562
ofertas	2561
lanzado	2561
ganadora	2560
japonesa	2560
gail	2559
aconsejo	2559
mencioné	2559
ow	2558
pagarlo	2558
goa	2557
cápsula	2557
cálmense	2557
sherman	2557
bombero	2556
cumplió	2556
aparecerá	2555
acelera	2555
lorenzo	2554
sólida	2553
eugene	2553
scully	2553
arreglando	2553
amarte	2552
buda	2552
obligaciones	2552
girando	2551
engaña	2551
usaremos	2550
ginger	2549
lodo	2549
sospechar	2549
aislado	2549
exige	2548
ivy	2548
ally	2547
deshazte	2547
calmado	2546
piérdete	2546
estes	2544
fitz	2544
enseñaste	2544
asegura	2544
libremente	2543
poemas	2543
tránsito	2542
musulmanes	2542
brooks	2541
viviente	2541
acostaste	2541
prometer	2541
funcionamiento	2541
pais	2540
tribus	2540
adjunto	2540
demora	2539
joda	2539
trabajaré	2539
cortaron	2539
seguirme	2539
aficionado	2539
investigado	2538
vuelos	2538
filmando	2538
desafortunado	2538
burla	2538
anita	2538
cásate	2537
invitarte	2536
traten	2536
echamos	2536
cross	2535
mueves	2535
pésimo	2535
kara	2534
directores	2534
pagarás	2534
toc	2534
mapas	2533
tenerlos	2533
hongos	2533
mateo	2533
gorila	2532
facial	2532
sushi	2532
gabe	2532
jeep	2532
shannon	2532
cambies	2532
calabaza	2531
autógrafo	2531
topo	2530
financiera	2530
nace	2529
springfield	2529
if	2529
penal	2528
noto	2528
amabas	2528
eliges	2528
entregue	2528
aceptamos	2528
levanté	2528
agregar	2528
sang	2528
nadando	2526
atentamente	2526
clubes	2526
violador	2526
suzanne	2526
rompieron	2525
respaldo	2524
jenkins	2524
simón	2524
besado	2524
ofensiva	2523
continuará	2523
planeas	2523
apreciar	2523
baterías	2523
abigail	2522
grabaciones	2521
inconveniente	2521
olvidamos	2520
descubra	2520
legítimo	2519
calabozo	2519
ésos	2519
escapando	2518
corporación	2518
inventé	2518
chispa	2517
grandeza	2517
paramos	2517
envenenado	2516
satanás	2516
suélteme	2516
abe	2515
escondes	2515
cantan	2514
salvavidas	2512
retorno	2511
abeja	2511
pulgadas	2510
preciosos	2509
cargas	2508
fallecido	2507
programado	2507
preocuparnos	2507
buzz	2506
tacos	2506
regresando	2506
aliado	2506
declara	2506
preguntamos	2506
mienten	2506
marion	2505
sirvienta	2505
asignado	2505
gasolinera	2505
nevada	2504
tasa	2504
eminencia	2504
dales	2504
helada	2504
privadas	2503
cogiste	2503
plana	2503
cortada	2503
volado	2502
regresas	2502
extiende	2502
simone	2501
movió	2501
roberto	2501
pijama	2501
irías	2500
defecto	2500
roban	2500
corrupto	2499
luchamos	2499
ausente	2499
or	2498
sensual	2498
millie	2498
recupere	2498
naval	2498
concentrarme	2497
encárgate	2497
distante	2496
corra	2496
lecho	2496
salid	2495
sinceridad	2495
conocéis	2495
roland	2494
lastimarte	2493
acontecimientos	2493
dc	2493
milo	2493
expuesto	2493
square	2492
suaves	2492
jinete	2492
conozcan	2492
traslado	2492
camello	2491
húmedo	2491
besa	2491
dedicas	2489
dele	2488
tesoros	2488
extrema	2488
profundas	2487
usen	2487
reúne	2487
taco	2486
seguiría	2486
she	2485
tratos	2485
cierro	2485
expedientes	2484
caminata	2484
tribunales	2484
nacionales	2483
presentaré	2483
mantienes	2483
guardería	2483
tormentas	2483
agradecemos	2482
juliette	2482
tubos	2482
vengarse	2482
individuos	2481
ochenta	2481
daga	2481
estudié	2480
tiraste	2479
adicción	2479
gemela	2478
cartero	2478
fichas	2478
dárselo	2477
explosivo	2477
árabes	2477
labor	2477
fina	2477
pentágono	2476
barb	2476
roosevelt	2476
guardando	2475
ademas	2475
natasha	2475
matanza	2473
consiguiendo	2473
cubiertos	2472
doscientos	2472
fax	2471
empujó	2471
conmoción	2470
reunirnos	2470
traficantes	2469
déjalos	2469
novelas	2469
tammy	2468
atardecer	2468
continuamente	2468
provocado	2468
jurisdicción	2468
humillante	2468
lacey	2467
sumamente	2467
misterios	2467
residuos	2467
verónica	2467
rostros	2466
frances	2466
besó	2465
oposición	2465
aleja	2465
intruso	2465
wu	2464
maní	2464
gabrielle	2464
nikita	2463
feas	2463
escuchaba	2463
masas	2463
sendero	2462
artefacto	2462
cancha	2462
moviéndose	2462
aparecieron	2461
limonada	2461
laberinto	2461
paracaídas	2461
ardilla	2461
horizonte	2460
menciona	2460
kenneth	2460
despegue	2460
decirse	2459
late	2459
representar	2458
cajero	2458
atún	2458
inapropiado	2458
deseamos	2457
pobrecito	2457
creíamos	2456
explicaría	2456
comete	2456
explicado	2455
tomates	2455
river	2455
negociaciones	2454
haced	2454
violada	2454
abandono	2454
deberán	2454
yerno	2454
sandwich	2453
ingenuo	2453
rol	2453
coñac	2453
fanáticos	2453
pretender	2452
suenan	2452
tardis	2452
clinton	2451
sugerir	2451
armonía	2451
satisfacer	2450
salmón	2450
arreglé	2450
arteria	2448
despreciable	2448
escalar	2448
cazando	2448
alabado	2447
pasarlo	2447
cigarros	2447
correa	2447
contener	2446
feroz	2446
averiguado	2446
provocó	2446
mirándome	2445
contexto	2445
quítame	2445
recogió	2444
violentos	2444
miedos	2443
aparición	2443
ofrecen	2442
haberlos	2442
casera	2441
racha	2441
trent	2441
distribución	2441
repentino	2440
rezo	2440
trish	2440
bailes	2440
humillación	2440
hallaron	2439
invitarme	2439
conduzco	2439
ensayar	2438
derrotado	2438
veterinario	2438
faro	2437
pornografía	2437
yale	2437
buscaremos	2437
semen	2437
creerte	2436
contestó	2436
chulo	2435
aceptable	2435
nomás	2435
cubriendo	2434
reconstruir	2434
damien	2434
ayuden	2434
brien	2434
detuvieron	2433
mantenlo	2433
desgraciados	2433
taxista	2432
rezando	2431
estais	2431
tos	2431
atentos	2430
dondequiera	2430
describe	2430
jasper	2430
insecto	2429
jr	2428
propaganda	2428
let	2427
cantaba	2427
carros	2426
mudamos	2425
iluminación	2425
vacuna	2425
mantenemos	2424
deshacer	2424
ironía	2424
tregua	2424
funcionaba	2423
stalin	2423
subterráneo	2422
determinado	2422
divertirme	2422
complicaciones	2422
devuelva	2421
soborno	2421
valer	2421
alba	2421
ame	2420
mandaron	2420
volcán	2419
consumo	2418
presionar	2418
tontas	2416
venderlo	2416
antídoto	2415
ramera	2415
burbujas	2415
echarte	2414
reportes	2414
atraco	2414
ciervo	2413
críticas	2413
vieras	2412
belle	2411
nápoles	2411
hulk	2410
intervenir	2409
generosidad	2409
saldrán	2409
mimi	2409
bendita	2408
defenderse	2408
mandan	2408
tías	2408
sabrina	2407
viviré	2407
apúrense	2407
griegos	2406
hot	2405
agárrate	2405
alejarme	2405
madam	2404
caña	2403
rodaje	2403
jun	2403
sígame	2402
pamela	2402
frutos	2402
rené	2401
importó	2401
empleada	2399
who	2398
radical	2398
obstante	2398
corté	2397
papás	2395
hector	2394
convirtieron	2394
comparar	2394
júpiter	2393
reunirme	2393
us	2392
nat	2392
cemento	2392
montaje	2392
quité	2391
jang	2391
espiando	2391
pelean	2391
tocarme	2390
marcharte	2390
contraté	2390
divierte	2389
suposición	2389
asegurarte	2389
donación	2388
formidable	2388
elefantes	2387
leve	2387
conforme	2387
estanque	2387
celulares	2386
clarence	2386
françois	2384
retiró	2384
creencia	2384
reunimos	2384
acudir	2383
amablemente	2383
bolígrafo	2383
deshacerte	2383
encarga	2382
hagáis	2382
productores	2382
valió	2382
capas	2381
salvando	2381
adrenalina	2381
gates	2381
echemos	2380
cuéntanos	2380
serviría	2380
aléjense	2380
respondido	2379
hart	2379
conciertos	2379
publicado	2378
extranjera	2378
ocuparse	2378
paguen	2378
alojamiento	2378
limpiado	2377
traerle	2377
luther	2376
detenerla	2376
forzar	2375
inventario	2375
sugirió	2375
pediría	2375
navegación	2374
tia	2374
okey	2374
angelo	2374
google	2374
panda	2373
contable	2373
española	2373
interrogar	2372
ganaron	2371
repentinamente	2371
genes	2370
finge	2370
whitney	2370
destruyendo	2370
eficiente	2370
arregle	2369
seminario	2369
shelby	2369
pelirroja	2369
happy	2369
gibson	2369
grandiosa	2368
cohetes	2368
hughes	2368
pantalón	2368
lionel	2367
celestial	2367
gideon	2367
mirá	2367
sonda	2367
secundario	2366
ingreso	2366
suéltenme	2366
maduro	2366
apartamentos	2365
afrontar	2365
esclavitud	2365
revisen	2365
cesta	2365
donnie	2364
engañarme	2364
muerde	2364
ncis	2363
pasaportes	2363
retira	2362
adoptar	2362
cuervo	2362
fijamente	2362
portland	2362
art	2361
lastimó	2361
narcóticos	2361
simpática	2360
escogió	2360
lila	2360
clive	2360
orientación	2359
moon	2359
apocalipsis	2358
duquesa	2358
eun	2357
alucinante	2357
nombrado	2357
paras	2356
figuras	2356
terminen	2356
dom	2356
empuje	2355
vendes	2355
du	2355
recurso	2354
creyeron	2353
ramón	2353
adicional	2353
delhi	2353
zombis	2353
turco	2353
frijoles	2353
internacionales	2353
discutirlo	2352
cebo	2352
exijo	2352
pesados	2352
caía	2352
presentarle	2352
life	2351
echen	2351
dobles	2351
peyton	2351
músculo	2351
mack	2351
edith	2350
existido	2350
harriet	2349
trataste	2349
apágalo	2349
contabilidad	2349
ganarme	2349
deshacernos	2348
redada	2348
oportuno	2348
jardines	2347
vega	2346
preguntaron	2346
tate	2345
ordenadores	2345
chile	2345
janice	2345
aceptan	2345
henri	2345
caros	2345
sophia	2344
locuras	2344
setenta	2344
alf	2343
suceden	2343
caderas	2343
hayes	2343
buque	2343
nana	2342
reconocí	2342
suegra	2342
apuntar	2342
alejarse	2341
ceder	2341
encerrados	2340
pintado	2340
crezca	2340
hospitalidad	2340
henderson	2339
atleta	2339
arruiné	2339
convencerme	2338
escritora	2338
devon	2337
poste	2337
bryan	2337
acogida	2336
mermelada	2336
injusticia	2336
ficha	2336
reno	2336
granos	2335
tendréis	2334
obstáculos	2333
golpeaste	2333
gobernar	2333
peligros	2333
intensa	2333
lema	2331
despejen	2331
intentándolo	2331
alejada	2330
reducido	2330
inauguración	2330
muda	2330
tope	2330
terminas	2330
móviles	2330
dirigiendo	2329
pagaste	2329
podrido	2329
mula	2327
necesitáis	2327
powell	2326
variedad	2326
hubiesen	2326
llévala	2326
azotea	2326
cóctel	2325
tripas	2325
tocarlo	2325
díganme	2325
regresaremos	2324
biología	2324
julien	2324
galaxias	2324
correctas	2322
atrapamos	2322
pillar	2322
lecturas	2322
populares	2322
luchó	2321
luto	2321
rafael	2321
thor	2320
terminaré	2320
ayudarás	2319
agarre	2319
corres	2317
reactor	2316
kilómetro	2316
demostrarlo	2316
háganlo	2316
dígales	2315
gerry	2315
comiencen	2313
entrará	2313
bonos	2312
veronica	2312
edwards	2311
despidió	2311
spa	2310
centros	2310
puños	2310
martini	2309
holt	2309
cuidarte	2309
visitante	2309
newton	2309
enteras	2308
patos	2308
laboral	2308
molestarme	2307
apestoso	2307
agradecidos	2307
acera	2307
hombrecito	2307
potente	2307
bombardeo	2307
gritaba	2306
borrado	2306
enterarse	2305
becca	2305
irrelevante	2305
pakistán	2305
guarida	2305
acompañar	2305
tendencia	2305
vacíos	2304
pasarán	2304
católico	2304
comenzará	2303
descifrar	2302
brazalete	2301
profecía	2300
paseando	2300
briggs	2300
intentaremos	2299
protegerlo	2298
insensible	2298
pruébalo	2298
obligados	2298
seguirás	2297
consigas	2297
extensión	2297
niñez	2295
voluntariamente	2294
parrilla	2294
marineros	2294
benson	2294
jura	2294
pegamento	2294
supieran	2294
cuestan	2293
georgie	2293
anochecer	2293
ronald	2293
volverme	2292
porcentaje	2291
stu	2291
dañar	2291
pálido	2291
cuido	2290
impuesto	2290
lucía	2290
veteranos	2289
dese	2288
justos	2288
besarme	2288
sensibilidad	2288
prefieren	2286
diciéndole	2286
golfo	2285
ty	2284
y-	2284
mills	2284
tiren	2284
negociación	2284
presionando	2283
calmarte	2283
prepararme	2283
darren	2282
disfrutado	2282
apresúrate	2281
desacuerdo	2281
hallé	2281
modesto	2280
atajo	2280
recogido	2280
cambiaré	2279
flechas	2279
rapidez	2279
enseñan	2279
sucediera	2279
fibra	2278
granjeros	2278
giovanni	2278
julieta	2278
suciedad	2278
peterson	2278
abrirlo	2278
rendirse	2278
stop	2277
obama	2277
deliberadamente	2277
esconderte	2277
olvídelo	2277
ingenieros	2277
relacionados	2276
plasma	2276
puros	2276
demandar	2275
llanto	2275
tarado	2275
necesarios	2275
mae	2275
suponiendo	2275
sustituto	2274
ansiosa	2274
dejarías	2273
soplón	2273
jade	2273
cohen	2272
remolque	2272
peleado	2272
adelanto	2272
pasados	2271
envidio	2271
relájese	2271
presiona	2270
reclamar	2270
supera	2269
importara	2269
condujo	2269
infantería	2269
presentarse	2269
nuca	2268
ayúdanos	2268
aprendiz	2268
trueno	2268
operativo	2268
adán	2268
discreto	2268
procedimientos	2268
típica	2268
anónimo	2267
enviados	2267
molino	2267
senor	2267
despedirte	2267
alcohólico	2266
dispárale	2266
desaparecen	2265
night	2265
corrientes	2264
hábil	2264
sacerdotes	2264
borda	2263
vendemos	2263
suspensión	2262
echan	2262
sutton	2262
laboratorios	2262
expulsar	2262
médula	2261
crawford	2261
blando	2261
opera	2260
librería	2260
importas	2260
enviaremos	2259
bam	2259
tiffany	2259
patética	2259
divertirte	2259
gustos	2258
podriamos	2258
trío	2257
violado	2257
atrapan	2257
hambrientos	2257
disculparse	2256
recordé	2256
finca	2256
pagarte	2256
únete	2256
montana	2256
dea	2256
rompa	2256
amigable	2255
nombrar	2255
blog	2255
asamblea	2255
jonah	2254
ocupe	2254
porche	2253
náuseas	2252
amuleto	2252
simpatía	2252
actualidad	2251
púrpura	2249
bono	2249
corría	2248
cumbre	2248
concuerda	2248
comprarlo	2247
elija	2246
trama	2246
calefacción	2245
felipe	2245
útiles	2244
mostaza	2244
psiquiátrico	2243
retire	2243
bridget	2243
protegida	2242
barbie	2242
sosteniendo	2242
renunció	2242
detengas	2242
desperdiciar	2242
sostiene	2242
reaccionar	2242
capitana	2242
high	2241
aprendes	2241
escapé	2241
ejecutado	2240
besando	2240
perderme	2240
curiosa	2239
imaginarme	2239
estadísticas	2239
lateral	2239
descubrirlo	2239
humedad	2239
contéstame	2238
traigas	2238
cerramos	2237
intuición	2236
off	2236
desees	2236
erección	2236
digna	2236
permitirme	2235
yoo	2234
compran	2234
marcador	2234
dirigimos	2234
rotas	2234
aw	2234
escúchenme	2233
email	2233
darías	2232
hyung	2232
rabino	2232
terminada	2232
comprometidos	2231
infectado	2231
avisa	2231
macleod	2230
deprimida	2230
arca	2230
reunidos	2230
morales	2230
comerciante	2230
utilidad	2230
pasadas	2229
exilio	2229
cruzó	2228
desnudas	2228
gold	2228
consideran	2228
dispararé	2227
traemos	2227
contarles	2227
condenada	2227
moría	2227
au	2227
inaceptable	2227
marciales	2226
mueran	2226
queens	2226
riñones	2226
enmienda	2225
encajar	2225
burdel	2225
indiana	2225
santiago	2224
pulsera	2224
entrego	2224
doblar	2223
right	2223
greene	2223
tapadera	2223
variar	2223
tango	2222
gramos	2222
wolf	2222
maniobra	2221
compensar	2220
concedido	2220
morder	2220
north	2220
inminente	2219
luca	2219
acusados	2219
encargue	2218
respóndeme	2216
russ	2216
arbustos	2216
raja	2216
brillar	2215
asumiendo	2215
sirviendo	2215
ahogó	2214
mozo	2214
timón	2214
apuros	2214
argentina	2214
po	2213
lilly	2213
virginidad	2213
comamos	2213
crueldad	2212
onu	2212
michigan	2212
devuelvo	2212
sueña	2211
rodeada	2211
empezará	2210
abriré	2210
cocodrilo	2210
bebí	2209
descuidado	2209
phillips	2209
signifique	2208
letrero	2208
trayectoria	2207
gala	2207
lucir	2207
evacuar	2207
pescador	2206
llevemos	2206
pagaría	2206
viajero	2205
enseñarles	2205
subimos	2204
cortaré	2204
españoles	2203
quitarse	2203
ladrillos	2203
bufanda	2203
explota	2202
mares	2202
psicólogo	2202
ladrona	2202
limitado	2202
huelen	2202
empresario	2202
dormiré	2201
admirable	2201
acusar	2200
warner	2200
corteza	2200
siguiera	2199
tenedor	2199
transmitir	2199
sentías	2199
online	2198
correspondencia	2198
valley	2198
allanamiento	2197
controlarlo	2197
sencillamente	2196
márchate	2196
enterrada	2196
brecha	2196
regresan	2195
fruto	2194
comparte	2194
vómito	2194
enterarme	2194
dividir	2193
olvidarte	2193
ocurriera	2192
secuestró	2192
esqueleto	2192
old	2191
separadas	2191
difícilmente	2191
antigüedad	2191
bajé	2190
detras	2190
see	2190
conecta	2190
cap	2190
montando	2190
practica	2189
utilizan	2189
bebió	2189
home	2189
joyería	2188
tambor	2188
protagonista	2188
definitivo	2187
contarnos	2187
maddie	2187
obligada	2187
montgomery	2186
navidades	2186
atar	2186
esperaría	2186
esperaban	2185
cereales	2185
proposición	2184
ventilación	2184
pídele	2184
palomas	2184
destrozar	2184
espaciales	2183
secuestrador	2183
videojuegos	2183
deriva	2183
luisa	2182
campesino	2181
comía	2181
percy	2181
órgano	2181
malvados	2180
preparó	2180
x.	2180
gustara	2179
cobertizo	2179
buscándote	2179
llévatelo	2178
reemplazo	2178
recordarte	2178
ocultas	2178
octavo	2177
faltar	2177
planeo	2176
jornada	2176
pensándolo	2175
parecías	2175
seguras	2174
dominic	2174
air	2174
bocado	2173
tragar	2173
impresionada	2173
acelerar	2173
inversiones	2172
canadiense	2172
duelen	2172
lunático	2171
prohibida	2170
surge	2169
glorioso	2169
irresponsable	2169
honores	2168
florence	2167
supervivientes	2167
place	2167
funcionaría	2166
tirada	2166
pedía	2166
hale	2165
anónima	2165
celdas	2165
point	2165
asia-team	2165
nativos	2164
prestas	2164
ferrari	2164
escaparon	2164
hormonas	2164
salas	2163
florencia	2163
inofensivo	2163
separa	2162
ladrillo	2162
mentalmente	2161
calmar	2161
atrevo	2161
hayley	2161
manager	2160
funcionario	2160
calme	2160
ayudaron	2159
shepherd	2159
levantes	2158
recordado	2158
ames	2158
meteré	2158
hambrienta	2157
entrañas	2157
secuestrada	2157
vinos	2157
kramer	2157
tomarnos	2157
elevado	2156
no-	2156
veían	2156
desesperados	2156
traicionar	2156
cabreado	2155
medir	2155
when	2155
lavabo	2154
microondas	2154
salvará	2154
íntimo	2154
christy	2153
detector	2153
cesar	2152
vicki	2152
vendiste	2152
cubiertas	2152
ta	2151
callas	2151
huérfanos	2150
imprudente	2150
ignorancia	2150
atrapé	2150
gardner	2148
moe	2148
voluntaria	2148
veloz	2148
charley	2148
pagarán	2147
comeremos	2147
distinguir	2147
saques	2145
provincia	2145
convertiste	2144
gorro	2144
moreno	2144
buscarle	2143
daniels	2143
frederick	2142
pobrecita	2142
rodeados	2142
crystal	2142
puestas	2142
subiré	2142
maxwell	2141
maquina	2141
detectar	2141
banana	2141
tesis	2141
acabaré	2141
enojo	2140
acelerador	2140
entenderás	2140
weaver	2139
cuidarme	2139
quedaras	2138
lucifer	2138
marissa	2138
repuesto	2138
holden	2138
alucinaciones	2138
corredores	2138
biológico	2137
púdrete	2137
neill	2137
tablas	2137
descubriste	2136
organismo	2136
afectar	2136
acuéstate	2136
cuevas	2136
servirle	2135
i.	2134
abismo	2134
equivocadas	2134
prostitución	2133
nudos	2133
perfectas	2132
picado	2132
miradas	2131
ambicioso	2131
aparatos	2131
escribía	2131
dirigió	2130
olía	2130
confié	2130
construyeron	2130
camarote	2129
determinación	2129
isabelle	2128
dobla	2128
bofetada	2127
equivocó	2127
elevador	2127
persiguen	2126
leyendas	2126
ejércitos	2126
imagine	2126
how	2124
fumas	2124
sueltos	2124
eches	2124
estafador	2124
h.	2123
felizmente	2123
recuperarlo	2123
noción	2122
solteros	2122
permitiría	2122
corazonada	2122
agotada	2122
castigar	2122
rivales	2121
resolución	2121
lograron	2120
financieros	2120
continúen	2120
exitosa	2120
activado	2120
brindemos	2120
cordón	2120
relajado	2119
arrastrado	2119
tolerar	2119
símbolos	2119
aliviar	2119
yes	2118
visitarme	2118
pope	2118
racional	2117
espionaje	2117
sientate	2117
electrónica	2117
homenaje	2116
orgasmo	2116
usaría	2116
pro	2116
culpes	2116
infernal	2116
apartado	2116
tessa	2115
intentos	2115
banks	2115
matrimonios	2115
drogadicto	2115
temporalmente	2115
agarré	2115
peluche	2115
económica	2115
pasillos	2115
devolverle	2114
supimos	2114
encargará	2114
espectro	2113
sábados	2113
record	2113
pensarás	2112
wheeler	2112
dispararme	2112
alexis	2112
pabellón	2111
traido	2111
representan	2110
et	2110
agencias	2110
avatar	2110
respire	2110
mecánica	2109
leeré	2109
tropa	2109
abdomen	2109
mencionaste	2108
noruega	2108
arreglamos	2108
zoo	2107
tómala	2107
comenzaremos	2107
banca	2106
retrete	2106
tazón	2106
darcy	2106
échale	2106
pensarán	2105
satisfecha	2105
donny	2105
beck	2105
alfredo	2105
intentemos	2104
iii	2104
clayton	2104
activar	2104
panqueques	2104
marine	2103
cuadrado	2103
dejaran	2103
futuros	2102
brent	2102
sándwiches	2102
hyde	2102
díganos	2102
proteja	2101
transición	2101
boxeador	2100
revise	2100
cuyos	2099
secundarios	2099
uvas	2099
sudando	2099
congelador	2099
fallé	2099
vaughn	2099
atentado	2099
batido	2098
canasta	2098
monumento	2098
antorcha	2098
antena	2098
sacarlos	2096
colaboración	2096
gemma	2096
solicito	2096
taquilla	2095
tenerme	2095
seo	2095
insignia	2094
fábricas	2094
conque	2094
senté	2093
reunió	2093
convencida	2093
frías	2093
asustan	2093
mojada	2092
seúl	2092
leales	2092
philippe	2092
préstamos	2091
callarte	2091
alejandro	2091
banquero	2089
divertidas	2089
artístico	2089
luchas	2089
armstrong	2089
dramática	2088
roz	2087
tyson	2086
coser	2086
temperamento	2086
creerán	2085
calzones	2085
abrirla	2085
dadas	2085
andrews	2085
emmett	2085
vendedores	2084
patán	2084
patata	2084
flaco	2084
homosexuales	2084
esteroides	2084
cuota	2083
vendas	2083
brendan	2083
continúan	2083
heidi	2083
secuestrar	2083
industrias	2083
avergüenza	2083
arriesgarme	2082
ostras	2082
procesar	2082
perdamos	2082
tacones	2081
igualdad	2081
exista	2081
cambiarte	2079
obtenido	2079
nigel	2079
engañaste	2079
saliva	2079
ofrecieron	2078
carnaval	2078
mudé	2078
cenas	2078
churchill	2077
ayudaba	2077
menciones	2076
line	2076
rasguño	2076
transmisor	2075
grandote	2075
recibieron	2075
dieciséis	2075
defendiendo	2074
quitaré	2074
ingresar	2074
empeorar	2074
quejarte	2074
ideales	2074
invertido	2074
memorias	2073
helicópteros	2072
universidades	2072
alejarte	2072
corro	2071
canciller	2071
revelación	2071
felicity	2070
presiones	2070
debiera	2070
inventando	2069
buenísimo	2069
etc.	2069
quiza	2069
clare	2069
ire	2069
volverte	2068
seguidos	2068
bajamos	2068
mentiría	2068
dejémoslo	2067
nash	2066
bota	2066
disturbios	2066
divorciado	2066
enojes	2066
noventa	2066
élite	2066
pellejo	2065
odiaría	2065
trastorno	2065
explorador	2064
produjo	2064
che	2064
ike	2064
admítelo	2063
cansé	2063
formado	2063
desaparecidas	2063
démosle	2062
confíes	2062
detenerse	2062
ganaremos	2062
mallory	2061
estribor	2061
operadora	2061
puré	2061
elegida	2061
maureen	2060
pezones	2060
nixon	2060
otis	2060
pasarte	2059
ejemplar	2059
bloquear	2058
rodeo	2058
contestado	2058
cante	2058
entraré	2058
plantado	2057
individual	2056
pertenencias	2056
fuertemente	2056
noroeste	2056
biológica	2055
subes	2055
vegetales	2055
tácticas	2055
rondas	2055
espejos	2055
frustrante	2054
aplica	2053
confieso	2053
triángulo	2053
funcionarios	2053
titular	2052
yace	2052
catástrofe	2051
plantar	2051
compartido	2051
repetirlo	2051
títulos	2051
amplio	2050
back	2050
indias	2050
moisés	2049
dolly	2048
desgraciada	2048
cenamos	2048
solucionarlo	2047
filmación	2047
gire	2047
hm	2046
discutido	2045
secuestradores	2045
entendería	2045
visitando	2045
rastreo	2044
tambores	2044
crudo	2044
guardianes	2044
cálculo	2044
cejas	2044
alambre	2043
recortes	2043
incidentes	2043
ayudamos	2042
testículos	2042
déjenos	2042
subtítulo	2042
oppa	2042
cumpliendo	2041
suegro	2041
brindar	2041
escalofríos	2041
quejarse	2041
homer	2040
dure	2040
kai	2040
regresaron	2039
acompañaré	2039
ingenio	2039
rindas	2039
ordené	2039
grúa	2039
ganancia	2038
lloro	2038
manipular	2038
llevabas	2037
percepción	2037
cass	2036
comprobando	2036
dirían	2036
sloan	2036
sangrado	2036
supervisión	2036
decoración	2036
enamoró	2036
muelles	2035
cumpla	2035
saltado	2035
compuesto	2035
maligno	2035
dato	2035
entenderías	2034
acantilado	2034
creerías	2034
arrojó	2034
aria	2033
mareado	2033
taxis	2033
podríais	2033
acercándose	2033
il	2032
celia	2032
morena	2032
ojala	2032
aburrimiento	2031
sugieres	2031
improbable	2031
revela	2031
tacto	2031
predicador	2030
partió	2030
presidencial	2030
bailamos	2030
audio	2030
apestas	2029
robarle	2029
dormimos	2028
arañas	2028
créditos	2028
epidemia	2028
carlton	2028
moción	2027
crió	2026
probé	2026
imitación	2026
solicitar	2026
casual	2025
aprobar	2025
aprecia	2024
barca	2024
espacios	2023
apague	2023
vainilla	2022
aléjese	2022
vil	2021
estrecho	2021
cruzada	2021
banderas	2021
escondidos	2021
anormal	2020
aló	2020
parecemos	2020
disputa	2019
marianne	2019
tradiciones	2019
manguera	2019
way	2018
cases	2018
pregúntele	2018
want	2018
pum	2017
marche	2017
condolencias	2016
cifra	2016
paco	2016
sofisticado	2015
eligieron	2015
vigilado	2015
jedi	2014
marchando	2014
anos	2014
sirenas	2014
bebía	2014
veterano	2013
manifestación	2013
devoción	2013
espectadores	2013
mango	2011
atada	2011
gasto	2011
remota	2010
nah	2010
mumbai	2010
abrirá	2009
larguémonos	2009
fieles	2009
francine	2009
honrar	2008
extracción	2008
desagradables	2008
proveedor	2007
enteraste	2007
conseguirme	2007
aceptará	2006
características	2006
medallas	2006
eliminación	2006
escaparse	2006
morse	2006
halló	2005
visible	2005
warp	2005
transformación	2005
necesarias	2005
simmons	2005
himno	2005
bon	2004
iglesias	2004
municipal	2004
enviará	2004
reírse	2004
calentar	2004
murciélago	2004
ariel	2004
dactilares	2003
yi	2003
atómica	2003
aficionados	2003
cantas	2003
tito	2003
recordó	2002
expreso	2002
quites	2001
dani	2001
detenidos	2001
billie	2001
salirse	2001
jarra	2001
queráis	2000
amistoso	2000
mordido	1999
perla	1999
gelatina	1999
bromear	1999
chismes	1999
estrelló	1999
corregir	1999
hilos	1999
asustarme	1998
cálida	1998
tocamos	1998
conociendo	1998
exagerado	1998
prestarme	1998
cagado	1998
telefónicas	1997
balance	1997
respetado	1997
ling	1997
rutas	1996
crearon	1996
devolverlo	1996
zar	1996
descansen	1993
usual	1993
exponer	1993
bailas	1992
bah	1992
beatles	1992
vayámonos	1991
sensato	1991
circulación	1991
conquista	1990
extraer	1990
encargaremos	1990
hoguera	1990
gracie	1990
monjas	1990
arrestada	1989
actuó	1989
alquilado	1989
conocerme	1988
molestas	1988
tortugas	1987
saul	1987
celebridad	1987
venías	1987
kev	1986
manchester	1986
uy	1985
diputado	1985
polaco	1985
clavos	1985
negado	1985
casara	1985
actuado	1985
resuelve	1984
complace	1984
resonancia	1984
proxima	1984
socia	1984
agradece	1983
bin	1983
sanders	1983
miserables	1982
severo	1982
ezra	1982
cuanta	1981
esperó	1981
tornado	1981
propietarios	1981
pizca	1981
arreglará	1980
empleos	1980
concentrado	1980
ollie	1980
cora	1980
obtienes	1980
atlántico	1979
bancarrota	1979
yardas	1979
quemada	1979
monasterio	1978
quisieran	1978
stacey	1978
abrieron	1978
elegantes	1978
privilegios	1977
habeis	1977
monjes	1977
marchas	1977
válvula	1977
casita	1977
jugué	1977
recogeré	1977
lanzando	1975
arranque	1975
conduces	1975
candy	1974
oral	1974
bancaria	1974
nº	1974
muevo	1974
labial	1974
contarlo	1974
consigamos	1973
hassan	1973
recupera	1973
predecir	1973
secretas	1972
abrázame	1972
recordarle	1972
lloraba	1971
mariposas	1971
anzuelo	1970
devolvió	1970
novatos	1970
quisiéramos	1970
carnet	1970
asustarte	1969
mindy	1969
rebaño	1969
w	1969
gusten	1969
baratos	1969
económico	1969
mara	1969
boo	1968
alimentación	1968
cook	1968
inició	1968
críos	1967
vivirás	1966
yenes	1966
pasajes	1966
grieta	1966
reportera	1966
dense	1966
besé	1965
vip	1965
tazas	1965
luthor	1965
pandillas	1965
visitó	1965
abrid	1965
enviarme	1965
agrado	1964
ponche	1964
movida	1964
escoba	1963
atravesando	1963
recado	1962
arrojar	1962
planeamos	1961
pijamas	1960
hipótesis	1960
milady	1960
guapas	1960
tocarla	1960
caíste	1960
callen	1959
respondiendo	1959
mudado	1959
flora	1959
gemelo	1959
desmayó	1958
apariencias	1958
permito	1958
porción	1958
columbia	1958
mantendremos	1958
pensemos	1958
dedico	1958
tostadas	1958
reportaje	1958
necesitado	1957
chófer	1957
probemos	1957
ofendas	1957
protegernos	1956
enseñas	1956
redención	1956
cosmos	1955
prisionera	1955
perdonaré	1955
ramo	1955
producido	1954
antigüedades	1954
amplia	1954
precauciones	1953
útero	1953
palm	1952
mayormente	1952
bajaré	1952
trey	1952
matarás	1952
mantas	1951
sufren	1951
necesiten	1951
aburridos	1951
apelación	1951
dewey	1951
enviada	1950
sobras	1950
detenernos	1950
comprensible	1950
vito	1949
pino	1949
carrito	1949
índice	1949
ba	1949
musicales	1948
estara	1948
micro	1948
aplastar	1948
tires	1948
básica	1947
audaz	1947
mejillas	1947
descargar	1947
apuñalado	1947
horarios	1947
animado	1946
norteamericano	1946
miraré	1946
metáfora	1946
redonda	1946
tensa	1946
mantenerlos	1945
campeones	1945
coronas	1945
derrame	1945
reporteros	1944
espina	1944
frontal	1944
tramposo	1944
ferry	1943
apasionado	1943
rendimiento	1943
frankenstein	1943
darryl	1943
fallas	1942
invitaste	1942
salvarnos	1942
ajustar	1942
cierran	1942
escombros	1941
tengáis	1941
señalar	1941
floyd	1941
escritos	1940
tercio	1940
olvidando	1940
gritan	1939
bi	1939
ss	1939
pensáis	1939
jerome	1939
royal	1939
ahogado	1939
defensas	1938
comparten	1938
legítima	1938
regazo	1938
dígamelo	1938
preocuparía	1938
usados	1937
cambien	1937
divertidos	1937
corras	1936
iríamos	1935
sacarnos	1935
preparativos	1935
repita	1935
timothy	1935
poción	1934
atravesó	1934
rahul	1934
diálogo	1934
byron	1933
acusando	1933
luchan	1933
morirse	1933
dinozzo	1933
cabras	1933
amargo	1932
dinamarca	1931
acercarte	1931
críticos	1931
joanna	1930
aidan	1930
seguidas	1930
fi	1930
enviarle	1930
interese	1929
cafe	1929
motivación	1928
zoey	1928
verdaderas	1928
rap	1928
salvarle	1928
intenten	1927
permanezca	1927
vaticano	1927
separe	1927
arrogancia	1926
vencida	1926
veías	1926
acabada	1926
casará	1926
presidencia	1926
conductores	1926
beben	1925
curry	1925
tarzán	1925
ordene	1924
cinturones	1924
adicta	1924
implicado	1924
ganso	1924
lloré	1923
telefónico	1923
sobrevive	1923
edna	1923
molestan	1922
argumentos	1922
quisieron	1922
oía	1922
peculiar	1921
melinda	1921
entusiasmado	1921
distraído	1921
encargarse	1920
exploradores	1920
carreta	1920
mentor	1920
coged	1919
ajuste	1919
consciencia	1919
judas	1918
observador	1917
aprenderás	1917
mediana	1917
frost	1917
recogerlo	1917
vestirme	1917
uh-huh	1917
bebamos	1916
ming	1916
recordará	1916
explosiones	1916
inmigrantes	1916
enfermó	1916
intentará	1916
abrazar	1915
abandone	1915
entraba	1915
medico	1914
diseñador	1914
expulsada	1913
advirtió	1913
from	1912
encerrar	1912
tomarla	1912
impulsos	1912
aceptaría	1912
isabella	1912
entrara	1911
ataquen	1911
encontrados	1911
leonardo	1911
alérgico	1911
bree	1911
parecida	1910
pilas	1910
vales	1910
antibióticos	1910
pasto	1910
cho	1910
forzada	1909
golpee	1909
destruirlo	1909
calentamiento	1909
lloró	1909
holanda	1909
ilegalmente	1909
vendía	1909
tractor	1909
sanos	1908
thesubfactory	1908
ande	1908
compensación	1908
víbora	1907
wanda	1907
gallagher	1907
inmenso	1907
aspirina	1907
previo	1907
quiten	1907
asociados	1907
sentaos	1906
rompen	1906
tubería	1906
theresa	1906
detuve	1906
ordinario	1905
exploración	1905
sueco	1905
prepararse	1905
agradas	1905
wright	1903
informarle	1903
turista	1902
tendido	1902
satán	1902
kentucky	1902
arquitectura	1902
adoraba	1901
jurar	1901
propuso	1901
veinticinco	1901
afirmativo	1900
geoffrey	1900
carpa	1900
comportarse	1900
mccoy	1900
intercambiar	1900
twitter	1900
rifles	1899
perseguido	1899
notó	1899
preferirías	1898
atacada	1897
tac	1897
superintendente	1897
específica	1897
empate	1896
rompo	1895
seguían	1895
inspirado	1895
seguiste	1894
genético	1893
mutuo	1893
recuperó	1893
gonna	1893
lima	1893
advertido	1893
reparación	1892
desvío	1892
rastreando	1892
mezclar	1892
vernon	1892
milton	1892
afeitar	1892
conducto	1891
alterada	1891
karate	1891
permanezcan	1890
pirámide	1890
respondes	1889
vivan	1889
aseguró	1889
morada	1889
secos	1889
familiarizado	1889
tened	1888
funeraria	1888
usaban	1888
esconderme	1887
cruzados	1887
sung	1886
ricas	1886
mercurio	1886
afectó	1885
destrozada	1885
movemos	1885
acta	1885
quedaban	1885
busques	1884
dieciocho	1884
deciros	1884
sexta	1884
apártense	1883
diligencia	1883
creíble	1883
bronce	1883
madeline	1883
sugar	1883
confirmó	1883
katrina	1883
gravemente	1882
editorial	1882
crié	1882
r.	1882
registrada	1881
humphrey	1881
recurrir	1881
conducido	1881
metan	1881
mentirosos	1880
harley	1880
disfrazado	1880
suelten	1880
travieso	1879
trapo	1879
acostó	1878
cortés	1877
habremos	1877
maricas	1876
levantas	1876
cafés	1876
dalton	1875
barbilla	1875
dire	1875
diplomático	1875
define	1875
empeorando	1875
cancela	1874
agonía	1874
ahorrado	1874
caitlin	1874
patrullas	1874
motos	1873
escondí	1873
responden	1872
hiciese	1872
ternera	1872
contactado	1872
mantenía	1871
trajera	1871
fritz	1870
golpearme	1870
pálida	1870
huérfano	1870
compraron	1870
enfrentarme	1870
strike	1870
peli	1870
disparas	1870
klingon	1869
bridge	1869
crueles	1869
comporta	1868
consultar	1868
prototipo	1867
bromea	1867
conectada	1867
peón	1866
yuri	1866
acampar	1866
exigente	1866
cuadrados	1866
chupa	1866
ábrela	1866
justificar	1865
alegres	1865
acabaría	1865
madrastra	1864
judías	1863
autoestima	1863
destruirá	1863
asustas	1862
colby	1862
secuestraron	1862
lang	1862
ganaré	1862
psicológico	1862
cumplí	1862
beethoven	1862
preparatoria	1862
acercamos	1861
programación	1861
ayudaremos	1861
representantes	1861
zeus	1861
árbitro	1861
interferencia	1860
note	1860
betsy	1860
recetas	1860
radiante	1860
andrés	1859
creek	1859
terminarlo	1858
idiomas	1858
halla	1857
bennet	1857
decepcionada	1857
frescos	1857
considere	1857
relacionada	1857
altitud	1856
romperé	1856
sacará	1856
ponerlos	1856
fiar	1856
erupción	1856
bailo	1856
pony	1856
puntual	1856
sumo	1855
brujería	1855
vestirse	1855
excita	1855
impecable	1855
actuales	1855
merlín	1855
sirves	1854
casillero	1854
presiento	1854
bocadillos	1853
aurora	1853
take	1853
voyager	1853
pasatiempo	1853
opino	1852
masajes	1852
discusiones	1852
levántese	1852
echaba	1852
absurda	1852
estéis	1851
póngame	1851
rastreador	1850
soñaba	1850
gen	1850
juegue	1850
sanguínea	1850
robamos	1850
realeza	1850
muestro	1850
hawkins	1850
agotador	1849
circuitos	1849
pedirles	1849
sorprendentemente	1848
buscabas	1848
mexicanos	1848
circular	1848
pesas	1847
destruidos	1847
acompañado	1847
fríos	1847
pasarás	1846
pizarra	1846
confusa	1846
levantada	1846
recibirás	1846
vitaminas	1846
beta	1845
asociado	1845
apple	1845
arrepentirás	1845
panza	1844
chistoso	1844
estrecha	1844
chupar	1844
neutral	1843
volverías	1843
gritas	1843
ingenua	1843
extinción	1843
completado	1843
pedidos	1843
buscarlos	1843
prepararte	1842
repartir	1842
escotilla	1842
haria	1842
bocadillo	1842
viviremos	1842
creímos	1842
debra	1842
vieran	1842
trineo	1842
foco	1841
diseños	1841
considerable	1841
placeres	1841
comunitario	1841
circunstancia	1840
encendedor	1840
esconden	1840
k.	1840
recuperarse	1840
buscaban	1840
permitirnos	1839
temblar	1839
turcos	1838
nochebuena	1838
malik	1838
catedral	1838
grosera	1838
atrasado	1838
peluquería	1838
concha	1837
contestas	1837
sobrevivirá	1837
ibamos	1837
higiénico	1837
fibras	1837
maratón	1837
duran	1837
frescas	1837
juana	1836
armando	1836
madeleine	1836
pauline	1835
respondo	1835
consultorio	1834
relámpago	1834
norteamericanos	1834
esponja	1834
naranjas	1834
oswald	1834
charlas	1834
públicamente	1833
ganaba	1833
samurai	1833
scarlett	1833
intensidad	1833
profundos	1832
mudanza	1832
continuemos	1832
sangrar	1832
encuentros	1832
preocupar	1831
dieran	1831
obsesionada	1831
juré	1830
alcanzó	1830
tinto	1830
compartirlo	1830
entraremos	1830
abel	1830
pilar	1829
honra	1829
de-	1829
castigada	1829
viola	1829
construida	1829
expansión	1829
reposo	1828
créanme	1828
revolucionario	1828
controlando	1828
estima	1828
relajarme	1828
codicia	1827
investiga	1827
invitaron	1827
mudarte	1827
light	1826
adecuadamente	1826
logros	1825
rechaza	1825
illinois	1825
higgins	1825
convicto	1825
paulie	1824
compromisos	1824
maine	1824
proponer	1824
bong	1824
decencia	1823
abandonaste	1823
rompes	1823
trabajaste	1823
osito	1823
juicios	1823
reventar	1823
calificaciones	1823
sawyer	1822
explicó	1822
bunny	1822
mudarnos	1821
praga	1821
originalmente	1821
acuérdate	1821
butch	1820
vivíamos	1819
cuidará	1819
greta	1819
julius	1819
fragmento	1817
gretchen	1817
besaste	1817
hacerlas	1817
conmovedor	1817
sobreviviente	1816
soviéticos	1816
anota	1816
creyera	1816
florrick	1816
quentin	1815
barcelona	1815
aprendizaje	1815
duérmete	1814
chocó	1813
guapos	1813
pinzas	1812
histérica	1812
descubren	1812
addison	1812
sebastián	1812
chet	1811
alférez	1811
carnada	1811
pegarme	1811
emperatriz	1811
manténgase	1810
bárbaro	1810
recogí	1810
ocultos	1810
renee	1810
culturas	1810
atraído	1809
rush	1809
conscientes	1809
esfera	1809
reuniremos	1809
encantados	1808
comienzas	1808
reparaciones	1808
decenas	1808
míreme	1808
abiertamente	1808
hardy	1808
educada	1807
lyle	1807
masculina	1807
defensiva	1807
profundidades	1807
anestesia	1807
alcaide	1806
mississippi	1806
arsenal	1806
marcial	1806
dude	1806
monseñor	1806
enfadar	1806
barriles	1805
francesca	1805
machos	1805
composición	1804
interesaba	1804
genios	1804
detectado	1804
perderla	1803
latido	1803
necesitemos	1803
dilema	1803
escucharla	1803
bye	1803
íntimos	1803
ocurriría	1802
edie	1802
obtuviste	1802
acostar	1802
colgó	1801
lograremos	1801
side	1801
librarse	1801
espiar	1800
arruines	1800
vagabundos	1800
magnus	1799
encontre	1799
tasha	1799
terminara	1799
menoyos	1798
gustarle	1798
controlan	1798
alarmas	1798
propone	1798
talentoso	1798
aguante	1797
vena	1797
revelado	1797
paranoia	1797
recordando	1797
manuscrito	1796
dinosaurio	1796
yard	1796
agresiva	1796
omega	1795
viajeros	1795
flint	1795
avances	1795
adictos	1795
springs	1795
yeo	1794
victimas	1794
aumentando	1794
anotar	1793
comodidad	1793
publico	1793
averigüe	1793
eje	1793
transferido	1792
enviarlo	1792
conflictos	1792
dolorosa	1792
aigoo	1792
willis	1792
murdoch	1792
truman	1792
pistolero	1791
estropear	1791
juliet	1791
cary	1791
dispositivos	1791
cm	1791
compadre	1791
alejados	1790
toros	1790
enterrados	1790
encontrando	1789
insistir	1789
rompimos	1789
legión	1789
adivino	1789
dwayne	1789
solicitado	1789
vivienda	1788
limitada	1788
encargó	1788
volador	1788
celebramos	1788
austria	1788
sellado	1787
visitado	1787
físicos	1787
entendimiento	1787
nico	1787
interrupción	1787
represento	1786
credibilidad	1786
cereal	1786
convencerlo	1786
despedirse	1786
preliminar	1786
detonador	1786
puntuación	1786
víspera	1786
explicas	1786
peniques	1785
divertimos	1785
amnesia	1785
daros	1785
mabel	1785
labio	1785
alejar	1785
lujuria	1784
lancha	1783
construimos	1783
umm	1783
ano	1783
sensibles	1782
vice	1782
mezclado	1782
escuchará	1782
fundador	1782
contribución	1782
desafíos	1782
agricultura	1782
terco	1782
dimensiones	1781
paramédicos	1781
romana	1781
mozart	1780
funcionara	1780
recuperando	1780
multas	1780
luchadores	1780
tarifa	1779
parroquia	1779
sapo	1779
reich	1779
perderse	1779
unen	1779
trompeta	1779
granadas	1779
atrapen	1779
asistentes	1779
enemiga	1779
transportar	1778
pararlo	1778
americanas	1778
culpas	1778
dejalo	1778
sinclair	1778
rod	1777
fueses	1777
donar	1777
patterson	1777
sueltes	1776
puentes	1776
incluir	1776
extremos	1776
juzgando	1776
stanford	1776
amaré	1776
avisó	1776
sherry	1775
muéstrale	1775
villanos	1775
confunde	1775
electrónicos	1775
rodean	1775
cerraron	1774
canceló	1774
abrazos	1774
republicanos	1774
actúan	1774
recuérdame	1774
zanahorias	1774
creciente	1774
golpeo	1773
adoptado	1773
shows	1773
diviértanse	1773
aplicar	1773
silas	1773
automáticamente	1773
guardaba	1772
permitirse	1772
renunciado	1771
cassidy	1771
búfalo	1771
evitado	1771
vistes	1770
satélites	1770
mandaste	1770
vengar	1769
horca	1769
narrador	1769
barrios	1769
sunny	1769
comerme	1769
guardan	1769
porsche	1769
intacto	1769
convencí	1769
pierdan	1768
pego	1768
preservar	1768
suben	1768
sa	1768
occidente	1768
traeremos	1768
recordad	1768
desaparecerá	1767
choca	1767
malone	1767
trance	1767
llamemos	1767
acordar	1767
éxitos	1766
casarás	1766
armadas	1766
col	1766
acompañarnos	1766
recipiente	1766
sergei	1765
negación	1765
entretenido	1765
ganarte	1765
adorables	1765
tigres	1764
silbato	1764
sorda	1764
miriam	1764
admitió	1763
plátano	1763
sinceros	1763
míralos	1762
dependiendo	1762
pitido	1762
instructor	1762
deciden	1762
irlandeses	1762
jude	1762
cursi	1761
cereza	1761
knox	1760
confió	1760
cometas	1760
cogieron	1760
liza	1760
astronautas	1759
inversores	1759
prioridades	1759
titulares	1758
priya	1758
pratt	1758
ayudame	1757
conseguirle	1757
esperándome	1757
bronx	1756
hi	1756
ventilador	1756
observado	1756
pintando	1756
ofensivo	1756
engañas	1756
paolo	1755
falsificación	1755
olvidarme	1755
conserva	1755
silenciosa	1754
acuesta	1754
armamento	1754
terminaremos	1754
vídeos	1754
veréis	1754
empujando	1754
benton	1754
chin	1754
destinados	1754
chelines	1753
guardé	1753
butler	1753
futbol	1753
libreta	1753
probaré	1753
sanguíneo	1752
látigo	1752
admisión	1752
póker	1752
state	1752
subtitulado	1751
caminaba	1751
europea	1750
bajes	1750
tiran	1750
elegimos	1749
cariñoso	1749
húmeda	1749
asuste	1749
bloques	1749
fluye	1748
madrina	1748
aproxima	1748
fabricar	1748
clavado	1748
comerte	1748
tiende	1748
dejare	1747
bender	1747
invitaciones	1747
doctorado	1747
pureza	1747
pasarle	1747
entrante	1747
gasta	1747
despiertas	1746
quitaste	1746
jacuzzi	1745
perdonas	1745
recuperará	1745
agudo	1745
parecidos	1745
longitud	1745
pórtate	1744
corrido	1744
sabroso	1744
tómese	1744
encerró	1743
continuamos	1743
tailandia	1743
aprieto	1743
hablarles	1742
oklahoma	1742
olvidan	1742
aprovecha	1742
connecticut	1742
eficaz	1742
bianca	1742
morrison	1741
marquesa	1741
jeannie	1741
carcel	1741
rendir	1741
operador	1741
controlada	1741
salte	1740
etcétera	1739
tuberías	1739
grifo	1739
arruina	1739
pasaban	1738
psíquico	1738
magos	1737
jed	1737
grady	1737
ayudarán	1737
votantes	1736
remordimiento	1736
sultán	1736
anular	1736
ventanilla	1736
enviarte	1735
carpeta	1735
hundido	1734
colonias	1734
planeaba	1734
desmayado	1734
siniestro	1734
trabajaban	1733
arrestos	1732
traería	1732
echaste	1732
pagaremos	1732
ruega	1731
arresten	1731
muérete	1731
miraste	1731
excitado	1730
karan	1730
quitan	1730
opio	1729
cabos	1729
presenté	1729
esperará	1729
hidrógeno	1728
entrad	1728
invitas	1728
mei	1728
tic	1728
shelley	1727
hundió	1726
requieren	1726
team	1726
haven	1726
significativo	1726
telescopio	1725
compradores	1725
jaque	1725
rías	1725
alterar	1725
frustrado	1724
jeanne	1724
detenemos	1724
valentine	1724
amoroso	1723
flauta	1723
reacciones	1722
grabó	1722
monton	1721
gerard	1721
estante	1721
milicia	1721
trasplante	1721
pizzas	1721
sentiré	1721
anímate	1720
bendiciones	1720
jamas	1720
michele	1720
youtube	1720
módulo	1719
tobillos	1719
dora	1719
atlantic	1719
convencional	1719
allan	1718
robarme	1718
teneis	1718
desarmado	1718
enseñanza	1717
cenando	1717
alérgica	1717
lindsey	1717
mandas	1717
contestador	1717
estudió	1716
rayas	1716
quedaos	1716
rellenar	1716
recoja	1716
verdugo	1716
gatita	1716
comprobé	1716
manteca	1716
curvas	1716
contestes	1715
cúpula	1715
phyllis	1715
veto	1715
póliza	1715
entregaré	1715
josie	1714
sentaba	1714
retener	1714
jubilación	1713
mineral	1713
woods	1713
estare	1713
fluido	1712
lucen	1712
penes	1711
herbert	1711
estofado	1711
capucha	1711
maternidad	1710
hiciéramos	1710
l.	1710
kg	1710
zanahoria	1709
mirarla	1709
olvidará	1709
retirarme	1708
despertarte	1708
ingrid	1707
marjorie	1707
disney	1706
ernest	1706
progresos	1706
morí	1705
apagó	1705
resurrección	1705
propinas	1705
muslos	1704
pecadores	1704
mckay	1704
dormidos	1704
hablaría	1703
ignora	1703
avena	1703
tocaste	1703
gobiernos	1703
cabellos	1702
confían	1702
poderosas	1702
etiquetas	1702
significó	1702
nerd	1702
gata	1701
congelada	1701
popa	1701
tienden	1701
salio	1701
enamorarse	1701
ahogando	1701
about	1700
arrancó	1700
arriesgarse	1700
lars	1699
ruidoso	1699
disgustado	1699
reforma	1699
recreo	1699
republicano	1699
pagaba	1699
nop	1699
lópez	1698
cerré	1698
identificó	1698
ganarás	1698
arder	1698
soporta	1698
mantuve	1697
vendrían	1697
haciéndome	1697
heil	1697
cayera	1697
anomalía	1696
cucarachas	1696
formularios	1696
disfruté	1696
caviar	1695
abordar	1695
chocar	1695
casan	1695
contármelo	1695
buscador	1695
casaría	1694
celeste	1694
importo	1694
caminas	1694
matemática	1694
faith	1694
interrogado	1694
descenso	1694
insistes	1694
modernos	1693
rituales	1693
ocupará	1693
brote	1693
tributo	1693
solicita	1692
arterial	1692
consejera	1692
hágame	1692
filtro	1692
baek	1692
aceptada	1692
denunciar	1691
ace	1691
mcdonald	1691
comprendí	1691
well	1691
maquinaria	1691
reglamento	1690
cumplo	1690
dieras	1690
habituales	1690
invencible	1690
complacer	1690
escogí	1690
confiamos	1690
llamaras	1689
masivo	1689
hamlet	1689
extrañamente	1689
hawai	1688
diaria	1688
sentaré	1688
seung	1688
lamentamos	1687
bikini	1687
fidelidad	1686
camara	1686
gastando	1686
apaguen	1686
nuera	1686
farol	1686
colada	1686
alcanzo	1686
alergia	1685
impostor	1684
quítese	1684
convoy	1684
negativos	1684
clásicos	1684
richards	1684
iron	1684
equivalente	1684
cuéntamelo	1683
cuéntale	1683
arrestados	1683
movía	1683
darwin	1683
curas	1683
firmé	1683
atletas	1683
arrepentimiento	1682
balística	1682
querrían	1681
brújula	1681
jaime	1681
creativa	1681
acérquense	1680
atraviesa	1680
calienta	1680
contaminación	1680
podés	1680
olga	1680
scout	1680
irritante	1679
cadillac	1679
griega	1679
willow	1678
alguién	1678
fenómenos	1678
comieron	1678
insultos	1677
lenguas	1677
permitas	1677
mataremos	1677
insolente	1677
cascos	1677
alabama	1677
nsa	1676
bicicletas	1676
yeon	1676
cobro	1676
musulmán	1676
tomarás	1676
acontecimiento	1675
marcy	1675
mostrará	1675
lleváis	1675
mineros	1675
abrigos	1675
probamos	1675
secta	1675
sácala	1675
missy	1674
gitanos	1674
humillado	1673
graduado	1673
burlando	1673
mantengas	1673
limpie	1673
lorraine	1673
neumático	1673
buster	1673
conduzca	1672
diarrea	1672
hablarás	1672
mon	1672
mostré	1672
espantosa	1672
paraba	1672
nacen	1672
carolyn	1672
acosador	1671
sangriento	1671
pegué	1671
orlando	1671
prejuicios	1671
permanentemente	1671
médicas	1671
preguntándome	1671
pese	1671
roble	1670
quinientos	1670
marsella	1670
fresas	1670
marchaos	1670
prince	1670
completos	1670
dormitorios	1669
tonelada	1669
regularmente	1669
delia	1669
darían	1668
dolerá	1668
zumbido	1668
mexicana	1668
casaron	1668
cavando	1667
trudy	1667
bribón	1667
mandando	1667
cólera	1667
magistrado	1667
compañeras	1667
oírla	1666
reconstrucción	1666
vara	1666
discoteca	1666
fastidio	1665
him	1665
toronto	1665
sellos	1665
apoyado	1665
episodios	1665
averiguaremos	1665
consígueme	1665
bryce	1664
lavadora	1664
sudar	1664
recibos	1664
teal	1664
aprenda	1664
barrett	1664
proyección	1663
fresa	1663
lidiando	1663
trabajes	1663
atropellado	1663
adivinen	1662
morton	1662
hum	1662
mendigo	1661
sálvame	1661
preste	1660
turquía	1660
defiende	1660
reinas	1660
abu	1660
inmensa	1659
nuez	1659
vance	1658
penique	1658
sugieren	1658
hirió	1658
besamos	1658
dedicada	1657
confidencialidad	1657
sáquenlo	1657
notaste	1657
fosa	1657
news	1657
ecuación	1656
acuestas	1656
nostalgia	1656
resistente	1656
imaginarlo	1656
tráela	1655
webster	1655
apropiadamente	1655
vagos	1655
diecisiete	1655
uld	1655
experimentando	1655
tomás	1655
natación	1655
departamentos	1654
incumbe	1654
gong	1654
fabricante	1654
hip	1654
ozzy	1653
amores	1653
peludo	1653
sintiera	1653
cuestionar	1652
elegidos	1652
ding	1652
décimo	1652
recuperarla	1652
adicionales	1652
estricta	1651
depósitos	1651
oi	1651
cuadrante	1651
hala	1651
leah	1650
cierras	1650
habértelo	1650
ocuparemos	1650
wagner	1650
criados	1649
centímetro	1649
organizaciones	1649
bundy	1649
richmond	1649
aprisa	1649
viajan	1649
carpintero	1649
delfines	1649
stanton	1648
coreano	1648
parques	1648
estricto	1648
ligas	1648
revisamos	1648
asma	1648
molestarlo	1648
encubierta	1647
duchas	1647
cartón	1647
rima	1647
dog	1647
pañal	1646
tortilla	1646
modus	1646
llévenselo	1646
cenicienta	1646
ligar	1645
sexualidad	1645
tocarte	1645
tirarlo	1645
cuénteme	1645
merced	1645
merecemos	1645
arre	1645
jode	1644
giles	1644
escóndete	1644
anticuado	1644
rossi	1644
entrenados	1644
stewie	1643
insinuando	1643
dev	1643
cruces	1643
continuó	1643
trasladado	1643
camarones	1642
descartar	1642
men	1642
complicadas	1642
manténganse	1642
léelo	1641
almacenes	1641
impotente	1641
sudáfrica	1641
imbecil	1641
cometiste	1640
ranas	1640
planeó	1640
obvia	1640
costas	1640
callejero	1639
jueza	1639
colleen	1639
tiraron	1639
llamarás	1639
quedemos	1639
conocíamos	1639
repasar	1639
recojo	1638
imaginando	1638
celebridades	1637
sacos	1637
hacker	1637
blaine	1637
pasarla	1637
axl	1637
despiadado	1637
delantero	1637
compórtate	1637
construí	1636
instrucción	1636
logras	1636
agitado	1636
vinnie	1635
brujo	1635
veíamos	1635
nobleza	1634
ethel	1634
demostró	1634
apestan	1634
lanzas	1634
coca-cola	1633
carly	1633
metálico	1633
meternos	1633
relato	1633
ríndete	1633
emocionados	1633
guardaré	1633
arrastrar	1632
enserio	1632
universitaria	1632
ingles	1632
intacta	1632
comerse	1632
sujetador	1631
bull	1631
bea	1631
pidiera	1631
carnicería	1630
retorcido	1630
ejecutivos	1630
nalgas	1630
incorrecta	1630
inés	1630
usará	1630
vocación	1630
papito	1630
lawson	1629
estresante	1629
ajustado	1629
paddy	1629
protegeré	1629
alce	1629
despiertes	1629
bones	1629
vivieron	1629
more	1628
venderla	1628
libby	1628
aposentos	1628
gonzalo	1628
coral	1628
tierna	1628
acabarás	1627
esquinas	1627
escapaste	1627
diccionario	1627
firmemente	1627
mentirle	1627
portado	1626
vestirte	1626
aéreas	1626
jamal	1626
cebollas	1625
aiden	1625
protocolos	1624
laguna	1624
gestapo	1624
reveló	1624
acerquen	1623
moretones	1623
apuñaló	1623
mandato	1623
perkins	1623
pégame	1622
folleto	1622
yeso	1622
habitacion	1622
africa	1622
ministros	1622
prestó	1621
senadora	1621
arrestarlo	1621
catálogo	1621
sastre	1621
abandonaron	1620
acabados	1620
v.	1620
proyectar	1620
ritchie	1620
marketing	1620
sookie	1619
estresado	1619
fabrica	1619
rodeos	1619
instalado	1619
empujón	1619
compartiendo	1619
habérmelo	1619
negligencia	1618
dáselo	1618
steele	1618
apostaría	1618
compositor	1617
conocerás	1616
marley	1616
atascada	1616
aplastado	1616
chequeo	1616
diabetes	1616
establecimiento	1616
arruinada	1615
generar	1615
oprah	1615
sí.	1615
reportar	1615
recepcionista	1615
pisar	1614
holandés	1614
jarod	1614
cogen	1614
duende	1614
dakota	1614
renuncié	1614
atrevería	1614
yates	1614
canguro	1613
acabaremos	1613
eileen	1613
apareces	1613
rosario	1613
interpol	1613
lillian	1612
hayáis	1612
scotland	1612
convertiré	1612
mutantes	1612
sudamérica	1611
vanidad	1611
trágica	1611
vulnerables	1611
newman	1610
regresara	1610
emisión	1610
cerebrales	1610
anónimos	1609
salvamos	1609
infiltrado	1608
estacionado	1608
arriesgando	1608
arruine	1607
yo-yo	1607
liberal	1607
semental	1606
devolverte	1606
encargarte	1606
abandoné	1606
stein	1606
proa	1605
saltos	1604
fluidos	1604
lectores	1604
cocinas	1604
fíjese	1604
aluminio	1604
gustaron	1603
jeong	1603
alpha	1603
extrañaré	1603
lona	1602
horace	1602
quebrado	1602
cassandra	1602
loro	1602
creyente	1602
inspira	1602
reúnen	1602
tolerancia	1602
negarlo	1601
bocas	1601
mamada	1601
arroja	1601
rollos	1601
kerry	1600
producen	1600
escrituras	1599
memphis	1599
nino	1599
edmund	1599
agresor	1599
sobrenatural	1598
ferguson	1598
corregido	1598
innecesario	1598
legendario	1598
restaurar	1598
balsa	1598
gi	1597
cofre	1597
niegas	1597
puntería	1597
preferida	1597
sing	1597
màs	1597
macgyver	1597
aperitivo	1596
destruyeron	1596
fijar	1596
pelearon	1596
acabara	1596
accidental	1596
conseguiría	1595
leía	1595
sorprender	1595
paternidad	1595
enviarán	1595
inmune	1595
enseñará	1595
mutante	1595
pegue	1594
cambridge	1594
seok	1594
matarse	1594
tacaño	1593
presumir	1593
indicios	1593
drogada	1593
reacciona	1593
criterio	1593
doméstica	1593
rangers	1593
fritos	1593
atenas	1593
f.	1592
latidos	1592
gin	1592
obligar	1591
acostumbrados	1591
dominante	1591
comportas	1591
coincidencias	1591
poseer	1591
parásito	1591
motín	1590
enanos	1590
honorarios	1590
olvidaron	1590
pisa	1590
separaron	1590
molesten	1590
despertarme	1590
say	1590
quemados	1590
operando	1590
contratista	1590
perdonará	1590
sonrisas	1589
pittsburgh	1589
paulo	1589
matriz	1589
paré	1588
fascista	1588
proteínas	1588
decidida	1588
estatus	1588
chocolates	1588
prometedor	1587
bastará	1587
inquieto	1586
langley	1586
pesadas	1585
jeans	1585
pescadores	1585
ganarle	1585
sospechaba	1585
seáis	1585
instalar	1584
tomarán	1584
alonso	1584
señas	1584
recordatorio	1584
harbor	1583
déjamelo	1583
seguirlo	1583
flexible	1583
destructor	1583
esquí	1583
dividido	1583
bronceado	1582
virtual	1582
alien	1582
trabajaremos	1581
depender	1581
bmw	1581
molestarla	1581
indicada	1581
delantal	1580
pianista	1580
cricket	1580
trabajaron	1580
quitamos	1580
gasté	1580
corred	1580
pinto	1579
choza	1579
nell	1579
bocina	1579
magdalena	1578
altavoz	1578
católicos	1578
confesado	1578
jaleo	1578
mágicos	1578
investigué	1578
virgil	1577
vírgenes	1577
camine	1577
acuerdos	1577
plancha	1577
plegarias	1577
colaborar	1576
sangrienta	1576
obedece	1576
micrófonos	1576
demas	1575
viktor	1575
reservada	1575
meterlo	1575
podrida	1574
karin	1574
ultimamente	1574
perdonad	1574
sobria	1574
flojo	1574
jai	1573
ino	1573
visitarte	1573
renacimiento	1573
defenderme	1573
salían	1572
vistiendo	1572
avisarle	1572
confiesa	1572
norteamérica	1572
ayudantes	1572
religiosos	1572
comparto	1572
infame	1572
convertiría	1571
ternura	1571
operandi	1571
smart	1571
cortan	1571
cyril	1571
capricho	1571
maniobras	1571
feos	1571
never	1570
rendido	1570
haciéndose	1570
playas	1570
conviertes	1570
atraparemos	1570
textos	1569
bloom	1569
evaluar	1569
inicia	1569
admiración	1569
construye	1569
calmate	1568
morado	1568
directiva	1568
imán	1568
iras	1567
dadme	1567
falls	1566
puja	1566
trabajen	1566
perdiera	1566
europeo	1566
ratito	1566
canela	1565
pregunten	1565
grite	1565
pulgas	1565
caldo	1565
vicio	1565
visa	1565
reflejos	1565
involucra	1565
tratamientos	1564
caminamos	1564
reuniré	1564
bebas	1564
ejercer	1564
fracturas	1564
clienta	1564
equivocan	1564
vistos	1564
iv	1564
mismísimo	1564
csi	1564
saquemos	1564
reflexionar	1563
fuller	1563
asiático	1563
empeño	1563
independientes	1562
golden	1562
continuo	1562
detienen	1562
faltó	1562
cultivar	1562
paran	1562
regalado	1561
juró	1561
whiskey	1561
alfombras	1561
lavando	1561
acabaste	1561
resulte	1561
jensen	1560
torpedos	1560
dependen	1560
seno	1559
contrataron	1559
organizó	1559
policiales	1559
tenes	1559
escalones	1558
britney	1558
llamarlos	1558
relativamente	1557
usarlos	1557
bacterias	1557
jasmine	1557
consulado	1557
protegerse	1557
calorías	1557
respondas	1557
revisaré	1557
mordida	1556
dedicación	1556
dañada	1556
cierres	1555
sterling	1555
escriben	1555
oui	1555
matarían	1555
her	1555
traed	1555
presto	1554
precedentes	1554
organizando	1554
parche	1554
granjas	1554
disculpes	1554
quitando	1553
elise	1553
uf	1553
europeos	1553
gustarme	1553
realizó	1552
detendré	1552
contaron	1552
deeks	1551
sentirías	1551
histórica	1551
tomad	1551
creeme	1551
cultivo	1551
atrapaste	1551
tratara	1551
estocolmo	1550
hembras	1550
georges	1550
madonna	1550
acercas	1550
conejito	1550
union	1550
básicas	1549
admiradores	1549
robe	1549
elegancia	1549
celebra	1548
cuelgue	1548
sonríes	1548
bledo	1548
karaoke	1548
surgido	1548
estacionar	1548
perezoso	1547
cantantes	1547
potenciales	1547
presten	1547
fachada	1547
burlas	1546
revivir	1546
infantiles	1545
hawaii	1545
arrastró	1545
acabes	1545
planificación	1544
quemaron	1544
receso	1544
averiguaré	1544
querias	1544
artefactos	1544
pedos	1544
traducidos	1544
vota	1543
coordinación	1543
jugaremos	1543
registró	1543
habria	1542
locutor	1542
bien.	1542
sugerencias	1542
nieves	1541
bourbon	1541
pégale	1541
marian	1541
casaremos	1541
romperá	1540
vagando	1540
diploma	1540
cogemos	1540
muévase	1540
fiable	1539
venís	1539
drácula	1539
cortaste	1538
llámala	1538
hechicero	1538
bistec	1538
receptor	1538
regresarás	1538
considerada	1538
deliciosos	1537
recuento	1537
matrimonial	1537
capataz	1536
hubiésemos	1536
advertirte	1536
murio	1536
experimental	1536
kgb	1536
almohadas	1536
apunten	1536
hangar	1536
elijah	1536
cerraduras	1535
srita	1535
hammer	1535
acusó	1535
invadir	1535
acosando	1535
conocieras	1535
atadas	1534
recibirán	1534
dillon	1534
ocuparte	1534
hágase	1533
skinner	1533
africano	1533
escuchadme	1533
atuendo	1533
alumna	1533
mártir	1533
hayden	1532
hoffman	1532
metales	1532
stripper	1532
equivocaste	1532
peleó	1532
alternativas	1531
lina	1531
advertirle	1531
pensarías	1531
repentina	1531
picasso	1531
devolverme	1531
inclusive	1530
enojados	1530
iowa	1530
entendiendo	1530
odie	1530
seréis	1530
liu	1529
costilla	1529
reconocerlo	1529
estã	1529
ri	1529
vinieran	1529
ganaría	1529
tinieblas	1529
cagada	1529
lavarme	1528
rompan	1528
aprueba	1527
contactó	1527
comerciantes	1527
sã	1527
tostada	1527
atacados	1526
amistades	1526
refleja	1526
tennessee	1526
inscripción	1526
borg	1526
pulpo	1526
vegetal	1526
caerse	1525
comimos	1525
protegerá	1525
esmoquin	1525
aliviado	1525
sánchez	1525
manning	1525
teniamos	1525
individuales	1524
soviético	1524
andrómeda	1524
panadería	1524
zorras	1523
estabilidad	1523
amó	1523
kirby	1523
clasificado	1523
enfrentarte	1523
despiertos	1523
ofrecemos	1522
pregúntame	1522
nervio	1522
bailemos	1522
bitácora	1522
jarrón	1522
convencerla	1522
cuidarse	1521
exactos	1521
paradas	1521
intrusos	1521
interrogatorios	1520
obligaron	1520
llévenlo	1520
gamma	1520
cómete	1520
grueso	1519
paralizado	1519
uña	1519
hindú	1519
bolsos	1519
bajan	1519
calcular	1518
eddy	1518
coop	1518
cuidadosa	1518
exclusivo	1518
stargate	1518
hicisteis	1518
grises	1517
asegúrense	1517
creé	1517
gladys	1517
estufa	1517
despejar	1517
lastimes	1517
mamás	1517
bro	1516
comunicarme	1516
obstrucción	1516
blanche	1516
pike	1516
sully	1516
cayo	1515
presentan	1515
irresistible	1515
suburbios	1515
brock	1515
alejes	1515
fry	1515
enigma	1515
lloran	1514
maravillosamente	1514
poker	1514
claudio	1514
colt	1514
castro	1513
gaby	1513
morirme	1513
permisos	1513
regional	1513
físicas	1513
levantando	1513
severa	1513
previa	1512
music	1512
necesitarán	1512
porro	1512
alvin	1511
constantes	1511
metidos	1511
master	1511
corral	1511
cercanas	1511
worf	1511
cirujanos	1511
apuntes	1511
charco	1510
prue	1510
reir	1510
jamaica	1510
garden	1510
fuesen	1510
restaurant	1510
arrepentido	1510
introducir	1510
noveno	1510
esten	1510
kelso	1510
skip	1509
yankees	1509
informal	1509
rápidas	1508
boletín	1508
asignación	1508
clic	1508
beatrice	1508
acompañarte	1508
anders	1507
heterosexual	1507
castor	1507
jinetes	1506
quã	1506
demencia	1506
admitido	1506
vals	1506
recaudación	1506
pegas	1505
sustancias	1505
atropelló	1505
boyle	1505
traga	1505
envejecer	1505
logre	1504
nazca	1504
implacable	1504
davey	1504
potencialmente	1504
nacieron	1503
audiciones	1503
sake	1503
decia	1503
inquieta	1502
boone	1502
nocturnos	1502
jody	1502
daily	1502
masterchef	1501
co	1501
revancha	1501
abrirse	1501
alegrará	1501
avergonzarse	1501
séptima	1501
estudiantil	1501
crías	1501
preparamos	1500
auxiliar	1500
mentirme	1500
violaciones	1500
compruebe	1500
ebria	1500
forastero	1500
terminaría	1500
chun	1499
prohibición	1499
corey	1499
maníaco	1499
entusiasta	1498
klein	1498
convence	1498
servidores	1497
reproducción	1497
county	1497
sabelotodo	1497
creerle	1497
sergio	1497
drive	1497
aumentado	1497
sacrificado	1497
escalofriante	1497
uní	1496
artística	1495
fogata	1495
correctos	1495
nicolás	1495
abundancia	1495
equipamiento	1494
filo	1494
camerino	1494
umbral	1494
viviera	1494
daria	1494
transacción	1494
molestarle	1494
entrevistar	1493
piña	1493
debilidades	1493
espectáculos	1493
dinastía	1493
identidades	1493
solucionado	1493
nicki	1493
entregarme	1493
leas	1492
fregadero	1492
cimientos	1492
despertaste	1492
publicó	1492
ofensa	1492
sobornos	1492
volvieras	1492
disfrutas	1492
cisne	1491
superhéroe	1491
lorelai	1491
estomago	1491
avise	1491
perritos	1490
porta	1490
arriesgarnos	1490
dejéis	1490
escultura	1490
viajo	1490
triunfar	1490
algas	1490
rodrigo	1490
zombie	1489
enfermero	1489
vudú	1489
chispas	1489
tintorería	1489
hirviendo	1489
esquiar	1489
personalidades	1488
creada	1488
transformar	1488
acaben	1488
turk	1487
arcilla	1487
mágicas	1487
talones	1487
inyecciones	1487
grité	1487
ciao	1486
victorias	1486
cuyas	1486
pingüino	1486
molestaba	1486
encaje	1486
imaginarte	1485
hábleme	1485
emitir	1485
necesitara	1485
pos	1485
prosperidad	1485
inmortalidad	1485
marrones	1485
llegaras	1485
lara	1485
esencialmente	1484
comerá	1484
presentamos	1484
francesas	1484
izzy	1484
golpeada	1484
daos	1484
national	1483
polar	1483
destrozó	1483
lagarto	1483
frustración	1483
demostraré	1483
llegaran	1483
respetan	1483
lamenta	1483
engañé	1483
telón	1483
aspiradora	1483
bélgica	1483
talentosa	1482
mejore	1482
concede	1482
apareciste	1482
emocionales	1482
transbordador	1482
vacante	1481
océanos	1481
lastimé	1481
apártese	1481
tocará	1481
inquilinos	1480
estaria	1480
tropical	1480
rampa	1480
sloane	1480
importado	1480
formando	1480
hundir	1480
pepper	1479
fine	1479
ampliar	1479
prestada	1479
cucaracha	1479
bruselas	1479
fugitivos	1479
dejaban	1479
guiar	1479
fallaste	1479
encendidas	1479
albergue	1479
trimestre	1478
distinguido	1478
clint	1478
imprenta	1478
soltó	1478
apolo	1478
pecador	1478
parabrisas	1478
hetero	1478
manejado	1477
torturado	1477
preocupéis	1477
locamente	1477
pepe	1477
patriota	1477
marioneta	1477
utah	1476
cuidadosos	1476
sanar	1476
planean	1476
resentimiento	1476
permanecen	1476
brindo	1476
abortar	1475
varsovia	1475
decepcionante	1475
tiger	1475
consigan	1474
asquerosos	1474
acertado	1474
molestos	1473
existió	1473
patinar	1473
milímetros	1473
caídos	1473
momia	1473
congelados	1472
heno	1472
irracional	1472
olfato	1472
aguda	1472
lu	1472
visitarnos	1472
suspiro	1472
ajustes	1471
fallando	1471
manifiesto	1471
cortarle	1471
futuras	1471
per	1471
ocurría	1471
rinde	1471
emilio	1471
aterrorizado	1470
compleja	1470
said	1470
broche	1470
cualidad	1470
boys	1470
príncipes	1470
talbot	1469
malley	1469
haberles	1469
cubro	1469
carné	1468
rasgos	1467
entregué	1467
turismo	1467
aceptaron	1467
hechizos	1467
atlantis	1466
crichton	1466
enloqueció	1466
marinos	1466
preguntárselo	1466
atrape	1466
morty	1466
doe	1465
cobb	1465
vargas	1464
golpean	1464
rufus	1464
realiza	1464
impresiones	1464
interminable	1464
cargador	1464
protestar	1463
lockhart	1463
puntas	1462
farsante	1462
componentes	1462
averiguó	1462
sucesos	1461
prepararnos	1461
reuniendo	1461
chivo	1461
adele	1461
tartas	1460
bailarines	1460
enamorarme	1460
trabajabas	1460
kirsten	1460
agarro	1460
niegan	1460
quítale	1460
katy	1460
muslo	1459
people	1459
baronesa	1459
encontraras	1459
jarabe	1459
incompetente	1459
aprenden	1459
mercados	1458
apagón	1458
reducción	1458
sírvete	1458
end	1458
temperaturas	1457
diamond	1456
alcantarilla	1456
existiera	1456
gitano	1456
cuidas	1456
síntoma	1456
piojos	1455
entendieron	1455
rocco	1455
ensayando	1455
atroz	1455
estalló	1455
cataratas	1455
contención	1455
drag	1454
bailarinas	1454
murciélagos	1454
contara	1454
fantásticos	1454
aviación	1454
estatuas	1454
repartidor	1453
preparadas	1453
tai	1453
gabi	1452
gestión	1452
donaciones	1452
despensa	1452
caribe	1452
bacon	1452
desastres	1452
sorbo	1452
odiado	1451
átomos	1451
faraón	1451
adaptarse	1450
impredecible	1450
buey	1450
chambers	1450
balde	1450
cecilia	1450
procede	1450
echará	1450
series	1450
traicionaste	1450
baratas	1449
permanecerá	1449
puerco	1449
angus	1449
orson	1449
ada	1449
xx	1448
sentará	1448
estructuras	1448
dejarse	1448
mirame	1448
vení	1448
knight	1448
imposibles	1447
anti	1447
servilleta	1447
hillary	1446
zane	1446
panorama	1446
gales	1446
dais	1446
eligen	1446
massachusetts	1446
village	1446
currículum	1446
consume	1445
ziva	1445
astuta	1445
kristen	1445
hunde	1444
gruñidos	1444
trofeos	1444
estupendamente	1444
colocó	1444
meditación	1444
fitzgerald	1444
limpiarlo	1444
aduana	1443
barton	1443
lambert	1443
díganle	1443
tejidos	1443
seymour	1443
garantiza	1443
decidas	1443
enfrentamiento	1443
desmond	1443
genitales	1443
és	1442
ejecutiva	1442
vertical	1442
bagdad	1442
sucedería	1442
agarren	1442
ocupadas	1441
freud	1441
apurado	1441
bloqueando	1440
riquezas	1440
sufro	1440
robadas	1440
trek	1440
dudes	1440
jovenes	1440
subieron	1440
sedante	1439
herb	1439
abordo	1439
tragado	1439
reservar	1439
sangra	1439
leroy	1439
nadine	1439
remordimientos	1438
contrólate	1438
aperitivos	1438
obrero	1438
yvonne	1438
vibraciones	1438
costaría	1438
jugaste	1437
conservador	1437
quisimos	1437
cansancio	1437
lluvias	1437
dutch	1436
tóxico	1436
garantizado	1435
cómplices	1435
niza	1435
maddy	1435
cuiden	1435
moverlo	1435
garage	1435
cuídese	1435
comediante	1435
coach	1435
acostumbrarme	1435
riéndose	1435
peleen	1434
seducir	1434
divertir	1434
llenó	1434
traves	1434
citación	1434
improvisar	1434
problemático	1434
dirigirse	1434
litro	1433
trapos	1433
aguafiestas	1433
drones	1433
soja	1433
merezca	1433
prometieron	1432
hobby	1432
avenue	1432
metemos	1432
mascar	1432
juerga	1432
aterrorizada	1431
sudes	1431
chapman	1431
describió	1431
uva	1431
mediocre	1431
gama	1430
medallón	1430
acogedor	1430
pacífica	1430
gestos	1430
lárguense	1430
equivocación	1430
mercenarios	1430
ranger	1429
soleado	1429
marshal	1429
poseído	1429
sauna	1429
agarrado	1429
atacante	1429
pip	1429
aro	1428
bailan	1428
acercarnos	1428
pintó	1428
coleman	1428
exhausto	1428
periodismo	1428
establece	1428
tratados	1428
quítense	1428
universitarios	1427
manipulación	1427
llevaran	1427
popularidad	1427
déjela	1427
mera	1426
cherry	1426
harlem	1426
apretón	1426
slater	1426
desafiar	1426
vendieron	1426
pasad	1426
levántense	1425
cleo	1425
anunció	1425
hippie	1425
prisiones	1424
mesías	1424
sofia	1424
pronunciar	1424
cruzamos	1424
transferir	1424
justifica	1423
analista	1423
gloriosa	1423
gruñón	1423
inseguro	1423
energia	1423
escupir	1422
solicitó	1422
podáis	1422
bienvenidas	1422
obtengo	1421
indicio	1421
spray	1421
cogeremos	1420
despierten	1420
peticiones	1420
lagos	1420
inferiores	1419
indiferente	1419
gratuita	1419
encienda	1419
randolph	1418
cocinado	1417
cartman	1417
arreglaste	1417
arrastra	1417
parásitos	1417
infinita	1417
abandones	1417
wood	1417
expliqué	1416
estaca	1416
manejas	1416
cubos	1416
múltiple	1416
pietro	1416
inmobiliario	1416
ee.uu	1416
colectivo	1416
despejada	1416
agárralo	1415
lavarte	1415
míranos	1415
prestigio	1415
cause	1415
marchen	1415
intriga	1415
cambiemos	1415
marsh	1414
convertirlo	1414
doc.	1414
dodge	1413
mangas	1413
arjun	1413
babor	1413
amarillas	1413
primitivo	1413
envenenamiento	1413
terrenos	1413
librado	1412
verdades	1412
cambiara	1412
liberó	1411
gustarte	1411
acuesto	1411
impresiona	1411
gino	1411
alfonso	1411
famosas	1410
salvarlos	1410
dad	1410
recinto	1410
mosquitos	1409
enganchado	1409
bbc	1409
jj	1408
fleming	1408
recuérdalo	1408
johan	1408
golpeas	1407
inspectora	1407
reía	1407
mentalidad	1407
enloquecer	1407
palestina	1407
ametralladora	1407
costos	1407
prohíbe	1407
chow	1407
spence	1406
interrumpido	1406
tokyo	1406
ip	1406
flanco	1406
amistosa	1406
envíame	1405
tardó	1405
xander	1405
albóndigas	1405
ca	1405
contará	1405
explicártelo	1405
tiramos	1405
noreste	1405
serial	1404
abdominales	1404
pertenecer	1404
ernesto	1404
wisconsin	1404
eliot	1404
kyung	1404
enormemente	1404
rubias	1404
devuelves	1404
continuaremos	1403
acerqué	1403
valdrá	1403
diriges	1402
patrimonio	1402
inundación	1402
rondando	1402
manden	1402
comentar	1402
destruya	1402
redacción	1402
encarcelado	1401
llamarse	1401
recompensas	1401
christie	1401
fío	1401
acerco	1401
succión	1401
cleopatra	1401
pedirá	1400
raven	1400
destinada	1400
pulgada	1400
dolido	1400
imaginario	1399
especias	1399
maryland	1399
vayáis	1399
cairo	1399
apostando	1399
empire	1398
empezara	1398
vigile	1397
transparente	1397
directos	1397
iniciado	1397
bombay	1397
supieron	1397
influencias	1397
plenamente	1397
pesetas	1397
express	1397
sufra	1397
chiquilla	1397
incluida	1397
consideras	1397
telefónicos	1397
carroza	1397
propones	1397
reinado	1397
cartuchos	1396
búnker	1396
muevete	1396
espiral	1396
respondí	1396
malinterpretes	1396
soplo	1396
ardillas	1396
librarme	1396
inesperada	1395
simulación	1395
vinagre	1395
contártelo	1395
len	1395
neumonía	1395
ahmed	1395
concentrarse	1395
cece	1394
rompas	1394
bird	1394
encargar	1394
crowley	1394
rotación	1394
cojan	1394
temores	1393
aterrizó	1393
rió	1393
guardó	1393
tell	1393
desconectado	1393
patines	1392
grabadora	1392
nobel	1392
convencerte	1391
ingrediente	1391
animar	1391
invisibles	1391
marcó	1391
electoral	1391
bollos	1391
winter	1390
cómics	1390
afecte	1390
temprana	1390
islam	1390
posesiones	1390
chavales	1390
impactante	1390
castaño	1390
merodeando	1390
salvatore	1390
cambiarse	1389
pagues	1389
zeke	1389
devuelvan	1389
perdones	1388
cursos	1388
conocidas	1388
linaje	1388
informaré	1388
coqueteando	1388
extorsión	1387
afectada	1387
raramente	1387
gráfico	1387
pérez	1387
soluciones	1387
aventón	1387
informada	1387
tibia	1386
masters	1386
pillas	1386
frena	1386
jennings	1386
arrancado	1386
secas	1386
observen	1386
pretexto	1386
paralelo	1386
complot	1386
pegada	1386
resolveremos	1385
torcido	1385
kitt	1385
nómina	1385
refrescos	1385
porquerías	1384
díaz	1384
inquilino	1384
iraq	1384
entiendan	1384
mandamos	1384
oigas	1384
expulsión	1383
fusil	1383
margot	1383
terminarás	1383
aprendimos	1383
intestino	1383
estimulante	1383
shiva	1383
nova	1383
igor	1382
enteros	1382
invitamos	1382
polacos	1382
encendió	1382
esquema	1381
amenazar	1381
faz	1381
amazonas	1381
diviertas	1381
totalidad	1381
denunció	1381
olvidarás	1381
tranvía	1380
nicola	1380
cox	1380
negociando	1380
garantías	1380
maldicion	1380
detenida	1380
tenerle	1380
lastime	1379
decker	1379
inquietante	1379
regalar	1379
salvarse	1379
tranquilas	1379
contrata	1378
escondernos	1378
encontraran	1378
center	1378
submarinos	1378
acertijo	1378
reconfortante	1378
recogerme	1378
tendras	1378
besas	1378
psicológica	1377
vladimir	1377
chanel	1377
tirarme	1377
sartén	1377
sheridan	1376
rand	1376
echarlo	1376
accionistas	1376
bromees	1376
cash	1376
molestará	1376
bisturí	1376
aguantando	1375
shhh	1375
transportador	1375
costera	1375
snow	1375
agradecerles	1375
insultar	1375
e-mails	1375
bendecido	1375
pipí	1375
sucesor	1375
brillando	1374
verso	1374
ángulos	1374
demócratas	1374
eléctricos	1374
portador	1374
lunas	1374
echaremos	1374
verguenza	1374
encuesta	1374
marcharnos	1374
escolares	1374
aceptaste	1374
empapado	1374
asumí	1373
culparme	1373
bájala	1373
eliza	1373
básicos	1373
dead	1373
llenando	1373
hetty	1372
atraparé	1372
engreído	1372
meteorito	1372
cerillas	1372
discutiremos	1372
conducción	1372
desarrollando	1372
postales	1372
aburre	1371
lamentar	1371
unirnos	1371
genera	1371
escorpión	1371
margo	1370
champú	1370
escucharé	1370
zombies	1370
transforma	1369
muñecos	1369
vs	1369
hodgins	1369
robas	1369
hopkins	1369
decidme	1369
provocando	1369
mai	1368
enloqueciendo	1368
camelot	1368
mundiales	1368
kiki	1368
delegación	1368
ansiosos	1367
recogerte	1367
area	1367
consistente	1367
mediados	1367
cantina	1367
acompañará	1366
indefenso	1366
salada	1366
acompañas	1366
reverencia	1366
razonar	1366
descubran	1366
round	1365
ticket	1365
lechuga	1365
excesivo	1365
hanson	1365
egipcios	1365
portugal	1365
lennox	1365
virtudes	1365
ancla	1365
viajó	1364
dote	1364
policias	1364
borra	1364
bertie	1364
probó	1364
pozos	1364
fascistas	1364
xavier	1364
bulto	1364
volamos	1364
swat	1363
intentara	1363
competidores	1363
caldera	1363
callados	1363
costura	1362
rosado	1362
adquirir	1362
sueltas	1362
fé	1362
introducción	1362
rosemary	1362
ofende	1362
pegaste	1361
mustang	1361
preparan	1361
mármol	1361
huyeron	1361
temple	1361
costoso	1361
winchester	1360
relajante	1360
demócrata	1360
averiguaste	1360
enfrentado	1360
resultará	1360
mírale	1360
esmeralda	1360
formó	1360
señuelo	1360
huida	1360
siberia	1359
traerlos	1359
pidan	1359
llevada	1359
perdición	1359
zen	1359
moralidad	1359
decidirá	1359
reformatorio	1359
corremos	1359
sacramento	1359
humildad	1358
yegua	1358
butters	1358
compraría	1358
tratemos	1358
shore	1358
supiese	1357
lejana	1357
pequeñito	1357
zanja	1357
mayonesa	1357
violando	1357
concentrarte	1357
aburridas	1357
psiquiatría	1356
ambiciones	1356
hijita	1356
callaos	1356
plástica	1356
retrasar	1356
crei	1356
plateado	1356
contienen	1356
internas	1355
graciosos	1355
avergüenzo	1355
erais	1355
guisantes	1355
actualización	1354
arrastrando	1354
subconsciente	1354
comprensivo	1354
darrin	1354
propuesto	1354
cazadora	1353
o.	1353
revuelta	1353
magnética	1353
gotham	1353
non	1353
especialistas	1353
vegetariano	1353
programada	1353
caluroso	1353
compraremos	1353
amarillos	1353
animación	1352
acres	1352
castigados	1352
externa	1352
ganga	1352
lámparas	1352
bloquea	1352
carver	1352
tranquilícese	1352
consideraba	1352
niñito	1352
comenzaste	1352
compren	1352
cuelgues	1351
protegen	1351
playboy	1351
corruptos	1351
demostrarle	1351
intentaría	1351
lucho	1351
liberen	1350
ascender	1350
reclutas	1350
cojas	1350
encuestas	1350
melvin	1350
tristemente	1350
baseball	1350
ping	1349
esteban	1349
siéntete	1349
paseos	1349
interesaría	1349
meyer	1349
extrañaba	1348
intestinos	1348
investigamos	1348
cumplida	1348
mareada	1348
haciéndole	1348
gordito	1348
tornillo	1348
apreciamos	1348
rogar	1348
orgía	1347
picard	1347
mordisco	1347
tratará	1347
terciopelo	1347
apollo	1346
orar	1346
over	1346
actuaba	1346
roxy	1346
llenado	1346
roberta	1346
rechazada	1346
revolver	1345
cordura	1345
prefería	1345
razas	1345
coste	1345
elimina	1345
cangrejos	1345
cógela	1345
encantos	1345
colisión	1345
verles	1345
explote	1344
babylon	1344
firmo	1344
mienta	1344
abusar	1344
floja	1344
olvidalo	1344
suplente	1343
pocilga	1343
ocultado	1343
siria	1343
imprimir	1343
salvaron	1343
eua	1342
terrence	1342
venderé	1342
cagando	1342
aula	1341
corporaciones	1341
atreven	1341
emociona	1341
ryder	1341
presté	1341
espléndida	1341
comería	1341
feto	1340
suspender	1340
enfado	1340
traernos	1340
cortamos	1340
copiar	1340
robbins	1340
wan	1340
llore	1339
frenar	1339
saturno	1339
eliminados	1339
pedirlo	1339
ocasionalmente	1339
inmoral	1339
soltado	1338
financiar	1338
sabotaje	1338
carril	1338
romero	1338
borrador	1338
maura	1338
atrajo	1338
colas	1338
buscándolo	1338
imagínese	1337
duela	1337
ignorando	1337
cuchilla	1337
apuntas	1337
presentaron	1336
clemencia	1336
dígaselo	1336
enfrentando	1336
tómelo	1336
comunión	1335
engañan	1335
exclusivamente	1335
rover	1335
pillé	1335
ocultarlo	1335
sonado	1335
romperse	1334
eclipse	1334
race	1334
sensei	1334
cuidaba	1333
restricción	1333
vivamos	1333
derribado	1333
comunismo	1333
sicilia	1333
olvidarse	1333
chips	1333
suizo	1333
pronóstico	1333
funerales	1333
ayudaros	1333
savage	1332
equivoque	1332
weston	1332
recaudar	1332
metía	1332
almacenamiento	1332
subas	1332
llamabas	1332
sarcasmo	1331
casualmente	1331
tragó	1331
brevemente	1331
leopardo	1331
aceptes	1331
violaron	1331
faldas	1331
muscular	1331
llevárselo	1330
enoja	1330
filósofo	1330
barbero	1330
apostado	1330
mccarthy	1330
embarque	1330
malditamente	1330
apoyan	1330
lente	1330
ramsey	1329
herrero	1329
alemanas	1329
librar	1329
vente	1329
comenzaré	1329
interiores	1329
estándares	1329
asesinaste	1329
invención	1329
serte	1329
alimentan	1329
colmo	1328
sordos	1328
suicidas	1328
cafeína	1328
prenda	1328
der	1328
latino	1328
enemigas	1327
pulmonar	1327
contesto	1327
causan	1327
descendientes	1327
contribuir	1327
pésima	1326
minnie	1326
escogiste	1326
tocaré	1326
diseñada	1326
uranio	1326
dinámica	1326
antro	1326
rae	1326
buscaste	1326
precipicio	1325
town	1325
aldeanos	1325
where	1325
usuario	1325
obsequio	1324
amarme	1324
ayudadme	1324
sufría	1324
aparente	1324
porcelana	1324
dándome	1324
cruda	1324
tomografía	1324
quejarme	1323
rendición	1323
savannah	1323
firmada	1323
girls	1323
make	1323
comestibles	1323
ziggy	1322
obtenga	1322
arrojado	1322
expuestos	1322
descarado	1322
fiscales	1322
analizando	1322
barman	1322
depredadores	1322
cuidarla	1322
sonriente	1321
mapache	1321
tentador	1321
winnie	1321
perdonadme	1321
embarazadas	1321
creatividad	1321
llantas	1321
gandhi	1321
atiendo	1321
sabios	1321
respondan	1320
arbusto	1320
moran	1320
teta	1320
football	1320
estéril	1320
colombia	1320
cava	1319
acostando	1319
margaritas	1319
mu	1319
martínez	1319
thea	1319
presentando	1319
encargamos	1319
avergonzarte	1319
alzheimer	1318
hoover	1318
distribuidor	1318
sujétate	1318
invite	1318
encerraron	1318
w.	1317
captar	1317
remo	1317
geoff	1317
confirmarlo	1317
hicks	1317
cínico	1317
empujado	1317
bentley	1317
chiquita	1317
barnaby	1317
frecuentemente	1317
aparcado	1316
sabores	1316
pescando	1316
cazas	1316
versiones	1316
anfitriona	1315
participantes	1315
logrará	1315
informática	1315
cuervos	1315
íntima	1315
firmaré	1314
kendall	1314
com	1314
suspiros	1314
pequeñín	1314
riendas	1314
llamarán	1314
yogur	1313
minnesota	1313
fish	1313
abbott	1313
cadete	1313
zero	1313
vocabulario	1313
magnético	1313
empeora	1313
gentes	1312
hueca	1312
coleccionista	1312
impresionantes	1311
acusan	1311
chiquillo	1311
racial	1311
jillian	1311
denegada	1311
prometerme	1310
competente	1310
honrada	1310
thornton	1310
laptop	1309
aguarde	1309
escalón	1309
entregarle	1309
arrestarme	1309
manía	1309
calculado	1309
enfrentan	1309
aspirante	1309
abriste	1309
moss	1308
escribirlo	1308
adivinado	1308
hirieron	1308
edison	1308
peters	1308
grabada	1308
conseguía	1308
cascada	1307
asteroide	1307
condescendiente	1307
caine	1307
cultivos	1307
contagioso	1307
babe	1307
perdonarte	1307
violeta	1307
disgustada	1307
automática	1307
eleva	1307
dickie	1307
tte	1306
pose	1306
desapareciera	1306
cuidarlo	1306
civilizado	1306
cónsul	1306
arreglas	1306
hai	1306
descubrimientos	1306
perdedora	1306
suceso	1305
dunn	1305
enséñale	1305
his	1305
diseñar	1305
académico	1305
estaréis	1305
ético	1305
atravesado	1305
vaciar	1305
festín	1305
extender	1305
equivocamos	1305
arrestó	1304
sky	1304
transmite	1304
filetes	1304
factores	1304
ofrenda	1304
podréis	1304
atrápenlo	1304
adversario	1303
allie	1303
si.	1303
mamita	1303
power	1303
luigi	1303
lasaña	1303
titanic	1302
jurados	1302
navideño	1302
poetas	1302
luché	1302
vuele	1302
maricones	1301
pararme	1301
muralla	1301
espinas	1301
ártico	1300
reilly	1300
convertimos	1300
moribundo	1300
estirar	1300
atraen	1300
etapas	1300
testarudo	1300
lucille	1300
hawk	1300
lastimaste	1300
madurar	1299
matadero	1299
brighton	1299
aleje	1299
publicación	1299
spanish	1299
llevábamos	1299
acostumbrarse	1299
piénselo	1299
prado	1299
mentirte	1299
escapan	1299
usara	1299
acéptalo	1298
alucinando	1298
conducen	1298
aubrey	1298
recuperamos	1298
relajate	1298
añade	1298
psíquica	1298
procura	1298
injusta	1298
delfín	1298
amarga	1298
lágrima	1298
jengibre	1297
buitres	1297
prestes	1297
automóviles	1297
habra	1297
funda	1297
distancias	1297
atencion	1297
veníamos	1297
reg	1297
taladro	1297
visitarla	1297
contenedores	1296
rhonda	1296
volaré	1296
controlo	1296
sucedía	1296
meterle	1296
domina	1296
semáforo	1296
tratarme	1296
doo	1296
ny	1296
escritas	1295
dell	1295
bárbaros	1295
acuario	1295
acordé	1295
why	1295
accedió	1295
sediento	1295
caminan	1294
házmelo	1294
presentará	1294
retos	1294
bellos	1294
haras	1294
pasarse	1294
protegidos	1294
efectiva	1294
superviviente	1294
estambul	1294
interrumpo	1293
syd	1293
admites	1293
ultra	1293
acercaba	1293
pará	1293
afectando	1293
cardiaco	1293
think	1292
caigan	1292
teri	1292
eléctricas	1292
prestando	1292
transformó	1292
hablarnos	1292
novak	1292
singapur	1291
accesorios	1291
trataremos	1291
ocurrieron	1291
tendencias	1291
hazel	1291
animadora	1291
traidora	1291
parálisis	1290
fowler	1290
marisa	1290
subida	1290
reunirte	1290
mención	1290
cochran	1289
destripador	1289
besito	1289
lynette	1289
progresando	1289
viajamos	1289
obligarme	1289
logran	1289
yanquis	1289
vinci	1288
obligues	1288
lil	1288
mejoras	1288
manchado	1288
folletos	1288
adivine	1288
follando	1288
restantes	1288
pintas	1288
rabo	1288
hobbs	1288
cortarme	1287
dirija	1287
armarios	1287
versos	1287
refrescante	1287
princeton	1287
cumplidos	1287
deacon	1287
separada	1287
seguidme	1287
mostraron	1287
suicidarme	1287
simulacro	1287
irving	1286
lector	1286
pensaras	1286
escarabajo	1286
dígalo	1286
señorito	1286
camisón	1285
hilda	1285
asfixia	1285
marx	1285
barreras	1285
propósitos	1285
aprobó	1285
amsterdam	1285
realizando	1285
invasores	1285
criticar	1285
capitolio	1284
silvia	1284
hongo	1284
depredador	1283
reconocería	1283
proporcionar	1283
comportarte	1283
goo	1283
permitirlo	1283
tradicionales	1282
buffalo	1282
portavoz	1282
salté	1282
abandonados	1282
socialista	1282
merecer	1281
tomadas	1281
dardos	1281
mantengamos	1281
confortable	1280
retírense	1280
recital	1280
burlarse	1280
espectros	1280
odiamos	1280
asume	1280
bronca	1280
leela	1280
sobretodo	1280
adecuadas	1280
animados	1279
munich	1279
reúna	1279
escondía	1279
aparcar	1279
bombón	1279
dolía	1279
frecuencias	1278
formalidad	1278
leen	1278
sacaba	1278
constance	1278
escupe	1277
jaguar	1277
preliminares	1277
blah	1277
tortitas	1277
faltas	1276
darius	1276
pirámides	1276
plazca	1276
desarrolló	1276
estrategias	1276
golpearte	1276
recogida	1276
creciste	1276
entrenadora	1275
pésame	1275
perverso	1275
cabalgar	1275
tirano	1275
comprenden	1275
jugaré	1275
demandante	1275
resplandor	1275
exquisito	1275
dubois	1274
dal	1274
pooja	1274
protegerlos	1274
plantación	1273
estatura	1273
carece	1273
teclado	1273
columnas	1273
dex	1273
dre	1273
brutalmente	1273
lápices	1273
lanzador	1272
prem	1272
franqueza	1272
trayecto	1272
mencionarlo	1272
afectará	1272
explícame	1272
orígenes	1272
apagarlo	1271
dormirá	1271
aceptación	1271
godzilla	1271
perú	1271
escribimos	1271
escribieron	1271
glee	1271
excitación	1271
lléveme	1270
vengarme	1270
griffith	1270
krishna	1270
raúl	1270
ocular	1270
divide	1270
puras	1270
finalistas	1269
olive	1269
independientemente	1269
recados	1269
higiene	1269
acercamiento	1269
ánimos	1269
liberada	1269
lastimada	1269
clon	1269
organiza	1269
remover	1269
iniciando	1269
retrasados	1269
libere	1268
caracoles	1268
capone	1268
pañuelos	1268
vigilantes	1268
calmarse	1268
presionado	1268
hipo	1268
proceda	1267
dispararte	1267
odiabas	1267
dixie	1267
molde	1267
t.j.	1267
candado	1266
varones	1266
golpearlo	1266
ahogar	1266
mayoria	1266
divorciada	1265
mariquita	1265
concentrarnos	1265
considéralo	1265
irían	1265
ocupando	1265
bromista	1265
políticamente	1265
cortarte	1265
beneficencia	1265
hollis	1264
bordes	1264
bajemos	1264
forzó	1264
supones	1264
retardado	1264
apareciendo	1264
limpió	1264
claves	1264
obligatorio	1263
graba	1263
guárdalo	1263
encargué	1263
troya	1263
traviesa	1263
husmeando	1263
subamos	1262
soberano	1262
invernadero	1262
frecuente	1262
anhelo	1262
querré	1262
vencidos	1262
kathleen	1262
entregarte	1262
picar	1262
territorios	1262
paranoica	1262
envías	1261
quicio	1261
enojó	1261
póntelo	1261
bebemos	1261
ahorro	1261
dejarles	1261
bombarderos	1261
decentes	1261
arándanos	1261
implantes	1261
radios	1261
patente	1260
devuelvas	1260
norris	1260
teníais	1260
recordarme	1260
terrestres	1260
hijito	1260
transformado	1260
avancen	1259
enfrentó	1259
estiércol	1259
desventaja	1259
arruinarlo	1259
comprenderlo	1259
verías	1258
pegando	1258
cantó	1258
palmas	1258
mafioso	1258
cansando	1258
bajito	1258
hablaras	1258
diseñó	1258
sweet	1258
gastó	1257
esposos	1257
irina	1257
extravagante	1257
ahorrando	1257
quererte	1257
derramar	1257
cuides	1256
daryl	1256
wendell	1256
edén	1256
encantadores	1256
cancion	1256
vomitando	1255
ancestral	1255
heredera	1255
caerán	1255
protestas	1255
vengadores	1255
soltadme	1255
jarvis	1255
presentaciones	1255
manten	1255
genéticamente	1254
culparte	1254
fallos	1254
resistirse	1254
acompáñame	1254
imitar	1254
pásalo	1253
freeman	1253
mareo	1253
ahorra	1253
esperara	1253
hilton	1253
tiradores	1253
serge	1252
lulu	1252
habláis	1252
brutalidad	1252
contenía	1252
ceniza	1251
grove	1251
cupones	1251
octava	1251
guerrera	1251
mc	1251
colmillos	1251
cerdito	1250
búscate	1250
decisivo	1250
venció	1250
brillan	1250
colonos	1250
valgo	1249
atados	1249
susurrando	1249
envenenada	1249
abatido	1249
búho	1249
patinaje	1249
heroe	1249
tardaste	1249
adornos	1249
quédatelo	1249
forzados	1249
cocodrilos	1249
haciéndote	1249
acorde	1248
brittany	1248
colgada	1248
ehh	1248
bájame	1248
mandarme	1248
calificado	1248
cliché	1248
bebiste	1248
escasez	1247
recomendó	1247
entendéis	1247
delegado	1247
convicción	1247
hoyos	1247
memorial	1247
j.d.	1247
prohíbo	1246
ordinaria	1246
leerla	1246
flote	1246
contrataste	1246
fertilidad	1246
realistas	1246
avisarme	1245
disfrutarlo	1245
deberé	1245
rhodes	1245
yakuza	1245
duración	1245
aura	1245
compitiendo	1245
cocino	1245
webb	1245
prepárese	1245
wei	1245
kris	1245
detecto	1244
obtendrá	1244
apto	1244
conocerá	1244
petra	1244
hoo	1244
brothers	1244
a-	1244
rin	1244
aparecía	1244
dejarían	1244
tardaremos	1244
golpeaba	1243
males	1243
infectados	1243
chiflada	1243
párrafo	1243
instituciones	1243
demuestre	1243
reinos	1243
viviría	1243
coyote	1243
finalizar	1243
crecimos	1242
táctico	1242
visitarlo	1242
preguntarles	1242
gordas	1242
vih	1242
informados	1241
enteramos	1241
hae	1241
occidentales	1241
slim	1241
pi	1241
suspenso	1240
acercar	1240
lizzy	1240
contraria	1240
póngalo	1239
julián	1239
gritado	1239
metrópolis	1239
jacqueline	1239
disgusto	1238
nam	1238
grietas	1238
explicárselo	1238
examinado	1237
emisora	1237
bowl	1237
vidente	1237
liado	1237
vejiga	1237
fez	1237
recordarás	1237
arabia	1237
definir	1237
alcohólica	1236
siervo	1236
directorio	1236
j.j.	1236
pinche	1236
prométemelo	1236
sheppard	1236
luc	1236
lorna	1235
ahjussi	1235
guillermo	1235
death	1235
detuvimos	1235
llevados	1234
beberé	1234
demuestran	1234
ki	1234
pegues	1234
tómatelo	1234
penitencia	1234
separan	1234
sunbae	1233
anotado	1233
civilizaciones	1233
shea	1233
supón	1233
giras	1233
nacida	1233
foro	1233
urgentemente	1233
jax	1233
vaga	1233
trescientos	1232
divisiones	1232
trincheras	1232
orgánico	1232
enamora	1232
dedicar	1232
deshecho	1232
envuelta	1232
cariñosa	1231
principiante	1231
missouri	1231
huerto	1231
indemnización	1231
expuesta	1231
chili	1231
tenian	1230
redondo	1230
céntimo	1230
retroceda	1230
ga	1230
cuenten	1230
fundido	1230
cito	1230
anatomía	1229
zelanda	1229
ruiz	1229
francotiradores	1229
bu	1229
kensi	1229
luciano	1229
advertir	1228
regulares	1228
capturados	1228
via	1228
existo	1228
best	1228
retenido	1228
destornillador	1228
relaja	1228
prender	1228
imperdonable	1228
norton	1227
montreal	1227
sobresaliente	1227
jodió	1227
ketchup	1227
united	1226
owens	1226
teatral	1226
levantate	1225
donuts	1225
posponer	1225
desagüe	1225
tirón	1224
gérmenes	1224
entregando	1224
despertará	1224
vermont	1224
our	1224
comprarla	1223
mao	1223
juzgados	1223
enteran	1223
recogerla	1223
conduje	1223
buceo	1223
presione	1223
restricciones	1223
sobrevivieron	1223
irlandesa	1223
divorciados	1223
obediencia	1223
fracasar	1223
pilló	1222
votado	1222
tiraré	1222
jeeves	1222
anticipo	1222
neville	1222
alza	1222
poseo	1221
calavera	1221
comunicar	1221
miremos	1221
remotamente	1221
charlatán	1221
gilmore	1221
viviendas	1221
sable	1221
caería	1220
heroico	1220
reliquia	1220
preocupante	1220
llene	1220
formalmente	1220
suicidado	1220
leland	1220
medieval	1220
presas	1220
cáscara	1220
publica	1220
librarte	1219
aburro	1219
fantastico	1219
werner	1219
preguntarse	1218
quebró	1218
químicas	1218
comprenda	1218
faltado	1218
servimos	1218
dejenme	1218
arrancaré	1217
mackenzie	1217
vejez	1217
pongámonos	1217
servía	1217
congregación	1217
escuchemos	1217
delicadeza	1217
ruleta	1217
pervertidos	1216
enfada	1216
galán	1216
adulterio	1216
unirá	1216
raciones	1216
stiles	1216
enorgullece	1216
secretamente	1216
contaría	1216
caminado	1215
linus	1215
marruecos	1215
sire	1215
credenciales	1215
devolverá	1215
solicitudes	1215
anuario	1215
mountain	1215
ajusta	1214
truenos	1214
limosna	1214
informacion	1214
elliott	1214
yanqui	1214
auxilios	1214
ginny	1214
protectora	1214
satisfechos	1214
cajones	1214
destruiré	1213
conway	1213
seguirte	1213
pulgares	1213
cometen	1213
gabby	1213
asesinadas	1213
calentando	1213
descubro	1213
escribirle	1212
gemidos	1212
cansa	1212
caminé	1212
imaginen	1212
langostas	1212
bangkok	1212
moya	1212
ganes	1212
consumir	1212
perdía	1212
fuisteis	1211
pennsylvania	1211
grimm	1211
acérquese	1211
amara	1211
timo	1211
relacionadas	1210
interrogando	1210
lograrás	1210
ilumina	1210
tardan	1210
podeis	1210
tios	1210
golosinas	1210
hostiles	1210
bad	1210
disculpame	1210
tang	1210
comerlo	1209
condenar	1209
conseguirla	1209
cookie	1209
candidata	1209
desapareciste	1209
felicia	1209
combates	1208
joderme	1208
mostraba	1208
quejo	1208
solares	1208
reconocen	1208
ejemplos	1208
cócteles	1208
mildred	1207
mezquita	1207
limpiaré	1207
disfrútalo	1207
defunción	1207
torrente	1207
ceo	1207
perturbado	1206
grial	1206
cocineros	1206
presentas	1206
anal	1206
sentémonos	1206
carroll	1206
irrumpir	1206
financiación	1206
actúe	1206
caimán	1206
away	1205
derrick	1205
evie	1205
quimioterapia	1205
garra	1205
pearson	1205
panamá	1205
abrazarte	1204
diabólico	1204
copiloto	1204
afeitado	1204
queman	1204
conversando	1204
radiografía	1204
deborah	1204
controlador	1204
devoto	1203
lastimando	1203
gustes	1203
reservación	1203
london	1203
insultado	1203
pasarela	1203
cuántica	1202
cain	1202
locke	1202
épocas	1202
laden	1202
biopsia	1202
tremendamente	1202
escribas	1202
remate	1201
nacidos	1201
gigi	1201
modificar	1201
duck	1200
vikram	1200
apartar	1200
herirte	1200
ahorcado	1200
opone	1200
lárguese	1200
emerson	1199
salem	1199
boba	1199
cobran	1199
conozcamos	1199
acabarán	1199
hilary	1199
crecieron	1199
lentos	1199
discúlpate	1199
interrogarlo	1198
bette	1198
levi	1198
identificarlo	1198
louisa	1198
apreciaría	1198
elisabeth	1197
manto	1197
run	1197
intermediario	1197
granuja	1197
estupida	1197
tumbado	1196
subtitle	1196
melón	1196
rembrandt	1196
bloqueada	1196
torso	1196
gaseosa	1196
tarro	1196
tesla	1196
excepciones	1196
invitarla	1196
heights	1195
escenarios	1195
racismo	1195
abandonando	1195
rice	1195
clifford	1195
campeona	1195
hormiga	1195
principe	1194
muevanse	1194
fósforo	1194
lencería	1194
llorado	1194
bess	1194
clubs	1194
sonya	1194
desechos	1193
libertades	1193
casarías	1193
pegan	1193
extendido	1193
naciera	1193
abusos	1193
giorgio	1193
kappa	1193
drenaje	1193
navegando	1193
molestarse	1192
dimitri	1192
colgante	1192
penetrar	1192
harlan	1192
mazo	1192
dársela	1192
page	1192
llevare	1192
presenciar	1192
ex-esposa	1192
capullos	1192
tao	1192
enfermas	1192
descubrirá	1191
beban	1191
preciado	1191
presidentes	1191
rendirme	1191
enfadados	1191
macarrones	1191
considerarlo	1191
rodríguez	1191
honey	1191
encargada	1191
irregular	1190
fargo	1190
entregará	1190
carguen	1190
hop	1190
pararse	1190
riggs	1190
dare	1190
lyon	1190
buffet	1189
islandia	1189
cylon	1189
representando	1189
mostraste	1189
llamarías	1189
anuncia	1189
descubierta	1189
confundir	1188
striptease	1188
usemos	1188
chisme	1188
seguirle	1188
cacahuete	1188
solitarios	1188
magnitud	1188
guardamos	1188
defendido	1187
hedor	1187
emitido	1187
duramente	1187
afirmación	1187
entusiasmada	1187
baldwin	1187
utilice	1187
idéntico	1187
noticiero	1187
justine	1187
sonrió	1187
sincronizado	1187
reírte	1187
entregarlo	1186
sonja	1186
retaguardia	1186
satisfactorio	1186
crucé	1186
valentina	1186
fang	1186
mosquito	1186
becker	1186
aprendas	1186
reclutamiento	1185
too	1185
pié	1185
tóxicos	1185
discreta	1185
quemadura	1185
inventaron	1185
arzobispo	1185
joanne	1184
bajaron	1184
celo	1184
zhang	1184
patea	1184
cheyenne	1184
compatible	1184
soplar	1184
egipcio	1184
reportó	1183
afilado	1183
forrest	1183
tetera	1183
sensor	1183
delicia	1183
strauss	1183
reside	1183
margie	1183
mesera	1183
autorizada	1182
trabajará	1182
ovni	1182
weiss	1182
uhm	1182
carita	1182
israelí	1181
postres	1181
caigas	1181
vence	1181
lean	1181
relaciona	1181
gatitos	1181
transportes	1180
bethany	1180
botiquín	1180
orgánica	1180
animada	1180
venia	1180
sábana	1180
vegetariana	1180
peine	1180
marchan	1179
singular	1179
microscopio	1179
foreman	1179
transplante	1179
diviertes	1179
salarios	1179
ball	1179
partimos	1179
danés	1179
arden	1179
mercy	1178
informaron	1178
arrugas	1178
externo	1178
informando	1178
saturación	1178
lisbon	1178
alexandra	1178
aclara	1178
enterró	1177
avisos	1177
detienes	1177
lápida	1177
tráigame	1177
holland	1177
detenerle	1177
pilla	1177
radicales	1177
intérprete	1176
dorados	1176
reunion	1176
marcada	1175
guardarlo	1175
stern	1175
amateur	1175
dalek	1175
diria	1175
infectada	1175
manicura	1175
consultor	1175
mataba	1175
hazla	1174
aceptando	1174
centrado	1174
causada	1174
jueguen	1174
asegurada	1174
cúbreme	1173
detenlo	1173
actuaciones	1173
deportiva	1173
ctu	1173
arnie	1173
mars	1173
sofisticada	1173
theodore	1172
metimos	1172
estudiaba	1172
autobus	1172
bajará	1172
estuvieses	1172
lisiado	1172
camellos	1172
semanal	1172
mari	1172
venenosa	1172
curación	1171
mencionas	1171
olimpiadas	1171
cuídense	1171
hacés	1171
sequía	1171
sagrados	1171
cuerdo	1171
excavación	1170
ascendido	1170
seguís	1170
webber	1170
osa	1170
loretta	1170
animadoras	1170
despertarse	1170
astrid	1170
panecillos	1170
peliculas	1170
monto	1170
parará	1170
mero	1169
pepinillos	1169
colectiva	1169
usarlas	1169
persistente	1169
incluyen	1169
aclarado	1169
been	1169
gustav	1169
denegado	1169
incisión	1169
gokuh	1168
servida	1168
reclamo	1168
fumado	1168
zoom	1168
lucharon	1168
benjamín	1168
computador	1168
religiosas	1168
aqu	1168
plantada	1168
saunders	1168
drogadictos	1168
encuéntrame	1167
repleto	1167
engañaron	1167
idiotez	1167
atrasados	1167
consideramos	1167
describirlo	1167
charlando	1167
cantamos	1166
alimentarse	1166
quemé	1166
oleg	1166
energías	1166
buscara	1166
indicaciones	1166
gótica	1165
comienzos	1165
buscará	1165
águilas	1165
beau	1165
houdini	1164
profesionalmente	1164
miraban	1164
decreto	1164
records	1164
horrores	1164
kayla	1164
retrasada	1164
bachillerato	1164
anima	1163
estatales	1163
sacudir	1163
desactivar	1163
torpedo	1163
plegaria	1163
compres	1163
shanghai	1162
ignorantes	1162
bass	1162
radiografías	1162
gilipolleces	1162
darlo	1162
zurdo	1162
vello	1162
liberados	1162
cumplen	1162
ahhh	1161
gillian	1161
entrenadores	1161
marcia	1161
largó	1161
mentía	1161
milenio	1161
recluta	1161
volaron	1161
diplomática	1161
consejeros	1161
agarraron	1161
uhh	1161
cardíaca	1160
nan	1160
edwin	1160
engañe	1160
bautizo	1160
réplica	1160
pegaba	1160
solomon	1160
mugre	1160
adriana	1160
janine	1160
katya	1160
respondiste	1160
suspendida	1160
cruzan	1160
conduciré	1159
necesitó	1159
aprenderá	1159
destreza	1159
exactas	1159
bendice	1159
déle	1159
patsy	1159
lujoso	1159
comino	1159
interrogación	1158
arriesga	1158
sorprenderte	1158
inmobiliaria	1158
ghost	1158
cantaré	1158
moléculas	1158
reality	1158
insulina	1158
échame	1157
tratarse	1157
donas	1157
extrañamos	1157
merci	1157
entretener	1157
donantes	1157
infelices	1157
liderar	1157
cogerme	1156
auténticos	1156
laurent	1156
olvídese	1156
enfermar	1156
ceremonias	1156
trataban	1156
interrumpiendo	1156
deberemos	1156
lynch	1156
huyes	1156
howie	1156
censura	1156
horatio	1155
genuino	1155
abstinencia	1155
musa	1155
atendiendo	1155
emite	1155
válido	1155
lucien	1155
solia	1155
copenhague	1154
proxeneta	1154
pacey	1154
sardinas	1154
aterradora	1154
desierta	1154
comunidades	1154
rocío	1154
decorado	1154
hannibal	1154
gruesa	1153
peluquero	1153
salado	1153
parsons	1153
intelectuales	1153
raquel	1152
miligramos	1152
allah	1152
ravi	1152
anulación	1152
some	1152
descendiente	1152
mezquino	1152
décima	1151
estresada	1151
rindes	1151
procurador	1151
delirando	1151
argo	1151
apuntan	1151
pinchazo	1151
gitana	1151
everett	1151
reaccionó	1151
proximo	1151
escondiste	1150
bufón	1150
discípulos	1150
responderé	1150
descomposición	1150
apuntó	1150
abi	1150
pradera	1150
separarse	1150
diarias	1149
pensilvania	1149
marfil	1149
cantado	1149
encajan	1149
transmitiendo	1148
cesare	1148
mude	1148
madurez	1148
prometimos	1148
traducir	1148
blindado	1148
fundadores	1148
contramaestre	1147
cate	1147
barrido	1147
tómame	1147
tíralo	1147
vestía	1147
estudias	1147
ombligo	1147
pingüinos	1146
cm.	1146
alejó	1146
obtienen	1146
bájalo	1146
rural	1146
sanidad	1146
deliciosas	1145
vanguardia	1145
jugadas	1145
honda	1145
repetición	1145
presentador	1145
permitía	1145
indicar	1145
egoístas	1145
wo	1144
bajad	1144
calcetín	1144
liverpool	1144
bambú	1144
extrañado	1144
nata	1144
nupcial	1144
atrápalo	1144
disparamos	1144
latina	1144
marlene	1144
poblado	1144
norm	1144
alcohólicos	1144
escandaloso	1144
talón	1143
marchamos	1143
durado	1143
festejar	1143
cuidaremos	1143
limitaciones	1143
planeé	1143
cachondo	1143
anunciado	1143
cenado	1143
mutua	1143
poseen	1142
devuélvemelo	1142
organismos	1142
divertí	1142
actrices	1142
vertedero	1142
decidan	1142
foso	1142
complejos	1142
capitalismo	1141
mucama	1141
portugués	1141
capitanes	1141
sáquenme	1141
adecuados	1141
incomoda	1141
aliviada	1140
eden	1140
pegajoso	1140
unicornio	1140
encuéntralo	1140
ponían	1140
tiembla	1140
observe	1140
rosquillas	1140
ucrania	1140
apareciera	1140
establos	1139
lavo	1139
godfrey	1139
emil	1139
solidaridad	1139
cláusula	1139
maleducado	1139
indefensa	1139
terri	1139
implante	1139
netflix	1139
ambiental	1138
reddington	1138
ordenaron	1138
híbrido	1138
mujeriego	1137
game	1137
aprovechando	1137
aliens	1137
flotante	1137
asusto	1137
suzy	1137
dot	1137
cordones	1136
veríamos	1136
estableció	1136
berkeley	1136
ametralladoras	1136
desempleo	1136
apenado	1136
andes	1136
buckley	1136
azafata	1135
suponga	1135
contarás	1135
adolf	1135
enfrentas	1135
dejadlo	1135
astilla	1135
añadido	1134
abdominal	1134
apunte	1134
tocara	1134
garfio	1134
erótico	1134
crujiente	1134
africanos	1134
habérselo	1133
berry	1133
bank	1133
demo	1133
probaste	1133
matemático	1133
borgia	1133
lávate	1133
señala	1133
fénix	1133
calmarme	1133
luzco	1133
hipnosis	1132
ramos	1132
jacobs	1132
destrozando	1132
inspiró	1132
valiosos	1132
esconderlo	1132
tardarán	1131
hades	1131
horroroso	1131
retiren	1131
comprará	1131
subid	1131
gun	1131
chat	1131
poneos	1130
chiquito	1130
coronación	1130
cogerla	1130
deshizo	1130
discretamente	1130
rugby	1130
banqueros	1130
sutura	1130
picada	1130
limpiador	1129
emmy	1129
enviaría	1129
varita	1129
quitará	1129
ojeada	1129
dispárame	1129
hello	1129
llévanos	1129
capacidades	1129
homo	1129
incendió	1129
predecible	1128
completas	1128
dinah	1128
entregamos	1128
entenderé	1128
kimberly	1128
marlowe	1128
geografía	1128
arreglarme	1128
convocado	1128
marks	1127
organizada	1127
chu	1127
suzie	1127
hervir	1127
recibía	1127
franca	1127
huérfana	1127
coulson	1127
pronuncia	1127
steph	1127
despídete	1127
bowie	1126
sabeis	1126
descortés	1126
religiones	1126
decidirlo	1126
cantera	1126
secciones	1126
oxidado	1126
filmes	1126
solteras	1125
compatriotas	1125
cometieron	1125
inspirador	1125
charleston	1125
pascal	1125
pantera	1125
lili	1125
instancia	1124
avisé	1124
vengarte	1124
olerlo	1124
dominado	1124
involucrarme	1124
ataduras	1124
hopper	1124
colmena	1124
codos	1124
iniciación	1124
hostias	1124
penales	1124
servirte	1124
recuperaré	1123
admirar	1123
augusto	1123
hogan	1123
fósforos	1123
saludables	1123
mediterráneo	1123
mayday	1123
tendre	1123
sombrío	1123
acordarme	1123
bancarias	1123
herpes	1123
setas	1123
preparaos	1123
intentémoslo	1122
moho	1122
josef	1122
vd	1122
perdoname	1122
ko	1122
camuflaje	1122
numerosos	1122
expresa	1122
amorcito	1122
aprendo	1122
entrepierna	1122
halagado	1121
skye	1121
ración	1121
llenan	1121
rolling	1121
untranslated	1121
manipulado	1121
auriculares	1121
asaltar	1121
filtración	1121
land	1121
desapareciendo	1120
urbana	1120
avaricia	1120
llamare	1120
whitey	1120
cafetera	1120
cabezota	1120
mariana	1120
venderle	1120
steed	1120
mátala	1120
myers	1120
provisional	1119
aislada	1119
aterrizado	1119
incapaces	1119
durmiente	1119
eficiencia	1119
comadreja	1118
elevar	1118
asno	1118
pupilas	1118
ridge	1118
podes	1118
avion	1118
josephine	1118
meterla	1118
lexi	1117
constructor	1117
guarden	1117
them	1117
despidan	1117
mussolini	1117
crónica	1116
balanza	1116
ofrecerles	1116
calzado	1116
vestimenta	1116
trasladar	1116
mitzvah	1116
despliegue	1116
ballard	1115
identificaciones	1115
sonrían	1115
apuntado	1115
destacamento	1115
situacion	1115
natalia	1115
despertando	1115
fracción	1115
cono	1114
pitt	1114
involucrar	1114
vendida	1114
itinerario	1114
regresarán	1114
muéstranos	1114
inventa	1114
hydra	1114
empujen	1114
sentenciado	1114
call	1113
casadas	1113
registra	1113
modesta	1113
kathryn	1113
ofreces	1113
terremotos	1113
aproveche	1113
retirarte	1113
puramente	1113
belén	1113
apasionada	1112
wilfred	1112
discriminación	1112
parcialmente	1112
asiática	1112
bombilla	1111
méjico	1111
western	1111
sacaría	1111
murdock	1111
rendirte	1111
escaparme	1111
educar	1111
patrocinador	1111
ouch	1111
graduó	1110
inténtelo	1110
fijas	1110
dictador	1110
oiste	1110
sandalias	1110
viruela	1109
desviar	1109
c.j.	1109
pequeñita	1109
basados	1109
largarnos	1109
designado	1109
agricultores	1109
arrepientes	1109
minerales	1108
mudaron	1108
ke	1108
bazo	1108
ensueño	1108
opinan	1108
miniatura	1108
enfermizo	1108
tormento	1108
actuamos	1107
sobreviva	1107
desempeño	1107
deportivos	1107
tirarte	1107
enseñanzas	1107
desarrolla	1106
bryant	1106
controlarme	1106
granger	1106
creados	1106
slade	1106
bollo	1106
especulación	1106
cuidador	1106
resuelva	1106
estribos	1106
opuestos	1105
wolfe	1105
revisarlo	1105
heavy	1105
empaca	1105
particulares	1105
rip	1105
ósea	1105
ka	1105
mitología	1105
hmmm	1104
dones	1104
conteo	1104
sustituir	1104
escalada	1104
enterará	1104
galones	1104
galletitas	1104
dijese	1104
temporales	1104
ases	1104
apéndice	1103
j.t.	1103
divierten	1103
comprometer	1103
insomnio	1103
cianuro	1103
ansias	1103
juras	1103
enterrarlo	1103
serle	1103
preguntará	1102
dejeme	1102
norteamericana	1102
montó	1102
boulevard	1102
taj	1102
averigüé	1102
batir	1102
bese	1102
conductos	1102
femeninas	1102
trivial	1102
duendes	1102
calmada	1101
esplendor	1101
idénticos	1101
programar	1101
recordamos	1101
ikerslot	1101
háblale	1100
superó	1100
tapas	1100
cogerte	1100
dance	1100
venado	1100
guido	1100
aeryn	1100
productora	1100
explotación	1100
resolverá	1100
golpearé	1099
cacahuetes	1099
fiera	1099
algoritmo	1099
disculpad	1099
tripp	1099
masticar	1099
preocupó	1099
llevaras	1099
échate	1099
arruinará	1099
despertador	1099
jovencitas	1098
atenta	1098
cubra	1098
montada	1098
ahoga	1098
prendas	1098
autores	1098
abandonen	1098
elisa	1098
escrúpulos	1098
tuberculosis	1098
traerán	1097
enloquecido	1097
convulsiones	1097
rusas	1097
ocultó	1097
preparas	1097
arréglalo	1097
riker	1097
accedido	1097
uci	1097
determinada	1097
interponga	1096
inmortales	1096
heart	1096
escapatoria	1096
muchachito	1096
dyson	1096
fabricación	1096
sepárense	1096
actúes	1095
tocaron	1095
proporciona	1095
aros	1095
soul	1095
inspeccionar	1095
parió	1095
destinos	1095
delató	1095
numerosas	1095
congo	1095
persiguió	1095
sueñas	1095
trabajemos	1095
rosen	1094
comenzaba	1094
misteriosas	1094
precedente	1094
moriste	1094
pararte	1094
alimentado	1094
cogimos	1094
guiso	1094
daly	1094
llévatela	1094
controle	1094
arrepentir	1094
fastidiado	1094
viudas	1093
presenten	1093
embrujada	1093
unes	1093
convertirás	1093
eugenio	1093
iluminado	1093
apruebo	1093
existían	1092
ayudarías	1092
chuletas	1092
discutas	1092
harté	1092
arenas	1092
gel	1092
latir	1092
yen	1092
perseguía	1091
enloquece	1091
israelíes	1091
ofrecerme	1091
mejorará	1091
last	1091
inmersión	1091
buscados	1091
giuseppe	1091
jabalí	1090
nashville	1090
comerás	1090
enfade	1090
kel	1090
diciéndote	1090
ahorita	1090
dormirás	1090
cristianismo	1090
utilizamos	1090
relajada	1090
ocupan	1090
destello	1090
cuidó	1090
evangelio	1090
much	1089
regresaría	1089
janie	1089
refuerzo	1089
banquillo	1089
dirk	1089
rito	1089
malta	1089
swing	1089
nicolas	1089
lóbulo	1089
mulas	1089
two	1089
royce	1089
picos	1089
descender	1089
perforación	1089
instantánea	1089
aj	1089
jethro	1089
crecerá	1089
pasábamos	1088
casemos	1088
guarnición	1088
válida	1088
tapar	1088
chances	1088
descaro	1088
trixie	1088
convenciste	1088
doméstico	1087
devlin	1087
gurú	1087
apoyando	1087
hubert	1087
reunieron	1087
andrei	1087
entidad	1087
seras	1087
marionetas	1087
aislados	1087
valdría	1086
retorcida	1086
analgésicos	1086
fracasó	1086
hectáreas	1086
capó	1086
jeringa	1086
fabio	1086
servilletas	1085
pediremos	1085
responderá	1085
parking	1085
cártel	1085
androide	1085
serviré	1085
despedí	1085
merche	1084
borrachera	1084
aspirar	1084
razonamiento	1084
lamentas	1084
necio	1084
apelar	1084
memorable	1084
seal	1084
veranos	1083
muéstreme	1083
urna	1083
lisboa	1083
andie	1083
ami	1083
coquetear	1083
della	1083
habitualmente	1082
extraordinarias	1082
tírala	1082
novena	1082
profetas	1082
represalias	1082
obligan	1082
ocuparnos	1082
tamara	1081
súbditos	1081
fijé	1081
vere	1081
odiarme	1081
estaras	1081
hippies	1081
disparate	1081
plató	1081
huck	1081
aneurisma	1081
jubilado	1081
alégrate	1080
resultan	1080
buscarnos	1080
kimmy	1080
clientela	1080
chaplin	1080
thorne	1080
alquiló	1080
dijeran	1080
persianas	1079
viable	1079
rogando	1079
obtuvimos	1079
quimio	1079
angelito	1079
compruébalo	1079
què	1079
meñique	1079
angelina	1079
memo	1079
pegarte	1079
qué-	1079
dúo	1079
echaría	1079
modernas	1079
preguntaría	1079
regiones	1078
buenísima	1078
cerezas	1078
corporativo	1078
cómprate	1078
barker	1078
saddam	1078
braun	1078
retiene	1078
llorón	1078
distracciones	1078
sobreviven	1077
newport	1077
manejaba	1077
misericordioso	1077
chiflados	1076
fuere	1076
llueva	1076
impresionó	1076
compara	1076
golpéame	1076
caldwell	1076
fa	1076
solito	1076
emails	1076
proteína	1076
sellar	1076
rayna	1076
vicente	1075
tori	1075
contundente	1075
vivías	1075
davies	1075
mostrarnos	1075
averigüemos	1075
tree	1075
tratada	1075
closet	1075
podrian	1075
formen	1074
compraba	1074
sobrevivimos	1074
creyentes	1074
pedírselo	1074
cerraré	1074
vivientes	1074
jalea	1074
intoxicación	1074
jaulas	1074
berta	1074
dominique	1074
bellezas	1074
abad	1073
conlleva	1073
louisiana	1073
elenco	1073
horriblemente	1073
canoa	1073
dragon	1073
esperaste	1073
deshonra	1073
marnie	1072
solicitando	1072
mensual	1072
subirse	1072
levantan	1072
ambulante	1072
positivos	1072
hinchado	1072
prematuro	1072
ocupamos	1072
románticas	1071
condenas	1071
olvidaremos	1071
vuelen	1071
moro	1071
lucia	1071
cuidad	1071
contusión	1071
pol	1071
echarán	1071
camareros	1070
august	1070
sermones	1070
acercado	1070
fontanero	1070
lem	1070
tostado	1070
antorchas	1069
gambas	1069
testimonios	1069
jerez	1069
auschwitz	1069
molecular	1069
estática	1069
lucrecia	1069
desmayo	1069
hungría	1069
oliendo	1069
renovar	1069
fugaz	1069
lonnie	1068
acostaba	1068
powers	1068
actué	1068
fatiga	1068
dax	1068
detendremos	1068
hansen	1067
acusarme	1067
mattie	1067
hamburgo	1067
quejando	1067
destruyen	1067
fantásticas	1067
carguero	1067
citado	1067
explotará	1067
perdi	1067
salvados	1066
tratarlo	1066
sucursal	1066
callo	1066
impulsivo	1066
imponer	1066
explicará	1066
cerrojo	1066
inclina	1066
componente	1066
compartimento	1066
inventor	1066
filipinas	1066
sodio	1066
adquisición	1066
dibujando	1066
guiones	1065
razonables	1065
lamer	1065
sagradas	1065
perteneció	1065
quebrar	1065
sacude	1065
tiranía	1065
relacion	1065
platillo	1065
gale	1065
cubren	1065
cenicero	1065
annette	1064
complacido	1064
hostilidad	1064
ignorado	1064
would	1064
contracciones	1064
comunicarnos	1064
exito	1064
relevo	1064
hut	1064
comics	1064
muchísima	1064
desertor	1063
coloque	1063
trepar	1063
empresarios	1063
summers	1063
enfadó	1063
sólo-	1063
prodigio	1063
exótico	1063
tendió	1063
harmon	1063
confirman	1063
feng	1062
bigotes	1062
gigantesco	1062
arbol	1062
diminuto	1062
wa	1062
rivers	1062
amiguita	1062
acostumbra	1062
diviertan	1062
enterraron	1062
puertos	1061
give	1061
winters	1061
preciosidad	1061
queme	1061
cecil	1061
torturar	1061
habana	1061
logo	1060
alí	1060
excéntrico	1060
reclama	1060
circulo	1060
pantallas	1060
salíamos	1060
pc	1060
volará	1060
títere	1060
nebraska	1060
explotado	1060
despedidos	1060
nativo	1060
ultimos	1060
cerda	1060
prescott	1060
descuido	1060
did	1060
optimismo	1060
cure	1060
psicótico	1059
yoko	1059
rector	1059
preferimos	1059
practicado	1059
malaria	1059
salvas	1059
combatientes	1059
maneje	1059
cuidan	1059
reunirá	1058
ovnis	1058
bombones	1058
comprobaré	1058
adhesiva	1058
estables	1058
lucharé	1058
finlandia	1058
tomare	1058
ciudadana	1058
aceitunas	1057
enteramente	1057
cubriré	1057
desordenado	1057
bacteria	1057
dona	1057
fastidiar	1057
tejas	1057
debut	1057
saga	1056
asaltos	1056
head	1056
decíamos	1056
voladores	1056
cortadas	1056
superestrella	1056
rohan	1056
collier	1056
vigilen	1056
odioso	1056
apagada	1056
abriremos	1056
alimenticia	1056
holograma	1056
elite	1056
main	1055
edades	1055
gorilas	1055
shepard	1055
llévese	1055
llamame	1055
distinción	1055
cumpliré	1055
alimentando	1055
espiritu	1055
rastreado	1055
pasiones	1055
audiencias	1054
heredado	1054
plomero	1054
biografía	1054
usadas	1054
loción	1054
callarse	1054
lux	1054
notario	1054
odié	1054
agradecerme	1054
afectan	1053
caminó	1053
llévale	1053
medusa	1053
had	1053
devolví	1053
fay	1053
agradan	1053
recrear	1053
juntamos	1053
falte	1053
encargas	1053
escondo	1052
apartaos	1052
roth	1052
canallas	1052
paleta	1052
gueto	1052
intentabas	1052
jugábamos	1052
observaciones	1052
característica	1052
pedacitos	1052
utilizarlo	1052
hampshire	1052
telas	1052
sindicatos	1051
barrer	1051
mouse	1051
alegras	1051
mmmm	1051
alfabeto	1051
traumatismo	1051
culpando	1051
perderán	1051
pepino	1051
procesado	1050
mentón	1050
conjetura	1050
candace	1050
atraparme	1050
shaun	1050
tomarle	1050
disfrutes	1050
superstición	1050
vigilan	1049
enzo	1049
inversa	1049
atraída	1049
viral	1049
vendería	1049
sahib	1049
propietaria	1048
leucemia	1048
puñetazos	1048
concluir	1048
unimos	1048
actúo	1047
alucinación	1047
mencione	1047
traductor	1047
borroso	1047
sonará	1047
pertenecemos	1047
ducharme	1047
extremidades	1047
denunciado	1047
platino	1047
desciende	1046
huiste	1046
mendoza	1046
anya	1046
descrito	1046
vomitó	1046
recomienda	1046
difunta	1045
mírenme	1045
inmaduro	1045
reuní	1045
buscaron	1045
rollins	1045
only	1045
stig	1045
waters	1044
litera	1044
karev	1044
pateando	1044
escapamos	1044
editora	1044
necesité	1044
contemplar	1044
propuestas	1044
isis	1044
robaba	1044
fotógrafos	1044
lucharemos	1044
amargado	1044
jerga	1044
seleccionado	1044
rindió	1044
lei	1044
dash	1044
afectados	1043
strange	1043
full	1043
averiguamos	1043
marcando	1043
detengo	1043
rígido	1043
cactus	1043
mostramos	1043
mercer	1043
agatha	1043
huí	1043
odies	1043
imaginarse	1043
yong	1043
disculpar	1043
sencillas	1042
habian	1042
despedirnos	1042
céntimos	1042
distraída	1042
revisó	1042
jardinería	1042
cremallera	1041
reportado	1041
portón	1041
empujes	1041
ye	1041
xiao	1041
ringo	1041
aquiles	1041
provienen	1041
viajaba	1041
callejera	1041
esposado	1041
morning	1041
amenazada	1041
bernadette	1040
colón	1040
dobbs	1040
informático	1040
simio	1040
aduanas	1040
escapo	1040
exhausta	1040
congelando	1040
historietas	1039
veinticuatro	1039
inclinación	1039
rastrearlo	1039
parvati	1039
renuncie	1038
parecia	1038
utilizada	1038
reconozca	1038
pastelito	1038
impedirlo	1038
capellán	1038
capítulos	1038
walden	1038
sobornar	1038
enfrentarlo	1038
3d	1038
limpié	1038
crosby	1038
canadienses	1038
bananas	1038
bautismo	1037
gradualmente	1037
produciendo	1037
mantenme	1037
magnifico	1037
preparaba	1037
expulsados	1037
consideraría	1037
surgir	1036
bubba	1036
arrastre	1036
chequear	1036
admira	1036
gustabas	1036
multimillonario	1035
proveedores	1035
reemplazado	1035
budapest	1035
lt	1035
paneles	1035
forbes	1035
enseñaba	1035
barrow	1035
exactitud	1035
duane	1035
apoyarte	1035
dougie	1035
elias	1035
ruda	1035
juzgues	1035
francesco	1034
degenerado	1034
antemano	1034
metanfetamina	1034
plantó	1034
notará	1034
salomón	1034
concursantes	1034
conviertas	1034
aspirinas	1034
titus	1034
lavarse	1034
viéndote	1034
tracción	1034
lanzaron	1034
ducky	1033
sácate	1033
watts	1033
interpreta	1033
gianni	1033
sensata	1033
trinidad	1033
live	1032
adquirido	1032
cosechas	1032
maxine	1032
conjuro	1032
tonos	1032
beatriz	1032
masajista	1032
azufre	1032
fanática	1032
cuidara	1032
unni	1032
senadores	1032
abraza	1032
jeremiah	1032
catering	1031
cobardía	1031
boss	1031
australiano	1031
capitulo	1031
tendria	1031
congelar	1031
manana	1031
citar	1031
paremos	1031
nombró	1031
nodriza	1031
grissom	1031
arriesgaré	1030
costaba	1030
retomar	1030
burles	1030
mirabas	1030
arreglarse	1030
sugerí	1030
pensaremos	1030
seriedad	1030
alo	1030
cortarlo	1029
sex	1029
sudeste	1029
swan	1029
indecente	1029
prueban	1029
kip	1029
quedaros	1029
oasis	1029
resucitar	1029
liberales	1029
dino	1029
apoye	1029
chorradas	1029
simios	1028
cuarteles	1028
farrell	1028
marlon	1028
pedófilo	1028
colegios	1028
capturaron	1028
desperdiciando	1028
espinal	1028
adaptación	1028
expiatorio	1028
mein	1028
apoyarme	1028
tin	1028
venenoso	1027
cromwell	1027
ahogo	1027
gritarme	1027
convencidos	1027
contaminado	1027
dimisión	1027
confidente	1027
semejantes	1027
explicando	1027
shi	1027
michaels	1027
cosmo	1027
haceros	1027
resultaron	1027
permitirte	1027
monique	1027
barbaridad	1026
permitan	1026
comandos	1026
contusiones	1026
candice	1026
planet	1026
ríete	1026
consiguiera	1026
yuki	1026
cirugías	1026
oirá	1026
manifestantes	1026
lenin	1025
incapacidad	1025
cresta	1025
palace	1025
niki	1025
engaños	1025
resolvió	1025
psiquiátrica	1025
homosexualidad	1025
cabaret	1024
johann	1024
retírate	1024
plátanos	1024
vagones	1024
cumplimiento	1024
basicamente	1024
ata	1024
silva	1023
wilkes	1023
resentimientos	1023
going	1023
pantanos	1023
asteroides	1023
rompería	1023
comprenderá	1022
preferencia	1022
yogurt	1022
desconectar	1022
indispensable	1022
n.	1022
intravenosa	1022
colocada	1022
llamarnos	1022
matemos	1022
juraría	1022
deténganlo	1022
exagerar	1022
incrustar	1021
ignoro	1021
ascensores	1021
sublime	1021
starbuck	1021
anarquía	1021
ridículos	1021
sacara	1021
proveer	1021
nombra	1021
amir	1021
recibirme	1021
mort	1021
salirte	1021
prescindir	1020
abandonan	1020
enviarla	1020
radha	1020
temible	1020
enteraron	1020
horn	1020
preguntábamos	1020
insegura	1020
were	1020
solemne	1019
supuesta	1019
africana	1019
abed	1019
admiradora	1019
queres	1019
trabajarás	1019
adolescencia	1019
mercancías	1019
fragancia	1019
llamándome	1019
supervisar	1019
cruzadas	1018
columbo	1018
extranjeras	1018
negarse	1018
descubres	1018
wild	1018
bear	1018
quítatelo	1018
gunnar	1018
mitos	1018
histeria	1018
engañarte	1018
encontradas	1017
monitores	1017
fotografiar	1017
adorar	1017
jang-geum	1017
parezcan	1017
noé	1017
desconocidas	1017
subestimes	1016
recuperé	1016
considerados	1016
subirme	1016
aprovechó	1016
guías	1016
equipado	1016
reímos	1016
cubrió	1016
ne	1016
invitan	1016
xix	1015
tórax	1015
pelvis	1015
mã	1015
estilos	1015
detuviste	1015
guitarrista	1015
astucia	1015
usuarios	1015
reproductor	1014
lomo	1014
could	1014
sobres	1014
orillas	1014
separó	1014
digame	1014
vitamina	1014
invitaré	1014
limite	1014
restringida	1014
tuvok	1014
abandonas	1013
llevarías	1013
huyen	1013
intersección	1013
ajay	1013
visten	1013
russo	1013
líquidos	1013
complica	1013
atractivos	1012
prime	1012
diesel	1012
empatía	1012
firmaste	1011
disfrutan	1011
unieron	1011
contacta	1011
ju	1011
dejarlas	1011
proporción	1011
buchanan	1011
animo	1011
vínculos	1011
mortimer	1011
delirio	1011
económicos	1010
escaparte	1010
indiferencia	1010
cambiaremos	1010
besarla	1010
cancer	1010
opongo	1010
transacciones	1010
probarla	1010
callahan	1009
cámbiate	1009
amorío	1009
sweeney	1009
chinas	1009
buscándola	1009
mirándote	1009
borró	1009
palestinos	1009
búscalo	1009
muestres	1009
recien	1009
sorprenda	1009
vibración	1009
renovación	1009
dharma	1008
idaho	1008
pisadas	1008
cancelada	1008
wars	1008
salvaré	1008
jóven	1008
levántalo	1008
premeditado	1008
intrigante	1008
promover	1007
construyen	1007
faye	1007
satisface	1007
suicidios	1007
civilizada	1007
whitman	1007
preocúpate	1007
aterrado	1007
corinne	1007
darling	1006
inflamación	1006
creeré	1006
aislar	1006
sudadera	1006
sueñes	1006
atropello	1006
hip-hop	1006
asegurarle	1006
levantaste	1006
sádico	1006
mudas	1006
cachorrito	1006
ponerlas	1006
salven	1005
acelerado	1005
pera	1005
lineas	1005
enteren	1005
juntan	1005
nocturnas	1005
andá	1005
componer	1005
pinza	1004
curó	1004
jodidas	1004
localizador	1004
penélope	1004
enterramos	1004
buscábamos	1004
enterara	1004
field	1004
tardé	1004
vigor	1004
ganemos	1003
saluden	1003
bunker	1003
déjennos	1003
museos	1003
cuotas	1003
bañarse	1002
tirarse	1002
palco	1002
colon	1002
axel	1002
lao	1002
andamos	1002
benito	1002
comportan	1002
alianzas	1002
fumaba	1002
bailaba	1002
larson	1002
enciendan	1002
walters	1002
bandos	1002
oregon	1001
envenenó	1001
fischer	1001
disminuye	1001
cutter	1001
maniquí	1001
distraer	1001
alfie	1001
play	1001
dron	1001
significativa	1000
nenas	1000
arrodíllate	1000
invitando	1000
revisaste	1000
dentadura	1000
darnell	1000
acudió	1000
metería	1000
diva	1000
centrales	999
arreglada	999
sobreviví	999
aerolínea	999
violentas	998
parks	998
hearst	998
competitivo	998
vacunas	998
modestia	998
abbey	998
resbaló	998
burrito	998
descubriremos	998
barranco	998
despide	998
bullock	998
athena	998
sucesión	997
vagar	997
incluidos	997
siobhan	997
requisitos	997
terminaba	997
uh-oh	997
avisarte	997
desviado	997
hackear	997
exigir	997
reclutar	997
trip	997
criando	997
clasificada	997
pandora	997
calamar	996
dorian	996
supiéramos	996
expandir	996
nellie	996
tocador	996
levantamos	996
fields	996
hepatitis	996
excavar	996
pagara	996
guapísima	996
monstruoso	996
magnum	996
salvada	996
párroco	996
guinea	996
mexico	996
nudillos	995
parámetros	995
vigilada	995
destruirla	995
úsalo	995
llámenme	995
acechando	995
perdónenme	995
hallazgo	995
impidió	994
concuerdan	994
átomo	994
cráter	994
otan	994
minoría	994
hollow	994
anomalías	994
recojan	994
calificación	994
opresión	994
great	994
reptiles	994
declan	994
mudando	994
sorprendentes	994
merlin	993
cambiarla	993
ambrose	993
centenar	993
confiese	993
machete	993
muestren	993
bisabuelo	993
obtenemos	993
mutación	993
defendió	993
cositas	993
arrestamos	993
vijay	993
convierto	993
investigue	993
creaste	993
bobadas	993
pastelitos	992
buques	992
desmayé	992
easy	992
envenenar	992
blood	992
lennon	991
incógnito	991
codicioso	991
bizcocho	991
abundante	991
cotton	991
imitador	991
warwick	991
contacte	991
reído	991
méritos	991
dudley	991
suroeste	991
abandonaré	991
poppy	990
bateador	990
regalé	990
blancanieves	990
interpretado	990
evolucionado	990
tuck	990
yun	989
densidad	989
dormías	989
defensores	989
explicarles	989
millonarios	989
atorado	989
sylvester	989
calcio	988
dadle	988
osea	988
subirá	988
comerán	988
meteoritos	988
cerámica	988
johnnie	988
disgusta	988
venderá	988
panadero	988
vote	988
obtendrás	988
larsen	988
pegados	988
egoísmo	987
pagada	987
búscame	987
gastamos	987
manolo	987
alfiler	987
billón	987
benéfica	987
dibujó	987
injustamente	986
wellington	986
acepten	986
auggie	986
reparado	986
olores	986
torbellino	986
clavar	986
fugado	986
crianza	986
instantáneamente	985
exageres	985
sensaciones	985
manson	985
minero	985
penn	985
cometemos	984
procesos	984
caracol	984
mandamientos	984
furiosos	984
dominó	984
bach	984
basándome	984
cazado	984
atacaremos	984
silvestre	984
camping	984
montes	984
llegaban	984
mail	983
brigadier	983
malgastar	983
hwa	983
conor	983
rivera	983
dirigiéndose	983
pendejos	983
secadora	983
etc	983
detenidamente	983
descartado	983
yyo	983
magnate	982
sanatorio	982
lobby	982
rigor	982
subía	982
reja	982
decepcionar	982
recordarles	982
court	982
chung	982
explorando	982
camionero	982
multitudes	981
pegaron	981
sabueso	981
objeciones	981
estimada	981
involucrarse	980
encadenado	980
temporadas	980
judd	980
sere	980
ragnar	980
cabreada	980
vivirán	980
apoyamos	980
venderme	980
verbal	980
sylvie	980
combina	979
titán	979
segundas	979
temblor	979
hebreo	979
frigorífico	979
pollas	979
enviara	979
first	979
esperarte	979
casanova	979
alquila	979
landry	978
a.j.	978
valija	978
regalito	978
benedict	978
liberarme	978
dependiente	978
esperarme	978
preparándose	978
psicópatas	978
correccional	978
olvidarnos	978
avergüenzas	977
tripa	977
tex	977
sometido	977
costando	977
superioridad	977
pregúntaselo	977
huecos	977
atascados	977
gustando	977
cumplas	976
vencedor	976
cnn	976
diariamente	976
pagados	976
recordaría	976
foley	976
toto	976
entrometerme	976
hoyt	976
intolerable	976
láctea	976
elevada	976
hipotéticamente	975
cuidate	975
mision	975
mecha	975
novata	975
sexys	975
habíais	975
acostada	975
zachary	975
rincones	975
castiga	974
divorciarse	974
cretinos	974
guantera	974
cumplirá	974
regresaba	974
water	974
encontraríamos	974
trabajara	974
robarte	973
shield	973
interrumpa	973
observo	973
evasión	973
tropecé	973
bambi	973
epa	973
cruzaron	973
00ffff	973
thatcher	973
aguantarlo	973
contesté	973
desgracias	973
garrison	973
prendió	973
belga	973
kg.	973
mendigos	973
campamentos	972
enviaba	972
holocausto	972
sinfonía	972
patrocinadores	972
decorar	972
serenidad	972
ancha	972
convictos	972
nitrógeno	972
provocación	972
decepcionarte	972
má	971
conceptos	971
vicepresidenta	971
gradué	971
déjenla	971
dictadura	971
parta	971
bat	971
tofu	971
propulsión	970
puñalada	970
estadía	970
hung	970
federico	970
pacific	970
chaquetas	970
importarle	970
osaka	970
darla	969
hs	969
afirman	969
limpien	969
conjunta	969
vidrios	969
inclino	969
sans	969
subtitulos	969
atraparán	969
toxinas	969
detallado	969
desperdiciado	969
defenderte	969
wyoming	969
reflexión	968
denos	968
ridiculo	968
roscoe	968
mecánicos	968
detendrán	968
bonjour	968
bengala	968
pinocho	968
ganara	968
ganen	968
mercenario	968
orange	968
drogadicta	968
disculpadme	968
imaginan	968
greer	968
vicios	967
decidle	967
volverlo	967
gnomo	967
esferas	967
emile	967
enamorando	967
repitiendo	967
necesitarías	967
bee	967
oliva	967
voten	967
enfrentarnos	967
relájense	967
conner	966
simular	966
oíd	966
conocerse	966
haskell	966
almejas	966
garza	966
atrasada	966
retratos	966
alcaldesa	965
favorable	965
melody	965
cooperativa	965
elaborado	965
salt	965
referente	965
editores	965
importarme	965
primas	965
freya	965
valoro	965
olsen	965
denuncias	965
flotar	965
colesterol	965
tócame	964
decid	964
pajar	964
apache	964
sinatra	964
nelly	964
perjurio	964
negué	964
niñeras	964
precisos	964
convencerlos	964
imparcial	963
pezón	963
gubernamental	963
alcanzan	963
corbatas	963
ewing	963
j.r.	963
majo	963
encantadoras	963
marius	963
draper	963
alejate	963
inolvidable	962
inhumano	962
impreso	962
aprovecharse	962
hormigón	962
bing	962
devastador	962
mocosa	962
harding	962
continental	962
primitiva	962
desempleado	961
hodges	961
balazo	961
pas	961
alejando	961
sustento	961
queridas	961
furgón	961
excitada	961
concentrada	961
deportista	961
exorcismo	961
aterrada	961
finas	960
pestañas	960
antojo	960
cagué	960
registrando	960
leigh	960
seguirla	960
arruinas	960
apreciado	960
compás	960
flaca	960
nominado	960
mantenla	960
disponer	960
hallaste	960
estrictas	960
concejo	959
descarada	959
buitre	959
eligiendo	959
rodante	959
tornillos	959
quereis	959
apestosa	959
trucha	959
wing	959
liebre	959
espirituales	959
cargó	959
ligado	959
pretendiendo	959
úlcera	958
mensajeros	958
portas	958
intentaban	958
llevarlas	958
irritable	958
analizado	958
casta	958
deslumbrante	958
reconsiderar	957
informan	957
activista	957
canten	957
delaney	957
andreas	957
asiáticos	957
grandullón	957
bol	957
purgatorio	957
casting	957
cochero	957
steiner	957
llamábamos	956
confundió	956
confíen	956
serví	956
mcnally	956
sobrecarga	956
fascinado	955
haréis	955
conmovido	955
buckingham	955
kristin	955
mesero	955
ocupas	955
agitar	955
foca	955
despedidas	955
caemos	955
lsd	955
volantes	955
suertudo	955
transfusión	954
reeves	954
confirmada	954
heladera	954
nikolai	954
enfriar	953
restauración	953
lilith	953
olvídenlo	953
atacarán	953
cupido	953
dudado	953
ecuador	953
revueltos	953
trataría	953
oráculo	953
blanda	953
pillaron	952
textura	952
dejáis	952
kaos	952
casilla	952
aseguré	952
préstame	952
apretada	952
casinos	952
erudito	952
revertir	952
comprobación	952
sociedades	952
fallan	951
aprendan	951
extrañaste	951
quejan	951
inn	951
específicos	951
curarte	951
superé	951
templos	951
amargura	951
vlad	951
administrar	950
shaolin	950
intelecto	950
afirmar	950
enamoraste	950
tenerlas	950
competidor	950
nilo	950
brusco	950
torturas	950
enterré	950
tonya	950
arreglen	950
teóricos	950
beneficia	949
clínico	949
contestaste	949
asombra	949
ayúdenos	949
susurra	949
fósiles	949
coalición	949
existes	949
mándame	949
soñador	949
agarras	949
reparte	949
impresora	949
sufrirá	949
hablarán	949
latiendo	948
janey	948
sykes	948
caminen	948
cúal	948
fingió	948
viudo	948
filmado	948
sorprendí	948
incremento	948
elijan	948
vulcano	948
decepciones	948
trafico	948
horacio	948
obediente	948
vertebral	948
adorno	948
leido	947
amarla	947
comportado	947
pelirrojo	947
levantará	947
crecía	947
duffy	947
obstinado	947
perturbador	947
guion	947
raylan	947
pensiones	947
tortas	947
sinceras	947
travesía	947
sorprenderá	947
tirados	947
garibaldi	947
aeropuertos	947
deséame	946
remonta	946
rabioso	946
calcuta	946
comprensiva	946
malestar	946
involuntario	946
diecinueve	946
ole	946
goldman	945
cambiarán	945
arruinaron	945
construcciones	945
finos	945
escuchara	945
juzga	945
engañes	945
magníficos	945
brewster	945
revolucionaria	945
humildes	945
inmóvil	944
aproximación	944
seran	944
usarán	944
benji	944
atracciones	944
propuse	944
vasto	944
saborear	944
argelia	943
alternativo	943
paramédico	943
cowboy	943
jodiste	943
sujetar	943
maguire	943
hamptons	943
interacción	943
prójimo	943
ofreciste	942
interpone	942
aldo	942
living	942
scouts	942
participó	942
génesis	942
eslabón	942
dina	942
budista	942
renuncias	942
auditorio	942
recomendar	942
vá	942
adler	942
indefensos	942
intermedio	942
traumático	941
agradecérselo	941
fidel	941
marches	941
permití	941
vuélvete	941
deshonesto	941
curro	941
inicialmente	941
prefecto	941
correré	941
simms	941
largarme	941
ies	941
indique	941
peregrinos	940
agarrando	940
funcional	940
apurate	940
continúas	940
contratamos	940
entreguen	940
elvira	940
haberlas	940
petersburgo	940
sherwood	940
rechacé	940
diplomacia	939
refugios	939
sífilis	939
desconcertante	939
penoso	939
travesuras	939
superhéroes	939
llamad	939
susceptible	939
descuide	939
saltas	939
examinando	939
aposté	939
espagueti	938
cage	938
underwood	938
pagina	938
sellada	938
reforzar	938
scooter	938
cutler	938
fabricantes	938
inventaste	938
asumió	938
grimes	938
pergamino	938
farmacéutico	938
naruto	937
espectador	937
modas	937
desafortunada	937
inmigrante	937
contribuyentes	937
errante	937
viéndolo	937
nerds	937
arrestan	937
atractivas	937
mantendría	937
bocazas	937
derby	936
empezarán	936
retórica	936
sujétalo	936
aprobada	936
pintalabios	936
vicario	936
recibiré	935
tirad	935
pusieras	935
oís	935
pretenden	935
fango	935
ale	935
reírme	935
cisco	935
cartwright	935
corporativa	935
remos	935
castillos	935
mírelo	934
generadores	934
habias	934
duerman	934
trina	934
mandarle	934
épico	934
sonría	934
agarramos	933
heces	933
subiste	933
luka	933
amarlo	933
terca	933
aras	933
contratiempo	933
clasificación	933
iceberg	933
sabotear	933
entenderán	933
prohibió	933
fat	933
melocotón	933
garth	933
micah	932
altera	932
póster	932
box	932
metropolitana	932
o.k.	932
aldeas	932
vincenzo	932
estupendos	932
discípulo	932
liberarte	932
volé	932
posar	932
genocidio	932
diríjanse	932
alain	931
mételo	931
enamore	931
jefatura	931
stefano	931
hábitat	931
selma	931
sentían	931
disminuir	931
encubrir	931
curada	931
destacado	931
confrontación	931
indefinidamente	931
agarraste	930
patriotas	930
maternal	930
incertidumbre	930
farmacéutica	930
consola	930
heredó	930
guionista	930
acostumbras	930
pararon	930
negarme	930
ambulancias	930
asombro	930
sven	930
gángster	930
henrik	930
suavidad	930
confirme	930
reencarnación	930
anotación	930
oirme	930
princesas	929
rogué	929
dark	929
repetidamente	929
cenaremos	929
guiará	929
tose	929
significará	929
cripta	929
font	929
subdirector	929
retírese	929
permitimos	928
bowman	928
cósmico	928
arpía	928
migas	928
í	928
potasio	928
aceptara	928
gobernante	928
genialidad	928
misteriosos	928
secuestros	928
anonimato	928
reactores	928
pioneros	928
observan	928
vagamente	928
recibas	928
suposiciones	928
jirafa	928
fracasos	927
celosos	927
buscad	927
románticos	927
ocultarse	927
ogro	927
bahamas	927
investigarlo	927
vocales	927
seiya	927
discutamos	927
caballito	927
reúnete	927
hit	927
ordenada	927
pillan	927
nichols	927
job	927
entregaron	927
transmisiones	926
elfo	926
denton	926
clones	926
jojo	926
cápsulas	926
essex	926
envolver	926
irreal	926
confesiones	925
rebote	925
pescados	925
sueno	925
selina	925
aguantas	925
palas	925
hitchcock	925
defendernos	925
constancia	925
consideré	925
agitación	925
racistas	925
integral	925
licenciado	925
remedios	925
opinar	924
carmela	924
gringo	924
baterista	924
precisas	924
speed	924
confiando	924
valido	924
acompáñeme	924
tendra	924
arkansas	924
venezuela	924
pararé	924
ice	924
demandado	924
desapercibido	924
mintieron	923
hazaña	923
erika	923
sorprenderme	923
parcela	923
encierro	923
reservé	923
bombardero	923
idioteces	923
gertrude	923
mírenlo	923
divertiste	922
perdonó	922
paganos	922
soportas	922
grabamos	922
soportado	922
amenazan	922
divierto	922
gaius	922
erm	922
lastimen	922
concluido	922
dardo	921
jekyll	921
controlarte	921
sereno	921
sandía	921
tramo	921
acostamos	921
invadido	921
remar	921
parecerse	920
agarrarlo	920
sì	920
senda	920
hocico	920
daleks	920
vader	920
explosiva	920
capitalista	920
muriel	920
decirtelo	920
socialmente	920
bright	919
davidson	919
vibra	919
puma	919
entrometido	919
cerrad	919
divya	919
salazar	919
abdul	919
burocracia	919
demolición	919
regente	919
intentarán	919
freír	919
voilà	919
ridículas	918
puntaje	918
silenciosamente	918
concepción	918
cumples	918
sacarán	918
company	918
enfría	918
ordenando	918
garfield	918
tiza	918
peleo	917
prisas	917
church	917
eliminada	917
ryu	917
digáis	917
then	917
ehm	917
darby	917
sácanos	917
trabajábamos	917
wilder	917
consideró	916
temporizador	916
insinúas	916
espantapájaros	916
célebre	916
delirios	916
recogerá	916
inversor	916
pawnee	916
lahey	916
feminista	916
mafiosos	916
intensivos	916
abría	916
dígitos	916
die	916
lancé	916
calculo	916
manejan	915
swanson	915
articulo	915
remy	915
glasgow	915
bristol	915
infantes	915
cochera	915
absorber	915
necesitados	915
sorprendes	915
birmingham	915
destruiste	915
remera	915
aportar	915
saltan	915
calentador	915
derrite	914
votó	914
decidiré	914
casper	914
goodman	914
confia	914
sarcástico	914
asgard	914
kan	914
heath	914
alertas	914
incontables	914
lanzan	914
fúnebre	913
earp	913
pintada	913
mostraremos	913
hipocresía	913
decadencia	913
inspectores	913
urbano	913
agregado	913
viv	913
preocupamos	913
car	913
robby	913
meghan	913
finjas	912
jodete	912
suelos	912
cubrirá	912
chevy	912
gratuito	912
saúl	912
alejarnos	912
centrarnos	912
eureka	912
encontraban	912
servirán	912
grillo	912
kaylie	912
ignorarlo	912
fallaron	912
conchas	912
adelantar	911
despidiendo	911
romperle	911
acecho	911
mamíferos	911
admiraba	911
subxpacio	911
cárceles	911
need	911
apoderarse	911
ciervos	911
nasal	911
femeninos	911
extraoficialmente	911
arrow	911
apurarnos	910
ocupó	910
sandwiches	910
cuelguen	910
impermeable	910
axe	910
malcom	910
ladra	910
descontento	910
perrera	910
doquier	909
polen	909
vendedora	909
alardear	909
keen	909
mojar	909
estudiaste	909
piscinas	909
desesperadas	909
buscarán	909
custer	909
impertinente	909
bret	909
amaban	908
quemo	908
prende	908
negaron	908
sufrí	908
videojuego	908
intimidar	908
usarás	908
largamos	908
lassie	908
olaf	908
nathaniel	908
perfiles	908
zelda	907
milan	907
sustituta	907
kms	907
mortalidad	907
frita	907
quedarías	907
escándalos	907
consumido	907
ingresó	907
su-des	907
viagra	907
cheng	907
esperarás	907
combinar	906
educados	906
sociópata	906
beaumont	906
saltamos	906
ex-novia	906
abusado	906
concebir	906
bean	906
desliza	906
fallamos	906
satelital	906
épica	906
virtualmente	906
inquisición	906
sugerido	906
grabé	906
unan	905
nbc	905
apretados	905
deletrear	905
visibles	905
smallville	905
tráiganlo	905
ingeniosa	905
bermudas	905
preguntara	905
tomaras	905
atraparlos	905
radiador	905
dabas	905
delegados	904
notificación	904
cobrando	904
desacato	904
incienso	904
estudiamos	904
recomendado	904
aguarden	904
leeds	904
espontánea	904
avalancha	904
arrestarte	904
jeque	904
ohhh	904
cuidamos	904
elemental	903
visite	903
berger	903
kabir	903
marinas	903
óxido	903
burlan	903
dártelo	903
prepararlo	903
pedacito	903
fastidia	903
myra	903
psicosis	903
elderman	903
gareth	903
diversidad	902
meade	902
please	902
lejanos	902
marsha	902
pancho	902
sostenga	902
hussein	902
major	902
márchese	902
curarse	902
usarse	902
concesión	902
asegurate	902
comportando	902
lama	902
tanaka	902
juntando	901
didi	901
hiro	901
sueles	901
valora	901
controlas	901
percibo	901
poe	901
indudablemente	901
serbia	901
comunica	901
inesperadamente	901
renos	901
berlin	901
vacio	901
atrevida	900
fabricado	900
protestante	900
insignificantes	900
activada	900
belinda	900
concentrar	900
elegiría	900
violentamente	900
olvidaría	900
clasificados	900
solemos	899
pastelería	899
portaaviones	899
aseguren	899
campanilla	899
antonia	899
vin	899
apúrese	899
esquivar	899
devolveremos	899
permitiendo	899
linternas	899
pusieran	899
pubertad	899
silbido	899
asada	899
mujerzuela	899
andén	898
bacalao	898
shay	898
porristas	898
pastores	898
empujé	898
willard	898
vaina	898
pateó	898
judios	898
esquizofrenia	898
davenport	897
magdalenas	897
incentivo	897
merrick	897
techos	897
clip	897
cubanos	896
disparada	896
jt	896
pintores	896
empezaría	896
diámetro	896
modificado	896
ex-novio	896
complicados	896
lino	896
dusty	896
incendiar	896
atacamos	896
ferretería	896
contaminada	896
malibú	896
rumorea	896
íntimas	895
hawái	895
guardabosques	895
causará	895
tickets	895
vértigo	895
ámbar	895
cósmica	895
próstata	895
turbo	895
disparará	895
escucharlos	895
publicista	895
entregaste	894
operado	894
hartos	894
sub	894
mister	894
agitada	894
acostumbro	894
excesiva	894
encubrimiento	894
caga	894
corresponsal	894
aplicaciones	894
sidra	894
marcados	894
espécimen	894
toledo	894
monada	893
dane	893
cocos	893
mad	893
irrumpió	893
perforar	893
marciano	893
aprenderé	893
cordelia	893
ámsterdam	893
asesoramiento	893
liberty	893
tempestad	893
cornell	893
conservadores	893
fraser	893
sonora	893
glamour	893
cuidaría	893
spiderman	892
ambiciosa	892
fastidies	892
olímpico	892
jp	892
elfos	892
hiroshi	892
tecnologías	892
conquistado	892
registradora	892
pásala	892
ubicar	892
llegados	892
salones	892
pre	892
escapada	892
fértil	892
placentero	891
rechazaron	891
faltando	891
arrecife	891
group	891
felicitarte	891
fundamentales	891
valium	891
destruyan	891
charlene	891
sufrieron	891
franny	891
lagrimas	891
cancelarlo	891
preñada	890
jameson	890
intrusión	890
querríamos	890
macbeth	890
maddox	890
lienzo	890
funciono	890
cagó	890
ginecólogo	890
cometes	890
giran	889
recuéstate	889
zarpar	889
iluminar	889
polvos	889
peros	889
atrapo	889
anjali	889
estira	889
tiraba	889
enana	889
influir	889
talibanes	888
convirtiera	888
alergias	888
gon	888
ipod	888
strippers	888
colonial	888
caminaré	888
tonight	887
gobierna	887
defiendes	887
exigencias	887
desván	887
darlene	887
vajilla	887
canario	887
financieras	887
altercado	887
tostadora	887
candidatura	887
estela	887
richardson	887
rescatado	887
firmando	886
marque	886
estragos	886
concursos	886
pesimista	886
espaguetis	886
permaneció	886
incrementar	886
ofenda	886
hermann	886
confort	886
pudiésemos	886
válgame	886
encontráramos	886
profe	886
exhala	886
face	886
despedimos	886
fundó	886
revisemos	886
comprara	885
repararlo	885
aprendemos	885
olímpicos	885
toleraré	885
conoceros	885
ilse	885
alegrías	885
inválido	885
fíjense	885
enseñamos	885
domo	885
bombardeos	885
manipulando	885
sweets	884
verifica	884
centauri	884
errónea	884
fire	884
conservas	884
beka	884
cubano	884
partícula	884
leona	884
im	884
troncos	884
extremas	883
pesan	883
festivo	883
cesto	883
parecéis	883
dique	883
gras	883
moralmente	883
vocal	883
utilizo	883
pulseras	883
secuestrados	883
golpéalo	883
valiosas	883
jugoso	883
arriesgó	883
agresivos	883
manifestaciones	883
fundamento	882
guarra	882
espérenme	882
espontáneo	882
guíe	882
fulana	882
golpees	882
descubriendo	882
ramona	882
esqueletos	882
largarte	882
pudín	882
bleep	882
hyuk	882
manu	882
opuesta	882
contraste	882
graciosas	881
metano	881
cocido	881
direccion	881
santificado	881
sucesivamente	881
magda	881
matare	881
identificada	881
abadía	881
arterias	881
acordó	880
entregarse	880
marple	880
foyle	880
raines	880
detonación	880
criaron	880
saludarte	880
mocos	880
vigilaré	880
taquicardia	880
desodorante	880
pagarles	880
metiera	880
arreglan	880
insistiendo	879
vikingos	879
relevancia	879
cuelgan	879
gratificante	879
recuperaremos	879
sunset	879
stand	879
fiasco	879
activó	879
permitirle	879
humildemente	879
ahogarse	879
defectuoso	879
ceguera	879
permitieron	878
señaló	878
cabecera	878
buscaría	878
bastidores	878
probarme	878
extendió	878
procesión	878
poole	878
channing	878
bradford	878
expulsaron	878
estallido	878
impida	878
clínicas	877
lestrade	877
arreglarla	877
pesaba	877
persuadir	877
mtv	877
hendrix	877
levantamiento	877
echarnos	877
quedaran	877
paladar	877
ruidosa	877
chorro	877
curiosamente	877
tropezó	877
ría	877
convencerle	876
conseguirán	876
ephram	876
caseta	876
escaneo	876
guillotina	876
woman	875
deducir	875
extraordinarios	875
envejecido	875
dispone	875
irónicamente	875
registrados	875
energética	875
wilbur	875
mejoró	875
operativos	875
mirara	875
huyas	875
viniese	875
terrorífico	875
esenciales	875
vandalismo	874
feel	874
superan	874
titulo	874
diversas	874
asaltado	874
intencionalmente	874
nebulosa	874
hinchazón	874
marin	874
acompañantes	874
bailado	874
conveniencia	874
derrumbó	874
brandt	874
motivado	874
pandilleros	874
proporciones	874
lio	874
capturó	873
secar	873
bombardear	873
rj	873
divertiremos	873
matarías	873
intensamente	873
consumiendo	873
ninjas	873
mudaste	873
ms	873
peones	873
apoyó	873
cirujana	873
privilegiada	873
sabine	873
involucrarte	873
embustero	873
infraestructura	873
insinúa	872
newark	872
patti	872
estalla	872
apuñalar	872
giros	872
debi	872
almendras	872
bucle	872
eisenhower	872
diminuta	872
liquidar	872
paranormal	872
agita	872
afición	872
tardo	872
cambiaba	872
milagroso	871
discúlpenos	871
colgados	871
campañas	871
carino	871
concreta	871
ceño	871
reciban	871
largaos	871
fotográfica	871
empeorado	871
four	871
hiere	871
estrangulada	870
dunham	870
moveré	870
dignos	870
very	870
orador	870
recuperarte	870
encontro	870
ferris	870
exquisita	870
licores	870
milly	870
cargados	870
sacudida	869
negativas	869
avergonzarme	869
severamente	869
palillos	869
turtle	869
swift	869
impedido	869
mátenlo	869
coincidir	869
arreglaron	869
estropeó	869
robarlo	868
cobras	868
ex-marido	868
bañarme	868
revolucionarios	868
barlow	868
paradoja	868
ampollas	868
caseros	868
facultades	868
priscilla	868
entregara	868
empatados	868
s.h.i.e.l.d.	868
destruidas	868
quitarnos	868
pétalos	867
predicción	867
manantial	867
exterminar	867
joyero	867
basándose	867
emborracharme	867
abriera	867
tranquilizante	867
voladora	867
merecías	867
escoja	867
selfridge	867
xxi	867
a.c.	867
ilustre	867
weber	867
especializado	867
jaffa	867
atacará	866
gráficos	866
cincinnati	866
maja	866
ac	866
frankfurt	866
entristece	866
escapará	866
patentes	866
apaches	866
bayas	866
mirate	866
rinoceronte	866
enfríe	866
ruiseñor	866
busto	866
retiraron	865
británicas	865
clandestino	865
topanga	865
supéralo	865
wilcox	865
poseída	865
parando	865
aa	865
storm	865
dividimos	865
guardes	865
solemnemente	865
sms	865
room	865
salías	865
luchadora	865
anticipación	865
jala	865
movámonos	865
deseé	865
cobró	865
forasteros	864
juzgue	864
metralla	864
reuben	864
quot	864
refinado	864
dibuja	864
despiértate	864
apagadas	864
dickens	864
compartimiento	864
cabales	864
cuadrilla	864
inclinado	864
pondrías	863
accion	863
ardientes	863
quejó	863
derramó	863
kiss	863
caido	863
thelma	863
marla	863
quererlo	863
deténte	863
destrozados	863
dustin	863
alcoba	863
reteniendo	863
babilonia	863
arreglarte	863
mandarte	863
acelerando	862
fuésemos	862
disculpeme	862
opinion	862
respetuoso	862
sintieron	862
odo	862
latinos	862
buscándome	862
pija	862
interrumpas	862
winslow	862
gentileza	862
aumentó	862
brownies	862
relativo	862
temerario	862
interferencias	862
emplear	862
ajustados	861
electricista	861
diseñé	861
listillo	861
indigno	861
hundiendo	861
aprovechado	861
philadelphia	861
fleischman	861
sostengo	861
aventurero	861
obsesivo	861
colocando	861
obsceno	861
lograré	861
maestría	861
explotando	861
yan	861
mantuvieron	860
alcantarillas	860
agarran	860
putita	860
pin	860
compasivo	860
patéticos	860
licencias	860
molestaré	860
llévalos	860
asustaba	860
abrirme	860
abrumador	860
avanzados	859
aceleración	859
martinis	859
aclare	859
escote	859
boludo	859
eiffel	859
jugadora	859
cavidad	859
avíseme	859
mcqueen	859
haznos	859
alivia	859
repulsivo	859
mátalos	859
felíz	859
sueca	859
sostenlo	859
durant	859
normandía	859
penetración	859
vendimos	859
bancario	859
decision	858
palitos	858
aseguraremos	858
sorprendidos	858
juzgo	858
prescripción	858
lastimaría	858
ulises	858
asfalto	858
asesinas	858
revuelto	858
tuvieses	858
emparedado	858
urgentes	858
bartlett	858
seguías	858
heinrich	858
innumerables	858
arriesgas	857
imparable	857
collares	857
potro	857
pudra	857
snake	857
especificaciones	857
armand	857
informo	857
olé	857
destruimos	857
atendido	857
flexiones	857
infidelidad	857
temido	857
recé	857
educativo	856
ajeno	856
contestaré	856
entregues	856
guiado	856
carey	856
moco	856
aprendieron	856
realizada	856
asesiné	856
certificados	856
asquerosas	856
túnica	856
largarse	856
artritis	856
gigantesca	856
cacharro	856
aparentar	855
chul	855
davy	855
perdonaría	855
lanzo	855
psiquiatras	855
participado	855
borrosa	855
chinatown	855
trinchera	855
elogio	855
elton	855
agradaba	855
tardanza	855
inundaciones	855
asesores	855
favorece	855
leila	854
deban	854
aquéllos	854
entraría	854
convicciones	854
podre	854
nevando	854
xi	854
yolanda	854
edo	854
renée	854
sentirán	854
practico	854
hablad	854
infalible	854
marcharé	854
démelo	853
helio	853
krusty	853
lip	853
muéstrate	853
cómic	853
pong	853
cantinero	853
beisbol	853
representaba	853
respetas	853
investigó	853
formalidades	853
cosméticos	853
rouge	853
precipitado	853
expresado	853
principiantes	853
dentales	853
puñal	853
limones	853
dañó	852
deteniendo	852
conversión	852
delicados	852
entregan	852
resistió	852
investigadora	852
hermosura	852
romperlo	852
vaginas	852
caverna	852
brille	852
místico	852
tentado	852
rockefeller	852
acompañarla	852
surfear	852
esperándolo	852
acuático	852
retrasa	852
inexplicable	851
costello	851
inframundo	851
deberian	851
ágil	851
emocionantes	851
ching	851
fideicomiso	851
confiaría	851
fae	851
levantarlo	851
dotado	851
realización	851
burgess	851
carlson	851
divorciar	851
polaca	851
desaparezcan	851
granito	851
quark	850
gallos	850
conoceré	850
vinny	850
frecuentes	850
cogerle	850
ex-mujer	850
amenazaron	850
gramo	850
arruinaría	850
chupando	850
faltaban	850
bessie	850
talismán	850
devuélvelo	850
antelación	850
centinela	850
roles	850
combinado	850
específicas	850
observaba	850
chefs	850
proposito	850
rechazaste	850
hematoma	850
jugaron	850
dá	850
atreva	849
segmento	849
embrague	849
sim	849
hell	849
films	849
preocupé	849
lyla	849
pelado	849
resentido	849
presumido	849
cerraste	849
jugaban	849
pulg	849
bernardo	849
meterá	849
dividida	849
ciclos	848
halo	848
antaño	848
seductor	848
jaqueca	848
concedo	848
lanzamos	848
diversiones	848
alcanzarlo	848
revelan	848
descubrirás	848
marcianos	848
suicidarte	848
ar	848
aaah	848
quejándose	848
renunciaste	848
narcisista	847
arriesgaría	847
abuelito	847
escribiera	847
bev	847
lidia	847
sufrimos	847
spider	847
flo	847
frustrada	847
lost	847
aguantará	847
causarle	847
arañazos	847
partidas	847
celebraremos	847
indonesia	847
idéntica	846
contrabandista	846
agárrenlo	846
reconciliación	846
lan	846
tomados	846
sentís	846
charly	846
cruise	846
cochecito	846
mellie	846
llamativo	846
peel	846
toxina	846
pegajosa	845
autógrafos	845
erich	845
desastroso	845
localizarlo	845
lamentarás	845
puñaladas	845
portando	845
céntrate	845
sarpullido	845
senior	845
quincy	845
poético	844
consumidor	844
stars	844
situado	844
obteniendo	844
petey	844
asique	844
vendidos	844
nublado	844
biológicos	844
tobias	844
click	843
trastornado	843
soprano	843
parecidas	843
millon	843
rezaré	843
lastimas	843
bulldog	843
cantemos	843
cansas	843
doblado	843
resolviendo	843
jockey	843
tiemblan	843
reconocerá	842
subirte	842
hurtadillas	842
pagarla	842
oakland	842
peck	842
ernst	842
dedicó	842
entrarás	842
descubriera	842
prision	842
ares	842
problemita	842
rehacer	842
asombrado	842
kendra	841
mcnamara	841
susurro	841
gritarle	841
huy	841
mezclas	841
amnistía	841
cambiarás	841
procesando	841
hotch	841
olvidada	841
ronny	841
dándote	841
bucear	841
tutora	841
asaltaron	841
informaciones	841
cartucho	841
lastimarme	841
ataúdes	841
connors	841
gómez	841
dubai	841
busqueda	841
quererme	840
ocultan	840
prohibir	840
gallinero	840
carnes	840
honrados	840
recitar	840
mantened	840
ceros	840
negando	840
cometimos	840
formaron	840
predijo	840
vogel	840
entrarán	840
ideología	840
emmet	840
dudé	839
dublín	839
industriales	839
declare	839
obtuvieron	839
prudencia	839
luchaba	838
franquicia	838
complicación	838
gremio	838
indicador	838
barclay	838
gansos	838
refieren	838
inquietud	838
atrapadas	838
detuviera	838
infracción	838
aclararlo	838
abertura	838
finges	838
perspectivas	838
loto	838
expresiones	837
corregidos	837
problemática	837
confundiendo	837
visuales	837
electo	837
salieras	837
observadores	837
lidera	837
annalise	837
janeway	837
estímulo	837
renal	837
encontrarlas	837
navideña	837
añicos	836
rendirnos	836
literal	836
ultrasonido	836
patton	836
llévense	836
rotura	836
funk	836
muéstrales	836
ráfaga	836
poned	836
pisando	836
recordarán	836
gore	836
histérico	836
indigente	836
apágala	836
coágulo	836
joanie	836
espérate	836
preguntarlo	836
interesó	835
firmeza	835
crockett	835
craneal	835
conducirá	835
vicioso	835
conquistador	835
cuellos	835
trump	835
troll	835
rublos	835
college	835
abrumado	835
detonar	834
mckinley	834
port	834
hiroshima	834
faros	834
autorizó	834
dióxido	834
explotan	834
acuerdan	834
violadores	834
travesura	834
quarterback	834
ying	834
chalecos	834
teóricamente	834
halaga	834
castigarme	834
camarón	834
krista	834
maldecir	834
mit	833
epinefrina	833
chimpancé	833
funcionen	833
mareas	833
pisado	833
bautista	833
irrespetuoso	833
diaz	833
idénticas	833
huang	832
entenderme	832
meyers	832
limpiarte	832
controlamos	832
preocupando	832
banjo	832
burlarte	832
telefonear	832
lavon	832
planeada	832
sabrían	832
lubricante	832
echarse	832
divorcios	832
crezcan	832
arruinados	832
pique	832
desafía	832
comodidades	832
pretendiente	832
soportaba	832
aseo	831
discuten	831
corán	831
cloaca	831
servirme	831
gerencia	831
discute	831
identifica	831
peleaste	831
investigan	831
decirselo	831
empapada	830
caparazón	830
soñaste	830
gunther	830
nutrientes	830
duplicado	830
menciono	830
jimi	830
equivocarse	830
florecer	830
protejan	830
mandarlo	830
limita	830
emotivo	830
hathaway	830
apago	830
carlisle	830
bertha	829
peleé	829
pisas	829
planeaste	829
cúbranse	829
confesarte	829
parara	829
voltios	829
atrocidades	829
esgrima	829
halagada	829
barricada	829
superará	829
suboficial	828
estratégica	828
península	828
jeb	828
revoluciones	828
bajarme	828
cerrará	828
estantes	828
hagamoslo	828
tacón	828
llamáis	828
diversos	828
connell	828
elías	828
calva	828
frágiles	828
raoul	828
sudán	827
heredar	827
recolectar	827
ness	827
follado	827
ritz	827
túmbate	827
interfiriendo	827
ofensas	827
rentable	827
lanzadera	827
atasco	827
n-no	827
baron	827
gogh	827
enseñarnos	827
devuelta	826
sevilla	826
sospechan	826
lapicera	826
óptica	826
fulano	826
incursión	826
sírvase	826
empleador	826
obligue	826
mayer	825
popó	825
beijing	825
hinchada	825
nombramiento	825
arboles	825
facilitar	825
cubrirlo	825
estética	825
pío	825
cc	825
blackie	825
secuencias	825
keep	825
escaparate	825
nt	824
acusaron	824
amando	824
rene	824
revoir	824
qui	824
chorlito	824
infieles	824
elogios	824
beep	824
salieran	824
comentó	824
hacedlo	824
despertarlo	824
interceptar	824
descafeinado	823
colateral	823
plagas	823
antártida	823
amados	823
namaste	823
doradas	823
prótesis	823
difundir	823
galáctica	823
incondicional	823
entregada	823
surgen	823
porra	822
sanchez	822
kelsey	822
llevársela	822
estrangulado	822
incompetencia	822
adoptada	822
orquídeas	822
apruebe	822
desvanece	822
observé	822
agradezcas	822
ponlos	822
excremento	822
curará	822
alegró	822
obligatoria	822
haití	822
inspirada	822
próximamente	822
rafe	822
conoci	821
everest	821
camila	821
enmascarado	821
cortados	821
volvio	821
susana	821
recreación	821
pekín	821
conectadas	821
asumimos	821
corporales	821
traicioné	821
fije	821
mariscos	821
desafiante	821
descanses	821
procesamiento	821
rach	821
rendimos	820
baraja	820
mantuviera	820
vinculado	820
driscoll	820
jong	820
repítelo	820
geometría	820
pine	820
tenebroso	820
ejecutados	820
indignante	820
prueben	820
mosqueteros	820
cubran	820
abrirán	820
hablador	820
stokes	820
váter	820
regresiva	820
escucharán	820
cobrado	820
recomendaciones	820
comuna	820
partiendo	820
mandos	820
tariq	820
ludwig	819
dejase	819
cucharas	819
pacíficamente	819
encargarnos	819
plazas	819
continentes	819
deseen	819
derramado	819
fregar	819
provincias	819
vallas	819
mcbride	819
mezclan	819
cancelaron	819
patrañas	819
oscurezca	818
generosos	818
matilda	818
vancouver	818
cableado	818
distrae	818
colapsó	818
vendaje	818
oregón	818
computación	818
pyo	818
denso	818
pruebo	818
halagador	818
muchedumbre	818
cadaver	818
larkin	818
falsificar	818
continuaré	817
rubí	817
patrona	817
tardando	817
recorriendo	817
equivocaba	817
sybil	817
monarca	817
derrumbe	817
guárdate	817
parrish	817
misteriosamente	817
fascinación	817
tranquiliza	817
finley	817
cantará	817
dottie	817
rain	817
nado	817
protestantes	817
johanna	816
forzando	816
aguantado	816
falle	816
empresarial	816
keaton	816
indígenas	816
samir	816
romperte	816
caffrey	816
oirlo	816
leanne	816
imaginamos	816
orleáns	816
yuan	816
welles	816
poniéndose	816
estacion	815
ups	815
frascos	815
peligrosamente	815
explícate	815
neptuno	815
frentes	815
terminarán	815
dañados	815
vámos	815
pasase	815
wi-fi	815
wonder	815
traerás	815
convenciones	815
agáchense	815
mujercita	815
cargue	815
testosterona	815
engañados	814
hampton	814
mea	814
configuración	814
espesa	814
melbourne	814
mccall	814
tel	814
asiente	814
touchdown	814
ató	814
formaba	814
supermán	814
democrático	814
protectores	814
insuficiencia	814
zeta	814
muriese	814
acostumbrando	814
enchufe	813
aburres	813
vestidor	813
becas	813
dibujado	813
tasas	813
ahórrate	813
moses	813
consta	813
estafadores	813
curiosos	813
cerilla	813
relajar	813
odiarte	813
tod	813
relucir	813
brazaletes	813
quesos	813
meando	813
tucson	812
enciclopedia	812
jose	812
hooper	812
magic	812
serif	812
necesitaras	812
renunciaré	812
percibir	812
púas	812
guardarropa	812
corriste	811
aguardiente	811
sobreviviré	811
sucedieron	811
sacrificó	811
alitas	811
bolton	811
equivale	811
atlas	811
apretando	811
coreanos	811
bajaba	811
sellados	811
schultz	811
instaló	811
break	810
proyector	810
canso	810
almuerzos	810
reformas	810
camarógrafo	810
stones	810
guiño	810
despiden	810
subiremos	810
zac	810
viajas	810
sureste	810
nacimos	809
inflación	809
ren	809
visado	809
soplando	809
agustín	809
compatibles	809
resulto	809
curly	809
avecina	809
stephens	809
pen	809
contados	809
colosal	809
arman	809
masculinos	808
conceder	808
insultante	808
afilada	808
guitarras	808
laila	808
largado	808
pink	808
quitármelo	808
yin	808
fausto	807
debidamente	807
neuronas	807
sabrosa	807
jurada	807
insisten	807
discutieron	807
verían	807
emisiones	807
meditar	807
castigando	807
reporta	807
kristina	806
absuelto	806
something	806
olvidados	806
demostrarte	806
pasea	806
crepúsculo	806
comandantes	806
repollo	806
destroza	806
universos	806
merienda	806
aceptarla	806
paisajes	806
derrocar	806
irrita	806
rescató	805
lancelot	805
marcharon	805
caprichos	805
distribuir	805
diseñados	805
aferrarse	805
correrá	805
introdujo	805
resultaba	805
convertirnos	805
bellísima	805
nathalie	805
ru	805
verificación	805
corrida	805
incomodo	805
ecuaciones	805
cúbrete	805
maniático	805
titanes	805
escojo	805
nba	804
encontrarías	804
equivocarme	804
entrena	804
album	804
comisaria	804
apoyaré	804
ejecuciones	804
ora	804
soon	804
prof.	804
lucie	804
retiramos	804
escéptico	804
tech	804
violaste	804
psicóloga	804
entendimos	803
absolución	803
gastan	803
prior	803
lowell	803
reliquias	803
aorta	803
aumentan	803
chantajeando	803
caídas	803
esforzado	803
recortar	803
acostumbrarás	803
hackers	803
party	803
zurich	803
descubiertos	802
cojamos	802
huyo	802
bajaremos	802
moody	802
muchísimos	802
conmovedora	802
suplicar	802
cher	802
fingía	802
aturdido	802
ramírez	802
japonesas	802
maldigo	802
sinvergüenzas	802
prestados	802
kali	802
hurley	802
escriban	802
mocosos	802
ursula	802
tijera	802
perjudicial	802
autodestrucción	801
aya	801
platón	801
compartes	801
admirado	801
fusibles	801
omaha	801
nacionalidad	801
lancaster	801
desconfianza	801
armó	801
marisol	800
rivalidad	800
tranquilizantes	800
aterriza	800
dirigirá	800
poseía	800
friki	800
historiador	800
noona	800
willoughby	800
digerir	800
condominio	800
cadetes	800
tibio	800
proctor	800
fumadores	800
estantería	800
asegure	800
asistió	800
interfiera	800
pediatra	800
barrotes	800
tanga	799
alcanzaré	799
provee	799
estirado	799
amaste	799
acordaba	799
layla	799
limbo	799
formamos	799
hester	799
pretencioso	799
baekje	799
vengador	799
indirecta	799
sirvan	799
diplomáticos	798
accesible	798
creces	798
ryo	798
abramos	798
desembarco	798
interesar	798
olvidéis	798
turístico	798
fijamos	798
cebra	798
ibm	798
holgazán	798
gob	798
variedades	798
saldar	798
lacayo	798
bebimos	798
levantaré	798
velocidades	798
mercadería	798
delincuencia	798
castilla	797
unánime	797
discretos	797
garret	797
exótica	797
nachos	797
elijas	797
tendieron	797
asesinando	797
muévelo	797
cds	797
blasfemia	797
anticipado	797
ventura	797
quagmire	797
discapacidad	796
tania	796
abominación	796
elmer	796
worth	796
elle	796
cascabel	796
búfalos	796
asociada	796
probaremos	796
derramamiento	796
devastado	796
mueble	796
fascismo	796
confidenciales	796
tocaría	795
proyectil	795
eliminarlo	795
exagerada	795
starbucks	795
melones	795
free	795
compton	795
plutonio	795
tardas	795
regala	795
alcanzando	795
alpes	795
avería	795
observatorio	795
avisaron	795
calmantes	795
ad	794
roxanne	794
hard	794
destruirlos	794
echarla	794
comparada	794
peregrino	794
sharma	794
abbie	794
calabazas	794
breves	794
compartida	794
deep	794
paradise	794
muhammad	794
horizontal	794
alineación	794
relajarnos	794
celebran	794
cabronazo	794
notarlo	794
alcanzará	793
hagen	793
tapón	793
dejándome	793
disneylandia	793
sacarse	793
comprometerse	793
three	793
encierren	793
cancele	793
enfrento	793
lavanda	792
escapara	792
administrativo	792
asustarla	792
aprecian	792
bañado	792
causaría	792
again	792
tijuana	792
bren	792
convertirán	792
acosar	792
travers	792
amazing	792
congela	792
posicion	791
estelle	791
chloé	791
constructores	791
monarquía	791
cacao	791
coopera	791
instrumental	791
rabbit	791
arquero	791
demostrando	791
salirme	791
complicidad	791
lloriquear	791
cullen	791
extraordinariamente	791
muelas	791
ecografía	791
ori	791
cupón	791
ofenderte	791
controversia	791
trailer	791
kylie	790
senti	790
descubrirán	790
talk	790
detesta	790
miau	790
fnmicrosoft	790
derribó	790
limites	790
repartiendo	790
rebeca	790
quitate	790
mangos	790
griff	790
infecciones	790
gwang	790
papelera	790
volaremos	790
pizzería	790
hacérselo	790
admiten	790
payson	789
captado	789
envíos	789
really	789
déficit	789
oírlos	789
aha	789
porvenir	789
franky	789
atienda	789
sembrar	789
manojo	789
respirador	789
brass	789
mackey	789
yul	789
besan	789
tj	789
brasileño	789
ab	789
darth	789
campesina	788
doctrina	788
fijó	788
referías	788
viajé	788
columpio	788
kingsley	788
volvo	788
avergüences	788
wilhelm	788
tonterias	788
asignaron	788
pensaran	788
poni	788
jodes	788
osborne	788
senil	788
viceversa	788
despertamos	788
viviste	788
liberarse	787
renegado	787
porte	787
bhai	787
cojín	787
miki	787
difamación	787
válvulas	787
extrañaría	787
seducción	786
despacito	786
veterinaria	786
milwaukee	786
melancolía	786
comprarse	786
lew	786
descargas	786
providencia	786
moriarty	786
picó	786
potable	786
humillarme	786
naufragio	786
apetezca	786
sta.	786
damian	786
mohammed	786
alegraría	786
calambres	786
moros	786
liviano	786
liberarlo	785
desenterrar	785
retirados	785
levantaba	785
cortejo	785
mora	785
doncellas	785
desayunado	785
sobrinos	785
valeria	785
distingue	785
engañaba	785
pagaban	785
aparezcan	785
hattie	785
coreana	785
testaruda	785
olivier	785
antidepresivos	785
fascinantes	785
sioux	785
cese	785
dormirme	785
moira	784
clem	784
marcie	784
guineas	784
retrospectiva	784
asistido	784
pinchado	784
brand	784
informantes	784
duraría	784
britta	784
alquilé	784
tap	784
markham	784
influyente	784
recibirlo	784
mánager	784
donnelly	783
burros	783
chusma	783
laurence	783
nuño	783
gill	783
plateada	783
segun	783
estéreo	783
mareos	783
huela	783
scooby	783
defiendo	783
sorteo	783
ocasional	783
arcos	783
reproducir	782
casquillos	782
aparenta	782
avanzan	782
carteras	782
ichi	782
arrepentirá	782
verificado	782
conectando	782
aceptarán	782
siguiéndome	782
demorar	782
descendencia	782
viese	782
entrenada	782
resistirme	782
cansó	782
ocupaba	782
ro	782
bloody	782
estrellado	781
windsor	781
proximidad	781
burger	781
aguanten	781
palizas	781
semanales	781
tirarla	781
coles	781
shorts	781
escoceses	781
feeny	781
toxicológico	781
enfadas	781
materna	781
predicar	780
patricio	780
latin	780
shep	780
clavó	780
hindúes	780
aspirantes	780
crazy	780
chop	780
hap	780
ultimas	780
definido	780
hari	780
pensad	780
inofensiva	780
agota	779
ruben	779
agrega	779
apagan	779
cachonda	779
barricadas	779
lunares	779
plantea	779
liberando	779
advertencias	779
mount	779
soltarlo	779
patearé	779
luminoso	778
conmueve	778
filippo	778
roben	778
preséntese	778
promotor	778
seguidor	778
saltamontes	778
castellano	778
juzgarme	778
arsénico	778
law	778
trenzas	778
buscarlas	778
operan	778
sabríamos	778
partiré	778
jonny	777
hazañas	777
hu	777
manejamos	777
empacando	777
family	777
gozo	777
monet	777
intencional	777
penicilina	777
obrera	777
dirigí	777
informarme	777
oyentes	777
empeñado	777
sociable	777
sintieras	777
pasaras	776
llegase	776
consideraré	776
cachemira	776
herederos	776
giró	776
encerrarme	776
disfrutaste	776
ministra	776
money	776
próspero	776
históricos	776
alarmante	776
contratistas	776
detectores	776
cabalgando	776
trasbordador	776
sentadas	776
pandillero	776
garland	775
palabrotas	775
estad	775
escáneres	775
empeoró	775
rascacielos	775
devolviste	775
plazos	775
disputas	775
armería	775
inc	775
igualar	775
contrabandistas	775
comenzara	775
ripley	775
delatar	775
visité	775
cetro	774
palermo	774
spears	774
hornear	774
callejeros	774
momentito	774
bucky	774
llendo	774
jocelyn	774
shadow	774
tráele	774
ubicado	774
arriesgo	774
marché	774
jets	774
bb	774
jobs	773
apagaron	773
norfolk	773
postes	773
lamentos	773
cesárea	773
batear	773
desapareces	773
colecta	773
rufián	773
engordar	773
muriéndose	773
indicación	773
prometas	773
electrones	773
prejuicio	773
respete	773
contagiosa	773
patriotismo	773
rambo	773
instantáneo	773
madden	772
dimitir	772
subtitles	772
mística	772
alistair	772
reembolso	772
jerarquía	772
abandonarlo	772
especia	772
colette	772
solicitamos	772
hemisferio	772
utilizaron	772
superficiales	771
jordania	771
rudolph	771
dispararles	771
macy	771
esperándonos	771
variables	771
recordáis	771
subterránea	771
cuadrada	771
ladrando	771
indulgente	771
castidad	771
residuo	771
jfk	770
coherente	770
insolencia	770
glaciar	770
esforzarse	770
oleada	770
acuso	770
ensaladas	770
arreste	770
polígrafo	770
helene	770
divierta	770
visitaba	770
bañador	770
adorado	770
lgual	770
abandonamos	770
disfrutamos	770
oporto	770
pelucas	769
dae	769
belgrado	769
impedirá	769
tumores	769
determina	769
mascara	769
caño	769
gossip	769
letales	769
kono	769
topé	769
fascina	769
spring	769
podras	769
vigilarlo	769
vous	769
calambre	769
better	769
culata	769
cuarteto	769
wen	769
grabados	769
cógeme	768
abandonarme	768
expectativa	768
bobos	768
carisma	768
alteración	768
liberaron	768
preventiva	768
soltaron	768
lázaro	768
amiguitos	768
loft	768
olvidara	768
apasionante	768
separando	768
volcanes	768
colado	768
proteges	767
linden	767
gastes	767
recámara	767
bash	767
impaciencia	767
soho	767
lavé	767
citando	767
rapidamente	767
descuidada	767
enciendo	767
anticuada	767
carmine	767
renunciando	767
ofrezca	767
kessler	767
singer	766
examine	766
wilkins	766
destruiría	766
enseñes	766
mováis	766
arranco	766
loquero	766
rizado	766
golpeen	766
celebremos	766
alegremente	765
lavadero	765
debia	765
destruí	765
envíes	765
sólidos	765
venderlos	765
veintidós	765
ae	765
rahl	765
preguntarán	765
sonreir	765
milagrosa	765
disfrazada	765
denis	765
monopolio	765
odiaban	764
cabellera	764
hemingway	764
positivamente	764
librarnos	764
ebay	764
invitarlo	764
anotó	764
estupendas	764
reversa	764
peaje	764
facilmente	764
consumidores	764
vds.	764
representado	764
jimbo	764
reclutado	764
dominación	764
mataras	764
micky	764
flanders	764
capuchino	763
creia	763
niko	763
erótica	763
climático	763
ham	763
horrendo	763
munch	763
traiciona	763
científicas	763
ordenaste	763
permanecido	763
safari	763
distritos	763
bruta	763
sucedio	763
valles	763
ensuciar	763
caricias	763
volaba	763
orgasmos	763
alejamiento	763
kaplan	763
rogó	762
démonos	762
lugareños	762
lucio	762
fugitiva	762
fallon	762
despida	762
waldorf	762
oírnos	762
orión	762
logrando	762
adoptivo	762
cines	762
pretty	762
patrullando	762
escondiéndose	762
procedan	762
é	762
incómodos	761
volvían	761
matador	761
productivo	761
espéreme	761
didn	761
cilindro	761
extrañe	761
nooo	761
brendon	761
paraste	761
atraparte	761
embrujado	761
dispararan	761
gastaste	761
quitara	760
nicholson	760
comodoro	760
concursante	760
transcripción	760
estuche	760
nominación	760
chick	760
cipri	760
envejeciendo	760
aéreos	760
ignóralo	760
horton	760
hailey	760
confio	760
evitó	760
sujetando	760
sharp	760
murph	759
thing	759
donner	759
disfrutaba	759
halle	759
desearías	759
astutos	759
embajadora	759
cedric	759
pulsar	759
inusuales	759
devuelven	759
álbumes	759
tratarla	759
clóset	759
borden	759
avanzamos	758
sufres	758
pecera	758
echara	758
navío	758
previos	758
acompañada	757
sanjana	757
salten	757
improvisación	757
absorbe	757
goldberg	757
modificaciones	757
pops	757
dudando	757
consultado	757
oírle	757
pasaran	757
cornudo	757
link	757
prestan	757
indigentes	757
hartley	757
apriete	757
devolución	757
sansón	756
descansado	756
vítores	756
cunningham	756
infinitamente	756
christa	756
aspen	756
resucitado	756
heh	756
cy	756
sanitario	755
tobías	755
deshice	755
manitas	755
ramen	755
oponentes	755
jodie	755
protejo	755
necesitaríamos	755
perspicaz	755
ciro	755
verificarlo	755
metiéndose	755
temblores	755
concuerdo	755
nightingale	755
dudarlo	754
plus	754
brenner	754
hallaremos	754
debates	754
exageración	754
contratando	754
rebanada	754
myrtle	754
volveríamos	754
comiences	754
shorty	754
sandoval	754
samson	754
andante	754
corcho	754
contratada	754
sostenerlo	754
comprendió	754
boli	754
acueste	754
codigo	754
marguerite	754
demandando	753
liquidación	753
leary	753
escondas	753
ayudaras	753
bypass	753
morgana	753
énfasis	753
tau	753
eyes	753
usb	753
peppino	753
practicas	753
recorte	753
dispararán	753
haberos	752
aplaudir	752
tardaría	752
inspirar	752
sureño	752
navid	752
march	752
cuddy	752
resumiendo	752
aplican	752
despiadada	752
tensiones	752
recuperarás	752
apretó	751
conecte	751
ladrar	751
dudoso	751
maris	751
fluir	751
kumar	751
gozar	751
grover	751
tómense	751
tiny	751
imaginó	751
teller	751
rastreamos	751
cavernas	751
permitirán	751
basil	751
lba	751
dramas	750
rochelle	750
indulto	750
orientales	750
cargadas	750
prohibidos	750
derrotados	750
apariciones	750
lau	750
azucar	750
humillada	750
inconvenientes	750
regan	750
manualmente	750
yankee	750
sanguijuelas	750
escucharás	750
llanta	750
asa	750
ultimátum	749
traseras	749
concebido	749
escaso	749
aburriendo	749
estimación	749
traduce	749
rema	749
sor	749
shen	749
crash	749
impotencia	749
keating	749
hernán	749
participante	749
primitivos	749
conseguirnos	749
jem	749
cuco	749
húngaro	749
murmullo	749
goliat	749
mill	749
peña	749
carpenter	749
acompañan	749
señalado	749
recordara	749
compostura	749
resultaría	748
tratarán	748
antibalas	748
castigos	748
bug	748
sospechamos	748
pavel	748
shell	748
brotes	748
batida	748
difunde	748
ordenanza	748
hwang	748
agotados	748
trabajaría	748
bajada	748
gradas	748
comedias	748
annabelle	748
manuales	748
pelearse	748
forge	747
palomo	747
vómitos	747
trajeras	747
superiora	747
sacarás	747
quitarán	747
trizas	747
mantuviste	747
llamándote	747
wilde	747
vern	747
dedican	747
agrícola	747
escapen	747
resista	747
imaginaria	747
aliada	747
carretilla	746
pinos	746
neelix	746
peluda	746
gastas	746
cajita	746
escúpelo	746
exigen	746
recompensado	746
alejas	746
farmer	746
jerri	746
miraron	746
gaviota	746
frambuesa	745
secret	745
divorciaron	745
bancarios	745
utilizaba	745
despertarás	745
ortografía	745
cagaste	745
prefiera	745
ídolos	745
conectamos	745
rendiré	745
iqué	745
kalinda	745
preocupara	745
madurado	745
idealista	745
eficacia	745
carmichael	745
instantes	745
rodeando	744
ciudadanía	744
encierra	744
densa	744
represión	744
orquídea	744
llámale	744
pudieses	744
refugiado	744
madriguera	744
devolviendo	744
mamón	744
insistente	744
controlados	744
obvias	744
instagram	744
olvidarla	744
pateado	744
leñador	743
sitúa	743
ámbito	743
ritos	743
violinista	743
perversa	743
moretti	743
cubrirme	743
ejecuta	743
bip	743
townsend	743
strip	743
platillos	743
vomito	742
sueldos	742
respondía	742
daddy	742
preguntándose	742
recuperes	742
inventos	742
bajarlo	742
recuperarme	742
ilimitado	742
quo	742
votaron	742
tipa	742
calmarnos	742
raju	742
adivinas	742
mayas	742
acostúmbrate	741
franja	741
elmo	741
equivocaron	741
escalas	741
rellena	741
rechazas	741
producida	741
aseguran	741
sisko	741
sócrates	741
cuéntenos	741
siniestra	741
ibais	741
suspense	741
bizcochos	740
azotes	740
goldie	740
eagle	740
cráneos	740
envuelve	740
déjese	740
yorkshire	740
sumas	740
nauseas	740
emborracharse	740
entenderte	740
confiada	740
diese	740
retirando	740
rizos	740
dedicaba	740
dover	740
progresar	740
propulsores	740
concesiones	740
inevitablemente	739
tememos	739
focas	739
felicitar	739
tragedias	739
utilicé	739
primario	739
venderemos	739
motocicletas	739
voltaje	739
capacitado	739
abrirte	739
obligarte	739
preferible	739
misionero	739
quirúrgico	739
skywalker	739
pararemos	739
vu	739
confundidos	739
quiéres	739
colchones	739
imponente	739
debatir	739
simbólico	739
necesitarlo	739
ignacio	739
pit	739
viga	738
subirlo	738
diferenciar	738
reviso	738
bailen	738
audacia	738
porrista	738
cede	738
oskar	738
económicas	738
muela	738
juanita	738
hurto	738
boomer	738
tsunami	738
reportando	738
rencores	738
tejer	738
adoración	738
residencial	738
boxear	737
monumentos	737
borrón	737
halcones	737
luche	737
tampa	737
misha	737
coñazo	737
engañada	737
señalando	737
formato	737
científicamente	737
pelearé	737
inventamos	737
dejadle	736
intimidante	736
desechable	736
centeno	736
rowan	736
catéter	736
cuestionando	736
blackjack	736
vaginal	736
interpretando	736
directas	736
trinity	736
obligué	736
quemarlo	736
sabíais	736
glass	736
limpiamos	736
regionales	736
coreografía	736
confundí	736
adaptado	736
enrico	736
putada	736
eliminando	735
gaviotas	735
aseguradora	735
shalom	735
status	735
sueñan	735
cautela	735
pearce	735
debieras	735
prosiga	735
tiroteos	735
invadiendo	735
rohit	735
samba	735
voté	735
adoptó	735
anoté	734
tamabin	734
genuina	734
detallada	734
practicamente	734
esperarlo	734
gustavo	734
concluyente	734
patología	734
veer	734
bondadoso	734
sentíamos	734
sobriedad	733
liberará	733
osama	733
encantaban	733
consultas	733
interminables	733
french	733
repercusiones	733
prohibidas	733
chuleta	733
galerías	733
besarse	733
enviadas	733
culito	733
estrangular	733
yay	733
disfrazados	733
pistoleros	733
tapado	733
rapidito	732
juramos	732
asistenta	732
anteayer	732
hernia	732
larvas	732
mi6	732
atormentado	732
kowalski	732
branch	732
crown	732
discográfica	732
quejar	732
encerrarlo	732
recomendaría	732
castigarte	731
maestras	731
enciéndelo	731
discapacitados	731
fusible	731
aeródromo	731
abono	731
justificación	731
ocean	731
retro	731
delicadas	731
quemaste	731
retrasando	731
school	731
asegurando	731
rinda	731
chakotay	731
arrojaron	731
tajada	731
reptil	731
caligrafía	731
brandi	730
académica	730
presentaste	730
husmear	730
kiev	730
crezcas	730
pionero	730
mann	730
obtendré	730
lupin	730
arrasar	730
invitarnos	730
anarquista	730
zorros	730
sectores	730
implicada	730
arriesgamos	730
construiremos	730
gral.	729
aletas	729
tercios	729
condecorado	729
oirte	729
livia	729
díme	729
comportarme	729
evadir	729
bosnia	729
rudi	729
astronomía	729
picantes	729
acude	729
hachís	729
mástil	729
lejía	729
fugas	729
aplastada	729
sintonía	729
protegerle	729
desi	729
engañarnos	729
detección	729
dijisteis	729
cepa	729
hornos	728
nothing	728
musulmana	728
bali	728
lame	728
jolly	728
mechero	728
sácale	728
cañerías	728
curarme	728
sentaremos	728
socialismo	728
iraní	728
barbería	728
tru	728
ganarán	728
cineasta	728
legendaria	728
deseabas	727
pruebes	727
cómica	727
chamán	727
comprobamos	727
circunstancial	727
comunicador	727
panfletos	727
estâ	727
agrade	727
naina	727
moviéndote	727
impensable	727
empezo	727
serbios	727
sostenía	727
nemo	726
extradición	726
agradecértelo	726
enamorar	726
volvieran	726
fortalecer	726
biberón	726
admita	726
imitando	726
progresado	726
cuneta	726
comprendemos	726
sácalos	726
saldrías	726
disminuido	726
malloy	726
proporcionado	726
conjeturas	726
bautizado	726
civilizados	726
rechazando	726
alimentaria	726
anécdota	726
encenderlo	726
tecnológico	726
pidamos	726
cómetelo	726
around	725
continúo	725
jd	725
rasgo	725
refrán	725
carnegie	725
rinden	725
fumador	725
diestro	725
pilares	725
janis	725
obligaste	725
fijación	725
q.	725
relax	725
devolverla	725
despiertan	725
chicles	725
arrancarle	725
intimidación	725
mojadas	725
quitarlo	725
arrastrándose	725
dependerá	725
levantaron	724
compensa	724
revisaron	724
lamar	724
pedal	724
contratan	724
santana	724
fingí	724
fielding	724
escobar	724
gang	724
diálisis	724
bellamy	724
enviarlos	724
lré	724
delaware	724
trabajito	724
creativos	724
recibida	724
envio	724
giulio	724
hook	724
vibrador	723
recorre	723
aziz	723
aretes	723
talyn	723
lukas	723
nerviosas	723
simultáneamente	723
evite	723
juveniles	723
sketch	723
graduarme	723
institutriz	723
volverían	723
abc	723
visibilidad	723
llévelo	723
destiny	723
co2	723
henrietta	723
quemamos	723
uss	723
reabrir	723
papilla	723
boogie	723
ruthie	723
apostarlo	723
jock	723
trampolín	723
complejidad	723
considerablemente	722
erróneo	722
aerosol	722
filtró	722
titanio	722
supuso	722
gate	722
cajera	722
encubiertos	722
pelar	722
watkins	722
traerles	722
ceja	722
mellizos	722
cruceros	722
llámalos	722
diseñadora	722
escucharía	722
albedrío	722
ever	721
diluvio	721
rosalie	721
oxigeno	721
aterra	721
agresividad	721
loki	721
gráfica	721
solterona	721
tú-	721
emery	721
errado	721
fanfarrón	721
hazmerreír	721
tráiganme	721
chic	721
heroísmo	721
eslogan	721
circulando	721
retenerlo	721
optimus	721
paño	721
enoje	720
delirante	720
compartirla	720
pensarían	720
canyon	720
obligando	720
inapropiada	720
patel	720
lastimarla	720
envueltos	720
bradshaw	720
ignición	720
ingresado	720
puzzle	720
compensaré	720
reducida	720
fda	720
emisario	720
vuelas	720
amish	720
aparezco	720
rieron	720
causaron	720
anulado	720
enamorarte	720
alcoholismo	719
hélice	719
descargando	719
captain	719
apodos	719
presagio	719
sparky	719
alteró	719
zo	719
saludando	719
colton	719
langston	719
reían	719
vencerlo	719
perfumes	719
mirarle	719
tinte	719
enamoramos	719
respetuosamente	719
registraron	719
galileo	719
cannabis	719
amistosos	719
hye	719
estropearlo	718
tyr	718
camp	718
yeti	718
protegió	718
simpáticos	718
leyera	718
tímidos	718
ajena	718
caín	718
maduros	718
vomité	718
escasos	718
carnal	718
investigacion	718
tablón	718
dei	718
inglesas	718
cerrarlo	718
arrestando	717
dedicarme	717
bastaba	717
coeficiente	717
víveres	717
registrarse	717
quejado	717
sentimentales	717
solicité	717
escocesa	717
herbie	717
claxon	717
still	717
teatros	717
atletismo	717
scottie	717
mandaba	716
siervos	716
tropezar	716
despertaba	716
asombrosas	716
versalles	716
vasija	716
pagano	716
conservación	716
johns	716
fabulosos	716
consuela	716
goteo	716
canté	716
chupitos	716
rochester	715
provocan	715
giulia	715
vasta	715
llegarías	715
walton	715
empezad	715
indestructible	715
cubículo	715
cojonudo	715
staten	715
adelantó	715
muller	715
alegato	715
pidiéndole	715
bronson	715
ejemplares	715
aspira	715
aleatorio	715
rue	715
interrumpimos	714
relatos	714
cumplimos	714
teman	714
dimelo	714
marcello	714
imita	714
juraste	714
lego	714
rescatarme	714
sands	714
clavícula	714
abandonará	714
condenaron	714
prendido	714
ponlas	714
decírnoslo	714
persa	713
joss	713
apostamos	713
partidarios	713
must	713
ancianas	713
vietnamita	713
al-qaeda	713
recargar	713
than	713
agricultor	713
vegetación	713
producciones	713
dogs	713
neural	713
hámster	713
graduados	713
carbohidratos	713
comparando	713
mesita	713
brócoli	713
correas	713
traeme	713
espacio-tiempo	712
baylor	712
afirmó	712
trasto	712
frida	712
adi	712
teclas	712
destruirnos	712
ocultarme	712
terrícolas	712
muerden	712
rocket	712
todoterreno	712
gorrión	712
lujos	712
considerarse	712
mios	712
asumido	711
lavas	711
escoges	711
maldiciones	711
sali	711
implicados	711
rapto	711
lastre	711
ardor	711
nombro	711
abusó	711
clérigo	711
chucho	711
arqueólogos	711
anguila	711
uau	711
martine	711
dream	711
diseñadores	711
respondieron	711
cómodamente	711
heller	710
enredado	710
burnett	710
acierto	710
comun	710
primordial	710
manipulador	710
lamb	710
trasladó	710
períodos	710
ocurrio	710
embarcar	710
benefactor	710
embarcación	710
cabrona	710
disparara	710
participa	710
lisbeth	710
lanzada	710
calmará	710
dormiremos	710
susurros	710
bipolar	710
travesti	709
blade	709
dolar	709
convenza	709
andabas	709
restringido	709
limitar	709
motors	709
romperme	709
prentiss	709
atrevió	709
antimateria	709
cilindros	709
efectivos	709
horóscopo	709
lavaré	709
matrículas	709
sanjay	709
robaría	709
verja	708
activación	708
patrullar	708
sheffield	708
budín	708
relaje	708
cháchara	708
espectaculares	708
entusiasma	708
maquinas	708
lave	708
acordes	708
trompetas	708
atacaste	708
elsie	708
perseguidos	708
desilusión	708
niegues	708
legislación	708
silbar	708
resultando	708
fallido	708
om	708
edimburgo	708
apagando	708
fisk	708
democrática	708
daña	707
devastada	707
automovilístico	707
caerme	707
sepáis	707
apostó	707
rejilla	707
orificio	707
temeroso	707
afrontarlo	707
moví	707
legiones	707
naipes	707
insultes	707
insulta	707
párpados	707
consiguiente	707
límpiate	706
derretido	706
abominable	706
tráenos	706
brinda	706
recobrar	706
trazar	706
capturamos	706
porciones	706
silba	706
acostumbraba	706
cortez	706
escapas	706
anduvo	706
analogía	706
vasco	706
pillamos	706
apareamiento	706
almacenar	706
juntarnos	706
perdonamos	706
wanna	706
forrester	706
ingrato	706
temí	706
esperarán	706
queríais	706
retrasó	706
dempsey	705
adoptivos	705
éter	705
hermes	705
llevarían	705
preciada	705
escuadrones	705
cuéntales	705
revuelo	705
fertilizante	705
estilista	705
novelista	705
fair	705
involucre	705
fortunas	704
paparazzi	704
gluten	704
o.j.	704
nigeria	704
deducción	704
astillero	704
y.	704
convocar	704
oooh	704
separarme	704
oigamos	704
faciales	704
otorga	704
comenzarán	704
gritaré	704
érase	704
recemos	704
mahoma	704
dependía	704
gobernadora	703
trastos	703
dra	703
raina	703
altavoces	703
ping-pong	703
plural	703
television	703
tristan	703
provenza	703
viéramos	703
inservible	703
mega	703
z.	703
pd	703
panecillo	703
atf	703
planchar	703
critica	703
amará	703
whit	702
congeladas	702
restablecer	702
óyeme	702
sunshine	702
mamadas	702
rainbow	702
termitas	702
impenetrable	702
sirvieron	702
concluye	702
meteoro	702
gramática	702
pastos	702
corbett	702
apoderó	702
enfocado	702
involucró	702
quietas	702
olvidarán	702
conciente	702
fluyendo	702
sari	702
hambruna	702
tampones	702
comentado	702
chivato	702
clarice	702
colaboradores	702
humos	702
expande	702
rumania	701
locomotora	701
camionetas	701
volviese	701
thorpe	701
robertson	701
god	701
rezamos	701
gregor	701
escurridizo	701
hallazgos	701
abanico	701
lexie	701
destacar	701
jeffries	701
pascuas	701
bonaparte	701
investigaré	701
sostenido	701
brutales	701
malvaviscos	701
encajo	701
hipócritas	700
pimientos	700
recordemos	700
wentworth	700
evitará	700
descansaré	700
tripulantes	700
masterson	700
kenzi	700
mossad	700
c.oper	700
proverbio	700
saltaste	700
heredé	700
cruzo	700
firmen	699
cualificado	699
afeitarme	699
sacad	699
desolado	699
javi	699
lucro	699
domésticos	699
hipódromo	699
relacionarse	699
griten	699
estropea	699
valentino	699
centinelas	699
aloha	699
corrieron	699
básquetbol	699
trufas	699
meticuloso	699
acariciar	699
incierto	698
albuquerque	698
françoise	698
portar	698
desátame	698
suponemos	698
torturando	698
anuales	698
acompañó	698
rapero	698
inhalador	698
hero	698
prevención	698
abrazando	698
suda	698
introducido	698
ostra	698
atendió	698
quijote	698
calcula	697
nassau	697
steel	697
voltea	697
arriesgué	697
holandeses	697
insensato	697
votan	697
caravanas	697
hendricks	697
criadas	697
encantaria	697
informarles	697
gonorrea	697
quedémonos	697
perjudicar	697
saldo	697
pal	697
gastarlo	697
patearte	697
finjo	697
traigamos	697
garcia	697
pritchard	697
variación	696
pidiéndome	696
destruirán	696
mm.	696
álgebra	696
justificado	696
lloraste	696
stock	696
escogieron	696
maw	696
gánster	696
lechero	696
waffles	696
espartaco	696
sgto	696
acantilados	696
cambiarle	696
adelanta	696
apurada	696
argh	696
paralizada	696
establecida	696
suzette	695
seguirlos	695
chocado	695
fitch	695
galactica	695
huya	695
presuntuoso	695
mirándolo	695
ámame	695
desagradecido	695
wook	695
tiendo	695
soltarme	695
condenadamente	695
culpan	695
besarnos	695
aplazamiento	695
nadador	695
apures	695
medina	695
aclaremos	695
repugnantes	694
averiado	694
restante	694
intimidado	694
usher	694
exitosos	694
geum	694
ton	694
salina	694
leopold	694
vayanse	694
cloro	694
agh	694
disturbio	694
municipio	694
infinitas	694
padece	694
louvre	694
amanezca	694
líquida	694
lutz	694
apetecía	694
bajarse	694
hallada	694
daneses	693
kyoto	693
impone	693
huey	693
colorido	693
seleccionar	693
acusarlo	693
álvarez	693
shyam	693
indignación	693
cazan	693
escarlata	693
ansia	693
averigüen	693
egoista	693
faltaría	693
akira	693
rhode	693
bastar	693
atracar	693
cbs	693
grandiosos	693
gaza	693
sésamo	693
limpiaba	692
radiología	692
tolero	692
probada	692
masturbación	692
descubramos	692
aptitud	692
murallas	692
pareciendo	692
moverla	692
expresarse	692
adoptiva	692
libia	692
asaltante	692
reclamación	692
russel	692
osado	692
lafayette	692
vergonzosa	692
imploro	692
oak	692
greenwich	692
utilizas	692
jardin	692
asombrosos	691
tino	691
meteremos	691
escarabajos	691
seguirnos	691
emborrachó	691
fury	691
pickles	691
smitty	691
arrastrarme	691
apoyas	691
incompleto	691
cotidiana	691
escapes	691
champiñones	691
albany	691
bohannon	691
atacarnos	691
zapatero	691
pasha	691
ganarlo	691
demuéstralo	691
expensas	691
aprenderán	691
publicaciones	691
animarte	690
desactivado	690
compuesta	690
gritaban	690
ocúpese	690
acordeón	690
retiran	690
asustarlo	690
inundado	690
codificado	690
hubieramos	690
hallarlo	690
cargarlo	690
bocetos	690
estratégico	690
follón	690
asher	689
ciegamente	689
actualizar	689
uniré	689
beat	689
schneider	689
recordaste	689
helga	689
avestruz	689
púbico	689
meterás	689
estuviesen	689
camion	689
aspiraciones	689
negociador	689
cumplan	689
rosquilla	689
embajadores	689
cop	689
descubriré	689
lowe	689
entretanto	689
hardware	689
derrumba	689
destruirte	688
lassiter	688
jakob	688
descendiendo	688
parachoques	688
arreglármelas	688
sentaría	688
lncluso	688
cuéntaselo	688
primarias	688
kill	688
misty	688
robyn	688
sumar	688
doreen	688
sobreviviste	688
beberemos	688
elka	688
avisas	687
asedio	687
insultarme	687
insistido	687
percibe	687
secretaría	687
oirás	687
willa	687
equivoques	687
ebrios	687
ramsay	687
visón	687
spot	687
intocable	687
macarthur	687
sexi	687
culturales	687
fingido	687
uniformados	687
joaquín	687
kwon	687
brother	687
bizarro	687
concubina	687
centenares	687
soportaría	687
kovac	686
afilados	686
impune	686
alphonse	686
through	686
aplasta	686
volvere	686
waldo	686
recogen	686
desaparecerán	686
desprecia	686
mets	686
estatuto	686
solucionaremos	686
ciruela	686
gimiendo	686
valencia	686
repisa	686
kelvin	686
calculadora	686
prestarle	686
autopsias	686
retiraré	686
reúnanse	685
bache	685
bolivia	685
licorería	685
berg	685
nirvana	685
k9	685
asimilar	685
inhala	685
ateo	685
inseparables	685
organizados	685
presentada	685
costosa	685
sudoeste	685
camden	685
tortolitos	685
esconda	685
callarme	685
desearia	685
recoges	685
posteriores	685
tratabas	685
ocaso	684
belfast	684
constituye	684
talia	684
sentirnos	684
corderos	684
rogamos	684
especular	684
true	684
permanentes	684
abrazó	684
mantel	684
oval	684
chalado	684
redujo	684
despertarla	684
numerito	684
atrapemos	684
lunáticos	683
ayudemos	683
doblando	683
cisnes	683
plásticos	683
oruga	683
maleza	683
find	683
rudos	683
superaremos	683
stevenson	683
fabrican	683
cuestionario	683
miralo	683
monedero	683
holloway	683
desafiando	683
metete	683
excesivamente	683
burrows	683
kings	683
compartiremos	683
loomis	683
esmalte	682
firmamos	682
harrington	682
obtendremos	682
insultando	682
primicia	682
migraña	682
izzie	682
tallo	682
llamaran	682
reúnan	682
caricatura	682
peleaban	682
pelotudo	682
exámen	682
andate	682
odin	682
inseguridad	682
retiré	682
amparo	682
amarás	681
atacarme	681
meera	681
fugó	681
avanzadas	681
shogun	681
derramada	681
impulsa	681
mandará	681
diabólica	681
imperativo	681
voltear	681
plataformas	681
suela	681
pilotar	681
mártires	680
himmler	680
conocería	680
enfrentará	680
callejones	680
conductora	680
nicotina	680
pedestal	680
imprescindible	680
soltando	680
cogía	680
sameer	680
giovanna	680
yugoslavia	680
óscar	680
tóxica	680
aja	679
goodwin	679
alocado	679
enamoran	679
dispararía	679
tarzan	679
clarissa	679
dirigirme	679
resueltos	679
grandulón	679
clanes	679
opcion	679
cubrimos	679
echarás	679
controlaba	679
prometidos	679
literario	678
kapoor	678
caerás	678
baches	678
spaghetti	678
estadística	678
damasco	678
primogénito	678
lastimarlo	678
confundas	678
filmó	678
golpiza	678
identificaron	678
robusto	678
hera	678
receptores	678
iréis	678
pónganlo	678
cuidé	678
terminarla	678
fergus	677
alexei	677
eludir	677
arriesgada	677
cantos	677
dicta	677
jez	677
despedirlo	677
víboras	677
consentido	677
desilusionado	677
ade	677
declararon	677
aang	677
fuck	677
oirán	677
médium	677
caucho	677
páralo	677
detendría	677
kilometros	677
morirte	677
llovía	676
groot	676
esperaras	676
activistas	676
compadezco	676
mordedura	676
creedme	676
gamberro	676
arpa	676
fósil	676
dureza	676
coyotes	676
proyectiles	676
mojados	676
calmante	676
eliminó	676
herí	676
drogados	676
fémur	676
cuántico	676
bolera	676
lockwood	675
acostumbrarte	675
mentimos	675
reventado	675
torcida	675
conviertan	675
pincel	675
bajara	675
importarte	675
planificar	675
cavanaugh	675
alejé	675
camboya	675
dásela	675
gubernamentales	675
cid	675
acostarnos	675
tenlo	675
trámites	675
híbridos	675
contestan	675
rasguños	675
publicarlo	675
distintivo	675
odín	675
fei	675
pasajera	674
identificados	674
ignoras	674
sancho	674
gibbons	674
barkley	674
politica	674
maduras	674
mantendrás	674
suecos	674
rezado	674
holandesa	674
luchen	674
cabecita	673
transportado	673
arlene	673
picadura	673
oremos	673
resplandeciente	673
desearte	673
jugará	673
títeres	673
quemen	673
ayúdalo	673
acorralado	673
escuadra	673
decidiendo	673
innecesaria	673
tong	673
recogieron	673
saigón	673
avisaste	673
sencillos	673
jugabas	673
dela	673
arrepentirse	673
insaciable	673
laser	673
muletas	673
fong	673
annabel	673
pasadizo	673
interesará	673
put	673
destruirme	673
nulo	673
estrechar	673
florece	672
marcadores	672
reciclaje	672
esculturas	672
presentarnos	672
irma	672
arriesgarte	672
karina	672
empezarás	672
mezclada	672
duval	672
telegramas	672
coqueteo	672
cabañas	672
browning	672
documentales	672
penitenciaría	672
renacer	672
registramos	672
akallabeth	672
merecían	672
respiratorio	671
despertaré	671
colocamos	671
pack	671
nidos	671
retirarnos	671
divorció	671
néctar	671
amenazarme	671
hubble	671
culpe	671
comparta	671
today	671
ashton	671
odette	671
memorizar	671
abrirle	671
glóbulos	671
payne	671
escroto	671
incomparable	671
dpto.	671
viñedo	671
observamos	671
ventricular	670
materias	670
salude	670
cuadernos	670
enseñaremos	670
largate	670
adorada	670
detecta	670
evolucionar	670
ojitos	670
juice	670
recupero	670
tiraría	670
pepsi	670
made	670
egan	670
cuidarnos	670
describen	670
goles	670
biff	670
quirúrgica	670
be1	669
reclusos	669
gachas	669
oops	669
alertar	669
detergente	669
probará	669
andado	669
malasia	669
annika	669
proponiendo	669
votamos	669
ahumado	669
filtrado	669
jodí	669
tomaban	669
france	669
hold	669
aviador	669
rosita	669
perturbada	669
entrenó	669
inclínate	669
pícaro	669
apio	668
lucinda	668
arrepienta	668
secador	668
suspende	668
decídete	668
fricción	668
emblema	668
sres	668
malla	668
alquitrán	668
cruzas	668
suman	668
monólogo	668
infante	668
quemadas	668
ku	668
distantes	668
sparks	668
canada	668
insinuaciones	668
confinamiento	668
estafar	668
melodías	668
cordial	668
bisexual	668
mojo	668
cambiada	667
batidos	667
visteis	667
suplemento	667
contestando	667
gasa	667
rían	667
inimaginable	667
persuasión	667
traumas	667
quedáis	667
mind	667
invitarle	667
quedare	667
cj	667
divorciando	667
subestimado	667
intrigado	667
avispas	667
procedente	667
quejes	667
tomalo	667
complejas	667
síguelo	667
sórdido	667
feroces	667
anochezca	667
dulcemente	666
skype	666
mátenlos	666
qaeda	666
desatar	666
patito	666
renato	666
llanura	666
esforzarte	666
agárrala	666
aprietas	666
óvulos	666
podra	666
aseguramos	666
ayudándome	666
noruego	666
pidio	666
pleito	666
maligna	666
listado	666
bitcoin	666
agradezca	666
herirme	665
mansfield	665
hilarante	665
llanuras	665
vikingo	665
trompa	665
prestamista	665
contradicción	665
idol	665
latigazos	665
ue	665
importación	665
unirán	665
always	665
patólogo	665
contraer	665
separen	665
transmitido	665
nottingham	665
blanquito	665
epilepsia	665
olido	665
compensarte	665
giacomo	665
guillaume	664
lirios	664
culpó	664
conan	664
convirtiéndose	664
cômo	664
continuidad	664
mg	664
llamarían	664
conservado	664
hui	664
jeanette	664
ghetto	664
vigas	664
presionas	664
gunn	664
pegaré	664
psicológicamente	664
boliche	663
convertirla	663
yoda	663
every	663
resume	663
probarte	663
salvos	663
generosamente	663
graduarse	663
copita	663
anden	663
shah	663
thad	663
constelación	663
basadas	663
auge	663
desarmar	663
convertible	663
faja	663
lexington	663
musculoso	663
enséñeme	663
devolvemos	663
afloja	663
siéntase	663
surgieron	662
sulu	662
postor	662
hipopótamo	662
sabado	662
silueta	662
sandro	662
afro	662
waterloo	662
quilates	662
dara	662
vigilo	662
combustión	662
derrotó	662
avergonzando	662
suzuki	662
arlo	662
lagartos	662
sacudió	662
caníbales	662
pídeme	662
solista	662
corrupta	662
chamberlain	662
jumbo	662
controlarla	662
meado	662
secuaces	662
almorzando	662
devolvieron	662
tak	662
ipad	662
neela	662
beirut	662
tolerante	662
repuestos	662
háblanos	662
acertijos	661
soñó	661
clarkson	661
devolvérselo	661
ronca	661
desperdicies	661
caterina	661
risotto	661
raf	661
volviéndose	661
terrance	661
mi5	661
requerido	661
peras	661
constitucional	661
suertes	661
involucres	661
goteando	661
uganda	661
manejó	661
channel	661
ortiz	661
llevémoslo	661
dorsal	661
calder	660
preparaste	660
tráelos	660
estruendo	660
adelaide	660
fume	660
comendador	660
encrucijada	660
adoras	660
llámanos	660
mataban	660
protegía	660
brando	660
cahill	660
delgadas	660
caían	660
colgarán	660
vendremos	660
caeré	660
nerón	660
pitando	660
contaremos	660
ampliamente	660
ampolla	659
twist	659
colgaron	659
despediste	659
termómetro	659
esparcir	659
cold	659
gema	659
ml	659
discapacitado	659
aisha	659
sospechosas	659
someterse	659
peabody	659
repertorio	659
lleváoslo	659
polilla	659
escribirá	659
anticristo	659
agradaría	659
inadmisible	659
genevieve	658
klara	658
afeminado	658
grilletes	658
interfaz	658
deposito	658
tandy	658
dinámico	658
honolulu	658
aerolíneas	658
mestizo	658
montas	658
soles	658
johannes	658
otorgado	658
conservatorio	658
agotamiento	658
dormirte	658
golpeamos	658
sabiamente	658
pasarnos	658
mercader	658
leemos	658
aston	658
justas	658
plantilla	657
hernández	657
dése	657
chal	657
entrevistado	657
respiras	657
testificó	657
diálogos	657
caben	657
supergirl	657
insultó	657
disfrutó	657
divirtiéndose	657
hallo	657
chávez	657
socialistas	657
pulir	657
resistas	657
dialecto	657
guardacostas	657
lacrosse	657
cáliz	657
lavaplatos	657
pulsa	657
enjambre	656
robara	656
apoderado	656
venida	656
credito	656
mandaremos	656
sintiéndome	656
profecías	656
clancy	656
emilia	656
adrede	656
deshonrado	656
recesión	656
malísimo	656
chapa	656
formada	656
treta	656
arruino	656
arregles	656
torero	656
boceto	656
rarito	656
carcelero	656
entiéndelo	656
jacobo	656
eufemismo	656
curando	656
posees	656
registren	656
psicológicos	656
rally	656
fijaos	656
estimular	655
consideren	655
burdeos	655
cerebrito	655
resta	655
judio	655
cortará	655
alijo	655
renata	655
sexista	655
lucrezia	655
ela	655
caminemos	655
estropees	655
atraparla	655
burlado	655
despeja	655
custodio	655
schiller	654
tyrone	654
medicinal	654
pelé	654
moderación	654
colocaron	654
pj	654
starr	654
bañar	654
telaraña	654
balazos	654
presionó	654
manuela	654
desarrollan	654
nato	654
causaste	654
oponerse	654
lléveselo	654
montura	654
anfetaminas	654
cooperando	654
remitente	654
bajaste	653
firmarlo	653
acosado	653
informen	653
moverá	653
quitaría	653
diminutos	653
planearon	653
dodd	653
casablanca	653
pásate	653
heladas	653
pilates	653
usaras	653
shik	653
juárez	653
cappie	653
cumplía	653
gear	653
hutch	653
avisen	653
moras	653
llavero	653
enseñara	652
teo	652
supuestos	652
riesgoso	652
dejala	652
bertram	652
insuficiente	652
tocaban	652
transcurso	652
pican	652
cisterna	652
mirará	652
déjalas	652
llámelo	652
coincido	652
laborales	652
contribuciones	652
ciruelas	652
predicciones	652
gaga	652
apuñalada	652
ignoró	652
escondemos	652
ridley	652
herald	652
deletrea	652
georgetown	652
editar	651
acudido	651
tírate	651
bicarbonato	651
luisiana	651
verifiqué	651
hawthorne	651
hardison	651
combatiendo	651
sato	651
factible	651
mormones	651
honorables	651
frazier	651
jessi	651
volváis	651
envoltorio	651
literaria	651
conspirando	651
conyugal	651
centrarse	651
chrissy	651
poniéndome	651
denunciarlo	651
dependencia	651
muramos	651
harias	651
podridos	651
compresión	651
mundialmente	651
encuéntrala	651
guardaste	651
chopin	651
palacios	650
torpes	650
guapísimo	650
ómnibus	650
regalaron	650
interestatal	650
asentamiento	650
amarrado	650
odessa	650
sien	650
marko	650
fastidiando	650
lister	650
limpian	650
intervalo	650
disimular	650
cuadrilátero	650
necesitando	650
secado	650
rie	650
cogerá	650
sufrimientos	650
mural	650
acumulado	650
esperadme	650
lise	650
cuatrocientos	650
electromagnético	650
janeiro	650
extremistas	650
enfocar	650
repleta	650
expliques	650
delilah	649
guthrie	649
giselle	649
argumentar	649
heaven	649
descompuesto	649
aflicción	649
resolví	649
maqueta	649
agitando	649
apuñalaron	649
shankar	649
five	649
snyder	649
desobedecer	649
oslo	649
cornelius	649
ladera	649
falto	649
metabolismo	649
identificamos	649
roderick	649
impresionados	649
quedártelo	648
dethklok	648
cantes	648
sospeché	648
ellison	648
ganchos	648
philly	648
significas	648
intercambiamos	648
encierran	648
académicos	648
checa	648
punjab	648
jacinta	648
mika	648
ignoraba	648
curt	648
shaggy	648
vigílalo	648
amargada	648
gentuza	648
pediatría	648
any	648
dándoles	648
negociable	648
cantor	648
apesto	648
buy	648
ocupé	648
reluciente	647
dispérsense	647
dedicamos	647
engordado	647
revelaciones	647
créelo	647
sha	647
averígualo	647
cuenco	647
lejanas	647
santiamén	647
myung	647
estaran	647
ábrete	647
pasional	647
hojalata	647
arce	646
confunden	646
eliminamos	646
arrebatado	646
distraerme	646
cubrirte	646
gregg	646
permitiremos	646
penthouse	646
starling	646
fases	646
autorizados	646
rizzo	646
clemente	646
asustarnos	646
sírveme	646
temiendo	646
kimono	646
velatorio	646
vengaré	646
extracto	645
molestara	645
mónaco	645
biológicas	645
suizos	645
rolls	645
heck	645
atroces	645
kemp	645
activando	645
torácica	645
maui	645
aceptaba	645
sólidas	645
riña	645
intromisión	645
ligeros	645
grotesco	645
carburador	645
desembarcar	645
bow	645
flack	645
prosperar	645
braddock	645
kenia	644
foa	644
rafa	644
regresaras	644
alentador	644
tráiler	644
cerco	644
tracey	644
sintético	644
coronado	644
interrupciones	644
coloqué	644
calidez	644
asignada	644
escalando	644
upper	644
moño	644
casaras	644
alcaldía	644
consenso	644
dependiera	644
mathias	644
interfiere	644
levantaos	644
vendan	644
ermitaño	644
even	644
desconcertado	644
aloja	644
after	644
gérard	644
acumulando	643
llevarles	643
dispuestas	643
tarifas	643
hechicera	643
regulaciones	643
paterna	643
pertenecían	643
drummond	643
ratos	643
ejecutando	643
rece	643
apresurarnos	643
firmaron	643
vomita	643
torturaron	643
forzaron	643
apunté	643
individualmente	643
constantine	643
mode	643
forest	643
incomprensible	643
suplicando	643
compartió	643
espárragos	643
mochilas	643
tender	642
guatemala	642
estorbo	642
ayudarse	642
rugido	642
delphine	642
obstinada	642
ándale	642
mitsuko	642
chalet	642
jehová	642
satisfactoria	642
key	642
hierve	642
conoceremos	642
minera	642
andi	642
enciendes	642
ábreme	642
convivir	642
wolfgang	642
ahorcó	642
continuas	642
cauteloso	642
partirá	642
convencionales	641
movieron	641
wee	641
res	641
raphael	641
registran	641
atlético	641
domiciliario	641
completada	641
victorioso	641
limitados	641
quemarse	641
corramos	641
force	641
entreno	641
inadecuado	641
aterrice	641
fisura	641
resolveré	641
story	640
nasales	640
inicie	640
sonreía	640
pileta	640
reconocida	640
encenderé	640
terrenal	640
conformo	640
colaborador	640
espadachín	640
malhumorado	640
defraudado	640
arroje	640
knock	640
focos	640
diafragma	639
tomarlas	639
sita	639
continuaba	639
filtros	639
knicks	639
el-	639
silenciador	639
riverside	639
vilma	639
reí	639
aviv	639
palmada	639
odiosa	639
alejan	639
interactuar	639
deseable	639
healy	639
económicamente	639
active	639
leerá	639
gonzález	639
carótida	639
hágale	639
salvaría	639
bojack	639
myka	639
gayle	639
encontrarían	639
armónica	639
advertirles	639
arrepiente	639
mako	639
durazno	639
abusando	639
hallan	638
acomodar	638
averigües	638
valorar	638
detestable	638
calderas	638
falcon	638
enfriando	638
carrusel	638
libero	638
florista	638
respetamos	638
vogue	638
dolan	638
camareras	638
dementes	638
elaborar	638
tratarte	638
malignos	638
dion	638
soluciona	638
proyecciones	638
encargando	638
milhouse	637
súbelo	637
forajidos	637
dormirse	637
fresno	637
lácteos	637
televisores	637
kincaid	637
golpeados	637
resolvamos	637
repetiré	637
repasando	637
folla	637
capto	637
embarcadero	637
blunt	637
patrullero	637
carr	637
pelearemos	637
fria	637
polares	637
chillando	637
peleemos	637
moray	637
dent	636
confundes	636
rimmer	636
medía	636
odisea	636
mantendrán	636
bernstein	636
sayid	636
acecha	636
fosas	636
tropicales	636
estaciona	636
mother	636
termínala	636
panthers	636
reginald	636
fastidiarme	636
heterosexuales	636
autora	636
jeanie	636
huimos	636
acompañarlo	636
camioneros	635
encajaba	635
tamaños	635
murmurando	635
permitiera	635
pedi	635
presumo	635
deterioro	635
caracteres	635
clandestina	635
farley	635
corneta	635
anormales	635
sobran	635
escucharemos	635
migajas	635
alcántara	635
disminuyendo	635
verbo	635
dedicarse	635
perdernos	635
manejaré	635
cómodas	635
cariñito	634
impactó	634
raqueta	634
ayúdale	634
categorías	634
georgina	634
tests	634
ocupen	634
cagas	634
galante	634
rygel	634
egipcia	634
notre	634
conseguirlos	634
revisaremos	634
fusilamiento	634
vació	634
hostal	634
mandarín	634
met	634
imprudencia	634
cuidarás	634
fuman	634
copos	634
tardaron	633
mostrara	633
traicionaría	633
casillas	633
gone	633
contemplando	633
salim	633
bosco	633
medidor	633
desarrollaron	633
llevándose	633
navarro	633
iphone	633
crucen	633
rolex	633
combinaciones	632
vector	632
estudie	632
subastas	632
irritado	632
integración	632
nudista	632
enojas	632
f.b.i.	632
búsquedas	632
dib	632
cuestiona	632
pajaritos	632
ascensión	632
sumergido	632
addic7ed	632
realizan	632
estimulación	632
antenas	632
barcaza	632
weir	632
emprender	632
view	632
atormenta	632
into	632
cometidos	631
empeños	631
ritmos	631
mediano	631
lancen	631
desertores	631
tatuado	631
cortaba	631
bedford	631
estampida	631
sasuke	631
averiguando	631
resistentes	631
jonás	631
mean	631
dividiremos	631
querian	631
cabalga	631
paté	631
preguntarnos	631
innovación	631
astrónomos	631
epoca	630
toga	630
sen	630
desnudez	630
inconcebible	630
recolección	630
uh-uh	630
invade	630
devota	630
alvarez	630
deshace	630
motociclistas	630
sedantes	630
lucrativo	630
hyungnim	630
comían	630
corrimos	630
tocadiscos	630
deambulando	630
suprimir	630
yvette	630
turbulencia	630
mudaré	630
conejita	630
cuestion	630
coartadas	630
entusiasmados	630
billings	630
basándonos	630
desmayar	630
esfuerza	630
comisiones	629
grupal	629
kruger	629
orgánicos	629
atascó	629
ayúdennos	629
apresurado	629
macdonald	629
defensivas	629
hawkeye	629
ce	629
calmo	629
cerrarla	629
notaba	629
rescatarte	629
ladridos	629
alden	629
entrené	629
picadillo	629
trastornos	629
compromete	629
nochevieja	629
incompleta	629
envíalo	629
mckenzie	629
paxton	629
raso	629
separarlos	629
forro	629
monster	628
facciones	628
parciales	628
beige	628
fusiles	628
respiratoria	628
hauser	628
quejaba	628
escaparás	628
taggart	628
bibliotecario	628
ain	628
azote	628
defienda	628
oculares	628
ferrocarriles	628
farrow	628
únanse	628
debilita	628
comprarlos	628
orgullosamente	628
futbolista	627
ballesta	627
disfrutad	627
llevaros	627
prematura	627
cabelludo	627
camaleón	627
entendiera	627
externos	627
baboso	627
kaiser	627
moby	627
ultravioleta	627
muerda	627
raptado	627
caerte	627
exagera	627
rareza	627
bordado	626
transformarse	626
extendiendo	626
cogida	626
habláramos	626
arnés	626
britt	626
velero	626
esposito	626
pe	626
perseguimos	626
mazel	626
sugeriría	626
cosechar	626
investigo	626
crowe	626
capo	626
implicaciones	626
lucious	626
mouth	626
sacada	626
presentara	626
camilo	626
corresponden	626
exterminador	626
atkins	626
matutino	626
cocinaré	625
lucius	625
domino	625
dalo	625
recaída	625
days	625
conocerán	625
albañil	625
enviarnos	625
sosa	625
gangster	625
ruidosos	625
subsidio	625
oceano	625
cocine	625
fotógrafa	625
dejadnos	625
gustamos	624
familiarizada	624
ofrecía	624
thank	624
crucemos	624
tirantes	624
sostienen	624
mezclando	624
barbas	624
aver	624
sedujo	624
toxicología	624
rebekah	624
bateo	624
enséñamelo	624
diabético	624
sostienes	624
manipuló	624
milagrosamente	624
enfadarme	624
sound	624
manchada	624
aconseja	624
externas	624
vomitado	624
enid	624
venenosas	624
conservadora	624
chakra	623
cortarse	623
iraquí	623
crawley	623
evasivas	623
roque	623
conquistas	623
divididos	623
fracasados	623
picas	623
sentia	623
involucradas	623
superando	623
echaran	623
galope	623
aprovechan	623
venderlas	623
disculpó	623
decepciona	623
bíblico	622
urss	622
esperarse	622
marítimo	622
scofield	622
limpiamente	622
dodgers	622
variaciones	622
ofrecimiento	622
jodi	622
romanticismo	622
dã	622
cardassianos	622
arreglemos	622
acuda	622
carlitos	622
versus	622
necesitada	622
elixir	622
decorados	622
anfitriones	622
bebedor	622
distorsión	622
seinfeld	622
amigables	622
interrumpe	622
decidiera	621
conservarlo	621
psíquicos	621
cummings	621
guardian	621
identifique	621
kobe	621
buzo	621
thunder	621
estrangulador	621
casen	621
actuaste	621
adolfo	621
fitzpatrick	621
declarando	621
tentáculos	621
rebajas	621
lavó	621
talle	621
castañas	621
rompiera	621
labores	621
pasadena	621
anime	621
consideres	621
malvadas	621
mahoney	621
ponerles	621
avergonzar	621
demandaré	620
rourke	620
jazmín	620
markus	620
huerta	620
comprenderás	620
meca	620
sofisticados	620
nfl	620
trasladaron	620
positivas	620
elevación	620
practicamos	620
grata	620
tomaran	620
págame	620
verificando	620
manejaste	620
pondrían	620
cdc	620
bandejas	620
miraría	620
lyman	620
malherido	620
consultarlo	620
asesora	620
dejaros	620
donut	620
mechón	619
comunicarte	619
escasa	619
aquelarre	619
disparad	619
descapotable	619
manila	619
confines	619
innecesariamente	619
rutinario	619
pelee	619
concretamente	619
gravitacional	619
drogó	619
vulnerabilidad	618
rajiv	618
centra	618
chantajear	618
hawking	618
piñata	618
leches	618
levantarnos	618
confiables	618
casquillo	618
klingons	618
saltes	618
atrapará	618
absurdas	618
cao	618
dunbar	618
fracasa	618
recogerlos	618
salpicaduras	618
frotar	618
roce	618
hindi	618
ready	618
animando	618
saltaré	618
seque	618
acompañara	618
retrovisor	618
causé	617
destructivo	617
afligido	617
acusas	617
suicidar	617
gustarían	617
asustarse	617
elocuente	617
samuels	617
shu	617
persigues	617
térmica	617
hablare	617
pretendientes	617
myeong	617
testifique	617
coney	617
coños	617
aplastó	617
divertidísimo	617
sage	617
bañarte	617
debida	617
obligas	617
cubría	617
bastaría	617
invocar	617
bluebell	617
excepcionales	616
golpeara	616
sientese	616
meadows	616
kosher	616
cabezón	616
juntarse	616
moose	616
pollito	616
chicken	616
llévenme	616
duplicar	616
cojines	616
fármacos	616
c-4	616
escribirte	616
agárrense	616
apagué	616
deportivas	616
yamamoto	616
competitiva	616
escribirás	616
muerdo	616
perderlos	616
largues	616
jugos	616
desviación	615
manifiesta	615
guió	615
esforzando	615
realice	615
qúe	615
quedase	615
atenderé	615
parches	615
trébol	615
prometerte	615
cortocircuito	615
celebraciones	615
adrien	615
cerremos	615
compulsivo	615
aprecias	615
persuasivo	615
beses	615
acercaos	615
xvi	615
before	615
disfrutemos	614
ciérrala	614
asiste	614
construyo	614
talco	614
metálica	614
uniste	614
en-	614
arcoiris	614
centrada	614
angustiada	614
magníficas	614
deena	614
queenie	614
cochino	614
automáticas	614
preparad	614
burgués	614
cobraré	614
llené	614
ansío	614
parir	614
pulitzer	614
admisiones	614
desplazamiento	614
decidirse	614
impresionarme	614
ayúdala	614
contactaré	614
acababan	614
mallas	614
venceremos	614
luciendo	614
empujaste	614
falles	613
mordiendo	613
extensa	613
grillos	613
rechazan	613
termínalo	613
pecas	613
perdieras	613
podio	613
lagartija	613
remolino	613
desmayaste	613
saquear	613
describiría	613
birdie	613
octavio	613
jens	613
adivinarlo	612
contrate	612
auricular	612
dibujé	612
hadley	612
bieber	612
visionario	612
maltrato	612
volvera	612
mentiré	612
orinando	612
vittorio	612
quisiese	612
basan	612
lopez	612
chimeneas	612
telepatía	612
nicaragua	612
verdura	612
turba	612
ff8000	612
indigestión	612
mirarlos	612
adrián	612
comprometió	612
perdónanos	611
ejem	611
filma	611
dejabas	611
bobbie	611
clítoris	611
brownie	611
lot	611
autopistas	611
presioné	611
similitudes	611
block	611
subiera	611
arruinarme	611
simboliza	611
vórtice	611
consentir	611
giren	611
recogimos	611
intentábamos	611
callos	611
kern	611
richter	611
guardada	611
australianos	611
atacas	611
ignoran	611
shake	611
coordinar	611
improviso	610
disculparnos	610
cheung	610
mace	610
arruinan	610
hermanastro	610
ordenaré	610
conectan	610
quê	610
tuvisteis	610
hereje	610
extenso	610
romances	610
resumir	610
sampson	610
escribiría	610
conocieran	610
vulgares	610
destruiremos	610
oyera	610
horizontes	610
bajarte	610
horripilante	610
bajor	610
rog	610
llevármelo	609
reanimación	609
meterán	609
1er	609
farnsworth	609
ogden	609
decapitado	609
lenore	609
mimado	609
entrevistando	609
vivís	609
rodó	609
katia	609
icono	609
sobreviviremos	609
turbio	609
celine	609
abrumadora	608
usos	608
mortero	608
interrogó	608
vigilia	608
abandonaría	608
petrolera	608
agradecerá	608
fairfax	608
escríbelo	608
serian	608
colocas	608
traerías	608
parecieron	608
maia	608
pobrecilla	608
domésticas	608
wil	608
popeye	608
presunto	608
jer	607
haran	607
puntillas	607
lograría	607
enfrenté	607
rommie	607
vendra	607
pantuflas	607
clímax	607
peralta	607
siéndolo	607
cristóbal	607
conmocionado	607
repasemos	607
pasquale	607
niágara	607
marcelo	607
okinawa	607
pasivo	607
errol	607
arrebato	607
cumpliste	607
recibiría	607
atenea	606
acogedora	606
hundirse	606
descansas	606
violetas	606
bergman	606
morían	606
wesen	606
revele	606
quemarropa	606
ollas	606
rompemos	606
colaterales	606
quebrada	606
palmeras	606
recogiste	606
hospicio	606
desharé	606
sarampión	606
taiwán	606
pool	606
embriaguez	606
correcciones	606
austen	606
esperáis	606
grasas	606
franks	606
negaba	606
ayuno	605
habladurías	605
shinji	605
masivas	605
podias	605
llevase	605
relámpagos	605
capturada	605
curarlo	605
venderte	605
cogiera	605
cautiverio	605
help	605
parlante	605
abner	605
samaritano	605
matemáticos	605
tumbada	605
solitarias	605
portó	605
reduciendo	605
intactos	605
reservados	604
almeja	604
faena	604
terra	604
prefieras	604
interesas	604
diagnosticado	604
tardarás	604
nativa	604
imitaciones	604
respetaba	604
caber	604
rodear	604
consíguete	604
matrix	604
líbano	604
reiniciar	604
impacientes	604
huía	604
holling	604
cã	604
tatiana	604
malicia	604
páseme	604
pá	604
auténticas	604
pay	604
servidumbre	604
maltratado	603
gilipollez	603
acertar	603
silicona	603
autenticidad	603
binoculares	603
paisano	603
separaremos	603
pelis	603
firmará	603
reemplazarlo	603
oyente	603
congelación	603
huyamos	603
resistiendo	603
chequera	603
páncreas	603
morro	603
international	603
jacky	603
hamaca	603
suavizar	603
compresiones	603
cirie	603
skipper	603
fallecida	603
voight	603
cancelación	603
adversarios	603
phelps	603
dichoso	603
cruzaremos	603
invitaría	603
expone	603
frannie	603
encías	603
conservo	603
explícamelo	603
dalia	602
sanguíneos	602
bora	602
selena	602
asustaron	602
caricaturas	602
wiley	602
jana	602
cu	602
laird	602
paletas	602
aprecie	602
anemia	602
tristán	602
pastelero	602
inconscientes	602
arado	602
suk	602
accedí	602
anexo	602
cronómetro	602
adama	602
emilie	602
poneros	602
sigilosamente	602
mezclarse	602
tower	602
fundada	602
descalzo	602
enviaran	602
desorientado	601
piénsenlo	601
increiblemente	601
musgo	601
motiva	601
neutralizar	601
angélica	601
leyeron	601
hipotecas	601
arrogantes	601
barracas	601
fundamentos	601
reservaciones	601
mandela	601
rehusó	601
abuelas	601
comunícame	601
rani	601
represente	601
seven	601
incontrolable	601
prometemos	601
santas	601
taburete	601
pisó	601
sobrenaturales	601
panes	601
complicar	600
creed	600
cannon	600
permitiste	600
pelees	600
salon	600
indicó	600
divertía	600
quemaré	600
injerto	600
deprime	600
nacerá	600
clooney	600
ahogarme	600
resisten	600
spice	600
colgué	600
bourne	600
darrell	600
seña	600
glucosa	600
uniera	600
tramposos	600
stafford	600
mikhail	600
ortodoxo	599
deduzco	599
veia	599
aeronave	599
encendiendo	599
range	599
prácticos	599
apuntaba	599
cortaría	599
salaam	599
war	599
hiperespacio	599
intervenido	599
comprendas	599
arqueología	599
dooley	599
sospechado	599
asciende	599
apestaba	599
clavada	599
wichita	599
huracanes	599
mencionaron	599
como-	599
apacible	599
parecerte	599
cuestas	599
excluido	599
cylons	598
sustancial	598
tobin	598
sorry	598
rufianes	598
scanlon	598
turca	598
megatron	598
publicitario	598
name	598
alegrar	598
zhao	598
inversionistas	598
sintética	598
regar	598
indígena	598
forestal	598
tentaciones	598
anotaciones	598
vitalidad	598
rellenos	598
cerro	598
compuestos	598
desnudista	598
tomarías	598
costes	597
bowen	597
visito	597
t.k.	597
tapones	597
shan	597
adversidad	597
maple	597
debilucho	597
conspiraciones	597
horrorosa	597
improvisado	597
ahmad	597
preferiblemente	597
yéndose	597
resbaladizo	597
ahjumma	597
insubordinación	597
fraile	597
cómprame	597
pásamelo	597
gourmet	597
killian	597
caímos	597
crucificado	597
obedezco	597
oponen	597
encienden	596
euforia	596
defenderlo	596
crucigrama	596
riviera	596
extensiones	596
besándose	596
ew	596
someter	596
recordármelo	596
momo	596
candelabro	596
alexandre	596
envejece	596
dedicados	596
inoportuno	596
lotte	596
diagrama	596
sook	596
suegros	596
fetiche	596
benéfico	596
colecciona	596
geisha	596
creadores	596
interrumpió	596
convenientemente	596
barandilla	595
planetario	595
califica	595
toki	595
goebbels	595
aditya	595
avisarles	595
intentarás	595
comestible	595
ros	595
wickham	595
rastrea	595
glándulas	595
comunican	595
escapaba	595
mobiliario	595
acertada	595
debil	595
salvadora	595
obsesionados	595
acordáis	595
goguryeo	595
reaccionan	595
bendecir	595
predecesor	595
destrozaron	595
parkinson	595
soso	595
dármelo	595
imprevisto	595
inutil	594
bulgaria	594
guerrilla	594
bailaré	594
aprovecho	594
alejen	594
quemará	594
pepinillo	594
descubras	594
negligente	594
encerrarte	594
envíale	594
mirándonos	594
croft	594
culparlo	594
volvernos	594
provenía	594
lung	594
space	594
orando	594
serbio	594
millar	594
angustiado	594
grabaste	594
publicaron	594
venenos	594
asegurarlo	594
pintadas	594
colgarlo	593
kingston	593
supernova	593
articulaciones	593
desconozco	593
alexa	593
heriste	593
patrice	593
sujétense	593
milk	593
esperaron	593
danvers	593
presion	593
vietnamitas	593
fielmente	593
asignó	593
acompañes	593
desistir	593
llovió	593
dormían	593
bolitas	593
wick	593
informativo	593
donnell	593
describiendo	593
jennie	593
gruñendo	592
comunicó	592
ocultaba	592
gorman	592
demostrará	592
mandados	592
tieso	592
abrumada	592
incurable	592
faltará	592
yacía	592
tank	592
ci	592
done	592
zola	592
innovador	592
díos	592
desfiles	592
digale	592
colocados	592
mecanismos	592
pereza	592
léalo	592
apostador	592
empujo	592
sostuvo	592
erradicar	592
colocan	592
schwartz	592
abortos	592
yerba	591
utilizarla	591
goya	591
desempacar	591
tejados	591
lamentarlo	591
tobogán	591
demostrarles	591
salvara	591
skate	590
canas	590
cannes	590
compinche	590
observó	590
recuperaste	590
cegado	590
debiéramos	590
decepcionas	590
prominente	590
consecutivos	590
dámelas	590
estereotipo	590
acercara	590
atraídos	590
espinacas	590
anakin	590
peleador	590
descarta	590
velma	590
congeló	590
alcanzaremos	590
iraquíes	590
bel	590
arkady	590
previas	589
liar	589
kieran	589
acordaste	589
enamoras	589
escucharle	589
afirmaciones	589
lodge	589
qing	589
luches	589
apenada	589
criaste	589
encubriendo	589
representas	589
largue	589
despertaron	589
licenciatura	589
aumente	589
habiamos	589
avergonzados	589
desata	589
open	589
hebilla	589
apropiados	589
maxim	589
desvaneció	589
placenta	589
traba	589
jonesy	589
repaso	589
hematomas	588
quedándose	588
asegurará	588
intermitente	588
decididos	588
cubriremos	588
latimer	588
rechazarlo	588
interceptado	588
cardiaca	588
alfileres	588
alcanzaron	588
pídale	588
desinfectante	588
smithers	588
supere	588
merrill	588
cajuela	588
mandamiento	588
pudieramos	588
colarse	588
realidades	588
retroceso	588
apresúrense	588
amenazante	588
ajustada	587
capri	587
crocker	587
arrestarán	587
repites	587
aquã	587
vision	587
chae	587
quitaba	587
viper	587
neutrones	587
alabanzas	587
encendí	587
despediré	587
escucharnos	587
traicionando	587
talleres	587
déjenlos	587
tocada	587
arriesgaste	587
causo	587
pinté	587
estàs	587
bosch	587
estadísticamente	587
sedán	587
arándano	587
mcgill	587
topado	587
desafió	587
llegáramos	587
glaseado	587
pompeyo	587
quitarles	587
pueblito	587
atómico	586
hablándome	586
frau	586
garantizada	586
vendían	586
topher	586
creerían	586
impulsiva	586
génova	586
dunas	586
interes	586
riego	586
lastimará	586
asaltó	586
estomacal	586
lujosa	586
lapso	586
álamo	586
resbalé	586
gladiadores	586
eloise	586
contempla	586
avispa	586
greendale	586
preguntártelo	585
mitin	585
cubrirse	585
animarme	585
excavando	585
requisito	585
empujaron	585
cortesana	585
tenedores	585
preguntaban	585
superpoderes	585
invitadas	585
supersticiones	585
arrastrarte	585
manchar	585
prometen	585
madge	585
metanfetaminas	585
heroica	585
presenciado	585
aleta	585
existan	584
variable	584
comiera	584
softball	584
friends	584
libreto	584
manejé	584
cardenales	584
organizamos	584
saltaron	584
rezos	584
rutledge	584
crio	584
visitamos	584
emitiendo	584
vigilados	584
subordinados	584
perezosa	584
sanguijuela	584
muchachita	584
apendicitis	584
puñetera	584
kato	584
desterrado	584
avisaremos	584
ingle	584
buzos	584
concedió	584
quedármelo	584
preguntale	584
preguntarás	584
ocultarte	584
toser	584
secuela	584
alteres	584
surfista	583
despega	583
callum	583
devuélvemela	583
tropezado	583
acampada	583
celebro	583
sakura	583
chorizo	583
mormón	583
toyota	583
gordita	583
piggy	583
alegar	583
traicionero	583
soñamos	583
arqueros	583
pinchar	583
sufras	583
conejillo	583
atila	583
joker	583
deportistas	583
leave	582
mclaren	582
funcionaron	582
monstruosa	582
stress	582
leerle	582
hawks	582
prevista	582
cortarla	582
meteorológico	582
pu	582
bertrand	582
inmunológico	582
nim	582
resfrío	582
republicana	582
desconoce	582
julianne	582
mili	582
anula	582
ratoncito	582
enmendar	582
rehúsa	582
delicias	582
fobia	582
entrenamientos	582
quitárselo	582
caruso	582
olvidate	582
amplificador	582
seong	582
liberaré	582
amenazaba	582
moi	582
decidiremos	582
apellidos	582
asesinan	582
escríbeme	582
arquitectos	582
responderme	582
sirope	582
estafado	582
alzar	581
entierra	581
escupió	581
indulgencia	581
malcriado	581
calamidad	581
asã	581
jagger	581
anastasia	581
tónica	581
tulipanes	581
saltador	581
frodo	581
tuttle	581
dejada	581
sobrenombre	581
rhea	581
incluía	581
friedrich	581
springer	581
marcan	581
manténgalo	581
presumiendo	581
korra	581
arrugado	581
confirmaron	580
calleigh	580
conversamos	580
pille	580
lumbar	580
cuelgo	580
estrictos	580
prometedora	580
advierte	580
limosina	580
wilhelmina	580
adoramos	580
paleto	580
aterroriza	580
géminis	580
o-	580
estuviésemos	580
donado	580
hablándole	580
diagnosticaron	580
descabellado	580
cogedle	580
waverly	580
desordenada	580
enferman	580
grabadas	580
goku	580
comprometerme	580
hiedra	580
imaginaste	580
xviii	580
marga	580
delenn	580
húmedos	579
mirándola	579
quítamelo	579
premonición	579
boxeadores	579
salvaremos	579
dag	579
carole	579
contras	579
aterrizamos	579
mastica	579
moveremos	579
pagaran	579
espectaculo	579
retrasos	579
saludas	579
estudian	579
participando	579
divinidad	579
seductora	579
leningrado	579
engranajes	579
escudero	579
evitamos	579
anubis	579
causadas	579
mamma	579
elder	579
body	579
ciclista	578
celebrado	578
adivinando	578
elevados	578
jenn	578
hubieron	578
coordinador	578
repetido	578
disparaba	578
estuvisteis	578
ibrahim	578
asta	578
respeten	578
cepillos	578
especulaciones	578
faulkner	578
polos	578
desecho	578
contracción	578
cedió	578
sh	578
oidos	578
defendí	578
cucharada	578
cosette	578
contaras	578
quedarían	578
mardi	578
compremos	577
notan	577
contratados	577
cerraba	577
perturbar	577
alquilamos	577
sombrilla	577
alcanzamos	577
resolvemos	577
acuestes	577
creyeras	577
bucal	577
ahn	577
amenazaste	577
brasileña	577
bloqueados	577
chimpancés	577
informarte	577
tricia	577
twain	577
enamoro	577
flamenco	577
petrov	577
fundamentalmente	576
recuperada	576
confinado	576
postraumático	576
leblanc	576
pavimento	576
alardeando	576
publicitaria	576
enredo	576
pintan	576
bolo	576
silo	576
aarón	576
libérame	576
informará	576
fallecimiento	576
camaras	576
cómicos	576
things	576
averiguo	576
trace	576
pierrot	576
branson	576
bibliotecaria	575
baliza	575
hewes	575
conocerlas	575
comuníqueme	575
saludarlo	575
abrazarme	575
utilizados	575
dolorido	575
pride	575
tocarle	575
acorazado	575
tully	575
rosada	575
perdonan	575
aconsejó	575
contratarte	575
intolerante	575
electro	575
recae	575
acreedores	575
córtala	575
sindical	575
capitales	575
brigitte	575
cuídala	575
marchara	575
severas	575
cogería	575
rotundamente	574
represa	574
xiii	574
perseguían	574
escribirme	574
fugarse	574
ocio	574
discutió	574
potentes	574
fauna	574
tabú	574
ataco	574
supervisora	574
teórico	574
abstracto	574
sinagoga	574
purga	574
curriculum	574
gargantas	574
akbar	574
trágicamente	574
agradeceré	574
alyssa	574
prenupcial	574
nero	574
devil	574
precinto	573
mariano	573
benditos	573
rainer	573
originó	573
llegaríamos	573
compartiré	573
falsificaciones	573
imagenes	573
copian	573
seguirías	573
filósofos	573
movilidad	573
robótica	573
tentativa	573
woodrow	573
lingotes	573
embolia	573
derrama	572
acumulación	572
mcguire	572
pines	572
renuncies	572
westminster	572
partiremos	572
pus	572
tarados	572
faber	572
mazmorra	572
isa	572
desliz	572
caseras	572
respaldar	572
nitrato	572
guardados	572
nominados	572
catastrófico	572
básquet	572
samurái	572
insistía	572
botar	572
disculpado	572
ficticia	572
apropiadas	572
invertí	572
eunuco	572
colmillo	572
comenzo	572
intestinal	572
aveces	572
cuchillas	572
sentaste	571
visitan	571
sahara	571
asusten	571
húmedas	571
mauricio	571
gobernantes	571
tranquilizarte	571
exiliado	571
calamares	571
faraday	571
esconderé	571
diantres	571
montamos	571
mccann	571
distinguida	571
recibiremos	571
recogeremos	571
reparando	571
sedienta	571
vascular	571
trick	571
escúchate	571
aprietos	571
disfunción	571
financieramente	571
reelección	571
avi	571
formula	571
sanciones	571
lourdes	571
renault	571
arrastrada	571
vagabunda	571
fueramos	571
líbranos	571
igt	570
saudita	570
sonrío	570
irwin	570
gaines	570
delgados	570
pegaso	570
coloco	570
miraremos	570
sutiles	570
marlo	570
atenderá	570
envia	570
muñequita	570
rudolf	570
rommel	570
guantánamo	570
duff	570
concesionario	570
conceda	570
coliseo	570
sanas	570
mandes	570
mezquina	570
semejanza	570
reventó	570
dietrich	570
deleite	570
hélène	570
pulse	570
sueltan	570
esquemas	569
meramente	569
umbilical	569
áspero	569
ente	569
lamborghini	569
takeda	569
tenaz	569
actúen	569
milos	569
pedírtelo	569
alcatraz	569
admirando	569
musashi	569
relativa	569
rienda	569
imagínense	569
arrancarte	569
escultor	569
vencerme	569
silvestres	569
alegramos	569
humillar	569
extienden	569
yves	568
vulcanos	568
sorprenderías	568
dmitri	568
adalind	568
recógelo	568
garrity	568
esporas	568
cervecería	568
mine	568
secretarias	568
basuras	568
subtitulos.es	568
perforado	568
organizador	568
cargan	568
transporta	568
analiza	568
morirían	568
decime	568
genoma	568
exóticos	568
donó	568
altibajos	568
balneario	568
fenton	568
ataron	568
marcapasos	568
kabul	568
conectarse	568
mágicamente	568
kimmie	568
descripciones	568
asignar	568
ong	568
entregarla	568
deis	568
colapsar	568
ortega	568
dictado	567
respetables	567
tailandesa	567
zapatilla	567
comunitaria	567
meet	567
decisiva	567
lakhs	567
tejón	567
restaurado	567
gaste	567
corpus	567
sutter	567
cee	567
dahlia	567
pasatiempos	567
brutus	567
artagnan	567
emitió	567
cloroformo	567
kremlin	567
tolera	567
incomodidad	566
impedimento	566
marchaba	566
traiciones	566
folk	566
estropee	566
artillero	566
aggie	566
confesionario	566
uni	566
shirin	566
jalar	566
extraído	566
cocktail	566
stay	566
caníbal	566
clava	566
snob	566
dócil	566
traían	566
manija	566
punjabi	566
downey	566
notificado	566
parpadeo	566
lian	566
grandiosas	566
bartowski	566
existente	566
rutherford	566
recibamos	566
hancock	566
monkey	566
almorzamos	566
abracadabra	566
embrujadas	566
zhaan	566
atenciones	566
arrancaron	565
burlar	565
conto	565
sacerdotisa	565
orinal	565
filmamos	565
alguaciles	565
examinó	565
gritaste	565
doblemente	565
sissy	565
formo	565
divorciamos	565
organicé	565
cifrado	565
francie	565
sangrientos	565
déjele	565
marv	565
chocante	565
golpearla	565
lupa	565
embarazado	565
epstein	564
globe	564
júnior	564
revienta	564
huyan	564
invaluable	564
inmensamente	564
colegiala	564
dirigían	564
enfurece	564
choques	564
marqué	564
plutón	564
moviéndonos	564
single	564
metallica	564
matrimoniales	564
brillaba	564
alega	564
tahití	564
perilla	564
decir-	564
andaban	564
menopausia	564
fulton	564
corvette	564
exóticas	564
carretas	564
perturba	564
celestiales	563
objetiva	563
boutique	563
finalizado	563
fall	563
ferdinand	563
refinada	563
vaciado	563
cecile	563
bendecida	563
intensos	563
absorbido	563
atreví	563
puñetero	563
carnero	563
mingo	563
mejicano	563
resort	563
ileso	563
mikael	563
estábais	563
transportando	563
desafio	563
votemos	563
middleton	563
sóla	563
compuerta	562
canicas	562
hand	562
cloacas	562
protegemos	562
continue	562
competencias	562
uniendo	562
alubias	562
entierren	562
palito	562
asesinarme	562
némesis	562
perdio	562
reece	562
dove	562
interruptores	562
alquimista	562
virilidad	562
recogemos	562
afectaría	562
debilitado	562
vizconde	562
pastas	562
malibu	562
radial	562
periodico	562
purcell	562
avaro	561
dichos	561
sincronizados	561
zed	561
rev	561
emplea	561
lira	561
vecinas	561
tunel	561
bey	561
obesidad	561
precede	561
valijas	561
impulsado	561
cbi	561
un-	561
desató	561
entrometida	561
tailandés	561
mercury	561
interesarle	561
cerrajero	561
bueyes	561
joseon	561
sobrepasa	561
fermín	561
hewitt	561
kar	561
melocotones	561
dojo	560
alquimia	560
aye	560
joden	560
mads	560
gentilmente	560
arqueólogo	560
columbus	560
mejoran	560
fs12	560
transferencias	560
profundizar	560
moretón	560
comandancia	560
agotando	560
latte	560
penelope	560
despidieran	560
shang	560
wharton	560
esmeraldas	560
pescuezo	560
aporta	560
retenida	560
confiscado	560
piratería	559
aplastando	559
tápate	559
subtitulada	559
gupta	559
desgaste	559
rábano	559
perplejo	559
conociéramos	559
anticuerpos	559
dificiles	559
archibald	559
dediqué	559
sálvate	559
levantad	559
vigilaba	559
calmados	559
corky	559
misioneros	559
saberse	559
verifique	559
jugosa	559
chihuahua	559
arreglárselas	559
estabilizar	559
protones	559
mccain	559
implicación	559
vengativo	559
averiguas	559
fijaste	559
regeneración	559
pelusa	559
enfadará	558
heroes	558
maud	558
paternal	558
devastación	558
soportan	558
sentirla	558
tc	558
ovarios	558
interesadas	558
inviernos	558
siegfried	558
mostrare	558
jewel	558
limpiaste	558
pepperoni	558
chantajista	558
averió	558
descargado	558
agradar	558
choqué	558
excalibur	558
marvel	558
masha	558
cancelé	558
ch	557
parodia	557
estableciendo	557
dominical	557
retención	557
fronteriza	557
lakers	557
destruyo	557
localizarla	557
beneficioso	557
echada	557
cogerán	557
ternero	557
cambiante	557
eee	557
pagarían	557
extrañarte	557
lunática	557
presentados	557
perdonarlo	557
presentaros	557
sicario	557
despertara	557
arrepentirme	557
antepasado	557
recipientes	557
caótico	557
fín	557
portales	557
proveniente	557
bao	557
quítatela	557
actitudes	557
metáforas	557
pr	556
cínica	556
punción	556
arlington	556
presentaremos	556
leerlos	556
salomé	556
deke	556
prepago	556
solucionará	556
canse	556
elegiré	556
kung-fu	556
escúchalo	556
grabaron	556
khalid	556
augusta	556
engañoso	556
háganse	556
guays	556
llenarlo	556
concertar	556
barnett	556
crucifijo	556
subs	556
numeros	556
singularidad	556
durmiera	556
prolongar	556
bri	556
atacantes	556
rayado	556
petardos	555
quisquilloso	555
gabardina	555
depravado	555
déjales	555
corsé	555
nutrición	555
acortar	555
dai	555
fastidioso	555
destaca	555
entraras	555
introduce	555
mostrarlo	555
swann	555
reunamos	555
compartía	555
asista	555
equipados	555
optimistas	555
hueón	555
agarrarme	555
falsamente	555
peludos	555
sensuales	555
manzanilla	555
diputados	555
hechizado	555
susurrar	555
traicionarme	555
bloqueó	555
rikki	555
helando	555
weller	555
refinería	555
quitaremos	555
lideres	555
follen	554
parish	554
inventada	554
holiday	554
pintoresco	554
gibraltar	554
apartó	554
carcajadas	554
calurosa	554
confederación	554
curandero	554
horda	554
martina	554
hemorroides	554
band	554
3ch462300	554
diciéndoles	554
háganme	554
juliana	554
warrick	554
aproveché	554
séquito	554
cris	554
anote	554
desconsiderado	554
estómagos	553
europeas	553
marshals	553
sena	553
oh.	553
six	553
creará	553
bisabuela	553
convertía	553
anunciando	553
niegue	553
incompetentes	553
u.	553
accesorio	553
afeitarse	553
cuídalo	553
señoria	553
dictar	553
rameras	553
scarlet	553
detenciones	553
huelgas	553
beacon	553
atrocidad	553
baptiste	553
destellos	553
veámoslo	553
escucharas	553
prever	553
casando	552
págale	552
nominaciones	552
charlamos	552
disparéis	552
higgs	552
alterando	552
supersticioso	552
dum	552
estatutos	552
surrealista	552
representamos	552
neurológico	552
vamos.	552
publique	552
existimos	552
mayúscula	552
escondieron	552
concéntrense	552
versículo	552
llenaron	552
extraoficial	552
arrancando	552
respires	552
siguieran	552
esperándole	552
autorizar	552
aprobé	552
quahog	552
notaron	552
posteriormente	552
indeciso	552
invadió	551
lavan	551
condados	551
barack	551
aplaudan	551
nietzsche	551
sao	551
vehiculo	551
construiste	551
maru	551
venice	551
terrace	551
stabler	551
detonadores	551
refrigeración	551
apelaciones	551
incendiado	551
ds	551
especializada	551
shrek	551
largar	551
sd-6	551
meningitis	551
tecnológica	551
perversión	550
marchará	550
óptico	550
chipre	550
alumnas	550
chupado	550
desdichado	550
coros	550
estranguló	550
karim	550
pili	550
distribuidores	550
regalarle	550
prefirió	550
deliberado	550
incesto	550
portan	550
tirarle	550
lon	550
páramo	550
sobrepasado	550
métela	550
paseaba	550
sentara	549
laterales	549
massimo	549
meditando	549
maleducada	549
eugenia	549
detectan	549
adelántate	549
llenará	549
conteniendo	549
comprimido	549
yonqui	549
asesinarlo	549
desiertos	549
placentera	549
inestabilidad	549
electromagnética	549
teyla	549
contraataque	549
quantico	549
agarres	549
cocinaba	549
ayudenme	549
castigará	549
neón	549
llevártelo	549
pulga	549
filtrar	549
entrégate	549
jam	549
vereda	549
cyborg	549
rashid	548
construiré	548
comic	548
presentable	548
golfa	548
conmovió	548
dirty	548
interrogarla	548
lastimaron	548
resuelven	548
relacionar	548
declarada	548
ruxin	548
aproximándose	548
fumes	548
anguilas	548
templeton	548
chaz	548
encontrase	548
atraía	548
esperá	548
proporcionó	548
sentencias	548
deslizamiento	548
portazo	548
dormilón	548
corrompido	548
ofrendas	548
latitud	548
calumnia	548
subterráneos	548
bazar	548
espejismo	547
alegrarte	547
sofocante	547
suéltelo	547
nanny	547
ejerce	547
babs	547
asumiré	547
acostaré	547
fortalezas	547
sábes	547
mensuales	547
contratarme	547
telégrafo	547
sedado	547
contenidos	547
protagonistas	547
martinez	547
peguen	547
impactado	547
station	547
pervertida	547
roswell	547
sand	547
fernández	547
traficar	547
alegria	547
dvds	547
kiera	547
escamas	547
tesorero	547
depositar	546
abusivo	546
miedoso	546
tendran	546
sudoroso	546
italianas	546
cuentame	546
westen	546
bébelo	546
microbios	546
thakur	546
garrote	546
cloud	546
puntualidad	546
luchaste	546
enfadarse	546
lavavajillas	546
zodiaco	546
pertinente	546
baratijas	546
eso-	546
trasplantes	546
récords	546
pollock	546
anything	546
besaba	546
complete	546
aplicado	546
lógicamente	546
documentado	546
juntado	546
invirtió	545
klan	545
gofres	545
praderas	545
crusoe	545
atraviesan	545
alejo	545
robarnos	545
partieron	545
discúlpanos	545
estelares	545
muad	545
apestar	545
portafolio	545
katrine	545
arrendamiento	545
abandonarla	545
captas	545
valientemente	545
bengalas	545
dijistes	545
autoriza	545
maynard	545
agradó	545
menús	545
minimizar	545
tee	545
x-men	545
leerme	545
egocéntrico	545
hbo	545
corroborar	545
compone	545
panteras	544
practican	544
lanzaste	544
oxidada	544
neblina	544
rastras	544
protegeremos	544
degradación	544
disparador	544
acompañen	544
guionistas	544
sanderson	544
represalia	544
baines	544
subespacial	544
contacté	544
dirigidos	544
expresarlo	544
comprueben	544
estimo	544
atwood	544
arrestaran	544
kaufman	544
pros	544
carrete	544
mogo	544
canino	544
journal	544
contadores	544
ejecutada	544
dichas	544
ofendida	543
pedirán	543
capturarlo	543
contactarme	543
apestosos	543
hallie	543
khanna	543
disolver	543
acabarlo	543
teoria	543
montículo	543
cazafantasmas	543
contesten	543
beale	543
adapta	543
bashir	543
mudaremos	543
michaela	543
acercaron	543
combinan	543
abandonarte	543
amaría	543
corrían	543
zumbando	543
cerraremos	543
edmond	543
hana	543
zé	542
pedían	542
brodie	542
presley	542
rallo	542
vendados	542
accede	542
mencionan	542
atrevimiento	542
madagascar	542
cargué	542
tedioso	542
relajación	542
apresures	542
fetal	542
si-	542
desmoronando	542
pendleton	542
estructural	542
caesar	542
procesador	542
arruinarás	542
limitadas	542
calmen	542
intolerancia	542
comerla	542
apartarme	542
aficionada	542
manutención	542
hablame	542
exportación	542
dejándolo	542
palillo	542
perrita	542
asumes	542
therese	542
dividirnos	542
guacamole	542
rubén	542
insistí	542
airlines	542
concentra	542
buick	541
intervino	541
caida	541
interesarte	541
despiadados	541
inmundo	541
aprobaría	541
escalpelo	541
tramas	541
mantuvimos	541
whitehall	541
exclusivos	541
zas	541
destructores	541
encontrare	541
concentrados	541
tulsa	541
velar	541
sacarles	541
compensarlo	541
auditoría	541
detengamos	541
evitas	541
moo	541
óptimo	541
divorciarme	541
suponen	541
pintaba	541
inflexible	541
cuestionable	541
sobrevivirás	541
enderezar	541
pasante	540
confusas	540
regalaste	540
ocultaste	540
pronunciado	540
desleal	540
desearle	540
remington	540
desmayarme	540
látex	540
paquita	540
herradura	540
torturarme	540
sombría	540
shelton	540
transferida	540
reescribir	540
arrastraron	540
vendiera	540
facilita	540
mostrarse	540
etiopía	539
acústica	539
protestando	539
atropellar	539
mirón	539
mudara	539
dandy	539
presupuestos	539
oh-oh	539
campeonatos	539
támesis	539
sorprendiste	539
conseguirías	539
reconociste	539
sacarlas	539
tiernos	539
holliday	539
kuwait	539
aristócrata	539
olí	539
contestadora	539
robes	539
difusión	539
hipotermia	539
guia	539
consultarme	539
loren	539
roedor	539
prestamos	539
extienda	539
sudado	539
nombraron	538
violé	538
poster	538
arrastran	538
divulgar	538
piénsatelo	538
tragué	538
crow	538
relajas	538
aptitudes	538
calmes	538
nice	538
yugular	538
acostumbres	538
astillas	538
salami	538
bocaza	538
madrugar	538
desayunando	538
leif	538
cargamos	538
harmony	537
responderle	537
drástico	537
fingen	537
abusador	537
anarquistas	537
disparates	537
sensatez	537
roedores	537
espasmos	537
durmieron	537
rizzoli	537
gime	537
pudin	537
comerciar	537
v8	537
seamus	537
stalingrado	537
bájese	537
beaver	537
agredió	537
atentados	537
comunicaré	537
utopía	537
influenciar	537
servirles	537
arañazo	537
redactar	536
cajeros	536
reconocemos	536
atrapas	536
atorada	536
dirígete	536
hayward	536
enamoradas	536
estafas	536
lavinia	536
keiko	536
aversión	536
tramposa	536
cabot	536
wooster	536
ojai	536
comerlos	536
crowder	536
reflejan	536
arrojando	536
sinónimo	536
intrépido	536
torturó	536
trisha	536
cantaban	536
hijoputa	536
veta	536
kenji	536
amanece	536
protegería	536
apogeo	536
laceración	536
gaulle	536
inofensivos	536
volaste	536
hombría	535
lacrimógeno	535
equilibrar	535
exageras	535
fundición	535
cove	535
moribunda	535
rebotar	535
migración	535
echad	535
pimiento	535
disparaban	535
acidez	535
mueller	535
touché	535
recluso	535
catre	535
rodamos	535
droides	535
justiciero	534
luzca	534
chelín	534
influyentes	534
frederic	534
risitas	534
funcionaban	534
avísenme	534
jodieron	534
separemos	534
tráquea	534
colgaré	534
hijastra	534
ralphie	534
centrarme	534
agotó	534
tomá	534
recibirnos	534
declararse	534
historiales	534
bendecidos	534
varonil	534
desvanecido	534
recibiera	534
alquien	533
jimmie	533
inestables	533
perderíamos	533
limpiarla	533
gia	533
são	533
ange	533
babu	533
audi	533
herejía	533
chacal	533
aflojar	533
engreída	533
tableta	533
soltaré	533
consumen	533
limpiarme	533
gaston	533
usarme	533
rebaja	533
luminosa	533
enrollado	533
gentiles	533
evaluaciones	533
fluya	533
arduo	533
lograba	533
entregaremos	533
frx0	532
early	532
dibujante	532
nu	532
apóyate	532
ruin	532
ski	532
magnesio	532
asar	532
eu	532
apego	532
mm-hm	532
bombear	532
florero	532
criterios	532
licuadora	532
hatch	532
reclutó	532
nacieras	532
peleaba	532
infectó	532
pooh	532
estampillas	532
crucigramas	532
prudence	532
ayudarlas	532
ribera	532
aumentará	532
monté	532
traumática	532
culpado	532
intensas	532
trans	532
tuerto	532
tradicionalmente	532
yemen	532
pai	532
terminales	531
alocada	531
birkoff	531
anoto	531
clarinete	531
incrementa	531
olvídense	531
resistirte	531
forrado	531
bartlet	531
calais	531
escorpio	531
sparrow	531
subvención	531
geeta	531
spartacus	531
gladiador	531
seducirme	531
pomada	531
mezclados	531
planteado	531
devorado	531
constantinopla	531
heinz	531
duradera	531
puck	531
laceraciones	530
empujas	530
situada	530
falsificador	530
papà	530
burritos	530
ahorrarte	530
jadeo	530
formales	530
acuerde	530
judiciales	530
aterrizando	530
explicarse	530
gt	530
hincha	530
topless	530
opuso	530
robles	530
excepcionalmente	530
soplete	530
exterminio	530
sonámbulo	530
pardo	530
violan	530
shakira	530
éxodo	530
léela	530
despedirla	530
himalaya	530
sacrilegio	530
mandaría	530
malgastando	530
perdoné	530
molécula	530
mutilado	530
chardonnay	529
convenga	529
morirías	529
recordaremos	529
aparecí	529
enojarse	529
prepararemos	529
devuélvame	529
desvió	529
precavido	529
talentosos	529
superamos	529
jing	529
presentaba	529
romperla	529
eye	529
deslizó	529
digestión	529
obedecen	529
continuado	529
telenovela	529
yugo	529
chorros	529
levadura	529
declaran	529
comportó	529
desnudistas	529
lightman	529
reprogramar	529
exigiendo	529
sofie	529
narcotraficante	529
decorador	529
triunfado	529
liberan	529
alineados	529
aníbal	529
regularidad	529
bowling	528
jorobado	528
sacudiendo	528
degradante	528
rutinas	528
gustaste	528
derretir	528
desmorona	528
criticando	528
pasabas	528
tutela	528
delatado	528
albania	528
apartarse	528
amorosos	528
glory	528
aparecerán	528
trocito	528
reunirán	528
casémonos	528
alcancé	528
arrugada	528
culparla	528
levantarla	528
far	528
keeler	528
disponemos	528
baird	528
telarañas	527
elije	527
encarnación	527
psicótica	527
cálidos	527
comprada	527
rosewood	527
lombriz	527
ostia	527
adquirió	527
viril	527
dominios	527
esfumado	527
navegante	527
aida	527
crabtree	527
susanna	527
plymouth	527
quepa	527
quíteme	527
establecerse	527
examinarlo	527
aceptarás	527
provoques	527
imaginarios	527
deslizarse	527
brice	527
chateau	527
explicármelo	527
ensayado	527
arrepentida	527
intervalos	527
logística	527
mani	527
viéndonos	527
controladas	527
resistido	526
jugarlo	526
experimenta	526
tónico	526
pasarías	526
volátil	526
esclavas	526
roxie	526
narrativa	526
extraviado	526
confiara	526
moviste	526
joroba	526
perezosos	526
killer	526
pongámoslo	526
discuto	526
neurocirujano	526
aburren	526
idear	526
jugara	526
túnez	526
corporativos	526
oil	526
tranquilizador	526
examiné	526
confusos	526
ibiza	526
descansan	526
silbando	526
cavernícola	525
jovencitos	525
santísima	525
gorras	525
bofetadas	525
volkswagen	525
ahogada	525
calmaos	525
ciera	525
hicistes	525
-t	525
francois	525
convertiremos	525
voleibol	525
groenlandia	525
saludamos	525
cas	525
shop	525
pidieras	525
ofenden	525
legítimos	525
carpintería	525
marcharemos	525
cruzaste	525
pacifista	525
walk	525
mongolia	525
rubíes	525
aplastados	525
poros	524
desquiciado	524
molinos	524
marchaste	524
míralas	524
enron	524
contactarlo	524
erupciones	524
respiraba	524
navega	524
expandiendo	524
decirmelo	524
respetada	524
removido	524
herejes	524
regalando	524
pobrecillo	524
observas	524
padrinos	524
esfuerzas	524
calificada	524
partos	524
preparándome	524
esquimal	524
redactor	524
indicando	524
conducirlo	524
mandarán	524
examina	524
actualizado	524
libró	524
katarina	524
tok	524
echarles	524
mantenlos	524
gucci	524
borgoña	524
esquizofrénico	524
deshaga	523
desamparados	523
liberarla	523
siguieras	523
gretel	523
brook	523
studio	523
hunda	523
hear	523
sabbath	523
argentino	523
aniquilación	523
terminator	523
operacion	523
gruber	523
agradecerás	523
cíclope	523
enfadarte	523
concentrémonos	523
sharona	523
prepares	523
fijate	523
precisamos	523
espanto	523
mintiera	523
tecla	523
mak	523
desnúdate	523
enojarme	523
modificación	523
joderte	523
matarlas	523
hemorragias	523
lolita	522
bok	522
insultas	522
angelica	522
arrojé	522
construirlo	522
tugurio	522
cometo	522
fabulosas	522
cari	522
mudanzas	522
fun	522
imanes	522
tribuna	522
hackeado	522
joão	522
sobreviviría	522
guiando	522
firmara	522
beberlo	522
desempleados	522
carlyle	522
garabatos	522
ranura	522
mercaderes	522
transexual	522
traicionaron	522
mostraría	522
arrastrarse	522
scrabble	522
probarse	522
salvamento	522
fighting	522
caminante	522
proseguir	522
next	522
kahn	522
envejecimiento	522
fazio	522
confirmo	522
ucla	522
historiadores	522
acompañaba	522
sunday	522
forme	522
trabajarán	521
lim	521
norah	521
tuviésemos	521
vestuarios	521
comunico	521
keane	521
ahórratelo	521
deseada	521
estimados	521
flan	521
planchas	521
moraleja	521
aurelio	521
timidez	521
decepcionados	521
encriptado	521
osadía	521
investiguen	521
expresó	521
família	521
malhotra	521
marisco	521
vitrina	521
kal-el	521
pasándola	521
pecar	521
comúnmente	521
intersect	521
tam	521
perseverancia	521
muestrame	521
decoraciones	521
atrevía	521
seguíamos	521
promocionar	521
solita	521
petrolero	521
leímos	521
gruesas	521
enganchar	520
separémonos	520
llantos	520
fabian	520
ensangrentada	520
cuenca	520
follarte	520
infusión	520
llévenla	520
negará	520
poética	520
vanidoso	520
brindamos	520
olvidémoslo	520
tad	520
sonara	520
costear	520
vigilarla	520
credo	520
financiamiento	520
abandonara	520
johnston	520
ezequiel	520
monito	520
ampliación	520
conversacion	520
dándonos	520
bae	519
detectando	519
hobbes	519
guiaré	519
copiando	519
ladron	519
cupcakes	519
navajas	519
consistentes	519
tráigalo	519
descuentos	519
dándose	519
confirmando	519
cunda	519
despecho	519
isn	519
pruébame	519
campestre	519
bocota	519
arcángel	519
larissa	519
ordenamos	519
convendría	519
burguesa	519
clary	519
devereaux	519
presumiblemente	519
grasiento	519
porto	518
teñido	518
resultara	518
galón	518
sentaros	518
tiberio	518
llevad	518
liberamos	518
division	518
gemas	518
dopamina	518
retenerme	518
programados	518
maude	518
enséñanos	518
melena	518
movil	518
condenó	518
lomax	518
moja	518
apagados	518
transfirió	518
previsión	518
debio	518
chffffff	518
destructiva	518
aristócratas	518
evito	518
dispongo	518
barraca	518
ders	517
actuará	517
silenciosos	517
gao	517
sepultura	517
vigiles	517
ea	517
mejorarlo	517
golpeará	517
ajenos	517
deficiencia	517
edema	517
pecadora	517
referirse	517
varicela	517
jia	517
robaré	517
paracaidistas	517
desperdicios	517
carlotta	517
pibe	517
obligarlo	517
razonablemente	517
eficientes	517
asaltantes	517
tranqui	517
vergas	517
repetidas	517
vibrante	517
sírvanse	517
crusher	517
work	517
analistas	517
ozono	517
halago	517
radioactivo	517
huntington	517
pedirás	516
cortador	516
buscadores	516
qin	516
dudosa	516
membrana	516
infiltrarse	516
lentas	516
encuéntrenlo	516
esclerosis	516
ganarnos	516
abastecimiento	516
uther	516
dem	516
avon	516
muchachote	516
incómodas	516
hawkes	516
permanecerán	516
aleación	516
villancicos	516
súbita	516
lloramos	516
guiarnos	516
duce	516
evitan	516
comportamientos	516
aniquilar	516
tranquilizar	516
déjelos	516
small	516
sacudido	516
cubres	516
comanches	516
sáqueme	516
manuscritos	515
dolida	515
enfoca	515
dickinson	515
raciales	515
matinal	515
xbox	515
joxer	515
mandona	515
ciudadela	515
informativa	515
onzas	515
clandestinidad	515
rezaba	515
ritter	515
acrobacias	515
lagunas	515
palabrería	515
thorn	515
negaste	515
engañamos	515
suspendieron	515
lamentará	515
storybrooke	515
consistía	515
paramount	515
halagos	515
parpadea	515
lanzaré	515
caimanes	515
soltad	515
conserve	515
puedo-	515
impiden	514
encarcelamiento	514
tilly	514
rumano	514
atraso	514
perfeccionar	514
mintiéndome	514
telefoneado	514
dámelos	514
machista	514
testículo	514
importaban	514
lesionado	514
lupus	514
cerrarse	514
everything	514
marcadas	514
esfuérzate	514
alcanzarlos	514
emborracharnos	514
trabajadoras	514
siembra	514
mavis	514
monumental	514
descompuso	514
preferencias	514
invierte	514
manipuladora	514
furtivo	514
mido	514
preescolar	514
herrmann	514
tapiz	514
panfleto	514
kermit	514
devolverán	514
desmontar	513
memorándum	513
ecosistema	513
excrementos	513
quid	513
torturada	513
mcgarrett	513
desarmados	513
gobernado	513
kendrick	513
usabas	513
terence	513
informador	513
relevantes	513
landon	513
cubeta	513
avistamientos	513
inflamable	513
desintoxicación	513
pinball	513
anhela	513
devora	513
despreocupado	513
comodín	513
consolador	513
llámenos	513
desalojo	513
hornblower	513
ban	513
felicitación	513
balboa	513
ofelia	513
agresores	513
experimentó	513
sox	513
costurera	513
relatividad	513
decoro	513
estimula	513
encarar	512
comunique	512
gregorio	512
r2	512
mer	512
cheese	512
franela	512
vacilando	512
acosa	512
sonríen	512
sharpe	512
defectuosa	512
coleccionistas	512
funky	512
gage	512
portera	512
merlyn	512
socializar	512
cornisa	512
tendiste	512
quill	512
descansos	512
no-no	512
enlaces	512
depto.	512
ándate	512
believe	512
botox	511
perejil	511
suscripción	511
contraseñas	511
contenida	511
perez	511
queriamos	511
coito	511
saqueo	511
mambo	511
tiara	511
convenio	511
wilma	511
trazado	511
gigoló	511
psicólogos	511
frió	511
gruñido	511
capta	511
enterrando	511
drakul	511
ligando	511
noticieros	511
tov	511
esperarías	511
estancado	511
qi	511
afectadas	511
temían	511
sears	511
informé	511
pasándolo	510
distinguidos	510
facción	510
somníferos	510
interino	510
hormigueo	510
olvídala	510
maxie	510
descifrarlo	510
romperás	510
desatado	510
innecesarios	510
chillar	510
piadoso	510
ketamina	510
vigía	510
requerir	510
iraníes	510
keats	510
refiriendo	510
premisa	510
destruyes	510
rimas	510
machacar	510
altman	510
adaptar	510
minado	510
malteada	510
kwan	510
reforzado	509
bajista	509
haciendolo	509
birmania	509
balada	509
toallitas	509
quédatela	509
aplastaré	509
adoptaron	509
atrápala	509
presiono	509
suturas	509
mahal	509
liderando	509
bálsamo	509
fiat	509
reproducirse	509
entregados	509
squash	509
envase	509
coloquen	509
fichado	509
utensilios	509
comprobó	509
booker	509
crematorio	509
chucky	509
sri	509
hoon	509
aprenderlo	508
cape	508
press	508
ugo	508
abs	508
lorelei	508
blaze	508
conroy	508
olímpica	508
autonomía	508
aguantan	508
suplicó	508
abriría	508
presionarte	508
cubrí	508
emborracha	508
constructora	508
límpialo	508
herodes	508
conocisteis	508
acordarás	508
gee	508
temerle	508
desagrada	508
bingley	508
llevame	508
siéntelo	508
saludarla	508
garbo	508
remolacha	508
abogacía	508
intencionadamente	508
malentendidos	507
sis	507
kraang	507
ninos	507
fijos	507
curarla	507
calificar	507
leves	507
tifus	507
brutos	507
derrotarlo	507
concéntrese	507
trocitos	507
luchemos	507
ambientales	507
migrañas	507
peach	507
arreglaría	507
partisanos	507
bellísimo	507
enemistad	507
encargados	507
estallado	507
adivinaste	507
circula	507
mall	507
alfil	507
esforzarme	507
hallarás	506
dolorosos	506
peregrinación	506
isobel	506
t.c.	506
localizarte	506
sabático	506
follarme	506
dispararemos	506
tenor	506
hablaran	506
encendidos	506
lecter	506
bioquímica	506
malabares	506
payasadas	506
turística	506
empeorará	506
tapete	506
ciénaga	506
arresta	506
chiana	506
tù	506
alegré	506
puntadas	506
frota	506
bombillas	506
preséntate	506
empacado	506
doblo	506
sadako	506
arpón	506
debs	506
ediciones	506
piensalo	506
coló	506
entregaría	506
ón	506
termo	506
negarte	506
sincro	506
sentaron	506
derriba	505
hansel	505
recibidos	505
motosierra	505
ofreceré	505
anónimas	505
atajos	505
cementerios	505
demandó	505
meo	505
rezas	505
bonus	505
merengue	505
apagues	505
honestas	505
acertó	505
reduzca	505
esperándola	505
recuperaron	505
localiza	505
estrellarse	505
expendedora	505
comporte	505
órbitas	505
malinterpretado	505
sureña	505
asignados	505
grandísimo	505
senderos	505
mándale	505
junten	505
igualito	505
uat	505
macao	505
murieran	505
pesqué	505
apóstoles	505
criamos	505
callan	505
piero	505
encubiertas	504
conocerles	504
nik	504
seudónimo	504
hijastro	504
participe	504
tecnologia	504
erizo	504
uhtred	504
ultraje	504
atributos	504
obtenerlo	504
campanario	504
captando	504
transcripciones	504
viéndome	504
importamos	504
mohamed	504
reservo	504
escandalosa	504
dolorosas	504
jubilados	504
fracturado	504
eppes	504
elanna	504
poniéndote	504
moreau	504
ahogamiento	504
retiras	504
chupito	504
llenen	504
confiaste	504
acordarte	504
voice	504
puf	504
borrados	504
dreyfus	504
liso	503
basketball	503
llano	503
explicarnos	503
smash	503
pregúntales	503
arreglarás	503
femoral	503
davina	503
firmados	503
lanzarse	503
rolf	503
suéltenlo	503
continuaron	503
bolcheviques	503
arenque	503
prendida	503
cebada	503
infectar	503
correspondido	503
prepararon	503
cedo	503
dirigiré	503
castores	503
fotográfico	503
tendida	503
bultos	503
húngaros	503
onza	503
impactos	503
besarlo	502
viéndola	502
renovado	502
enterradas	502
creaciones	502
titulado	502
apartada	502
tuercas	502
impulsar	502
diseñadas	502
diapositivas	502
valet	502
crónico	502
invadieron	502
tardamos	502
standard	502
revelando	502
tráemelo	502
bastó	502
escribirla	502
respiren	502
lam	502
desafiado	502
mendigar	502
prismáticos	502
brava	502
divinos	502
arrestaré	502
simetría	502
tenue	502
sauce	502
beecher	502
deforme	502
insista	502
verona	502
stef	501
despedirán	501
taft	501
ensayamos	501
disminución	501
escorpiones	501
masturbarse	501
precoz	501
laverne	501
discordia	501
forajido	501
mantenían	501
ofrecerá	501
magnifica	501
rhys	501
mckenna	501
shun	501
emborraché	501
persigo	501
minneapolis	501
medica	501
axilas	501
universitarias	501
yacen	501
malcriada	501
frobisher	501
molestarlos	501
rígida	501
mathieu	501
mathilde	501
simplicidad	501
coleando	501
devotos	501
clero	501
bruscamente	500
enamoramiento	500
negaré	500
pagadas	500
suicido	500
scarlata	500
devin	500
wexler	500
inicios	500
derribaron	500
ascendente	500
telefoneó	500
fundado	500
biggs	500
típicos	500
pasantía	500
knope	500
cana	500
distraiga	500
viajaremos	500
ántrax	500
persia	500
trague	500
alcanzarla	500
tallado	500
should	500
cubana	500
penetra	500
indescriptible	500
empujan	500
midsomer	500
hurgando	500
maybe	500
audífonos	500
shangai	500
levine	500
islámico	500
jace	500
aferra	500
sotano	500
regresare	500
sabina	499
habréis	499
letrina	499
grabarlo	499
atlántida	499
babosa	499
fingiré	499
derrotas	499
caucásico	499
fraudes	499
júralo	499
picazón	499
tic-tac	499
alejara	499
albergar	499
anchoas	499
aceptarías	499
bandada	499
decidirme	499
devolvería	499
escupiendo	499
aristóteles	499
cuidarlos	499
noelle	499
naturalidad	498
buscáis	498
enfureció	498
semáforos	498
perpetrador	498
wolverine	498
danesa	498
programador	498
traficando	498
permitidme	498
históricamente	498
babeando	498
tempo	498
morsa	498
woodstock	498
comenta	498
cardiff	498
arréglate	498
cinematográfica	498
plática	498
encargaría	498
comernos	498
cotilleos	498
siéntanse	498
acostumbré	498
rayos-x	497
partidario	497
lastiman	497
confiscar	497
ensangrentado	497
atontado	497
logremos	497
invitara	497
trueque	497
eunice	497
toquéis	497
monóxido	497
cosido	497
limpiarse	497
potts	497
guárdala	497
administrativa	497
servicial	497
captó	497
azulejos	497
inclinada	497
agarraré	497
pararla	497
liberé	497
crónicas	497
interpreto	497
maquinista	496
mensajera	496
degradado	496
movamos	496
severos	496
corazoncito	496
paraiso	496
encontrad	496
sure	496
agarrarte	496
espeso	496
limpies	496
torna	496
sospeche	496
tallarines	496
zoquete	496
indirectamente	496
nevar	496
cabinas	496
indicadores	496
conformarse	496
comprarás	496
turín	496
realizará	496
despistado	496
maiz	495
diríamos	495
gant	495
solsticio	495
apoyaba	495
desagradecida	495
valorado	495
dwyer	495
especializa	495
bannister	495
coleccionar	495
calentito	495
cherokee	495
repetimos	495
quitártelo	495
cacerola	495
calentarse	495
impredecibles	495
mordidas	495
olimpo	495
adore	495
anduve	495
adivinanzas	495
decadente	495
descalza	495
activamente	495
deficiente	495
probaron	495
mantis	495
mimo	495
orfeo	495
partitura	495
catacumbas	495
cctv	495
poseidón	495
caminantes	495
trade	495
dáme	495
judo	494
clásicas	494
nominada	494
diciéndolo	494
tutores	494
intentaras	494
atómicas	494
sapos	494
eleccion	494
oportunista	494
intensiva	494
evacuen	494
paulette	494
invitarlos	494
gemido	494
negocia	494
regis	494
notificar	494
estandarte	494
comprometerte	494
informáticos	494
ingenuidad	494
volviéndome	494
haciéndonos	494
relevado	494
cautiva	494
interponerse	494
apoyará	494
lupe	494
engranaje	494
cuidarán	494
hamid	494
contaban	494
vestidas	494
mimos	494
these	494
llorona	494
monitoreando	494
progresista	494
pedírmelo	494
insurgentes	493
monstruosidad	493
beautiful	493
vistió	493
insistencia	493
adelantando	493
welch	493
desertar	493
alonzo	493
dirigentes	493
animó	493
tentar	493
desfiladero	493
whitaker	493
alcanzas	493
med	493
parloteo	493
earth	493
wait	493
rupaul	493
encargarán	493
lund	493
dougal	493
jean-luc	493
coacción	493
compasiva	493
renombre	493
eros	493
esclusa	493
desplegar	493
apruebas	493
arcoíris	493
esguince	493
sumisión	492
cambiarnos	492
grava	492
mausoleo	492
ropero	492
aliadas	492
fumé	492
mandíbulas	492
pratap	492
calmas	492
bayoneta	492
sorprendas	492
reposar	492
llamarles	492
porros	492
cerrara	492
chocan	492
esto-	492
galápagos	492
trust	492
frenesí	492
lill	492
voltéate	492
chocamos	492
arrebató	492
participan	492
apartarte	492
flirteando	492
ficticio	492
ligeras	491
rastreadores	491
oscurece	491
juntó	491
ponéis	491
denunciaré	491
horse	491
devolverás	491
reanudar	491
utilizaste	491
cazo	491
frijol	491
pródigo	491
pegasus	491
apasionadamente	491
sacrificarse	491
dodo	491
preside	491
ascendieron	491
expresamente	491
blandos	491
cedido	491
pacino	491
incapacitado	490
augustus	490
angular	490
diversion	490
fracasé	490
enseñaría	490
left	490
reverso	490
defenderé	490
galletita	490
complacerte	490
ran	490
obligo	490
párese	490
vivirla	490
incriminar	490
voss	490
hormonal	490
nance	490
alejandría	490
revelador	490
leerte	490
apoplejía	490
úsala	490
acabábamos	490
bloqueadas	490
compiten	490
averiguaciones	490
cabecilla	490
demoníaco	490
mags	490
maloliente	490
infelicidad	490
zulu	490
recibirla	490
pretzels	490
hackett	490
tocaremos	490
copio	490
hubierais	490
lavaste	490
seleccionados	490
permitírselo	490
morboso	490
trajeran	490
decididamente	489
acostándose	489
felice	489
lanzallamas	489
skyler	489
venirte	489
reportaron	489
acercaré	489
lombrices	489
tranquilice	489
higos	489
woodward	489
goza	489
comporté	489
cortara	489
él-	489
meseta	489
notables	489
enganchó	489
retina	489
cenemos	489
enterarte	489
continuad	489
arrepentimientos	489
quiosco	489
cautivo	489
paredón	489
teherán	489
torniquete	489
finja	489
conectó	489
fortune	489
deshidratación	489
bane	489
añadió	489
tallas	489
hubbard	489
comunicando	489
atropina	489
cantarla	489
cortaremos	489
indagar	489
vapores	488
descontrolado	488
mandarla	488
guasón	488
ocupantes	488
valeroso	488
platicar	488
harald	488
marcharos	488
guiada	488
gruñona	488
resbala	488
deteneos	488
redadas	488
bly	488
interpretó	488
practicaba	488
desapariciones	488
dix	488
remotos	488
aconsejar	488
preocupadas	488
descaradamente	488
envoltura	488
mapaches	488
liberarnos	488
secundarias	488
córtalo	488
minería	488
chinches	487
limpiaron	487
autentico	487
preferidos	487
acordaron	487
adultas	487
blindados	487
salvarás	487
grosería	487
exageré	487
addy	487
apagas	487
jadeando	487
parezcas	487
melancólico	487
cutre	487
esforcé	487
apena	487
goran	487
mantenerle	487
depresivo	487
hazlos	487
batista	487
anticonceptivos	487
díle	487
entendernos	487
investigaba	487
bailé	487
acné	487
tifón	487
hickey	487
portátiles	487
encontráis	486
dichosa	486
tea	486
corderito	486
demuestras	486
cinismo	486
habita	486
alterados	486
hankmed	486
demoler	486
carlota	486
roper	486
creadas	486
diminutas	486
localizamos	486
sobrepeso	486
tyra	486
frialdad	486
guárdatelo	486
desmayarse	486
ulrich	486
merle	486
instalando	486
rentar	486
carecen	486
cascarrabias	486
métase	486
alimentarlo	486
especímenes	486
regulación	486
manadas	486
vietcong	486
describa	486
conduzcan	486
júbilo	486
repasado	486
gotta	486
veloces	486
acumular	486
borrada	486
patearle	485
sabanas	485
pirado	485
lexus	485
oscureciendo	485
traicionada	485
pirómano	485
klinger	485
construidos	485
sospechará	485
strickland	485
emotiva	485
nde	485
insistas	485
seguirían	485
lotus	485
uma	485
montarlo	485
enojé	485
publicada	485
prometerle	485
providence	485
fajo	485
recarga	485
blanchard	485
inyectar	485
because	485
portadas	485
piccolo	485
tendero	485
tientes	485
logia	484
antropología	484
mori	484
amador	484
checoslovaquia	484
apartes	484
insinuar	484
ruedo	484
chopper	484
costaron	484
ofrecería	484
mamacita	484
burló	484
ratonera	484
autocontrol	484
jarras	484
estimulantes	484
búscala	484
tampón	484
pulido	484
tosca	484
cade	484
elaborada	484
salinger	484
agradeces	484
inflable	484
conspirar	484
decepcioné	483
connolly	483
emborracharte	483
bristow	483
disección	483
denzel	483
morrow	483
bribones	483
auxiliares	483
glándula	483
montecito	483
sorprendieron	483
corday	483
corleone	483
train	483
explican	483
garry	483
supermercados	483
aguijón	483
bannerman	483
descifrado	483
hallará	483
creés	483
tomándome	483
triunfa	483
tortillas	483
para-	483
liquido	483
bolsita	483
solo-	483
alejarlo	483
mírense	482
pendejadas	482
3er	482
fundar	482
q-qué	482
drogarse	482
comprometo	482
defienden	482
esfuerces	482
concretas	482
chorrada	482
bergen	482
conspiradores	482
moribundos	482
alojado	482
llévenos	482
vendajes	482
soberbia	482
dejadla	482
tusseries	482
banner	482
registradas	482
presenció	482
habléis	482
tendiendo	482
recordarla	482
autobiografía	482
cassius	482
lanzará	482
bits	482
evacuado	482
típicamente	482
berman	481
rectitud	481
devuélvele	481
luchará	481
usábamos	481
marwan	481
convocó	481
pajita	481
existirá	481
sueltame	481
cowboys	481
perdonada	481
despegó	481
ayudaran	481
interprete	481
rifa	481
adoraban	481
bungalow	481
amarras	481
critico	481
acosadora	481
quemas	481
rechazados	481
iran	481
influenciado	481
enseñarás	481
discovery	480
anchos	480
muchisimo	480
perseguí	480
soto	480
contratación	480
smiley	480
ocupara	480
aterrorizados	480
traviesos	480
intrigas	480
reemplazó	480
gimnasta	480
posteridad	480
florecen	480
pak	480
gamberros	480
apreciaba	480
gordinflón	480
patch	480
perderías	480
caprichosa	480
peluquera	480
turbante	480
ahorraré	480
reprimir	480
consegui	480
insólito	480
disculparé	480
levántala	479
utilería	479
conquistó	479
revelará	479
tornados	479
hinchados	479
acaricia	479
prepararle	479
macizo	479
terrateniente	479
anécdotas	479
refrescar	479
aparecería	479
métanse	479
bibliotecas	479
fiambre	479
entretenida	479
gisborne	479
brianna	479
humeante	479
aseguraba	479
neuronal	479
cañas	479
mcmanus	479
howe	479
gregson	479
hodge	479
kubrick	479
admitiendo	479
reencuentro	479
desarrollada	479
ofendió	479
estrenar	479
convertida	479
tiemblo	479
promovido	479
adrianna	479
banal	479
bajarle	479
podridas	479
soya	479
eternos	479
notaría	478
aimee	478
realismo	478
persiguieron	478
candente	478
hundirá	478
empuñadura	478
otelo	478
operadores	478
aconsejado	478
ausentes	478
desert	478
escanear	478
problemáticos	478
enséñales	478
establezca	478
hepática	478
equilibrado	478
pacíficos	478
brujos	478
encontrasteis	478
desobediencia	478
relacionan	478
masacrados	478
ate	478
dispararnos	478
inconscientemente	478
armaduras	478
vegetarianos	478
irrelevantes	478
labrador	478
comed	478
astor	478
demorado	478
fervor	478
anwar	478
difuntos	478
apoyen	478
desinteresado	477
encontraréis	477
depara	477
disculpé	477
asistí	477
traedme	477
suéltela	477
integrado	477
caminaremos	477
apoyé	477
lark	477
zarpa	477
noo	477
dábamos	477
lidocaína	477
mesada	477
wren	477
winthrop	477
confesarme	477
salvajemente	477
ejecutor	477
patriótico	477
periodos	477
birch	477
cardíacos	477
shanghái	477
fibrilación	477
encerré	477
sondeo	477
encriptación	476
hormona	476
calaña	476
ponías	476
pregúntenle	476
monitorear	476
harén	476
carpas	476
comprendía	476
causados	476
cancelaré	476
abandonadas	476
contrarrestar	476
enfadé	476
sôlo	476
emerge	476
bj	476
encargaba	476
abriéndose	476
ahorré	476
montaba	476
flexibilidad	476
patillas	476
fray	476
estirada	476
matanzas	476
advirtiendo	476
corrigan	476
ceremonial	476
salino	476
presentadora	476
perdáis	476
topaz	476
orbita	476
albright	476
angelitos	476
neurólogo	476
fly	476
viejita	476
donaghy	476
pacotilla	476
caperucita	476
gruñe	476
volvías	476
xanax	475
bligh	475
porté	475
ferrara	475
lannister	475
malgastado	475
bailó	475
incluyéndome	475
rescatarla	475
locación	475
jugaría	475
necesitarían	475
explosion	475
anson	475
pichón	475
lloverá	475
controlarlos	475
gotea	475
armani	475
casaros	475
infamia	475
sy	475
atarme	475
incendia	475
gruesos	475
adjunta	475
acuéstese	475
confundo	475
anchas	475
realizaron	475
jaclyn	475
invencibles	475
bobbi	475
picaduras	475
trolls	475
thought	474
activas	474
está-	474
empleadas	474
semi	474
vencerlos	474
ungüento	474
sigilo	474
requiera	474
bowers	474
xvii	474
desgarrado	474
mongoles	474
shine	474
házlo	474
imprime	474
implicar	474
sims	474
clifton	474
iggy	474
valentin	474
hacérmelo	474
lúcido	474
aww	474
sabuesos	474
guita	474
genéticos	474
aférrate	474
surfistas	474
registre	474
desangrado	474
etienne	474
crujido	474
combatiente	474
cosiendo	474
trastornada	474
atraparan	474
fábula	474
ajenas	474
australiana	473
anuncian	473
repetía	473
encinta	473
nisiquiera	473
continuando	473
desaparecería	473
israelitas	473
peludas	473
cantaremos	473
dañadas	473
abrazado	473
secuestrando	473
rancio	473
milner	473
aceptadas	473
interrogaron	473
alessandro	473
canalizar	473
deserción	473
fumamos	473
patee	473
repórtese	473
conejitos	473
acumula	473
contagio	473
avalon	472
vinilo	472
e.t.	472
declaramos	472
tubbs	472
snoop	472
acapulco	472
molestamos	472
himnos	472
honradez	472
voladoras	472
porque-	472
caracter	472
objetar	472
primitivas	472
fabricando	472
ramirez	472
requerirá	472
espabila	472
reaccionando	472
lamentes	472
transmiten	472
rebota	472
hospitalizado	472
almeida	472
inmunes	472
pretendemos	472
despiértame	472
gita	472
cortarán	472
aproximada	472
carrington	472
shapiro	472
proponerle	472
takashi	472
cocinó	472
lanzamientos	472
bocón	472
bet	471
transparencia	471
apagamos	471
juzgada	471
encárguese	471
mirarse	471
espantar	471
tenernos	471
penetrante	471
lasse	471
barriendo	471
enterada	471
cogedlo	471
irrefutable	471
titula	471
traicionas	471
desangró	471
búhos	471
recojas	471
visitaré	471
asuma	471
bucarest	471
sat	471
velvet	471
rhoda	471
feromonas	471
kissinger	471
podiamos	471
enterrarla	471
cañería	471
patriarca	471
siena	471
kristy	471
torpeza	470
yee	470
horrenda	470
aconsejaría	470
kaye	470
rindiendo	470
fallaré	470
pulsos	470
reírnos	470
din	470
enviemos	470
antiguamente	470
periscopio	470
estanterías	470
cúbicos	470
repelente	470
controlarse	470
celebrará	470
parpadear	470
iluminada	470
arda	470
recurrente	470
trenton	470
chocando	470
empeore	470
child	470
improvisando	470
taelons	470
linc	470
batas	470
bastan	470
requería	470
apasiona	470
bolt	470
sedientos	470
tor	470
xiv	470
exáctamente	470
desequilibrio	470
sayonara	470
oren	470
protejas	470
xu	470
reflejar	470
mimada	469
silvio	469
prada	469
expuso	469
vacantes	469
atarlo	469
reservó	469
kimber	469
acampando	469
montan	469
graffiti	469
pastelillos	469
lynne	469
estalle	469
clover	469
discutían	469
care	469
lear	469
fallecidos	469
conectarme	469
afligida	469
portarte	469
insignias	469
stockton	469
á	469
garner	469
rasca	469
compa	469
ligada	469
heroina	469
duradero	469
estupidos	469
regulador	469
cnel	469
reaccionado	469
tenientes	469
byers	469
colcha	469
maniobrar	469
quedéis	469
torácico	469
coming	469
gervase	469
conocia	469
lights	468
magazine	468
viajaron	468
comprarnos	468
gángsters	468
metadona	468
arriesgue	468
íntimamente	468
admitiré	468
decidirte	468
avistamiento	468
millicent	468
nominar	468
aserradero	468
empujarlo	468
harker	468
haru	468
diablillo	468
oculté	468
toscana	468
exmujer	468
papal	468
limpiaremos	468
molestaste	468
nakamura	468
lanzarme	468
pruébelo	468
autismo	468
ángelo	468
arrepentirte	468
practicante	468
desaparecía	468
shekhar	468
honorario	468
capitalistas	468
jansen	468
casándose	468
anselmo	468
nacemos	468
veintitrés	468
desangrando	468
ilimitada	467
rutinaria	467
resentida	467
constantino	467
inmaculada	467
aceptaremos	467
continuara	467
cheol	467
suplementos	467
aristocracia	467
márgenes	467
evidentes	467
talibán	467
alejamos	467
tomarlos	467
sandeces	467
gyu	467
solté	467
sondas	467
salís	467
patineta	467
virtuoso	467
pagarnos	467
sustituido	467
mascarilla	467
bingum	467
ganada	467
ajustando	467
letreros	467
arrestarla	467
negamos	467
suponia	467
excursiones	467
importaria	467
stackhouse	467
cansan	467
temeraria	467
demando	467
sobreviviendo	467
dejándote	467
devorar	466
bram	466
registré	466
mccartney	466
sarajevo	466
humanitario	466
pesticidas	466
transfirieron	466
polillas	466
gustarán	466
reclutando	466
agresiones	466
pao	466
invasor	466
antebrazo	466
rompía	466
senora	466
alina	466
emparedados	466
obsoleto	466
falsedad	466
arrojan	466
durara	466
belgas	466
nadan	466
revelada	466
epi	466
estacas	466
exigimos	466
echarlos	466
ingenuos	466
moza	466
saludan	466
encargues	466
cabrea	466
reiko	466
productiva	466
accionista	465
evolucionando	465
diós	465
pasadlo	465
necesitarla	465
arrancada	465
discutiré	465
morteros	465
corpiño	465
excusado	465
cineastas	465
sinsentido	465
atrayendo	465
dudaba	465
supliqué	465
dependemos	465
determinados	465
tumbar	465
pauly	465
rendirá	465
freezer	465
temblaba	465
fiji	465
pudding	465
tajo	465
indiscreción	465
sexos	465
cigüeña	465
quimera	465
raleigh	465
faisán	465
agria	465
ubica	465
cerrarán	465
chulos	465
cortafuegos	465
discutible	465
minorías	465
injusticias	465
matutina	465
nostradamus	464
alegrado	464
movían	464
flexibles	464
dormiría	464
matándome	464
darhk	464
eta	464
advirtieron	464
recogía	464
dotes	464
disfrutaré	464
consumado	464
retracto	464
generan	464
volcánica	464
clientas	464
remen	464
niñitas	464
bébete	464
remodelación	464
premeditación	464
mantra	464
volvíamos	464
latente	464
escogiendo	464
miráis	464
juntaron	464
costados	464
extrañaremos	464
filtra	464
desconfiado	464
encantamiento	464
salpicadura	464
investigaremos	464
sofa	464
aplaude	463
antipático	463
pondre	463
agridulce	463
lennie	463
rescatarlo	463
mulligan	463
pedófilos	463
zimmerman	463
exigió	463
barracones	463
realizados	463
ag	463
guru	463
entrenamos	463
uber	463
prusia	463
creativas	463
agonizando	463
plomería	463
analizamos	463
paises	463
hacedor	463
atracado	463
esperame	463
continuarán	463
sospechó	463
fantozzi	463
mejoría	463
lanka	463
jurídico	463
tócala	463
inclinarse	463
fingimos	463
convulsión	463
comíamos	463
chócala	463
stick	463
gerda	463
ahorcar	463
twilight	463
considérate	463
kosovo	463
consorcio	463
propiamente	463
avisando	463
shui	462
propenso	462
saltaba	462
enfurecido	462
romulanos	462
negrito	462
dolls	462
emm	462
recolectando	462
olly	462
espontáneamente	462
empaqué	462
cheney	462
chiquillos	462
aporte	462
gloriosos	462
rastreé	462
potencias	462
josete	462
desvía	462
ganarles	462
tigresa	462
pretendas	462
coje	462
mataros	462
camines	462
atrápenlos	462
bonificación	462
estornudo	462
matrona	462
buford	462
tabletas	462
jag	462
violarme	462
pillen	462
renard	462
inquebrantable	462
entierran	462
decana	462
despidos	462
pacifico	462
astral	462
conjuntos	462
esfumó	462
hito	462
insinuó	462
chequea	461
those	461
reformado	461
maldijo	461
sernos	461
convoca	461
superaste	461
subirán	461
zeppelin	461
entraban	461
girado	461
antisocial	461
neurosis	461
dietas	461
preparate	461
fingiste	461
desfilar	461
atticus	461
lilas	461
acercará	461
condeno	461
forjado	461
minúsculo	461
dentistas	461
desmaya	461
rikers	461
embrión	461
gloucester	461
persiga	461
incluya	461
glock	461
inyectado	460
collin	460
vendidas	460
incorregible	460
carpetas	460
lol	460
enfrentaremos	460
savoy	460
curan	460
leguas	460
confiaré	460
hackeo	460
bueno.	460
pintados	460
confunda	460
meadow	460
alegando	460
óvulo	460
con-	460
orificios	460
bela	460
cuéntalo	460
pupila	460
reformar	460
enterraste	460
makoto	460
soberanía	460
gabriela	460
comportes	460
emiten	460
octavia	460
tócalo	460
decidamos	460
moratones	460
strong	460
propaga	460
luís	460
ahorramos	460
pajaro	460
incendiario	460
olympia	460
episode	460
proyecta	460
smokey	460
apostaste	460
akiko	460
morley	460
palomar	460
pociones	460
frisbee	460
destinadas	460
aderezo	459
dejáramos	459
decepcionaré	459
engendro	459
inaudito	459
suspendió	459
nitroglicerina	459
quiebre	459
mió	459
fotografiado	459
wah	459
recuperas	459
clasificar	459
lores	459
guarro	459
skaar	459
aplazar	459
pertenezca	459
rodriguez	459
segurísimo	459
farmacéuticas	459
apiade	459
reclamos	459
bit	459
revueltas	459
petit	459
sailor	459
peleándose	459
aseguraos	459
acabáis	459
gruta	459
directivos	459
burguesía	459
sufriste	459
operaron	459
tratándose	459
triangular	459
horquilla	459
operativa	459
liberador	459
fregona	459
redding	459
contestarme	459
entraran	459
laszlo	459
obedezca	459
cobramos	458
chadwick	458
tomorrow	458
beneficiarse	458
fuerais	458
tontito	458
pomposo	458
sintiéndose	458
benigno	458
pacientemente	458
chechenia	458
valoración	458
ponértelo	458
maniaco	458
tiranos	458
saliéramos	458
tranquilizate	458
vesícula	458
rigsby	458
tory	458
eastwood	458
entendible	458
tribune	458
ferengi	458
navegador	458
fifi	458
cucú	458
generado	458
alimente	458
pillaste	458
bulls	458
noir	458
hole	458
impresa	458
contradicciones	458
estereotipos	458
mirarnos	458
cañon	458
fusilado	458
apurarse	458
molesté	458
coincidimos	458
rumba	458
ignoramos	458
yamato	458
nacho	458
encontrábamos	458
fiables	457
belmont	457
lastimaré	457
votará	457
bombo	457
prolongado	457
fía	457
vick	457
quítalo	457
emperadores	457
artesano	457
desdichada	457
construidas	457
consolar	457
ramiro	457
traspaso	457
kass	457
lluvioso	457
donahue	457
wal-mart	457
volvéis	457
connelly	457
aragón	457
combustibles	457
callara	457
tardía	457
embriones	457
encargan	457
enganchada	457
coincida	457
demoníaca	457
polio	457
repitan	457
mortalmente	457
sople	457
watch	457
budismo	457
plantaciones	457
entoces	457
ladillas	457
juzguen	456
rebeldía	456
paracaidismo	456
temperamental	456
vee	456
masticando	456
mostrárselo	456
arms	456
book	456
row	456
carismático	456
sacaran	456
cague	456
afrontémoslo	456
moderado	456
continué	456
arrepientas	456
infiltración	456
desplomó	456
mediador	456
pechuga	456
decepcionó	456
burbank	456
colecciono	456
gilda	456
wind	456
detectó	456
guardara	456
usarte	456
standing	456
hartmann	456
llevadlo	456
forever	456
prestaste	456
estrechos	456
incrementado	456
membresía	456
manivela	456
unit	456
madero	456
impresionarte	456
raul	456
lentejas	456
plantear	456
batea	455
idos	455
proporcionará	455
identificarla	455
prométame	455
noten	455
apurar	455
braga	455
shack	455
templarios	455
ysi	455
contestaba	455
alcanzarme	455
infrarrojos	455
limo	455
damisela	455
nazir	455
reemplaza	455
reponer	455
try	455
hormiguero	455
crimenes	455
asustarlos	455
callaré	455
machote	455
llenamos	455
pepinos	455
juzgarlo	455
mejicanos	455
jadeos	455
fortalece	455
manco	455
hua	455
besaré	455
devolviera	455
claustrofobia	455
regalan	455
lula	455
listón	455
guárdame	455
cécile	454
entrantes	454
automáticos	454
afiladas	454
produzca	454
rededor	454
desaparezcas	454
galen	454
deluca	454
berenjena	454
muérdago	454
dominan	454
pompeya	454
volviéramos	454
vándalos	454
inclinó	454
brisco	454
dénos	454
paralelos	454
navideñas	454
minbari	454
derribarlo	454
aproximan	454
concentres	454
father	454
exploradora	454
kyoko	454
tripulante	454
presentarlo	454
apagaré	454
recibidor	454
sujétala	454
interesara	454
frescura	454
ordeñar	454
malinterprete	454
pisé	453
transformando	453
retirará	453
metamos	453
empujarme	453
fatales	453
pitufo	453
saliente	453
garito	453
tirara	453
reconozcan	453
barre	453
efectuar	453
deanna	453
acupuntura	453
cariños	453
vickers	453
toquemos	453
contraatacar	453
atraviese	453
botánico	453
soportaré	453
silbidos	453
serenata	453
escasas	453
radicalmente	453
traicione	453
caminatas	453
marmota	453
persiste	453
astrónomo	453
depositado	453
lai	453
catalizador	453
malicioso	453
jiang	453
despreciables	453
resina	453
wakefield	453
rs	453
clinica	453
presunción	453
visor	453
burócratas	453
polizón	453
puaj	453
dennos	452
agradará	452
coqueta	452
hawke	452
prefectura	452
subsuelo	452
remediar	452
comprobaremos	452
póngale	452
hábiles	452
apoyarlo	452
aplicada	452
acusarte	452
peatones	452
seiscientos	452
croquetas	452
hildy	452
lastimo	452
contada	452
edge	452
embrollo	452
melodrama	452
hurón	452
paralítico	452
sledge	452
rechace	452
perseguirme	452
hipnotizado	452
mobile	452
callad	452
sachs	452
buddha	451
whistler	451
esperarla	451
vencí	451
macabro	451
repitas	451
involucran	451
equipada	451
repara	451
portadores	451
beyoncé	451
acierta	451
marek	451
erróneamente	451
documentar	451
mírese	451
canterbury	451
paranoicos	451
extendida	451
another	451
bombardeado	451
deportado	451
irregularidades	451
enfermeros	451
posters	451
imperios	451
patinando	451
bayonetas	451
atravesamos	451
protegidas	451
representaciones	451
boa	451
vasectomía	451
hombrecillo	451
retribución	451
televidentes	451
southampton	451
disculpáis	451
marginado	451
resistirá	451
llegarían	451
morderme	450
teología	450
cogerlos	450
doliendo	450
sly	450
givens	450
colillas	450
howell	450
pulmonía	450
karla	450
deirdre	450
perseguirá	450
franck	450
sugiera	450
inesperados	450
correspondía	450
kryten	450
reinar	450
fotocopiadora	450
buscándole	450
veintiuno	450
audaces	450
arreglara	450
consorte	450
resguardo	450
innegable	450
presume	450
durarán	450
sami	450
montalbano	450
damelo	450
démela	450
plausible	450
remediarlo	450
alimentados	450
colecciones	450
vertido	450
entidades	449
blackwell	449
rockwell	449
mma	449
reclaman	449
correría	449
magnetismo	449
astro	449
felpudo	449
caballeroso	449
dirigidas	449
litio	449
cagues	449
tribales	449
comillas	449
aplaudiendo	449
roe	449
imaginármelo	449
súplica	449
underground	449
empaquetar	449
reo	449
ito	449
garvey	449
obsesiva	449
galilea	449
tragarse	449
secuestraste	449
sundance	449
hospeda	449
torchwood	449
coopere	449
avioneta	449
cirugia	449
microchip	449
traguito	449
preguntaremos	449
abordaje	449
escaneando	449
próspera	449
gatsby	449
varados	449
exitosamente	449
move	448
tán	448
jar	448
delicadamente	448
tudor	448
contagió	448
sabréis	448
dory	448
saboteador	448
desgarro	448
simulador	448
milenios	448
camaro	448
inaugural	448
volarán	448
schubert	448
falcone	448
compartí	448
desconecta	448
ingresa	448
arriesgan	448
volverla	448
provino	448
graciosísimo	448
midge	448
herminia	448
soldadito	448
recuperemos	448
reprimido	448
mustafa	448
inducido	448
persas	448
other	448
mun	448
votando	448
sufrirás	448
lepra	448
calumnias	448
scrooge	448
ytú	448
mart	448
tahoe	448
mutaciones	448
j.b.	448
grabo	448
flautista	448
revuelve	448
centrarte	447
etiquetado	447
jericho	447
majestuoso	447
sta	447
boya	447
intemperie	447
levantara	447
contingencia	447
doscientas	447
violines	447
perjudicado	447
cruciales	447
prestarte	447
vicodin	447
desviando	447
asistiendo	447
shao	447
reclamando	447
estribillo	447
artesanía	447
diríjase	447
reprimenda	447
dolorosamente	447
ráfagas	447
repiten	447
regaliz	447
arrastré	447
c4	447
inventan	447
fern	447
mystic	447
apuñalé	447
rectas	447
cosacos	447
estratega	447
cuestionado	447
kimchi	447
saxon	447
tre	447
llamamiento	447
rei	447
invente	447
reemplace	447
comités	447
salvemos	447
wikileaks	447
interrumpida	446
latón	446
emir	446
mantuvieras	446
costara	446
abarca	446
flojos	446
evil	446
lamiendo	446
afección	446
simbad	446
humanitaria	446
diem	446
sentando	446
falsificado	446
boina	446
alacena	446
explíquese	446
empezaban	446
derritiendo	446
adición	446
apuntarme	446
hartford	446
shaka	446
truchas	446
quererla	446
budistas	446
alucinar	446
extintor	446
vejestorio	446
business	446
lorne	446
bragueta	446
killua	446
vestí	446
lanzarlo	446
prolongada	446
atrapando	446
cargaré	446
alentar	446
mercante	446
purificación	446
levantaría	446
liquidado	446
princesita	446
encarcelar	445
nisha	445
dínoslo	445
olvidémonos	445
excesos	445
conseguirlas	445
abba	445
signe	445
convencieron	445
valiera	445
germain	445
baudelaire	445
interrogarme	445
reconocía	445
leia	445
esperare	445
acordarse	445
póntela	445
participaron	445
arruga	445
tonteando	445
ridículamente	445
ordenan	445
juno	445
forjar	445
mota	445
dci	445
quitaos	445
dresden	445
odiarlo	445
acuestan	445
sostuve	444
manténte	444
pedirías	444
hurgar	444
defraudar	444
imprevisible	444
tensas	444
signor	444
deshacemos	444
ocupes	444
apostaré	444
cáscaras	444
insertar	444
alimentó	444
chúpate	444
contrataría	444
together	444
borrando	444
irreversible	444
deportación	444
pedicura	444
soportando	444
fm	444
mamífero	444
metieras	444
indispuesto	444
pajarita	444
keenan	444
rarezas	444
fealdad	444
asoma	444
obtén	444
lúgubre	444
capturan	444
zhou	444
liberarlos	444
tocarlos	444
meada	444
defenderla	444
enojará	444
sirenita	444
electric	444
piercing	444
vestimos	444
raptor	444
gould	443
distraerte	443
jolie	443
meterlos	443
terrícola	443
destruído	443
fisiología	443
innato	443
inmuebles	443
molestarnos	443
groseros	443
jueguito	443
vita	443
parrillada	443
interrogarle	443
escaparnos	443
chasis	443
aquaman	443
checo	443
nómadas	443
actas	443
agachado	443
remotas	443
sureños	443
invoco	443
