de	8435682
je	8308698
est	6942248
pas	5833676
le	5305591
que	5083052
la	4825603
vous	4500162
tu	4434920
un	4360896
c'	4184576
à	4119959
et	4110855
il	4025241
a	3679682
l'	3675406
ne	3343288
les	3046663
j'	2981242
en	2925411
on	2756346
ça	2742676
une	2717481
d'	2603041
ce	2533544
qu'	2520219
pour	2475533
ai	2437065
n'	2300252
des	1902327
qui	1665879
mais	1641141
dans	1508883
nous	1504467
elle	1476885
me	1446772
bien	1438129
si	1409401
du	1337227
y	1320695
suis	1303070
non	1290498
t'	1257857
avec	1256800
tout	1243107
plus	1214520
mon	1195613
m'	1141238
te	1127735
au	1109359
fait	1054966
moi	1048758
s'	1037629
oui	1001703
va	989526
était	985841
as	974673
faire	966573
ils	945659
sur	939169
quoi	894291
se	867737
comme	864987
sais	851748
être	743252
veux	738917
ici	725494
ma	716527
toi	707904
est-ce	707256
dit	701414
lui	689708
votre	677006
es	662531
pourquoi	657070
où	643564
là	643024
rien	638070
cette	626319
sont	609102
quand	598113
peux	594578
dire	586553
son	585229
avez	552796
vais	542593
alors	542173
ton	540446
comment	528569
par	519463
ou	497358
chose	490339
bon	483364
ont	471659
merci	471415
juste	465932
très	462324
jamais	436873
été	432574
aussi	427827
avoir	427178
vraiment	423339
voir	419803
même	411247
sa	408233
oh	408070
maintenant	402585
tous	399645
peut	393199
deux	388269
ces	388071
êtes	376665
allez	374660
ta	373455
autre	370961
peu	354756
temps	354330
quelque	353553
fais	353373
toujours	345760
encore	342386
notre	339810
mes	332672
besoin	329446
avait	320073
accord	315183
faut	313023
dois	310780
vie	310140
peut-être	306785
aller	303502
fois	297685
vu	290541
donc	281973
sans	281163
monde	277005
étais	276408
parce	273723
avant	272706
sûr	271047
trop	265575
quelqu'	265286
parler	262709
personne	260005
avais	257602
père	257456
crois	251561
après	250383
aux	244896
dieu	242078
ouais	241407
ses	240780
pense	240390
eu	238206
aime	237696
leur	236536
homme	236357
viens	233234
vrai	233001
femme	232974
ok	228115
doit	227951
veut	227166
ans	225795
m.	223793
mal	219886
chez	218436
déjà	214718
depuis	214022
beaucoup	211787
vos	211081
bonne	209592
mort	208796
mieux	205274
vas	203968
mère	202937
sera	202795
dis	201949
fille	201540
tes	199689
gens	198558
quel	193928
vois	193613
désolé	191841
ca	189898
voilà	189677
avons	186788
petit	186600
maison	185035
soit	179962
cela	177397
autres	175480
toute	174066
soir	172574
passé	172214
prendre	170367
jour	170304
monsieur	164959
nos	164465
savoir	163428
choses	163193
salut	160990
cet	160783
nom	160549
argent	159413
bonjour	156301
nuit	155789
raison	153137
moins	153102
arrive	152291
maman	151089
reste	150311
moment	149622
voulais	149394
seul	149265
aider	148607
air	148370
entre	147420
papa	146818
passe	144680
aurais	143292
problème	141208
ah	140158
peur	139829
regarde	138016
voulez	137416
gars	136154
trouvé	135198
fils	134600
attends	134144
savez	133759
jusqu'	133102
trouver	132646
trois	132625
assez	132619
famille	132352
dû	132063
eh	131788
toutes	131387
plaît	131162
pourrait	130894
travail	130261
pris	129066
pu	128934
tête	128754
quelle	128659
sait	128125
sommes	127717
appelle	127367
quelques	127034
faites	125636
partir	125282
vite	125063
arrête	124854
seule	124521
serait	123944
voiture	123524
enfants	123384
tuer	121829
merde	121318
hé	121065
pendant	121060
idée	120671
chance	120655
parle	120341
aurait	120181
part	119964
elles	118978
jours	118455
grand	117213
aujourd'hui	117159
venir	116762
ami	116639
demain	116541
hein	116301
tard	115148
puis	115038
truc	114959
passer	114718
petite	114295
tant	113917
connais	113815
combien	113220
mec	113219
sens	112925
pouvez	112615
porte	110258
sortir	109313
super	108980
heure	108452
contre	108451
coup	108065
comprends	107885
entendu	107777
vient	107616
allons	106551
ensemble	106057
nouveau	105566
amour	104503
importe	104429
sang	103824
désolée	102105
cas	100615
sous	100518
rester	99983
amis	99948
prends	99491
fini	98823
hommes	98230
tué	98218
question	97869
partie	97788
histoire	97363
devrais	97220
aide	96574
dernière	96425
demande	95954
chercher	95887
pensais	95747
genre	95698
seulement	95569
police	95229
car	94921
mois	94016
frère	94005
laisser	93545
aucun	93134
mettre	92980
eux	92010
laisse	91272
chaque	91035
ville	90067
arrivé	89653
devrait	89639
parlé	89232
avez-vous	88861
vont	88659
longtemps	88619
aucune	87577
heures	87343
bébé	86634
place	86562
revoir	86062
putain	85798
compris	85603
ni	84992
savais	84626
leurs	84050
étaient	83848
attention	83667
donner	83428
affaire	83076
endroit	82941
pourrais	82579
corps	82565
façon	82429
donné	82427
est-il	82359
voici	82156
train	82087
dont	81842
écoute	81813
yeux	81633
trouve	81473
pouvoir	81369
type	81069
perdu	80940
premier	80900
première	80647
côté	80162
point	80138
tellement	80089
main	79961
tiens	79293
sois	79031
enfant	78904
vieux	78652
matin	78600
venu	77238
pardon	77144
là-bas	76653
suite	76545
vers	76542
minutes	76229
demandé	76129
venez	76029
devant	75940
dr	75475
enfin	75391
arrêter	74860
cause	74747
nouvelle	74677
attendez	74608
chambre	74591
droit	74535
parti	74523
mis	74511
eau	74267
compte	74243
dirait	74046
terre	74029
belle	74001
espère	73948
aimerais	73931
loin	73779
as-tu	73213
mari	72921
donne	72911
fin	72794
croire	72465
mme	72376
aura	72059
gros	71871
boulot	71509
plutôt	71199
chérie	71179
prêt	70737
filles	70420
bureau	70339
mourir	70130
hier	69937
possible	69891
jouer	69516
demander	69293
celui	69179
voulait	68950
beau	67782
jeune	67609
euh	67392
dehors	67348
docteur	67286
a-t-il	67118
confiance	67045
appeler	67001
années	66836
vérité	66327
école	66151
chef	66020
femmes	66013
propos	65929
semaine	65429
vivre	64664
regardez	64586
feu	64459
journée	63963
madame	63463
hey	63364
téléphone	62803
près	62659
affaires	62509
meilleur	62322
devez	62051
dessus	62027
mains	61954
penses	61741
prie	61306
équipe	61172
vas-y	61165
grande	61118
manger	60951
arriver	60824
dur	60815
guerre	60533
ait	60333
appelé	60257
marche	60060
sécurité	59750
garçon	59725
essaie	59674
important	59641
dites	59498
exactement	59442
font	59434
fort	59357
presque	59183
plein	59129
derrière	59059
ben	59042
mariage	58910
parents	58708
capitaine	58413
dernier	58399
fou	58314
ceux	58210
tomber	57627
attendre	57610
vue	57392
pensé	57366
souviens	57155
envie	56862
fête	56661
jeu	56566
génial	56189
pays	55567
garde	55293
cours	54886
bientôt	54494
ii	54338
numéro	54135
personnes	54104
cinq	54092
parfait	53772
excusez-moi	53742
laissé	53626
ainsi	53523
retour	53349
semble	53159
autant	53097
peine	53089
minute	53057
essayé	52897
plan	52873
instant	52720
serai	52686
prison	52666
penser	52612
essayer	52345
prend	52147
arme	52139
mauvais	52116
mot	52103
travailler	51814
quatre	51716
rentrer	51544
regarder	51486
choix	51014
êtes-vous	50919
parfois	50714
film	50463
abord	50320
voyez	50199
faute	50187
facile	50015
croyais	49992
bas	49872
changer	49767
entendre	49655
plaisir	49365
heureux	49316
entrer	49076
voudrais	49061
es-tu	48889
propre	48778
étiez	48770
tour	48730
fera	48729
ensuite	48619
garder	48491
agent	48468
allait	48398
lit	48374
travaille	48194
adore	47930
amie	47899
rendre	47887
allons-y	47877
route	47877
lieu	47846
année	47747
voit	47662
commence	47401
service	47219
devoir	47066
attend	46971
drôle	46916
difficile	46667
sûre	46585
pire	46569
pos	46544
peuvent	46475
sujet	46448
état	46353
ceci	46192
impossible	46058
sorte	45976
perdre	45792
dollars	45519
voulu	45504
morte	45457
ira	45398
faisait	45293
bizarre	45211
oublié	44936
arrêtez	44843
ferai	44832
serais	44830
tôt	44694
inquiète	44638
payer	44636
coeur	44598
dès	44598
pouvais	44535
reviens	44478
chien	44449
suffit	44353
prenez	44352
pensez	44223
café	44063
calme	44023
cherche	43990
montrer	43938
parles	43864
photo	43835
ferme	43771
problèmes	43735
the	43705
cœur	43691
sûrement	43604
verre	43564
aimes	43476
devons	43474
veulent	43466
doute	43368
musique	43317
courant	43257
sauf	43211
moyen	43094
nouvelles	43001
puis-je	42958
avis	42822
sauver	42781
hôpital	42773
questions	42732
meurtre	42615
sérieux	42566
seconde	42558
trucs	42548
comprendre	42495
allais	42452
esprit	42339
cool	42254
mlle	42249
marché	42176
fous	42174
laisse-moi	42013
haut	42011
salle	41868
malade	41746
changé	41591
gentil	41586
allé	41502
six	41391
simple	41316
john	41222
semaines	41083
celle	41072
jack	41049
appris	41022
seigneur	40977
dîner	40925
sors	40866
commencé	40850
suppose	40694
chemin	40491
partout	40420
bras	40381
cul	40257
prochaine	40242
visage	39958
h	39905
meilleure	39793
face	39743
soirée	39649
roi	39490
surtout	39488
retard	39464
écrit	39335
livre	39271
rapport	39270
chéri	39264
message	39241
voulez-vous	39216
vaut	39050
ferais	39008
morts	38988
boire	38949
soyez	38926
président	38910
plait	38693
bois	38577
sinon	38576
erreur	38428
new	38345
ecoute	38316
mr	38242
rentre	38212
rendez-vous	38209
devait	38107
revenir	38040
joue	37977
pauvre	37944
devenir	37910
s	37881
rencontrer	37801
sort	37668
commencer	37646
pouvait	37606
occupe	37524
entends	37509
souvent	37426
pièce	37391
reçu	37374
grave	37363
mets	37355
intérieur	37333
honneur	37223
dormir	37219
an	37176
faux	37004
messieurs	36835
groupe	36747
rêve	36646
carte	36617
aviez	36607
appel	36462
manque	36432
envoyé	36334
début	36194
sam	36188
puisse	36184
écoutez	36099
laissez-moi	36081
bonsoir	35996
content	35995
secret	35927
venue	35831
cher	35798
dis-moi	35752
effet	35720
voyons	35712
sac	35663
continue	35623
acheter	35367
voix	35335
certains	35311
occuper	35303
noël	35247
gagner	35232
grâce	35130
maître	35027
prix	35016
mauvaise	34877
général	34861
âge	34813
long	34770
rue	34669
tirer	34659
apprendre	34657
cheveux	34619
noir	34578
promis	34465
avaient	34446
patron	34391
avocat	34342
force	34289
accident	34178
dix	34151
probablement	34122
laissez	34008
bout	33935
ordre	33869
armes	33850
cru	33759
déteste	33715
retrouver	33686
millions	33596
incroyable	33500
voyage	33467
ailleurs	33452
oublie	33375
ressemble	33348
bienvenue	33329
disparu	33306
protéger	33233
utiliser	33138
situation	33091
petits	33083
aurai	33057
veux-tu	32911
connaissez	32816
simplement	32775
scène	32705
sœur	32449
prête	32407
oncle	32390
devriez	32217
liste	32199
soeur	32041
complètement	32034
dos	31944
armée	31939
paix	31914
battre	31889
york	31805
crime	31784
anniversaire	31734
finir	31715
réussi	31714
agit	31654
i	31645
retourner	31576
sale	31573
libre	31568
bouge	31554
contrôle	31553
rappelle	31538
arrêté	31461
hôtel	31438
idiot	31388
okay	31277
rencontré	31211
restez	31133
absolument	31103
mots	31001
victime	30971
impression	30923
décidé	30860
sympa	30825
pars	30795
fasse	30781
avion	30751
bordel	30717
habitude	30681
table	30663
rouge	30645
système	30622
photos	30548
médecin	30511
seras	30451
bateau	30393
stupide	30383
faim	30350
autour	30343
fond	30337
surprise	30330
croyez	30274
devais	30216
ligne	29986
porter	29973
imagine	29930
colère	29833
clair	29823
seront	29823
savait	29819
balle	29671
gagné	29628
or	29615
hors	29603
magnifique	29550
risque	29451
terminé	29401
su	29297
heureuse	29291
mission	29188
jolie	29170
parlez	29154
présent	29154
sorti	29142
cadeau	29135
expliquer	29117
volé	29042
plusieurs	29005
gauche	29001
ferait	29000
neuf	28997
passe-t-il	28932
ouvre	28901
disais	28816
dedans	28714
disent	28687
pouvons	28614
allez-y	28516
suivre	28472
pourra	28408
inspecteur	28401
réponse	28389
lumière	28373
pieds	28360
pote	28346
montre	28345
pied	28324
marcher	28292
charlie	28209
auras	28194
envoyer	28172
vraie	28134
espèce	28096
doivent	28094
allô	27992
pareil	27908
vas-tu	27844
soleil	27823
camp	27788
fallait	27763
coin	27733
ignore	27730
moitié	27718
you	27696
selon	27696
tenir	27689
grosse	27629
vouloir	27622
michael	27613
vieille	27589
devenu	27587
continuer	27438
rend	27333
sortie	27301
recherche	27273
arrière	27266
lire	27246
doucement	27137
joli	27123
avance	27109
exact	27037
disait	26948
club	26946
arrivée	26902
tue	26853
laquelle	26841
poser	26762
chaud	26762
aimé	26712
david	26710
fais-tu	26655
tom	26651
professeur	26619
quitter	26615
loi	26556
tueur	26498
donne-moi	26466
flics	26459
connaître	26455
lettre	26437
forme	26420
connaît	26384
conseil	26321
bar	26306
normal	26242
danger	26235
dangereux	26231
folle	26212
jure	26199
tiré	26123
essaye	26116
bonnes	26100
offre	26091
but	26086
froid	26033
allez-vous	25927
prêts	25866
tranquille	25861
gamin	25847
joe	25803
classe	25755
joué	25739
poste	25731
con	25665
mike	25589
attaque	25543
boîte	25539
enquête	25412
visite	25391
juge	25363
moi-même	25359
bord	25332
debout	25323
envoie	25278
preuve	25213
oublier	25166
bons	25071
vivant	25069
ciel	25050
lu	25036
touche	25003
aimer	24969
faites-vous	24953
télé	24925
met	24924
écouter	24919
serez	24918
ll	24887
pourtant	24861
change	24860
triste	24857
droite	24856
gueule	24853
tombe	24823
sentir	24811
ouvrir	24803
travers	24799
santé	24796
dossier	24767
ie	24760
jeunes	24715
frank	24680
coucher	24676
cuisine	24649
monte	24567
pouvez-vous	24549
signifie	24512
entrez	24501
relation	24501
centre	24480
dame	24475
chacun	24467
chanson	24452
foutre	24434
voler	24427
blanc	24420
george	24408
certain	24340
don	24313
âme	24204
manière	24165
flic	24138
décision	24039
mange	24014
vit	23971
compagnie	23968
déjeuner	23862
différent	23859
tire	23821
ordres	23785
clé	23784
vaisseau	23775
secondes	23770
enfer	23720
sortez	23674
vendre	23619
faisais	23540
responsable	23530
mecs	23501
nulle	23482
signe	23446
lieutenant	23433
aille	23431
acheté	23393
étrange	23391
diable	23391
viennent	23391
monter	23296
là-dedans	23243
l	23240
capable	23171
emmener	23169
écrire	23152
honte	23146
bouche	23143
préfère	23099
coupable	23084
rire	23042
payé	22996
soin	22983
milieu	22979
appartement	22865
prochain	22858
cerveau	22839
paris	22815
m	22801
blague	22769
choisi	22760
époque	22746
aurez	22702
voie	22636
réunion	22601
connu	22593
allée	22556
intérêt	22538
cheval	22524
combat	22516
silence	22487
coups	22485
existe	22455
ia	22453
retourne	22426
tel	22393
trou	22363
public	22293
peter	22251
oeil	22186
pleine	22153
cacher	22151
amoureux	22137
drogue	22119
commandant	22118
garçons	22071
faisons	22048
paul	21991
n	21978
tient	21944
est-elle	21883
prise	21880
gouvernement	21860
dirai	21844
client	21828
adresse	21825
journal	21815
contact	21797
dingue	21787
sent	21757
récupérer	21729
base	21713
preuves	21712
présente	21683
peau	21661
servir	21656
peuple	21655
exemple	21652
fiche	21652
max	21608
promets	21565
lequel	21558
blessé	21552
c	21528
société	21526
tort	21494
sept	21493
pourriez	21456
savent	21437
ouvert	21418
héros	21415
menti	21357
mer	21299
contente	21297
quitté	21209
jeter	21209
sauvé	21184
bière	21153
assis	21149
robe	21141
ecoutez	21141
devient	21122
félicitations	21101
opération	21099
prévu	21029
fut	21012
tenez	20998
livres	20995
répondre	20990
seuls	20989
pute	20985
entrée	20964
vol	20952
horrible	20910
vin	20883
dommage	20879
dites-moi	20865
auriez	20842
colonel	20840
ramener	20818
règles	20817
nez	20807
justice	20765
fbi	20727
découvert	20726
départ	20689
bruit	20665
secours	20663
vérifier	20657
enceinte	20595
mise	20571
témoin	20543
dirais	20539
directeur	20517
intéressant	20484
excuse	20473
environ	20468
t	20438
inutile	20414
terrible	20402
danse	20395
position	20385
humain	20379
apparemment	20336
avenir	20307
rêves	20260
œil	20209
bête	20196
sérieusement	20120
bravo	20115
approche	20087
nourriture	20052
fric	20041
plupart	20040
lycée	20038
tas	20038
empêcher	20006
longue	20004
sexe	19997
niveau	19994
banque	19988
éviter	19974
étions	19964
lune	19957
pitié	19942
liberté	19931
expérience	19918
procès	19903
radio	19903
hum	19890
verra	19883
thé	19875
partez	19853
utilisé	19845
mur	19838
pose	19824
revenu	19814
deuxième	19810
bande	19808
asseyez-vous	19778
certaines	19769
ridicule	19756
nord	19732
appelez	19711
copine	19703
baiser	19692
anglais	19687
henry	19636
toilettes	19610
portes	19599
faudra	19593
occupé	19592
grands	19559
and	19529
dérange	19450
rôle	19448
censé	19369
savez-vous	19361
james	19347
reine	19286
croit	19276
cour	19270
église	19259
vide	19247
obtenir	19233
conneries	19232
ennuis	19229
personnel	19199
conduire	19187
tombé	19165
sol	19160
code	19148
huit	19144
avions	19144
espoir	19132
comprenez	19110
spécial	19110
vidéo	19093
vêtements	19070
défense	19067
alex	19035
sud	19019
grand-mère	18994
match	18970
bombe	18920
intéresse	18888
zone	18882
tante	18869
paraît	18868
excuser	18825
magasin	18790
marier	18782
chère	18776
aie	18755
souvenir	18730
proche	18698
revient	18664
danny	18641
douleur	18633
arrivera	18624
presse	18614
merveilleux	18609
asseoir	18573
ravi	18561
aimais	18539
h.	18519
amérique	18514
fenêtre	18461
mien	18458
terrain	18458
sergent	18438
peux-tu	18386
projet	18376
quartier	18371
planète	18365
certainement	18354
rapide	18343
lorsque	18327
assurer	18311
rendu	18264
mignon	18262
tourne	18249
danser	18238
bob	18238
clients	18233
petites	18226
aimez	18200
présenter	18198
importance	18188
venus	18185
jimmy	18170
sache	18159
mérite	18141
machine	18119
derniers	18093
programme	18092
mesdames	18055
meilleurs	18045
honnête	18036
essayez	18017
irai	17992
connard	17990
occasion	17985
prouver	17969
travaillé	17956
glace	17947
ayez	17946
parie	17942
camion	17923
fier	17888
discuter	17845
village	17843
spectacle	17835
d	17834
nul	17822
rose	17817
touché	17811
mangé	17787
vis	17786
parole	17774
rencontre	17759
apprécie	17744
jane	17732
réalité	17731
savons	17720
respect	17693
remettre	17664
vacances	17653
détruire	17634
choisir	17596
ha	17590
découvrir	17577
idées	17567
officier	17525
frères	17523
sert	17513
bill	17488
solution	17472
informations	17462
attendais	17456
monstre	17409
sexy	17397
ordinateur	17386
retrouvé	17373
nature	17310
rappeler	17308
énergie	17295
pierre	17291
utilise	17286
pression	17283
chaussures	17265
faite	17259
histoires	17242
sarah	17229
marié	17219
espace	17198
soient	17192
nick	17135
portable	17131
préparer	17120
nécessaire	17109
court	17099
offrir	17091
will	17084
ai-je	17046
tony	17044
envers	17043
bain	17027
charge	17025
mary	17022
harry	16999
jim	16997
ennemi	16980
arrivent	16962
immédiatement	16961
finalement	16958
énorme	16953
grand-père	16950
test	16926
gagne	16912
réfléchir	16869
victimes	16859
chanter	16855
futur	16836
lâche	16833
mademoiselle	16798
copain	16771
enlever	16765
pensez-vous	16747
retrouve	16734
épouser	16725
fleurs	16704
salope	16686
aies	16662
gosse	16662
arranger	16628
riche	16593
faits	16574
ancien	16556
stop	16540
accepter	16539
restes	16529
nouveaux	16518
sauter	16513
suspect	16512
vies	16509
durant	16501
invité	16440
politique	16434
dents	16431
patient	16427
repas	16406
urgence	16388
cartes	16354
jambes	16341
conversation	16314
telle	16302
bus	16280
to	16279
tourner	16279
toucher	16270
mémoire	16270
série	16259
mariée	16249
contraire	16246
vent	16230
taille	16228
donnez-moi	16213
trouves	16212
celui-là	16208
chat	16188
continuez	16181
contrat	16160
couteau	16153
double	16099
dure	16090
carrière	16078
excuse-moi	16028
ray	16001
regardé	15989
descendre	15983
université	15980
sentiments	15974
papier	15951
remarqué	15947
noms	15941
vécu	15937
courage	15927
beauté	15915
bu	15902
tais-toi	15883
après-midi	15874
excellent	15812
assieds-toi	15798
richard	15788
propres	15774
parmi	15764
forte	15754
étant	15749
couple	15721
aiment	15719
permis	15716
différence	15704
faudrait	15703
course	15682
humains	15678
dégage	15675
mille	15669
accès	15642
cible	15637
joyeux	15633
bonheur	15633
aimait	15608
manqué	15597
action	15593
steve	15522
aidé	15518
vouliez	15507
trouvez	15505
films	15485
emmène	15481
marie	15471
taxi	15435
restaurant	15430
crise	15403
piste	15347
dernières	15346
puisque	15343
blanche	15337
coupe	15333
secrets	15321
prince	15310
marrant	15297
raisons	15287
refuse	15283
apporté	15240
cassé	15229
lors	15229
mettez	15223
dis-lui	15213
tuée	15210
maladie	15199
mienne	15183
rentré	15171
week-end	15143
excuses	15134
km	15130
alcool	15083
voudrait	15082
fil	15082
rends	15074
quitte	15070
couché	15069
disons	15055
totalement	15039
claire	15030
it	15012
londres	14996
remercier	14979
mêmes	14950
partis	14939
pensait	14934
île	14931
tommy	14931
remercie	14924
caméra	14900
pensent	14894
suis-je	14890
pleurer	14882
régler	14862
ouvrez	14860
entier	14860
foutu	14859
types	14841
fermer	14841
animaux	14811
dise	14808
image	14791
étage	14775
rejoindre	14756
soldats	14724
amuser	14720
points	14710
suivi	14703
oubliez	14695
langue	14649
direction	14616
frais	14610
veuillez	14609
miss	14594
soldat	14572
couleur	14567
bouger	14561
frappé	14549
frapper	14537
venait	14533
raté	14530
évidemment	14516
sacré	14485
clés	14470
mentir	14455
épouse	14418
troisième	14405
johnny	14375
amy	14372
jésus	14329
faible	14327
ryan	14316
afin	14300
bleu	14265
failli	14256
courir	14252
américain	14245
détails	14215
pont	14160
gay	14151
regarde-moi	14151
jake	14103
billy	14103
attraper	14102
papiers	14099
poisson	14098
lui-même	14094
wow	14088
chiens	14064
date	14059
intention	14048
procureur	14043
goût	14034
pourras	14032
shérif	14028
sais-tu	14010
arrêt	14004
sourire	13997
lait	13991
chasse	13973
signal	13967
parlait	13963
destin	13961
marre	13958
français	13943
princesse	13938
paie	13929
foi	13929
chier	13898
dois-je	13889
présence	13878
doigts	13876
partenaire	13861
quelles	13857
daniel	13854
préféré	13854
adieu	13845
costume	13840
entreprise	13835
utile	13832
calme-toi	13829
lien	13826
unique	13816
appartient	13809
attendant	13800
amené	13796
moindre	13778
quels	13765
amener	13758
amène	13732
enfoiré	13732
recherches	13716
discours	13712
données	13712
robert	13707
art	13693
appelles	13667
salaud	13666
penses-tu	13660
magie	13658
bouteille	13650
justement	13648
raconter	13639
rapidement	13629
bref	13620
tribunal	13605
viendra	13605
passée	13604
superbe	13602
pourrai	13589
pièces	13579
certaine	13577
obligé	13563
formidable	13561
pause	13561
identité	13533
campagne	13525
lee	13517
auraient	13503
couper	13503
mark	13454
morceau	13445
os	13437
lettres	13436
nombre	13435
intelligent	13431
gâteau	13422
dépend	13415
job	13409
jeux	13378
compter	13369
cou	13364
of	13362
reprendre	13360
joie	13339
agents	13329
gardes	13324
star	13321
regard	13307
demandez	13295
balles	13291
vendu	13289
majesté	13285
menace	13284
malgré	13278
appareil	13265
demandais	13264
là-haut	13262
privé	13252
adam	13238
forces	13238
fonctionne	13215
méchant	13213
jambe	13205
empreintes	13169
ange	13146
agir	13130
noire	13107
imbécile	13105
gentille	13083
labo	13078
résultats	13077
toi-même	13068
cinéma	13055
nouvel	13051
malheureusement	13048
décider	13029
né	13015
importante	12994
voulons	12986
détruit	12986
parfaitement	12985
martin	12926
produit	12919
réparer	12913
chapeau	12912
gérer	12904
écoute-moi	12891
adn	12870
échange	12856
mince	12856
bougez	12856
parfaite	12849
meurt	12824
fout	12805
vitesse	12785
fermé	12782
succès	12779
au-dessus	12779
etre	12778
souvenirs	12777
comprend	12769
odeur	12763
pain	12763
falloir	12757
aise	12740
caché	12730
règle	12725
imaginer	12723
raconte	12720
vus	12713
accepté	12708
trouvée	12693
dors	12689
celui-ci	12689
ministre	12686
infos	12676
vendredi	12669
voitures	12669
lever	12659
arbre	12650
maire	12641
faveur	12627
pourraient	12623
prendra	12622
surpris	12618
jeté	12602
également	12596
fac	12569
apporter	12563
washington	12554
champ	12543
peut-on	12542
comptes	12541
échapper	12533
valeur	12521
in	12520
réel	12518
couverture	12517
million	12512
article	12507
doux	12507
parc	12504
toit	12497
unité	12494
resté	12491
plage	12480
partager	12432
malin	12425
recevoir	12423
inquiétez	12408
attendu	12407
charles	12401
coffre	12398
uh	12397
eddie	12397
chris	12393
celle-là	12388
ramène	12376
mode	12376
folie	12366
extérieur	12344
van	12343
membre	12335
prévenir	12321
cache	12316
inquiéter	12308
hasard	12306
concerne	12304
réponds	12290
génie	12290
j	12287
parlais	12284
parlons	12277
jardin	12269
saison	12232
montré	12221
frappe	12203
enchanté	12191
gosses	12185
abandonner	12184
assure	12175
apporte	12169
prépare	12143
mètres	12099
suivant	12094
souhaite	12084
services	12082
ouest	12079
va-t'	12060
poids	12057
poche	12050
faisant	12031
répondu	12027
directement	12025
source	12022
france	12002
créer	12000
samedi	11994
aidez-moi	11964
univers	11956
saura	11944
réalisé	11943
américains	11943
perds	11934
membres	11927
viande	11918
o'	11917
bobby	11906
sont-ils	11904
crois-moi	11902
amoureuse	11899
grandes	11881
changement	11873
compliqué	11868
bal	11845
page	11833
conduit	11825
passage	11813
piège	11801
kevin	11800
ressens	11798
accepte	11786
grace	11784
fais-le	11777
amusant	11766
dan	11761
donnez	11755
traces	11750
trésor	11750
explique	11744
fesses	11738
perte	11733
fantôme	11724
naissance	11722
retraite	11722
regardes	11718
franchement	11717
côtés	11717
larry	11716
étranger	11710
poulet	11704
vienne	11692
débarrasser	11686
enlève	11681
marque	11680
mens	11679
fantastique	11640
cent	11632
beaux	11629
entendez	11626
ouverte	11606
bâtiment	11603
a-t-elle	11589
devrions	11587
embrasser	11579
tombée	11575
manquer	11572
entré	11572
san	11551
chevaux	11550
habite	11544
animal	11521
fatigué	11518
heureusement	11511
billets	11504
convaincre	11496
appelait	11493
rachel	11486
paradis	11483
émission	11481
lance	11465
nettoyer	11460
file	11438
dimanche	11436
agréable	11428
plans	11415
conscience	11406
ennemis	11401
disant	11398
connaissance	11383
douce	11375
belles	11371
sentiment	11366
bataille	11333
perd	11326
pourrez	11321
relations	11318
espérais	11316
fais-moi	11310
vôtre	11304
servi	11297
souci	11294
note	11294
doigt	11286
mensonge	11283
volonté	11273
walter	11258
victoire	11250
direct	11241
abandonné	11239
information	11239
joindre	11238
proches	11217
brian	11216
droits	11213
eric	11211
nerveux	11200
coupé	11190
patients	11188
invités	11174
arrivés	11170
descends	11167
pleure	11165
traitement	11165
jerry	11163
senti	11163
cancer	11161
répète	11156
reposer	11137
regrette	11135
aide-moi	11114
flingue	11113
cousin	11110
désormais	11107
vérifié	11104
crains	11085
douche	11080
gaz	11070
interdit	11067
théorie	11058
scott	11050
trace	11043
contrôler	11026
signer	11018
no	11017
demandes	11017
internet	11010
andy	11009
cherchez	10995
salon	10991
pete	10982
serons	10978
appels	10933
lancer	10912
protection	10911
pantalon	10897
rappelles	10894
dossiers	10886
style	10883
ravie	10877
semblant	10877
yeah	10871
kim	10868
offert	10867
vieil	10865
humaine	10847
grandi	10844
médicaments	10839
acte	10826
moyens	10819
lois	10809
kate	10805
meurs	10784
laisserai	10780
aéroport	10771
mauvaises	10755
détective	10742
autrement	10738
témoins	10736
queue	10736
coincé	10734
mariés	10734
sonne	10727
innocent	10726
dira	10724
créé	10723
jason	10721
supporter	10712
milliers	10701
heu	10695
infirmière	10685
métier	10680
crétin	10680
retirer	10677
surveillance	10676
chances	10675
oreilles	10664
trouvera	10663
suicide	10661
militaire	10644
atteindre	10633
fuir	10614
casse	10605
dormi	10599
pilote	10599
rires	10593
appelée	10591
risques	10590
leçon	10582
paquet	10574
man	10568
défendre	10550
immeuble	10547
récemment	10544
chinois	10540
battu	10523
aveugle	10518
oiseau	10517
qu	10512
propriétaire	10498
ancienne	10488
veste	10488
anna	10487
simon	10479
saviez	10473
amies	10466
cherché	10465
tirez	10461
al	10459
différents	10425
gardez	10405
feras	10391
lisa	10370
lis	10370
station	10352
mandat	10351
assassin	10351
thomas	10350
célèbre	10347
dort	10342
bague	10342
dépêche-toi	10341
tente	10334
devenue	10328
ventre	10321
carter	10319
respire	10317
haute	10314
connaissais	10308
genoux	10275
terme	10272
vert	10269
emily	10259
refusé	10259
hâte	10243
réveiller	10237
commande	10223
commun	10219
souris	10206
partons	10201
perdue	10201
dirige	10198
verras	10180
charmant	10166
chante	10161
sport	10154
celle-ci	10143
viré	10128
ies	10126
fiston	10113
étoiles	10110
laisses	10094
parlant	10087
là-dessus	10085
signé	10082
virer	10077
permettre	10066
pouvoirs	10061
luke	10061
pluie	10051
passez	10049
vrais	10049
enlevé	10045
moments	10044
blesser	10043
ombre	10014
rome	10014
épisode	9995
talent	9992
chocolat	9963
assurance	9960
angleterre	9958
couche	9956
site	9951
neige	9945
gardé	9937
chemise	9936
ted	9928
voulaient	9914
emploi	9912
précédemment	9907
surveiller	9906
privée	9904
entière	9899
saint	9889
parlent	9888
réfléchi	9874
my	9870
attendent	9870
jette	9865
facilement	9862
joues	9862
jury	9853
passera	9852
voleur	9852
véritable	9851
entend	9843
chaise	9839
accusé	9836
zéro	9827
clairement	9827
mouvement	9824
celles	9812
sommeil	9808
blancs	9796
survivre	9792
semblait	9781
o	9780
craint	9779
traduction	9779
notes	9757
repos	9754
siège	9753
policier	9752
allés	9749
puissance	9734
familles	9721
second	9720
cellule	9719
engagé	9715
adorable	9699
matt	9682
spéciale	9679
violence	9669
ours	9668
gorge	9666
examen	9666
dieux	9664
major	9659
obtenu	9645
évident	9645
distance	9642
titre	9642
lundi	9630
choc	9625
différentes	9619
théâtre	9612
exploser	9610
â	9605
rivière	9605
paye	9594
allo	9588
revenez	9554
écoutes	9553
logique	9552
alice	9548
miracle	9538
lève	9537
montagne	9532
essayais	9526
pauvres	9522
tenu	9521
chicago	9517
auprès	9510
lèvres	9488
plat	9487
lunettes	9487
journaux	9466
attaquer	9466
mine	9463
pistolet	9460
divorce	9459
noirs	9451
meurtres	9451
premiers	9451
forêt	9450
respirer	9450
fortune	9438
réponses	9434
devraient	9432
explosion	9426
reviendra	9422
mène	9411
doc	9410
maria	9407
responsabilité	9396
annie	9388
erreurs	9388
principal	9385
épée	9382
tienne	9369
travaillait	9361
tableau	9358
cabinet	9353
normale	9352
alerte	9348
meurtrier	9335
whoa	9322
libérer	9320
commis	9297
sérieuse	9295
carl	9284
sous-titrage	9282
rock	9279
vision	9279
réveillé	9277
auront	9271
mesure	9259
arthur	9256
kyle	9251
ed	9245
louis	9244
1er	9240
secrétaire	9233
dave	9226
images	9225
fuite	9222
amitié	9220
annonce	9217
pousser	9217
william	9210
idiote	9207
nombreux	9194
brisé	9192
raconté	9190
cardiaque	9187
minuit	9179
humeur	9178
physique	9172
prof	9162
lieux	9161
los	9160
seins	9149
crier	9148
top	9144
go	9143
permission	9137
romantique	9137
lac	9128
vente	9118
vache	9116
suit	9114
clark	9106
courses	9106
casser	9104
études	9102
modèle	9097
susan	9093
version	9090
jeff	9084
pensées	9084
prudent	9081
plaisante	9077
emmené	9068
réfléchis	9066
concert	9066
blessure	9062
tir	9055
chauffeur	9049
midi	9047
souvenez	9043
puissant	9040
moteur	9035
répond	9030
hmm	9029
city	9029
coûte	9028
reculez	9028
dessous	9024
souffle	9021
construire	9020
démon	9017
achète	9015
smith	9009
caméras	9005
pousse	9000
cesse	8998
gare	8995
rentrée	8993
finit	8985
bosse	8980
kelly	8978
fer	8978
couilles	8977
quiconque	8969
vole	8965
ignorais	8965
soutien	8963
usine	8959
château	8955
lâche-moi	8946
ont-ils	8939
garage	8937
délicieux	8937
oreille	8935
virus	8923
réellement	8918
posé	8913
avancer	8909
maisons	8906
voisins	8905
dites-lui	8902
deviens	8901
sage	8900
crédit	8899
ambulance	8898
gamins	8898
fière	8896
tourné	8889
puce	8886
finie	8878
canon	8877
liquide	8872
devine	8870
particulier	8866
prennent	8861
traverser	8860
rues	8855
park	8852
criminel	8845
cependant	8833
sombre	8827
agence	8825
comportement	8823
artiste	8802
bosser	8800
gouverneur	8799
paroles	8798
résoudre	8797
chut	8796
période	8788
bat	8786
seraient	8785
bébés	8785
cherches	8775
e	8768
croyez-moi	8766
donnes	8765
préparé	8758
soucis	8758
traiter	8756
street	8754
différente	8751
reconnais	8746
bye	8746
pourriez-vous	8744
fromage	8741
essence	8741
ayant	8730
côte	8720
tenté	8718
chaleur	8712
tests	8689
champagne	8686
objet	8686
ouai	8679
disparaître	8675
oiseaux	8672
re	8668
europe	8665
supposé	8664
supplie	8658
tournée	8642
résultat	8637
roger	8635
concernant	8633
vérifie	8631
souffrir	8606
occupée	8599
fusil	8597
gardien	8595
déranger	8594
verrai	8586
fatiguée	8585
vote	8584
dégagez	8584
anciens	8584
voila	8579
tués	8575
forcément	8570
cadeaux	8562
herbe	8562
b	8561
menteur	8561
vivante	8556
riches	8555
vive	8552
sacrée	8549
taylor	8548
adulte	8542
siècle	8538
attente	8534
endroits	8533
écris	8529
rapports	8520
piscine	8518
rentrez	8518
lendemain	8512
fumer	8507
concours	8502
ment	8501
monté	8497
passait	8495
vous-même	8491
inviter	8489
coach	8489
fausse	8488
élevé	8477
chair	8474
magique	8471
chaîne	8464
chèque	8462
réseau	8461
enfance	8449
mensonges	8447
pourrions	8443
choisis	8438
taire	8435
inquiet	8435
enfuir	8430
bel	8422
profiter	8414
science	8414
revenue	8406
billet	8402
crâne	8402
jaloux	8402
tien	8401
arrestation	8396
laver	8389
nuits	8386
caisse	8379
scientifique	8374
russe	8374
cris	8367
traité	8366
attaqué	8359
écoutez-moi	8356
montez	8354
sean	8349
promesse	8341
sénateur	8336
blessures	8335
sucre	8330
murs	8329
attrape	8328
représente	8327
emma	8327
esprits	8315
cloche	8310
phil	8300
cia	8283
réputation	8274
étudier	8272
trompe	8264
chute	8264
jackson	8254
demi	8251
devra	8247
plainte	8245
grand-chose	8238
tim	8238
joey	8234
sorcière	8234
venant	8227
alan	8225
californie	8222
tenue	8213
journaliste	8213
soyons	8211
chouette	8206
karen	8194
aurons	8192
avocats	8187
cherchais	8186
angeles	8180
surveille	8178
département	8175
abandonne	8175
prendrai	8169
peinture	8168
refaire	8168
honnêtement	8155
opinion	8153
geste	8148
étais-tu	8144
gaffe	8142
empire	8141
aient	8138
pizza	8137
seriez	8135
fan	8133
poitrine	8133
y'	8132
jenny	8128
lorsqu'	8126
médecins	8121
remonte	8115
aventure	8113
réglé	8111
mac	8102
abby	8097
barre	8095
foyer	8094
jean	8092
amuse	8091
mener	8083
uniforme	8081
cauchemar	8080
soupe	8071
intelligente	8067
jus	8061
prêtre	8057
lily	8045
trompé	8032
chuck	8032
corde	8032
champion	8030
somme	8024
conférence	8019
commissaire	8013
répondez	8006
attrapé	8004
red	8003
racontes	8000
deviner	7998
recommencer	7998
dis-tu	7995
complet	7995
crimes	7994
maggie	7990
crème	7988
construit	7987
excusez	7983
entraînement	7981
centaines	7976
calmer	7968
joueur	7963
couloir	7963
horreur	7959
propriété	7956
admettre	7946
matériel	7945
verrez	7941
foule	7938
st	7935
réaction	7931
ennuie	7928
laura	7925
pub	7908
hiver	7907
manteau	7893
pis	7893
débile	7891
trouverai	7884
conseiller	7872
humanité	7870
studio	7865
josh	7862
lapin	7861
désert	7860
combattre	7853
big	7848
julie	7839
boutique	7834
fonds	7832
voient	7817
états-unis	7814
reviendrai	7801
ramené	7799
discussion	7794
connaissait	7789
vegas	7787
sir	7783
fiancée	7783
remonter	7778
incendie	7777
arbres	7773
conseils	7770
géniale	7766
messages	7765
ex	7752
surface	7746
appellent	7737
atteint	7733
recommence	7726
curieux	7711
lucy	7710
ascenseur	7708
mars	7704
apprend	7693
abri	7689
larmes	7677
dites-vous	7677
impliqué	7674
répéter	7672
pardonner	7672
donnerai	7671
soi	7669
marine	7664
cadavre	7663
o.k.	7658
front	7654
uniquement	7652
traîner	7646
rare	7642
permet	7639
stan	7638
parking	7633
morceaux	7632
réussir	7625
morgan	7625
empêche	7624
traversé	7615
américaine	7615
hank	7615
décide	7613
doué	7611
gloire	7607
gang	7604
communauté	7601
plaisantes	7598
déclaration	7596
jones	7594
portait	7593
croient	7592
projets	7590
frontière	7590
saute	7585
hais	7582
laissée	7581
suivez-moi	7579
prénom	7569
tenter	7565
liaison	7565
cérémonie	7565
fasses	7562
vivent	7560
ho	7560
océan	7558
vélo	7556
aimerait	7554
réaliser	7551
poupée	7542
navire	7540
saches	7538
parties	7536
patrick	7529
remplacer	7524
prisonnier	7518
ménage	7518
porté	7514
employés	7510
dépêchez-vous	7505
bouton	7503
acteur	7493
show	7491
julia	7487
mardi	7487
juré	7482
barry	7481
médecine	7481
restera	7474
lourd	7472
chargé	7469
au-delà	7467
survécu	7465
bite	7465
soudain	7463
voyais	7457
travailles	7456
prévenu	7451
regardez-moi	7451
baisse	7449
filer	7447
rompu	7446
véhicule	7443
sauve	7439
rencontrés	7438
emmerde	7428
estomac	7423
donna	7422
couvrir	7416
meilleures	7416
rater	7411
terminée	7410
fred	7409
tâche	7408
réserve	7405
brûler	7404
chou	7397
réveille	7391
sentez	7390
ferme-la	7389
réveille-toi	7388
etait	7377
origine	7375
rêvé	7370
gary	7358
pouviez	7357
poursuivre	7357
actions	7356
tapis	7351
absence	7350
lâcher	7350
tempête	7344
um	7343
souffre	7333
touchez	7333
cents	7329
rempli	7328
écran	7328
dis-le	7327
victor	7326
affreux	7323
enterrement	7322
inconnu	7322
venger	7320
team	7320
feriez	7316
sara	7315
inventé	7314
installer	7311
ya	7301
va-t-il	7297
rythme	7295
étudiants	7294
pratique	7293
whisky	7293
calmez-vous	7289
travaillez	7287
ballon	7282
équipage	7282
signes	7278
élèves	7275
faites-le	7269
parlera	7264
attirer	7262
récompense	7258
reconnu	7251
irait	7249
loup	7247
traite	7235
lâchez-moi	7235
ca.	7229
vengeance	7229
imaginez	7228
navré	7226
feront	7219
finis	7219
propose	7213
forcé	7211
lutte	7211
opportunité	7206
personnage	7203
2e	7202
boss	7197
arrêtes	7191
convaincu	7191
allons-nous	7191
accompagner	7186
essayons	7184
limite	7175
panique	7168
technologie	7162
brillant	7160
king	7154
afrique	7154
nourrir	7152
région	7152
nathan	7147
passent	7142
salaire	7137
veille	7135
appelle-moi	7135
ceinture	7132
explication	7131
chansons	7131
profond	7129
professionnel	7129
possède	7128
étonnant	7118
venais	7108
casier	7106
jouez	7106
roman	7101
sandwich	7094
arrives	7094
nana	7093
nommé	7093
incident	7093
retournez	7089
sophie	7089
potes	7087
comité	7082
chine	7061
technique	7059
haine	7053
identifier	7052
célibataire	7046
jackie	7046
annoncer	7041
portée	7040
fleur	7040
roule	7037
palais	7035
tromper	7034
lady	7028
attendait	7028
jeudi	7024
abruti	7022
disiez	7021
normalement	7019
circonstances	7017
appelez-moi	7015
canapé	7015
sommes-nous	7000
protège	6997
est-à-dire	6995
affronter	6994
connait	6992
élève	6989
pêche	6989
masque	6985
couvert	6978
extraordinaire	6973
malheur	6972
sentais	6970
royaume	6969
porc	6965
envoyez	6963
brûle	6963
entretien	6961
vingt	6960
objets	6959
gêne	6959
bloc	6958
aidera	6953
final	6952
conduis	6939
excellente	6937
brûlé	6937
amanda	6936
business	6934
sauté	6932
trouvent	6931
ferez	6930
alarme	6925
laisse-le	6924
rencard	6924
concentrer	6921
étoile	6921
engager	6919
singe	6917
colle	6904
ooh	6903
assistant	6896
fallu	6894
mm	6893
central	6889
prisonniers	6885
naturel	6881
essayait	6877
pardonnez-moi	6875
étape	6873
cage	6872
davantage	6867
alliance	6861
collègues	6855
collier	6853
rayon	6851
correct	6849
jesse	6845
gâcher	6843
quant	6839
assassiné	6837
placard	6837
soif	6836
conditions	6836
min	6836
remis	6835
russes	6832
miel	6828
personnellement	6825
entièrement	6824
howard	6823
impressionnant	6820
passes	6820
créature	6820
black	6819
lancé	6818
kilomètres	6817
sers	6815
échappé	6813
parte	6810
prouve	6808
associé	6805
monnaie	6803
dean	6802
moque	6796
voisin	6796
clinique	6792
tape	6791
têtes	6785
lentement	6785
classique	6783
temple	6777
steven	6776
produits	6775
passion	6769
prenne	6765
échoué	6764
écouté	6763
existence	6760
correspond	6759
analyse	6758
retire	6758
mystère	6756
maîtresse	6751
port	6748
tension	6740
qualité	6740
nationale	6733
respecte	6731
vierge	6730
piano	6727
secteur	6726
espérons	6726
devoirs	6725
pot	6725
contacter	6723
secrète	6723
dispute	6718
cigarette	6712
manques	6708
bouffe	6707
jugement	6707
idiots	6707
courageux	6705
limites	6702
bibliothèque	6699
désir	6693
condition	6688
sales	6685
courrier	6682
volant	6682
merveilleuse	6680
fumée	6678
chanceux	6677
expert	6674
anne	6674
rick	6673
lève-toi	6672
tasse	6669
poussé	6669
étrangers	6666
censée	6664
permettez	6650
hall	6646
approcher	6642
that	6638
greg	6638
pile	6635
japonais	6635
soigner	6632
urgences	6630
effets	6628
essai	6626
fruits	6624
yo	6623
remplir	6615
commençons	6612
miles	6605
donnera	6605
soins	6602
charlotte	6602
risqué	6601
avouer	6598
passés	6598
épreuve	6598
vivants	6598
conduite	6596
p	6592
robin	6590
chffffff	6588
découvre	6585
avantage	6584
retenir	6575
love	6567
miroir	6566
etat	6565
procédure	6561
verres	6561
copie	6553
jaune	6546
dames	6541
betty	6534
efforts	6530
proposé	6529
blessée	6519
crie	6519
voyager	6510
disque	6505
golf	6504
annuler	6502
section	6499
catherine	6497
aube	6494
précis	6491
appellerai	6486
doug	6486
etes-vous	6484
lumières	6477
helen	6472
briser	6467
fait-il	6465
vampire	6460
échec	6455
mexique	6446
figure	6433
repose	6433
urgent	6430
profil	6428
médical	6423
chiffres	6421
carrément	6420
pointe	6419
is	6418
interroger	6417
sauce	6414
séance	6405
fiancé	6402
chaude	6401
sacs	6398
vivait	6389
aimerai	6388
alliez	6386
partage	6383
johnson	6378
assise	6378
foot	6378
accusation	6370
bagages	6369
boule	6367
copains	6367
nu	6365
patience	6362
suivez	6361
criminels	6358
poissons	6357
fermez	6343
bleue	6342
tyler	6341
égal	6340
organiser	6338
œuvre	6335
organisation	6326
moto	6326
parlerai	6324
texas	6321
attitude	6319
documents	6318
étiez-vous	6316
effort	6316
enchantée	6315
restent	6315
diriger	6314
apprends	6314
proposition	6310
pareille	6310
terres	6305
serpent	6304
all	6303
audience	6301
info	6298
voyait	6290
télévision	6290
intéressé	6287
pattes	6283
possibilité	6283
football	6283
poison	6283
maudit	6282
cochon	6282
reconnaître	6279
paire	6277
your	6276
condamné	6275
croyait	6269
sauvage	6269
maximum	6266
domaine	6263
drogues	6262
poussière	6259
visiter	6256
nôtres	6256
policiers	6255
rat	6254
ajouter	6245
chambres	6241
séparer	6237
valise	6233
idéal	6229
exprès	6228
cooper	6224
empereur	6220
forcer	6217
vincent	6214
juger	6211
montagnes	6207
t-il	6206
printemps	6206
rebecca	6206
avoue	6205
oliver	6205
faisaient	6205
allaient	6205
profondément	6204
aides	6203
collègue	6196
bonbons	6193
fantômes	6191
légende	6190
embrasse	6188
suffisamment	6188
disparition	6187
suivante	6186
commencez	6181
poule	6180
semblez	6177
éducation	6174
restée	6171
dragon	6171
plaque	6169
prenons	6166
auparavant	6165
mobile	6162
peut-il	6161
jamie	6161
elizabeth	6161
malades	6160
molly	6157
invite	6153
musée	6153
connaissent	6152
elle-même	6150
bijoux	6149
refuser	6147
chers	6145
pensée	6143
andrew	6135
psy	6133
saurais	6133
adultes	6130
préviens	6127
appart	6120
chasser	6119
sable	6114
balance	6110
critique	6107
fièvre	6107
irais	6100
terminer	6098
brown	6098
monstres	6092
angela	6092
leo	6090
essaies	6090
coïncidence	6087
charmante	6082
née	6080
suggère	6080
raisonnable	6073
conséquences	6071
jouait	6070
décisions	6070
lucas	6067
sensible	6067
déposer	6066
imagination	6056
objection	6054
autorisation	6051
faites-moi	6048
chirurgie	6048
ordinaire	6047
rouges	6044
voyez-vous	6036
voudra	6035
vieilles	6034
hollywood	6032
magazine	6030
matière	6030
rentres	6029
vend	6029
pourrais-je	6026
libéré	6026
sexuelle	6024
posez	6019
bagarre	6011
ross	6011
solide	6010
lié	6009
marques	6008
cercle	6007
caroline	6005
sûrs	6004
sortira	6002
étudiant	5997
extrêmement	5995
digne	5994
cirque	5990
amen	5990
carlos	5989
congé	5989
roy	5985
prenait	5979
boston	5978
meurent	5975
beurre	5973
émotions	5972
causé	5965
sortes	5961
el	5961
stade	5956
entraîner	5956
préférée	5956
allemand	5952
blonde	5949
japon	5945
sortis	5943
malheureux	5943
personnelle	5941
barbara	5938
épaule	5937
était-ce	5937
we	5936
pigé	5935
lls	5932
menacé	5931
arrivait	5929
taux	5929
tireur	5929
mamie	5927
3e	5926
supporte	5925
lignes	5922
voyant	5921
examiner	5917
terry	5914
orange	5911
nerveuse	5910
ouverture	5909
patiente	5905
huile	5905
trouverez	5904
sire	5904
mignonne	5903
parfum	5902
retourné	5902
fêter	5900
publique	5900
invitée	5898
incapable	5898
cap	5896
couleurs	5895
sainte	5892
accompagne	5890
demi-heure	5889
camarade	5885
éliminer	5884
croix	5882
large	5880
moral	5879
détail	5877
wilson	5876
thérapie	5874
troupes	5873
froide	5871
signature	5867
pensons	5867
parker	5866
donnée	5866
assistante	5866
éloigner	5865
trahi	5855
jo	5854
enterré	5853
adaptation	5853
brave	5850
jeunesse	5850
guérir	5848
officiers	5847
recule	5847
toby	5844
machines	5843
justin	5841
sommet	5838
géant	5837
démons	5835
taper	5835
linda	5833
territoire	5832
organisé	5829
portefeuille	5825
sally	5824
adorer	5823
scénario	5822
emprunter	5817
tours	5815
etes	5813
nate	5813
alibi	5807
respecter	5804
marchera	5804
tentative	5804
décès	5800
rappelez	5794
lord	5792
livrer	5792
blessés	5790
donnent	5787
fêtes	5786
pressé	5780
frankie	5778
davis	5776
supérieur	5774
précieux	5774
poil	5772
rats	5769
cave	5766
progrès	5765
objectif	5762
grosses	5761
cole	5759
bruce	5758
armé	5750
panne	5749
iras	5747
bains	5747
officiellement	5747
enculé	5744
difficiles	5743
renvoyer	5740
miller	5738
invitation	5737
allemagne	5737
loyer	5736
plateau	5736
trés	5735
mai	5733
humour	5731
marcus	5730
olivia	5730
actes	5728
êtres	5727
cinglé	5726
moche	5724
suffisant	5715
douée	5714
obligée	5712
junior	5708
boit	5707
juifs	5704
enfermé	5702
joseph	5699
travaux	5697
approchez	5697
jolies	5695
expression	5694
cherchait	5689
libres	5688
jordan	5688
race	5687
injuste	5678
gordon	5677
plu	5676
trafic	5674
eue	5674
déplacer	5671
exercice	5668
travaillent	5666
forts	5666
épousé	5666
do	5664
cabine	5663
miami	5662
baise	5660
tenait	5659
changera	5658
populaire	5657
descend	5652
nager	5651
ferons	5651
énervé	5649
nôtre	5645
électrique	5641
devrais-je	5640
furieux	5635
jessica	5634
nation	5631
for	5630
placé	5629
traître	5628
juif	5622
ouah	5621
cassette	5612
péché	5609
instinct	5605
katie	5604
derek	5602
remise	5599
allemands	5598
sexuel	5598
excitant	5592
enregistrement	5591
foutez	5588
arrangé	5588
original	5583
agression	5580
rendez	5579
commandé	5577
ailes	5575
employé	5575
ricky	5573
boite	5572
petit-déjeuner	5569
coupez	5568
avons-nous	5565
angle	5563
participer	5561
neveu	5558
activité	5555
coucou	5555
température	5552
bleus	5551
cherchent	5550
bourse	5549
reçois	5545
éternité	5540
poubelle	5540
harvey	5539
milliards	5539
vol.	5538
compétition	5537
viol	5536
marty	5531
coté	5530
pouls	5526
laissez-le	5525
jay	5523
illégal	5523
termine	5518
ranger	5517
élever	5516
places	5513
autorité	5511
échelle	5511
commission	5511
tribu	5508
voleurs	5507
comédie	5504
seules	5500
accueil	5499
pommes	5499
premières	5499
autorisé	5497
taule	5496
absurde	5493
souffrance	5490
rattraper	5490
demi-tour	5487
indiens	5486
transformer	5485
parle-moi	5484
mérites	5481
dégâts	5481
fermée	5480
réception	5479
french	5479
réservé	5474
annulé	5473
wayne	5469
mercredi	5468
meme	5468
négatif	5466
union	5463
deviennent	5462
durer	5459
semblent	5456
bombes	5455
ivre	5450
avancez	5449
témoigner	5449
bah	5447
langage	5447
tunnel	5445
chats	5443
pur	5439
poudre	5437
oeuvre	5434
jour-là	5433
influence	5432
todd	5431
méchants	5430
by	5429
numéros	5426
récupéré	5424
pure	5424
biens	5424
garce	5423
tarte	5421
tres	5418
hauteur	5414
carol	5414
finale	5405
culture	5401
revienne	5400
pensiez	5399
pénis	5399
crois-tu	5397
déçu	5395
production	5395
bible	5393
pierres	5391
gants	5389
sous-sol	5386
beth	5384
oeufs	5384
nina	5383
pouvons-nous	5381
rumeurs	5380
intérêts	5379
regardais	5375
indice	5374
ministère	5374
brad	5372
témoignage	5371
œufs	5370
effrayant	5368
fouiller	5367
prier	5364
diane	5364
actrice	5363
suspects	5362
soirs	5362
pisser	5360
causer	5359
finira	5356
entrepôt	5353
oxygène	5353
s.	5348
marshall	5347
west	5346
inquiètes	5345
conclu	5344
souviens-toi	5342
devras	5339
francisco	5339
salade	5335
indique	5332
matinée	5332
flotte	5330
uns	5327
rage	5326
amiral	5324
perdus	5323
gagnant	5322
mettent	5320
national	5318
frigo	5317
christ	5317
vince	5313
sachant	5311
opérations	5309
stress	5309
tuera	5307
grant	5306
lâchez	5306
commander	5306
guide	5306
blagues	5302
chic	5295
comte	5289
fauteuil	5287
prises	5287
vampires	5286
noble	5283
apprécier	5281
auteur	5281
kilos	5280
tuerai	5279
séparés	5277
l.a.	5276
pouvaient	5276
principale	5268
bottes	5265
semblerait	5259
miens	5258
foutue	5257
espion	5256
album	5255
sortent	5255
lou	5254
violent	5253
terroristes	5250
énerve	5249
voudras	5248
repartir	5248
spencer	5247
teddy	5247
serment	5245
unités	5244
restait	5241
promotion	5240
sure	5239
division	5238
ron	5238
viendrai	5236
foie	5234
puisses	5234
pardonne	5224
robot	5219
relax	5218
jess	5217
mères	5216
ethan	5216
joueurs	5211
rejoint	5211
taisez-vous	5209
collection	5209
stupides	5208
option	5205
communication	5201
bizarres	5201
rigole	5198
anges	5198
vague	5198
innocents	5196
lewis	5194
nombreuses	5187
laboratoire	5182
soutenir	5182
naturellement	5182
vends	5181
floride	5181
charme	5179
ian	5177
adjoint	5176
trouvait	5174
terroriste	5173
paraître	5173
clan	5171
livraison	5171
jalouse	5170
retiré	5169
efficace	5169
revenus	5168
diplôme	5165
piégé	5165
interne	5165
ennuyeux	5162
électricité	5158
ignorer	5156
buvez	5154
pervers	5154
baby	5154
gâché	5152
phase	5151
trouvés	5151
repris	5149
enregistré	5149
besoins	5149
révolution	5148
passons	5145
sein	5142
valait	5141
barbe	5140
pari	5140
fans	5123
dylan	5122
connue	5121
commerce	5121
formation	5120
habiller	5119
fichu	5118
renseignements	5118
bêtises	5109
michelle	5109
parent	5109
tina	5107
commissariat	5105
gratuit	5105
tuyau	5104
couvre	5100
convient	5098
adoré	5097
total	5096
oû	5094
nancy	5091
autrefois	5090
éteint	5087
étude	5087
fenêtres	5085
actuellement	5081
écart	5081
charger	5081
habitants	5081
comté	5079
étudié	5078
bol	5078
dette	5067
diner	5067
rêver	5066
interrompre	5066
micro	5066
liens	5062
plastique	5062
rompre	5062
éteindre	5062
dégoûtant	5059
deviez	5058
minable	5055
égoïste	5054
casey	5053
léger	5049
cigarettes	5049
sœurs	5047
edward	5045
réveillée	5045
one	5043
cité	5042
be	5040
culpabilité	5038
las	5038
adorerais	5038
pourrons	5034
produire	5032
nucléaire	5030
russie	5029
rejoins	5023
tandis	5023
descendez	5021
espagnol	5021
volée	5020
vaisseaux	5019
régime	5018
pilules	5017
aïe	5017
empreinte	5014
russell	5012
sain	5012
identifié	5006
évidence	5001
fidèle	5001
trouveras	5000
diras	5000
remède	4999
cimetière	4998
couler	4996
1re	4995
emporter	4995
fâché	4995
exécution	4993
evidemment	4992
porno	4992
devrez	4987
cellules	4984
éléments	4983
rang	4982
autorités	4981
laissera	4979
hannah	4978
fierté	4977
vérifiez	4976
travaillais	4976
congrès	4972
détends-toi	4971
pratiquement	4970
enfui	4966
métro	4965
diamants	4964
raymond	4963
façons	4962
processus	4960
âmes	4959
caution	4958
lecture	4955
rond	4953
camarades	4953
ressemblait	4952
écraser	4952
caractère	4950
trous	4947
intelligence	4946
renforts	4946
résister	4946
sous-titres	4945
roses	4943
ressenti	4940
douze	4939
gus	4937
instructions	4937
gibbs	4935
plaindre	4934
voudrez	4933
so	4933
ali	4931
exprimer	4931
religion	4926
survie	4926
couches	4922
pourri	4920
esclave	4915
septembre	4914
particulièrement	4912
tradition	4910
dennis	4906
aidez	4905
jusque	4904
commencent	4904
stratégie	4901
chasseur	4901
intéressante	4897
walker	4895
quinn	4894
guitare	4893
loué	4892
attaché	4892
nue	4892
améliorer	4891
termes	4891
soeurs	4888
randy	4887
vidéos	4887
amant	4885
courte	4884
escalier	4884
owen	4883
bêtes	4882
défi	4882
gentils	4879
rentrons	4878
créatures	4875
chirurgien	4873
montre-moi	4873
dollar	4870
quatrième	4869
changent	4867
souvenez-vous	4866
accent	4864
parlez-vous	4863
personnalité	4862
durs	4861
commandement	4860
lampe	4858
kenny	4854
crever	4852
ken	4851
centrale	4849
oscar	4848
espérer	4848
goûter	4848
nerfs	4847
grandir	4845
préférerais	4844
feux	4842
dépassé	4841
tuez	4841
faut-il	4840
passant	4839
totale	4837
rencontrée	4835
pro	4834
carrie	4833
méchante	4833
ressentir	4831
déclaré	4825
dessin	4824
généreux	4816
attendons	4816
bourré	4815
mn	4814
manuel	4813
officiel	4810
reconnaissance	4810
boisson	4805
embrassé	4805
savaient	4804
appétit	4803
commandes	4802
découverte	4800
risquer	4800
entendue	4800
excité	4800
rouler	4797
câble	4793
fume	4792
phrase	4792
réveil	4787
avère	4783
champs	4782
disponible	4782
levé	4778
julian	4778
dose	4777
coma	4776
cuisiner	4772
groupes	4770
envoyée	4768
dépêche	4767
sociale	4766
assister	4766
comptez	4765
manières	4765
mangez	4763
équipes	4763
gère	4762
mortel	4761
voies	4760
dick	4759
événements	4759
indien	4758
enterrer	4757
stylo	4756
gamine	4756
homicide	4755
vais-je	4753
laissons	4751
sue	4750
détendre	4749
dis-leur	4747
blake	4745
martha	4742
regardant	4742
riz	4741
aurions	4736
correctement	4733
b.	4730
ailles	4729
crée	4727
imagines	4724
transfert	4722
complexe	4721
zut	4721
accueillir	4719
ongles	4719
portrait	4715
criminelle	4713
définitivement	4711
présenté	4711
remarque	4710
désastre	4709
vraies	4706
métal	4704
jennifer	4703
traverse	4701
italie	4701
laissez-nous	4698
degrés	4696
connaissez-vous	4694
up	4692
coincée	4691
masse	4687
etats-unis	4686
pardonne-moi	4686
drapeau	4682
traîne	4682
croyez-vous	4678
plaire	4678
baisé	4673
rappelez-vous	4670
reçoit	4667
liz	4666
devenus	4665
noix	4665
cabane	4665
lion	4661
jonathan	4660
budget	4660
inde	4658
malédiction	4653
souffert	4653
villes	4648
keith	4648
lot	4645
militaires	4644
escaliers	4642
rumeur	4642
serviette	4640
commercial	4639
méthode	4638
eli	4638
avenue	4637
autopsie	4635
pue	4634
cliente	4631
arrange	4630
venons	4627
descendu	4627
intervention	4625
arrêtée	4622
chefs	4620
priorité	4620
serré	4617
italien	4616
quoique	4616
casino	4615
acteurs	4612
passeport	4609
pomme	4607
sincèrement	4606
ressources	4603
environnement	4594
can	4593
elena	4593
connor	4591
louise	4591
rigoles	4591
ellen	4590
menaces	4589
regarde-toi	4588
toast	4586
bâton	4586
doutes	4582
préfères	4579
thanksgiving	4578
bail	4578
réunis	4577
énormément	4575
négocier	4575
remets	4574
sacrifice	4569
reconnaissant	4569
williams	4568
jeremy	4568
citoyens	4566
abattu	4565
habits	4565
otage	4557
tatouage	4556
interview	4556
couru	4556
héroïne	4556
opérer	4556
tendance	4555
rupture	4552
médias	4552
marqué	4549
batterie	4548
enseigne	4546
manager	4546
promener	4543
héritage	4542
écrivain	4542
clown	4540
ecoute-moi	4539
positif	4537
hitler	4537
jungle	4536
équipement	4535
penny	4533
complice	4530
réalise	4529
préparez	4528
profite	4527
assuré	4527
importantes	4527
mette	4527
pages	4527
cousine	4521
tester	4521
génération	4520
bâtard	4519
torture	4518
putains	4515
creuser	4515
mmm	4514
jacob	4514
a-t-on	4512
loyauté	4511
techniquement	4510
cravate	4501
mourra	4501
effacer	4500
t-shirt	4499
brigade	4496
événement	4496
rappelé	4496
dises	4496
étranges	4494
collège	4494
leader	4493
ténèbres	4490
samantha	4488
trompes	4488
associés	4488
examens	4487
taré	4486
bart	4486
dent	4482
dangereuse	4482
poumons	4479
holly	4478
destruction	4478
bateaux	4477
trouvais	4476
pires	4473
charité	4473
considère	4472
révérend	4470
retrouvée	4470
girl	4470
surement	4468
expériences	4468
quart	4467
poches	4465
désire	4464
boîtes	4463
malcolm	4462
moderne	4461
résolu	4459
manges	4458
mentionné	4457
pétrole	4456
solitaire	4453
essayant	4451
démarre	4449
arracher	4449
tendre	4446
sincère	4445
issue	4445
saut	4443
débrouiller	4443
mickey	4440
regardait	4438
white	4437
devaient	4436
timide	4435
chevalier	4433
r	4431
précisément	4430
continues	4430
halloween	4428
ordures	4426
volontaire	4426
interrogatoire	4425
trahison	4424
vomir	4423
tueurs	4423
travis	4421
confirmé	4420
cri	4420
clay	4420
cassée	4419
soucie	4419
censés	4417
adrian	4414
siècles	4414
cruel	4414
plaisantez	4412
agi	4411
probable	4410
scandale	4409
laissent	4408
otages	4408
invisible	4407
mélange	4406
responsabilités	4404
ashley	4403
harold	4401
albert	4400
importants	4400
attendrai	4398
déménager	4396
perdez	4395
visages	4394
échantillon	4393
explosé	4392
jouent	4390
homer	4390
nan	4384
flash	4382
systèmes	4381
usa	4381
simples	4381
christine	4380
charges	4380
funérailles	4380
ressembler	4378
césar	4376
evan	4376
jouets	4375
chaos	4373
mm-hmm	4368
green	4367
outils	4366
audrey	4365
résistance	4365
dessert	4359
cons	4358
insiste	4357
veuve	4357
riley	4357
effectivement	4356
dernièrement	4354
neil	4350
moyenne	4350
logan	4349
contient	4346
espagne	4346
virée	4342
épaules	4341
stone	4340
passe-moi	4340
altesse	4339
gênant	4339
voter	4337
manquait	4337
laisse-la	4336
protégé	4336
esclaves	4333
arrêtera	4333
construction	4332
utilisez	4329
cadavres	4329
immense	4328
net	4327
renvoyé	4326
population	4326
mondiale	4324
juillet	4320
capacité	4320
sortait	4320
expliqué	4318
va-t-on	4318
sensation	4317
sien	4317
mason	4317
retenu	4316
informer	4310
récupère	4308
ordonné	4307
potentiel	4306
baisser	4306
admire	4305
morale	4304
pasteur	4303
patrouille	4302
connerie	4302
impact	4300
partant	4299
baseball	4297
sel	4295
conducteur	4295
maintenir	4293
stable	4290
motel	4289
pourront	4289
poker	4289
abattre	4289
littéralement	4287
présidente	4286
hill	4286
oublierai	4285
tokyo	4284
jules	4284
panneau	4282
évite	4280
regardent	4279
tragédie	4278
angel	4278
serveur	4278
fruit	4276
aaron	4273
marge	4272
earl	4271
prière	4271
activités	4270
légiste	4269
impôts	4268
possession	4267
confirmer	4266
out	4266
vendeur	4266
discuté	4265
dépasse	4264
apprécié	4263
combinaison	4258
joan	4256
proposer	4255
séjour	4254
utilisent	4253
exception	4253
ambassadeur	4252
lincoln	4251
craindre	4248
allison	4247
boy	4246
poing	4245
commences	4244
chapitre	4243
four	4242
rapporte	4241
association	4240
connaissiez	4239
audition	4235
ordure	4232
écriture	4231
publicité	4229
cendres	4229
motif	4229
respiration	4228
rends-moi	4227
quinze	4227
art.	4224
regretter	4221
avril	4218
boue	4216
pleuré	4214
rita	4213
pipi	4212
noté	4211
sammy	4210
tv	4210
cran	4210
échappe	4210
veuille	4206
vivez	4204
apparence	4204
principe	4202
oublies	4200
essentiel	4200
moment-là	4200
quittez	4198
sortons	4196
alpha	4196
gentleman	4194
gabriel	4194
eaux	4194
house	4193
brise	4193
verte	4190
boules	4190
lauren	4187
canada	4187
demandent	4187
exige	4185
règlement	4185
francis	4184
barney	4184
aimable	4183
habillé	4183
ann	4183
symbole	4182
endormi	4181
margaret	4180
marin	4179
what	4178
docteurs	4177
adorent	4177
revanche	4177
rarement	4176
gâteaux	4175
préparez-vous	4174
parait	4172
with	4171
fonce	4171
satellite	4169
paige	4168
dettes	4168
rembourser	4166
passagers	4164
luxe	4163
vallée	4162
médicale	4161
reprend	4161
transport	4161
effrayé	4158
franc	4156
couronne	4154
scientifiques	4153
chacune	4150
plante	4145
menu	4145
revolver	4145
bonhomme	4143
légal	4141
liam	4138
discute	4135
bonté	4135
bières	4135
complète	4134
avertissement	4134
acier	4134
subir	4130
sentait	4130
berlin	4125
kitty	4125
plais	4121
planté	4121
branche	4118
puissante	4116
engagement	4116
imaginé	4113
options	4110
coûté	4110
changements	4108
révéler	4107
mesures	4106
coordonnées	4106
contacts	4105
bip	4104
producteur	4104
cessé	4104
fonction	4101
lame	4101
donnait	4100
navrée	4098
shawn	4097
cachée	4096
salopard	4093
cuir	4093
monica	4093
megan	4084
direz	4083
goutte	4083
rate	4082
ticket	4082
douter	4081
chloé	4081
fédéral	4081
stephen	4080
maths	4076
ose	4072
attaques	4070
autoroute	4069
accuser	4068
dealer	4066
déposition	4066
victoria	4066
étonne	4065
deuil	4062
occupe-toi	4062
légère	4057
huh	4056
avocate	4056
statue	4055
excellence	4053
coule	4051
armés	4051
piqué	4051
eva	4048
pères	4047
basket	4046
harris	4046
ô	4044
pathétique	4043
x	4039
journalistes	4039
remarquer	4038
booth	4037
matthew	4037
innocente	4035
fichiers	4035
casque	4034
ruiné	4034
mené	4033
v	4032
prime	4027
bloqué	4027
faisiez	4025
jenna	4025
bénisse	4025
hélas	4023
sec	4023
éclater	4022
bienvenu	4021
aile	4021
mortes	4012
combats	4010
kg	4009
protocole	4009
prendrais	4008
chatte	4007
mouvements	4006
poignée	4005
reviennent	4005
gloria	4001
nelson	4000
aah	3997
vodka	3997
roue	3997
oblige	3994
quartiers	3993
boucle	3993
mordu	3992
fois-ci	3990
légitime	3987
délire	3987
médicament	3985
resto	3983
trente	3983
island	3981
douloureux	3979
vues	3977
tonnes	3976
jersey	3976
demoiselle	3975
attire	3974
bagnole	3974
serveuse	3974
contacté	3972
relève	3971
reprends	3970
allume	3967
conflit	3966
accomplir	3966
bouteilles	3965
shane	3965
pensant	3964
lisez	3964
prêtes	3962
badge	3962
little	3959
pension	3959
déposé	3956
routine	3955
crève	3955
articles	3954
chagrin	3953
local	3952
saurai	3951
appuie	3949
filmer	3945
ayons	3943
know	3942
amusez-vous	3942
servent	3941
réduire	3941
remet	3940
filé	3936
courez	3935
rit	3935
symptômes	3934
feuilles	3933
candidat	3933
vides	3928
soupirs	3927
rory	3927
professionnelle	3925
ressemblent	3925
wade	3923
sauvages	3923
organise	3923
munitions	3923
cercueil	3922
cm	3922
enquêter	3921
disparue	3921
réelle	3916
trône	3914
ouverts	3914
planque	3914
asile	3913
louer	3911
allumer	3911
craig	3908
tarder	3908
fausses	3907
f	3905
administration	3905
arrangement	3903
existent	3902
hop	3902
juin	3900
sachez	3898
contrairement	3898
wendy	3896
conseille	3896
ford	3894
fabrique	3893
mitchell	3893
obscurité	3892
talents	3891
enlevez	3891
informé	3890
colline	3890
telles	3889
horribles	3888
avoué	3888
mentez	3887
réalisateur	3887
lesquelles	3886
fait-on	3884
puits	3883
octobre	3883
cherchons	3883
costumes	3881
irez	3881
suis-moi	3880
léo	3878
renoncer	3877
aimée	3877
république	3877
rendent	3876
longues	3876
sauvée	3876
nuit-là	3871
testament	3871
facture	3870
domicile	3869
basse	3869
transformé	3868
emmenée	3867
médaille	3866
texte	3866
établir	3863
vanessa	3859
sienne	3859
kong	3858
record	3858
connaisse	3856
blé	3855
guerrier	3855
sms	3855
entrain	3855
quittes	3855
plantes	3852
restons	3852
accéder	3851
suprême	3850
warren	3850
installé	3850
tuent	3850
décrire	3848
enveloppe	3847
était-il	3846
manche	3844
écoles	3844
rappelle-toi	3843
batman	3843
embête	3843
espèces	3840
dalle	3840
auquel	3839
mrs	3839
cadre	3839
enseigner	3836
maquillage	3835
fâchée	3835
restant	3835
prétend	3835
demandait	3834
gris	3833
levez	3833
nora	3833
sépare	3831
enlèvement	3831
magicien	3831
historique	3831
circulation	3829
1ère	3829
piquer	3828
stanley	3827
canard	3827
lancement	3825
quantité	3825
gym	3825
time	3825
punir	3823
téléphoner	3822
hélicoptère	3822
dinde	3821
subi	3821
énerver	3819
auto	3817
mêle	3815
anthony	3813
placer	3812
réduit	3811
fédéraux	3810
bruits	3810
sujets	3809
jetez	3808
he	3807
tube	3807
organes	3807
mettez-vous	3805
poils	3805
époux	3804
tendu	3801
ingénieur	3799
téléphones	3799
pape	3798
routes	3798
lâché	3798
portant	3798
bats	3798
laissant	3797
pouce	3797
infection	3797
faiblesse	3793
mettra	3791
manhattan	3790
responsables	3789
devinez	3788
remarquable	3787
tenais	3786
mérité	3786
collins	3785
santa	3783
libération	3783
malentendu	3781
élément	3781
vaincre	3781
attiré	3780
mêler	3779
bouffer	3778
souvient	3778
profonde	3774
chaussettes	3773
morgue	3773
accuse	3769
portez	3768
estime	3768
soda	3766
silencieux	3766
diana	3766
faibles	3765
avertir	3765
côtes	3762
tournage	3762
bonnie	3755
effraction	3754
valises	3753
atmosphère	3753
délit	3753
fui	3752
menottes	3752
partenaires	3752
bureaux	3752
this	3751
requin	3748
détention	3748
factures	3748
agissait	3747
continué	3746
donne-lui	3743
observer	3741
visites	3740
conscient	3740
condoléances	3740
maya	3739
sortant	3737
nicole	3737
enfermer	3736
vôtres	3734
tumeur	3732
marches	3730
crainte	3730
panier	3728
ruth	3728
immunité	3727
terriblement	3726
compromis	3726
serait-ce	3726
minimum	3726
tels	3725
coûter	3725
revue	3725
hong	3723
scotch	3721
tracy	3719
repéré	3717
ruiner	3716
différemment	3715
violée	3715
harper	3714
trompez	3714
salauds	3714
putes	3712
clara	3710
pleins	3710
come	3709
personnages	3708
péchés	3708
fascinant	3707
utilisée	3706
avaler	3700
nièce	3699
élu	3699
meubles	3699
magnifiques	3698
devienne	3697
explose	3697
portent	3696
viennes	3693
passerai	3693
sagesse	3692
seth	3690
fouillé	3689
française	3688
janet	3687
attends-moi	3686
just	3685
imaginais	3684
douzaine	3684
fusillade	3684
intentions	3683
puissent	3683
permettez-moi	3682
serrer	3682
trouble	3682
sachiez	3681
connexion	3679
renversé	3677
voudriez	3676
équilibre	3676
usage	3672
rapporter	3671
meure	3671
sydney	3670
intéresser	3669
sourd	3667
vaudrait	3667
industrie	3667
connus	3666
norman	3666
soudainement	3663
états	3663
brooklyn	3662
croirait	3662
communiquer	3661
déménagé	3660
saigne	3659
longs	3659
festival	3658
inconnue	3658
parliez	3658
revu	3657
parlez-moi	3656
destinée	3653
linge	3651
ressent	3651
câlin	3650
trouvons	3649
promettre	3648
jugé	3648
fragile	3648
fabuleux	3645
sieste	3645
conçu	3644
indices	3644
obéir	3643
suicider	3642
chant	3641
simpson	3640
curiosité	3640
balancer	3639
entraîneur	3639
judy	3638
écrasé	3638
archives	3637
intimité	3635
demeure	3635
ambiance	3635
c.	3635
ressembles	3634
brillante	3633
ramasser	3632
satisfait	3630
tara	3630
karl	3629
connaitre	3629
hector	3628
tissu	3626
viendrais	3625
nuages	3624
avait-il	3621
phoebe	3620
soir-là	3620
résidence	3619
jouais	3618
pourrais-tu	3618
arriverai	3616
politiques	3616
débat	3616
fonctionner	3616
prostituée	3614
bo	3612
homo	3612
pompiers	3611
sorcières	3609
parles-tu	3608
leçons	3606
rendra	3605
vic	3605
naturelle	3605
réunions	3602
implique	3601
bracelet	3601
look	3600
zoo	3600
confortable	3599
navette	3599
cervelle	3598
baron	3597
jumeaux	3595
genou	3595
ralph	3595
may	3594
mystérieux	3594
coincés	3593
campus	3593
arriverait	3592
augmenter	3591
tragique	3590
cash	3589
elliot	3589
vilain	3589
toc	3588
essaient	3588
moscou	3586
heather	3586
destination	3585
grossesse	3585
foiré	3584
royal	3584
exposition	3584
amuse-toi	3583
nid	3582
artistes	3580
vise	3579
merdé	3577
mafia	3577
assiette	3575
finn	3575
demanderai	3574
kit	3572
capables	3572
aiderait	3567
par-dessus	3567
fréquence	3567
ceux-là	3566
montrent	3565
caches	3564
stars	3563
dépensé	3559
lane	3559
méthodes	3559
boum	3558
atelier	3558
passées	3557
divine	3556
balade	3555
passais	3554
capitale	3553
générale	3552
hémorragie	3552
prouvé	3552
déplacé	3551
massage	3549
mets-toi	3549
daisy	3548
suffira	3548
emmenez	3548
ranch	3548
passez-moi	3547
touchée	3547
murphy	3546
draps	3543
novembre	3543
dépression	3541
young	3540
quelconque	3540
opéra	3540
prenais	3537
violé	3537
endormir	3537
prends-le	3537
échanger	3536
racheter	3534
fillette	3534
duré	3533
cessez	3530
locale	3530
punition	3528
juliette	3528
accrocher	3527
lesquels	3526
rencontres	3526
chaussure	3525
natalie	3524
rob	3523
tiroir	3523
accusations	3522
agis	3522
abandonnée	3522
debbie	3519
devrai	3518
arrivez	3516
hello	3514
quête	3512
arrivais	3512
chase	3509
inquiétude	3508
sources	3508
dommages	3508
allant	3507
fringues	3506
marco	3506
grève	3505
baissez	3504
scènes	3504
nettoie	3503
rendue	3503
batte	3503
sauras	3503
menteuse	3502
tennis	3502
rares	3501
vire	3501
dale	3500
désirez	3497
culotte	3496
disques	3493
oignons	3492
alicia	3492
spécialiste	3492
entraîne	3492
mitch	3491
tigre	3490
foire	3490
solitude	3490
chariot	3490
judiciaire	3490
deal	3489
mannequin	3489
carla	3488
localiser	3488
tombent	3488
cesser	3488
aiguille	3487
mettons	3487
suisse	3486
allumé	3486
atterri	3484
euros	3482
misérable	3478
a.	3478
fournir	3478
juan	3475
diego	3475
légumes	3474
sperme	3474
agit-il	3474
confirme	3472
pneus	3471
évacuer	3469
ordinateurs	3469
ex-femme	3468
crié	3468
gras	3466
sembles	3465
jouet	3464
citoyen	3462
plafond	3461
fiers	3460
willie	3460
signaler	3460
pisse	3460
poème	3460
pendu	3458
holmes	3455
prières	3455
prêter	3455
resterai	3454
confier	3451
arrêtés	3450
voyages	3449
dégueulasse	3447
arrête-toi	3446
ligue	3445
voisine	3445
irons	3444
montrez-moi	3444
pique	3444
trompée	3444
fermes	3444
tiendra	3443
sandy	3439
périmètre	3439
dana	3439
furent	3437
massacre	3435
kent	3433
walt	3432
muscles	3430
détestes	3430
aiderai	3430
bizarrement	3430
irlandais	3430
météo	3430
veiller	3429
internes	3429
verrons	3427
description	3425
défaut	3425
enlevée	3425
anonyme	3424
ambassade	3424
buter	3424
adversaire	3424
fermeture	3424
quasiment	3423
chasseurs	3423
intervenir	3422
soupir	3421
mangent	3420
civils	3420
automne	3418
excitée	3416
tranquilles	3415
aurait-il	3414
partira	3414
refait	3414
splendide	3412
accro	3411
horloge	3410
moteurs	3408
bougé	3405
enverrai	3405
sentent	3403
vomi	3403
économie	3402
feuille	3402
colonne	3402
vagues	3401
pétrin	3400
pistes	3399
dépenser	3398
pipe	3398
osé	3397
pirate	3397
promesses	3396
frites	3396
parier	3395
essayes	3395
envoyés	3394
peindre	3394
partent	3394
informatique	3393
admets	3391
doutais	3391
dés	3391
dépose	3390
ancêtres	3390
acide	3390
immobilier	3389
blue	3388
saisir	3388
mettrai	3388
liés	3388
patty	3388
kirk	3386
obligés	3385
constamment	3384
vedette	3382
marchait	3380
christian	3380
aidée	3380
familier	3379
fixe	3378
dignité	3377
tirs	3376
disparaît	3376
élections	3375
dessins	3375
déclare	3374
catastrophe	3371
choisit	3371
prétendre	3370
amenez	3370
marteau	3369
jet	3368
g	3368
paierai	3367
cameron	3366
accorder	3366
accroche-toi	3365
volontiers	3365
affection	3365
disaient	3363
enregistrer	3362
ordonne	3362
tombes	3362
saisi	3361
trouille	3360
poignardé	3360
ronnie	3360
fiches	3358
scanner	3357
document	3357
colin	3357
atterrir	3356
rois	3356
transforme	3356
jill	3355
sec.	3355
échantillons	3354
serre	3354
fichier	3352
répétition	3350
gina	3350
dentiste	3350
fassiez	3349
occupes	3349
plairait	3348
plats	3347
accorde	3347
formes	3346
machin	3346
christopher	3346
va-t-elle	3346
déterminer	3345
ouvriers	3344
times	3340
utilisant	3340
sexuels	3337
célébrer	3335
allen	3334
oublions	3333
montée	3332
philip	3330
partirai	3330
civil	3330
got	3329
pompes	3329
marc	3329
promenade	3327
entraîné	3327
jetée	3326
profit	3326
tiennent	3325
tache	3325
franklin	3325
emporte	3323
damon	3322
absent	3320
désespéré	3320
burke	3319
prochaines	3319
création	3318
cinquième	3317
levez-vous	3316
ecoutez-moi	3315
ellie	3314
refuge	3313
base-ball	3312
diamant	3312
coke	3312
antenne	3310
satan	3309
aperçu	3308
antoine	3308
réussite	3307
guère	3306
provoquer	3305
formule	3305
fleuve	3303
recette	3303
intime	3303
cordes	3303
plaie	3302
réagir	3301
cuire	3299
leslie	3299
bénédiction	3299
saloperie	3299
eve	3299
compassion	3298
brooke	3298
vaux	3297
obsédé	3296
duc	3296
curtis	3294
bidon	3291
divorcer	3289
relever	3288
sobre	3286
deviné	3285
occupés	3285
sonné	3284
drogué	3283
von	3282
merveille	3281
flammes	3278
illusion	3278
anneau	3278
sauvetage	3277
comprennent	3277
madison	3276
gentiment	3273
lana	3273
canal	3273
pleut	3272
exposé	3271
violet	3270
élevée	3270
gps	3270
april	3268
rapproche	3267
leonard	3266
fatigue	3266
effrayer	3266
dormais	3265
benjamin	3265
réfléchissez	3264
get	3264
like	3262
lave	3262
visiteurs	3261
piéger	3261
péter	3261
occuperai	3259
pédé	3259
désordre	3258
surnom	3258
palmer	3258
drew	3256
meg	3254
range	3254
structure	3254
évasion	3253
dites-le	3250
discret	3250
petit-fils	3250
délicat	3249
appuyer	3248
royale	3247
foutus	3247
photographe	3247
disputer	3246
supérieure	3245
raccroche	3245
ère	3245
normaux	3243
tuerait	3242
officielle	3241
seattle	3241
marines	3241
steak	3241
connaissons	3240
drame	3239
are	3238
intense	3238
svp	3237
août	3236
loups	3236
verdict	3236
échecs	3232
considéré	3231
pirates	3230
assaut	3230
écrite	3230
observe	3229
survivants	3228
étudie	3226
explosifs	3226
tues	3224
poursuite	3223
recherché	3223
arrêtez-vous	3222
singes	3220
finisse	3219
téléphoné	3219
sonnerie	3219
synchro	3218
çà	3217
mouche	3217
botter	3217
watson	3214
bingo	3213
plaques	3213
clef	3212
nous-mêmes	3211
grillé	3210
peint	3209
relecture	3209
décembre	3208
montrez	3208
lindsay	3207
douceur	3205
fiançailles	3204
impressionné	3203
restés	3203
glisser	3203
allions	3202
faîtes	3201
neal	3201
ned	3200
vider	3200
fonctions	3198
michel	3198
capacités	3198
touches	3197
reverra	3197
anderson	3197
fermés	3196
bougies	3194
baignoire	3194
coincer	3192
familiale	3191
donnerais	3191
eux-mêmes	3191
révélé	3188
international	3188
fun	3185
banques	3183
émotion	3180
cocaïne	3180
conversations	3179
turner	3178
jetons	3178
relais	3177
saleté	3177
retenue	3177
kurt	3175
compétences	3175
plaisanterie	3174
longueur	3174
thème	3173
magasins	3171
lutter	3170
viendront	3170
monseigneur	3170
mourant	3169
contenu	3168
ennui	3165
corée	3165
référence	3165
-ooo--	3164
cachette	3164
came	3164
insectes	3164
moustache	3163
certes	3163
britannique	3162
laissez-la	3162
poésie	3161
assassinat	3161
lex	3160
tabac	3159
garantie	3158
couples	3156
bacon	3156
apres	3156
freddy	3155
hôte	3154
conclusion	3154
insisté	3153
personnels	3152
représentant	3150
pull	3150
défoncé	3149
fraîche	3148
zach	3147
donald	3147
voile	3146
règne	3145
venaient	3145
misère	3145
future	3145
compliment	3142
sou	3142
inverse	3141
coller	3139
grotte	3139
élection	3139
fouille	3139
irak	3139
deviendra	3138
vois-tu	3138
tristesse	3137
orchestre	3136
suivent	3134
analyses	3133
allez-vous-en	3133
portail	3132
mines	3131
montres	3131
spéciales	3130
possibilités	3130
puni	3129
génétique	3129
robes	3128
aimons	3128
reconnaissez	3127
soirées	3127
boissons	3127
généralement	3127
planche	3126
eut	3125
chaînes	3124
sorcier	3124
lent	3123
pam	3122
vivons	3121
nuage	3121
now	3121
arrêtent	3120
divorcé	3120
payée	3119
louche	3119
occupera	3119
maladies	3119
biscuits	3117
connards	3117
interrogé	3116
archer	3116
trahir	3116
sous-vêtements	3115
duke	3115
saurait	3114
reporter	3114
bazar	3113
mondes	3113
antonio	3113
mail	3112
boutons	3112
caporal	3111
j.	3111
dites-leur	3110
développement	3110
quarantaine	3108
poursuit	3108
juges	3108
tombés	3108
plains	3107
nettoyé	3107
beach	3106
marchent	3105
enfuie	3105
enterprise	3104
inspecteurs	3104
demie	3103
mcgee	3102
graves	3098
alison	3098
enfoirés	3098
acceptez	3097
inhabituel	3097
tickets	3095
essaierai	3095
votes	3095
détester	3095
han	3094
rebelles	3093
descente	3092
marchandise	3091
nicky	3090
confus	3089
possibles	3088
shaw	3088
infirmerie	3085
savon	3085
terreur	3083
innocence	3082
vols	3079
virginie	3079
janvier	3079
cheville	3078
experts	3078
puissiez	3078
ais	3077
incroyablement	3076
plomb	3075
serions	3075
réparé	3075
piper	3075
harvard	3074
galerie	3074
cristal	3074
temporaire	3073
insensé	3073
cauchemars	3071
mettait	3070
prendrait	3070
décharge	3070
permets	3069
spécialement	3069
prêté	3068
prenant	3066
épuisé	3066
benny	3066
blanches	3064
gravité	3059
attacher	3059
taupe	3058
centaine	3057
cambriolage	3056
manquent	3056
bétail	3055
catholique	3055
sacrifier	3055
salue	3055
e-mail	3054
naomi	3053
arts	3053
inspiration	3052
casse-toi	3051
majorité	3049
blair	3047
malheureuse	3047
mel	3047
coco	3046
jazz	3043
kennedy	3042
surprendre	3041
noyer	3038
surprises	3038
peut-etre	3038
relevé	3038
principes	3034
jacques	3034
moquer	3033
rituel	3033
biologique	3032
énormes	3032
tordu	3032
concept	3032
extra	3030
nettoyage	3029
missiles	3028
syndicat	3028
bailey	3027
circuit	3027
tournoi	3025
dénoncer	3025
hope	3024
éternel	3023
graham	3023
laisserais	3023
buck	3023
bond	3022
éternelle	3020
déesse	3020
fée	3019
balancé	3017
fameux	3017
ci	3017
sirène	3016
pat	3016
dérangé	3016
jalousie	3013
carmen	3012
dépêcher	3012
rassembler	3012
lesbienne	3012
vif	3011
dégager	3010
cat	3010
gardiens	3010
demandons	3010
boucher	3009
noires	3009
désirs	3007
social	3006
promets-moi	3003
barbecue	3003
galaxie	3003
statut	3003
carton	3002
fox	3002
extrême	3000
requête	3000
francs	2998
planter	2998
troy	2998
provoqué	2998
citron	2998
identification	2997
impressionner	2997
commentaire	2996
nus	2996
chantier	2995
déplace	2994
saviez-vous	2993
baker	2993
chemins	2993
unis	2992
arnaque	2992
ultime	2991
vaches	2991
feraient	2989
quai	2988
maïs	2988
bay	2987
stark	2986
cocktail	2986
pêcher	2986
spécialité	2986
orbite	2984
étudiante	2984
correction	2984
3ème	2984
comptable	2983
arraché	2983
manny	2983
stuart	2982
pénible	2981
appelés	2981
y.	2980
signez	2978
vain	2978
afghanistan	2978
oreiller	2978
wallace	2978
éclair	2977
sociaux	2976
erica	2976
tactique	2975
alliés	2975
violer	2974
allergique	2973
villa	2971
croisé	2971
bang	2970
cicatrice	2970
vitre	2970
postes	2969
apparaît	2969
habitué	2969
codes	2967
tonnerre	2967
road	2966
miracles	2966
maîtres	2965
zoe	2965
sensé	2964
melle	2963
grange	2962
promo	2962
donnez-lui	2962
degré	2962
cibles	2961
habillée	2960
duncan	2959
sentez-vous	2959
espérant	2958
appartenait	2958
battus	2958
flamme	2957
apportez	2957
bases	2957
traînée	2956
laser	2955
flipper	2955
katherine	2955
amateur	2954
jen	2953
serpents	2952
garcia	2951
élite	2951
valeurs	2950
contents	2950
chantage	2950
haley	2949
yang	2949
poussez	2948
civile	2948
amber	2948
ralentir	2946
happy	2945
prudente	2944
solaire	2944
miranda	2943
rejeté	2943
psychopathe	2942
meredith	2942
comparé	2942
troubles	2941
banc	2941
engin	2941
amenée	2939
maillot	2939
pété	2939
joy	2939
trajet	2938
développer	2938
démarrer	2938
gagnes	2937
peste	2937
castle	2936
viendrait	2936
down	2935
déconne	2934
retrouvera	2934
denise	2932
habitudes	2930
confession	2930
académie	2930
assassins	2930
inventer	2930
cieux	2930
signalé	2929
avancé	2928
rapporté	2928
trevor	2928
barman	2927
libère	2927
tournez	2927
carnet	2927
complot	2927
éloigne	2926
nier	2926
augmentation	2925
nanas	2925
pareils	2924
emmenez-le	2924
envoient	2924
dépôt	2922
mariages	2922
partagé	2921
actuelle	2921
camions	2919
sonner	2918
détendez-vous	2918
appellera	2918
physiquement	2918
reed	2918
world	2917
nichons	2917
registre	2916
mia	2916
pompe	2916
frappée	2915
veronica	2915
présentation	2915
fabriquer	2915
gene	2915
saluer	2914
joint	2914
ondes	2914
évolution	2914
augmente	2913
empoisonné	2913
grippe	2910
détresse	2909
effacé	2909
chiffre	2909
guerriers	2908
battent	2908
guéri	2907
hurler	2907
psychiatre	2905
confié	2905
fit	2905
when	2904
orage	2904
xena	2903
cavalier	2901
soi-disant	2901
commettre	2900
aurais-je	2899
déchiré	2899
énervée	2899
pendre	2898
pousse-toi	2898
mordre	2897
brosse	2896
craquer	2896
difficultés	2895
impatient	2894
mario	2893
guy	2893
pyjama	2893
flèche	2892
suivie	2892
hommage	2892
rentrés	2892
éclate	2892
crevé	2891
ordonnance	2891
anglaise	2889
accompli	2889
boxe	2889
serviettes	2887
diriez-vous	2887
sèche	2886
maudite	2886
décroche	2886
veniez	2886
rendait	2886
habituer	2885
intuition	2885
serena	2885
fondation	2885
consulter	2884
concierge	2883
rosie	2882
bêtise	2881
comptent	2881
réunir	2880
lâches	2880
u	2880
étrangère	2879
philadelphie	2879
harrison	2879
inconscient	2878
mairie	2878
poussée	2878
établi	2878
vaisselle	2877
hélico	2876
volés	2876
ronde	2876
fardeau	2876
hockey	2875
choisie	2874
brille	2874
ris	2873
alcoolique	2871
doyle	2870
d.	2870
cuit	2870
remplie	2870
entreprises	2869
ivan	2868
éteins	2868
premièrement	2865
enchères	2864
pertes	2864
sous-marin	2864
rayons	2863
annule	2862
kira	2862
monk	2861
livré	2859
intérieure	2857
standard	2854
glissé	2854
annoncé	2853
civilisation	2853
rentrant	2853
souper	2852
aprés	2852
veuilles	2851
institut	2850
ventes	2850
filmé	2849
continuent	2849
grey	2849
fracture	2849
reparti	2848
demande-lui	2848
concentre-toi	2847
engage	2847
fine	2846
dvd	2846
fusils	2845
wyatt	2844
intéressée	2842
éléphant	2842
bouclier	2842
avantages	2841
considérer	2841
chips	2841
rappelle-moi	2840
atterrissage	2839
voyou	2839
connie	2835
houston	2835
fabriqué	2835
coiffure	2835
payez	2832
jusque-là	2831
ri	2831
botte	2830
arrêtait	2830
député	2830
stefan	2828
patronne	2828
cookies	2828
barrière	2828
obtient	2827
disposition	2827
papillon	2825
capturé	2824
attendra	2823
entrés	2822
tucker	2822
adorait	2821
emporté	2820
dramatique	2820
pourvu	2820
originale	2820
accroche	2819
ras	2819
superman	2819
pop	2817
district	2816
apprendra	2815
sorties	2814
tranquillement	2814
tenez-vous	2814
sharon	2813
arrières	2813
préférez	2812
radar	2812
halte	2812
deux-là	2810
zombie	2809
grille	2809
critiques	2809
soucier	2809
promet	2807
visiblement	2807
mâle	2805
donnant	2805
ciao	2804
copines	2804
brenda	2803
paniqué	2802
poète	2802
licence	2802
sauvés	2800
col	2800
titres	2800
verrais	2799
chan	2798
valent	2798
admis	2797
emprunté	2797
honnêtes	2796
attentivement	2795
techniques	2794
passerelle	2794
melissa	2793
réalises	2792
reculer	2792
transmission	2792
drake	2792
gré	2791
poignet	2791
montant	2790
embarrassant	2790
beau-père	2788
maîtrise	2788
lydia	2788
remplace	2787
solo	2787
toile	2786
hunter	2785
parrain	2785
transmettre	2785
honorable	2783
jolis	2782
aussitôt	2782
facteur	2782
pere	2782
east	2781
claque	2781
chloe	2781
impliquée	2781
sabre	2781
filet	2781
troupe	2781
henri	2781
brandon	2780
onze	2780
conclure	2780
claudia	2779
analyser	2779
antécédents	2779
pâle	2778
servira	2777
investissement	2777
sentie	2776
pére	2774
puissants	2774
facebook	2772
vice-président	2772
bud	2772
fixer	2771
levée	2770
paula	2770
poli	2770
expliquerai	2768
day	2768
surprenant	2767
shopping	2767
visuel	2766
directrice	2766
imbéciles	2764
vulnérable	2764
pacifique	2762
correspondance	2761
retiens	2760
éliminé	2760
chienne	2759
conte	2759
compagnon	2757
difficulté	2756
fées	2756
arrivant	2756
caravane	2755
da	2755
disparus	2754
embêter	2754
balader	2753
pharmacie	2751
défilé	2751
ramasse	2751
âgé	2749
chanteur	2749
avery	2748
précise	2748
rançon	2748
infirmières	2748
bossé	2748
grayson	2748
miguel	2748
bauer	2746
retient	2746
étonnerait	2744
lawrence	2743
miennes	2742
kidnappé	2742
souhaitez	2741
nounou	2740
adams	2740
ralentis	2739
repérer	2737
automatique	2737
bowling	2736
détruite	2736
emménager	2736
laissés	2736
comptais	2735
us	2735
dormez	2734
cindy	2734
sebastian	2734
gant	2733
maurice	2732
discipline	2732
choisissez	2731
bisou	2731
connaissances	2730
bernard	2730
paperasse	2730
essais	2726
hauts	2726
affiche	2725
pardonné	2724
dallas	2724
enfermée	2723
recevez	2723
good	2722
fisher	2722
loge	2722
camionnette	2721
rocher	2721
transféré	2720
supérieurs	2719
héritier	2719
payés	2719
terribles	2718
sénat	2718
polly	2717
partes	2717
individu	2716
dites-nous	2716
continuons	2715
décevoir	2714
fusion	2714
conne	2714
ado	2712
crane	2711
angie	2711
airs	2710
traumatisme	2710
pierce	2710
comtesse	2709
basé	2709
auriez-vous	2708
défaite	2708
khan	2707
rapprocher	2707
assassiner	2707
talons	2705
œuf	2705
compté	2704
rosa	2704
haricots	2703
roulé	2702
fiable	2702
voulions	2702
morris	2701
renfort	2700
escroc	2700
fassent	2700
déconner	2699
andré	2699
céréales	2696
tit	2695
bandes	2694
artistique	2693
fins	2692
georges	2690
blâmer	2690
perdant	2690
décédé	2689
lloyd	2689
brouillard	2687
quelques-uns	2686
oses-tu	2685
caleb	2685
occupez-vous	2685
brute	2684
puisqu'	2684
cinquante	2683
calibre	2682
trottoir	2682
poubelles	2682
pilule	2681
portais	2681
arabe	2680
qualités	2680
voire	2680
encre	2679
eus	2679
foudre	2678
visions	2677
légèrement	2677
loupé	2676
not	2676
blesse	2676
fortes	2676
existait	2676
cochons	2675
aimeriez	2675
shirley	2674
marchand	2674
poursuivi	2674
démocratie	2673
script	2673
loyal	2672
respirez	2672
sueur	2672
espions	2672
li	2670
battue	2669
changez	2669
précieuse	2668
impliquer	2668
empêché	2668
satisfaire	2667
plonger	2667
pilotes	2666
reagan	2666
toilette	2664
spéciaux	2664
vagin	2664
décrit	2663
hanna	2662
boucles	2662
coupables	2662
coupée	2661
former	2659
typique	2658
pleures	2658
humaines	2658
faille	2656
alfred	2656
allure	2656
sucer	2655
copies	2655
habiter	2654
raciste	2654
allonger	2652
ressort	2652
drôles	2650
serviteur	2649
e.	2649
sexuelles	2649
case	2649
personnelles	2648
championnat	2648
web	2648
locaux	2648
domestique	2647
cd	2646
remplis	2646
veine	2646
pa	2646
ennuyer	2646
ravissante	2645
honnêteté	2643
moques	2643
voudriez-vous	2642
sid	2641
thompson	2639
approprié	2638
patrie	2638
canons	2637
reconnaissante	2635
nécessaires	2633
philippe	2633
monroe	2632
forcée	2627
guider	2627
verts	2626
certificat	2625
amende	2625
présume	2624
pan	2624
ana	2624
fusée	2624
zack	2623
séparation	2623
jeffrey	2622
renvoie	2622
beverly	2622
sciences	2621
caca	2620
désespoir	2620
voeux	2620
auberge	2620
diront	2620
moore	2619
bishop	2619
zombies	2618
boyd	2618
magazines	2617
marquer	2617
rechercher	2616
soie	2615
stella	2615
chèvre	2612
hache	2611
winston	2610
fraude	2609
perry	2608
ignorez	2608
racontez	2607
hot	2607
mont	2605
carburant	2604
ve	2604
tapé	2604
veines	2603
méritent	2603
ç	2603
démissionné	2601
méritait	2601
alien	2601
médicaux	2599
australie	2599
insulte	2598
farce	2598
tires	2598
appât	2597
folles	2597
explorer	2596
instrument	2596
noah	2595
gage	2595
concentré	2595
précédent	2594
cortex	2593
curieuse	2592
réponds-moi	2592
déçue	2592
âne	2591
hal	2591
lt	2590
scotty	2590
danseuse	2590
corruption	2590
oeuf	2589
secondaire	2588
ombres	2588
who	2588
économies	2588
chauve	2587
reese	2587
tableaux	2587
entouré	2587
contrats	2586
sauront	2586
retournes	2586
fumé	2585
silver	2582
adopter	2581
comptait	2580
demandant	2580
épicerie	2580
bennett	2579
applaudissements	2579
rentrera	2579
suicidé	2578
déchets	2578
installe	2577
clyde	2577
inconnus	2576
souhaiter	2576
gratuitement	2575
voté	2575
have	2574
supermarché	2574
pleurs	2574
crache	2573
rideau	2573
février	2572
mises	2572
préoccupe	2571
repousser	2570
roues	2570
surmonter	2569
cœurs	2569
exécuter	2569
agneau	2569
ruby	2567
syndrome	2565
mama	2565
dimension	2564
téléphonique	2563
parcours	2562
excite	2561
jesus	2561
becky	2561
scolaire	2560
dis-le-moi	2559
appelons	2559
dingues	2557
finissent	2556
générations	2555
raser	2555
étages	2554
rende	2554
cheminée	2554
voyous	2553
saoul	2553
merdique	2553
bell	2553
sont-elles	2552
sun	2551
saine	2551
nazis	2548
chiant	2546
alimentaire	2546
observation	2545
clean	2545
grossier	2544
reid	2544
ajoute	2544
délicate	2543
capturer	2543
môme	2542
calmes	2542
sullivan	2542
excepté	2541
papy	2539
4e	2539
distraire	2539
rappellerai	2538
profondeur	2538
randall	2538
chèques	2538
triple	2535
regret	2534
mulder	2534
vulgaire	2533
jouant	2533
grain	2533
grenier	2533
emplacement	2533
coopérer	2532
faciles	2530
torturer	2530
crétins	2529
aîné	2529
sembler	2528
journées	2528
char	2528
tire-toi	2527
home	2526
électronique	2524
richie	2524
collé	2524
attendez-moi	2524
infiniment	2524
retournons	2523
armées	2523
aigle	2522
matelas	2521
poussez-vous	2520
proie	2520
furieuse	2519
angoisse	2519
traitée	2518
prévoir	2518
mick	2517
tais	2517
iront	2517
vachement	2517
barrage	2517
gays	2515
éternellement	2514
coeurs	2514
sens-tu	2513
buddy	2513
austin	2513
marcel	2512
stand	2512
durée	2512
wells	2511
robots	2511
sheila	2510
vietnam	2509
peggy	2509
broadway	2507
rôles	2507
crash	2507
débrouille	2507
arrache	2507
diagnostic	2507
flynn	2506
texto	2506
harcèlement	2506
délai	2505
reggie	2504
inscrit	2503
cassie	2503
barnes	2503
arnold	2502
nègre	2502
bosses	2502
vainqueur	2502
achetée	2500
manipuler	2500
représenter	2500
sortais	2500
elvis	2498
araignée	2498
colonie	2498
faillite	2497
pognon	2496
égalité	2496
honorer	2496
group	2496
pensaient	2496
courageuse	2495
mentale	2494
travaillant	2494
espoirs	2494
rideaux	2493
renard	2491
trouveront	2491
boom	2490
jon	2490
vœux	2490
françois	2490
mineurs	2490
inspire	2489
douleurs	2489
défendu	2489
aimiez	2489
exister	2489
israël	2488
tripes	2487
brésil	2487
denny	2487
assurez-vous	2485
plaira	2485
pacte	2485
réagi	2484
dons	2484
choper	2484
honoré	2484
griffin	2483
isabelle	2483
multiples	2483
sacrément	2483
hôpitaux	2481
zones	2481
agressé	2481
transporter	2480
ambition	2480
colis	2480
regardons	2479
grimper	2478
dessiner	2477
mouillé	2476
édition	2476
chargée	2476
obsession	2476
mallette	2475
casquette	2473
pèse	2473
purée	2472
invasion	2472
prétexte	2472
was	2472
candidats	2471
impasse	2470
cleveland	2469
tissus	2469
démissionne	2469
messe	2468
revoilà	2468
vivais	2468
modeste	2467
cow-boy	2467
présents	2467
mona	2466
vice	2465
éloigné	2465
garantis	2464
saurez	2463
vaincu	2463
déja	2463
graisse	2463
poulets	2462
stock	2462
right	2461
vœu	2461
kansas	2460
hunt	2460
camps	2460
opposé	2460
buvons	2458
arc	2458
niveaux	2457
accidents	2457
inutiles	2456
gentillesse	2456
commençait	2455
taureau	2455
arrete	2455
selle	2454
na	2454
missile	2454
détestent	2453
inspiré	2453
banane	2452
réplique	2451
remplacé	2450
effrayée	2450
commune	2450
aspect	2450
autorise	2450
thérapeute	2450
désagréable	2449
examiné	2449
crack	2449
t.	2448
fédération	2448
comparer	2448
stopper	2447
relevés	2446
reynolds	2446
prié	2444
pressentiment	2443
repose-toi	2443
matty	2441
conviction	2441
offres	2441
assassinée	2440
emmènes	2440
saisis	2440
rein	2438
lourde	2437
trouverons	2437
fontaine	2437
flippant	2436
buffy	2436
favori	2436
comprendra	2435
lits	2434
religieux	2433
glenn	2433
cal	2432
señor	2431
ruine	2431
confidentiel	2431
participé	2431
décoller	2431
déclarer	2431
timing	2431
publié	2430
merdes	2429
ciseaux	2429
empirer	2429
south	2428
attentat	2427
instable	2427
chômage	2427
renverser	2427
dixon	2426
mortelle	2426
endormie	2425
apparu	2425
hésite	2425
pensions	2424
2ème	2424
balai	2424
distributeur	2423
prit	2423
environs	2421
rapides	2420
revenons	2419
tiens-toi	2419
aventures	2419
florence	2418
belle-mère	2417
isolé	2417
éthique	2417
if	2416
bars	2416
détecteur	2415
aveux	2414
commentaires	2414
bornes	2414
réussit	2413
sécurisé	2412
coca	2412
utilises	2412
béton	2412
tess	2412
tables	2411
cachés	2410
retournée	2410
fumier	2410
douglas	2410
baraque	2409
franchir	2409
tortue	2408
isaac	2408
revois	2406
fonctionnent	2405
performance	2405
verront	2405
nage	2405
clubs	2404
profession	2403
gâche	2403
vidé	2402
glisse	2401
changes	2400
pourrait-il	2400
valable	2399
conditionnelle	2399
soupçons	2399
lessive	2395
radios	2395
urine	2395
score	2394
dorénavant	2394
escorte	2394
location	2394
fiona	2394
démissionner	2393
fondre	2392
financier	2391
draguer	2391
outre	2391
démonstration	2391
diabolique	2390
fichez	2389
moutons	2387
justifier	2387
supposée	2387
rasoir	2386
utilisait	2386
sympathique	2386
confirmation	2386
planifié	2385
latin	2385
formulaire	2384
tuyaux	2383
chen	2381
répondeur	2380
travaillons	2380
mineur	2380
active	2380
dispositif	2380
confusion	2379
alimentation	2379
fuis	2379
jupe	2377
plancher	2377
épargner	2377
évacuation	2377
attache	2377
patates	2376
partait	2376
dirais-tu	2375
dawson	2375
séquence	2374
jouons	2374
inévitable	2374
violation	2372
brennan	2372
marina	2371
intrus	2370
soulagement	2370
correspondent	2369
sortirai	2369
yoga	2369
cape	2369
troupeau	2368
déclenché	2368
assure-toi	2368
pouvions	2368
abeilles	2367
fermez-la	2367
rocky	2366
rex	2366
croira	2365
minus	2365
tueront	2365
hotel	2364
cam	2364
ados	2364
vont-ils	2363
gin	2363
traites	2361
télégramme	2361
menacer	2361
inscrire	2360
manoir	2360
contrarié	2359
concentration	2359
brody	2359
provoque	2358
achetez	2358
jambon	2358
papi	2357
cérébrale	2356
assistance	2356
brett	2356
avalé	2354
professeurs	2354
rêvais	2353
pétasse	2353
braquage	2353
chinoise	2353
see	2353
piges	2352
lci	2352
lester	2352
tiers	2351
légalement	2351
aliens	2350
suggéré	2350
dîtes	2350
déchire	2349
hypothèse	2348
dwight	2348
demandée	2347
mets-le	2347
gonna	2347
pointer	2347
cigare	2346
adorais	2346
serrure	2346
qg	2345
marron	2345
préserver	2345
dépasser	2345
nuls	2344
accroché	2344
mikey	2343
chanté	2343
surveillez	2343
anciennes	2343
dégueu	2343
raccrocher	2342
billard	2342
allah	2342
sauveur	2342
séduire	2341
coiffeur	2341
marais	2340
conrad	2340
déclencher	2340
armoire	2339
glaces	2339
îles	2338
habille	2337
elaine	2337
klaus	2336
vertu	2336
respecté	2336
gangs	2335
campbell	2333
appelais	2333
episode	2332
détestais	2332
cuba	2331
sonny	2331
aimerions	2331
nikki	2330
sheldon	2330
récolte	2329
touristes	2329
darrin	2327
media	2327
maigre	2326
chandler	2326
sourit	2325
éveillé	2325
lola	2325
langues	2325
balcon	2325
cathy	2324
expédition	2324
freddie	2324
artie	2324
trophée	2324
évaluation	2323
chimique	2323
détenu	2323
donnerait	2321
pince	2321
primaire	2321
regrets	2321
nations	2320
kathy	2320
christina	2320
plaisantais	2319
psychiatrique	2319
appareils	2319
traîné	2319
enfuit	2318
capital	2318
baie	2318
sandra	2318
invention	2318
gilet	2317
croisés	2317
mexicain	2317
vera	2316
compliquée	2315
paiement	2315
tueuse	2315
fédérale	2315
joyeuse	2314
deb	2314
omar	2314
rappel	2314
réservoir	2313
brick	2312
office	2312
coopération	2311
trajectoire	2310
propriétaires	2310
mi	2309
hayes	2309
paiera	2309
bruno	2308
mental	2308
messager	2308
frangin	2307
combattu	2306
souhait	2305
anton	2305
carson	2305
kid	2305
dépenses	2305
passerait	2304
crochet	2304
naître	2304
age	2304
exceptionnel	2303
rude	2303
développé	2303
dee	2302
fonctionné	2302
bones	2301
traquer	2300
samuel	2300
teresa	2300
mêlé	2299
mettez-le	2299
chimiques	2299
addition	2299
transférer	2298
exacte	2298
gratitude	2298
baby-sitter	2298
insupportable	2297
cargaison	2297
incroyables	2296
laissait	2295
planètes	2295
préparation	2294
prépare-toi	2294
waouh	2294
passager	2293
venez-vous	2293
camille	2292
désolés	2292
authentique	2291
jumelles	2290
burt	2290
prudents	2288
guerres	2288
branché	2288
hudson	2287
intéressent	2287
couteaux	2287
jessie	2286
5e	2286
communications	2284
matins	2283
ncis	2283
raide	2283
via	2283
spock	2282
overdose	2282
schmidt	2282
arizona	2281
craché	2281
privilège	2281
professionnels	2281
navy	2280
fauché	2280
destiné	2280
sévère	2279
investir	2279
creuse	2279
joel	2279
grec	2279
nues	2279
publier	2278
murray	2278
foster	2278
viendras	2277
philosophie	2277
er	2276
intelligents	2276
commençais	2276
boucliers	2275
suspendu	2273
obstacle	2273
générateur	2273
peintre	2272
pourboire	2271
échangé	2270
comptoir	2270
raclée	2270
altitude	2269
pelle	2269
rebelle	2268
morphine	2268
grenouille	2268
violon	2268
sacrifices	2268
laisse-nous	2267
montage	2267
andrea	2267
offenser	2266
disputés	2265
gabrielle	2264
rhume	2264
doit-on	2264
shakespeare	2264
pablo	2263
arrive-t-il	2263
sociétés	2262
particulière	2262
embrasse-moi	2262
tâches	2262
claude	2262
attaqués	2262
gâchis	2261
charbon	2261
établissement	2261
psychologique	2261
regarde-le	2260
surprend	2260
night	2260
devront	2260
queen	2260
armure	2259
déménage	2258
gwen	2258
mat	2257
pourrie	2257
divin	2257
g.	2257
ver	2257
poupées	2257
raccompagne	2257
graines	2257
excusez-nous	2256
puzzle	2256
travailleurs	2256
roberts	2255
berger	2255
alexander	2254
supplémentaires	2254
montrerai	2254
donovan	2253
assumer	2253
beau-frère	2251
ohio	2251
perdent	2251
neuve	2251
amants	2251
karma	2251
stevens	2250
jeanne	2250
meuf	2250
ego	2250
abus	2250
agresseur	2249
donneur	2249
épreuves	2249
cousins	2248
grandit	2247
hills	2247
dirigé	2247
signaux	2247
clefs	2247
wes	2247
oz	2246
croisière	2245
humide	2245
rio	2244
régulièrement	2244
square	2244
alentours	2244
vaste	2244
voisinage	2244
tiendrai	2243
delta	2243
dawn	2243
guérison	2242
écrivez	2242
paille	2242
célébrité	2242
indiquent	2242
gêné	2241
calculs	2241
humble	2240
cachets	2240
distorsion	2240
accordé	2239
réclame	2239
radiations	2239
canne	2239
costaud	2239
ring	2238
mourrai	2238
proximité	2238
scan	2237
exposer	2237
actuel	2237
foirer	2237
moine	2236
utiles	2236
détenus	2236
familial	2236
tirent	2235
assisté	2235
peyton	2232
calendrier	2232
publiques	2232
litres	2232
garer	2231
maux	2230
traduit	2230
damien	2229
marilyn	2228
dis-nous	2228
chimie	2228
fourni	2228
sons	2227
osez-vous	2227
redevenir	2227
détente	2226
sites	2226
phénomène	2226
pneu	2226
limousine	2224
méritez	2224
serait-il	2224
duel	2223
nolan	2223
at	2222
appartiennent	2222
braves	2220
lake	2220
intégrer	2220
fermier	2220
tronche	2219
réaliste	2219
dorment	2217
vapeur	2217
dormait	2217
fichue	2216
lions	2216
missions	2215
persuadé	2214
néanmoins	2213
sixième	2213
viens-tu	2213
carré	2213
iris	2213
alec	2213
roméo	2212
pigeon	2212
planning	2212
round	2211
agenda	2210
communiste	2210
recours	2209
renseigner	2208
hamilton	2207
mouches	2207
oses	2207
culot	2206
cycle	2206
situations	2205
mit	2205
ressortir	2204
trains	2204
ex-mari	2204
temps-ci	2204
cachez	2203
champignons	2203
amusé	2203
renoncé	2203
calvin	2203
marins	2203
enregistrements	2202
habituel	2201
musicale	2201
claires	2201
ohh	2200
finissons-en	2200
retrouvés	2200
épouses	2199
collecte	2199
inspection	2199
devions	2198
jonas	2198
taches	2196
laurie	2196
envisager	2196
affamé	2195
vendue	2195
pointé	2195
ouvertes	2195
rejetée	2194
arriveras	2194
perruque	2193
pompier	2193
bonus	2193
directe	2192
flingues	2192
obtiens	2192
gray	2191
accrochez-vous	2190
bloque	2190
ete	2190
débarquer	2189
prochains	2189
parts	2189
modèles	2188
calcul	2188
achat	2187
sombres	2187
refusez	2186
volontaires	2186
débarrasse	2185
gardent	2185
life	2185
gil	2184
manifestement	2184
démission	2184
refus	2184
entrent	2184
rodney	2184
caisses	2183
mousse	2182
supprimer	2182
chauffer	2182
requins	2182
stage	2182
photographie	2181
remords	2180
adopté	2180
suggestion	2179
atroce	2179
maris	2178
revivre	2178
interroge	2178
foutaises	2178
exécuté	2178
hart	2178
girls	2177
étouffer	2177
chaises	2177
comporter	2176
break	2176
réveillez-vous	2176
colocataire	2175
pénétrer	2175
petit-ami	2175
pige	2175
trauma	2175
va-t-en	2174
tonton	2174
cherchant	2174
trouvées	2174
gelée	2174
ironie	2171
sanguin	2171
way	2171
grimpe	2171
plume	2170
perdons	2169
rogers	2168
atout	2168
féliciter	2168
chad	2167
ramenez	2167
entende	2166
erin	2166
ella	2166
k	2166
ouvres	2166
habituellement	2165
permanence	2165
starfleet	2164
coulé	2164
comique	2164
procéder	2163
edgar	2163
dorothy	2162
décrocher	2162
répare	2162
ecoutes	2161
protégée	2161
réflexion	2160
parié	2160
chili	2160
imposer	2158
logiciel	2158
adoption	2157
lavé	2157
pressée	2157
formé	2156
mèche	2156
mile	2156
peut-elle	2155
veut-il	2155
relâcher	2154
guise	2153
convaincue	2153
déterminé	2153
musicien	2152
del	2152
confort	2152
adapter	2152
refuses	2152
saucisse	2151
bouquin	2151
attachée	2151
souriez	2151
etais	2151
tristes	2150
portables	2150
échouer	2149
evans	2149
finances	2148
substance	2147
maîtriser	2147
voudrais-tu	2147
phoenix	2147
actif	2147
féminin	2146
préférés	2146
créateur	2146
am	2145
want	2145
ivrogne	2144
there	2144
lapins	2144
désespérée	2144
sièges	2143
gagnez	2143
prononcer	2143
nés	2143
insulter	2142
est-on	2142
plaint	2142
blâme	2142
chevaliers	2142
ponts	2141
chewing-gum	2141
lenny	2141
boris	2140
river	2140
frontières	2139
céder	2139
rigoler	2139
chiottes	2138
interdis	2138
minuscule	2138
extraterrestres	2138
stewart	2138
em	2138
diversion	2138
mentent	2137
volent	2137
trouverais	2136
tourne-toi	2136
tuant	2136
ignores	2135
affecte	2135
béni	2134
pique-nique	2134
concentre	2134
mentionner	2133
entendent	2132
appartiens	2131
ravis	2130
gars-là	2130
injection	2130
otto	2130
hugo	2129
whoo	2129
détecteurs	2129
enregistre	2128
collines	2128
soigné	2128
internationale	2128
romains	2127
compliments	2127
causes	2127
décides	2127
réserves	2127
permettra	2127
souffrances	2126
fantasme	2126
baleine	2125
soutient	2124
kidnapping	2124
juridique	2124
tue-le	2124
cogné	2124
gérant	2124
ressentez	2124
fraternité	2123
spatial	2122
etc.	2122
positive	2122
conséquence	2122
suspecte	2121
let	2121
ruse	2121
embarquer	2121
imaginaire	2120
instruments	2120
torse	2120
puissions	2120
rendez-moi	2119
rusty	2119
cartel	2119
bouges	2119
âgée	2118
risquez	2117
voyagé	2117
baltimore	2116
cody	2116
hans	2116
autel	2115
bénéfices	2115
chanteuse	2115
paient	2115
extraterrestre	2115
engagée	2114
indépendance	2114
eglise	2113
cloches	2113
instants	2113
ow	2112
alias	2112
jurés	2112
vivra	2111
lena	2110
apprenne	2110
cinglée	2110
véhicules	2110
féminine	2109
salles	2109
cyrus	2109
parfaits	2108
profitez	2108
jared	2107
sync	2106
perles	2106
profité	2106
rime	2105
soûl	2105
sida	2105
raconte-moi	2105
futé	2104
littérature	2104
sasha	2103
crises	2103
positions	2103
ski	2102
ellis	2100
piqûre	2100
baissé	2100
ex.	2100
attaquée	2099
reconnaît	2098
acheteur	2097
apparaître	2097
express	2097
prennes	2096
élégant	2096
seau	2096
volume	2096
ajouté	2095
pète	2095
enthousiasme	2095
rendrai	2095
écho	2094
bouleversé	2094
orteils	2094
tournent	2094
robbie	2093
light	2093
devrons	2093
fidèles	2093
attaquent	2092
immigration	2092
they	2092
tanner	2092
accusée	2091
souhaité	2091
saigner	2091
gagnent	2090
fixé	2090
obliger	2090
aérienne	2090
étiquette	2089
coton	2088
navires	2087
alternative	2087
embrassée	2087
révèle	2086
mandy	2086
fletcher	2086
virginia	2085
angelo	2085
perfection	2085
bandits	2085
crayon	2085
écrase	2084
yes	2084
bonbon	2083
bac	2083
regina	2083
paysans	2083
abraham	2083
cookie	2083
mettant	2082
réchauffer	2082
briques	2082
dîne	2081
rentrerai	2081
soi-même	2080
battait	2079
venues	2078
nuire	2077
raj	2077
adresses	2077
conclusions	2076
comporte	2076
hélène	2076
beckett	2076
clôture	2075
mystérieuse	2075
enfuis	2075
ari	2075
intégrité	2075
parages	2075
maddie	2075
cliff	2074
due	2074
tonne	2074
attendez-vous	2074
marvin	2073
shelby	2073
reparlera	2073
penses-y	2073
loser	2073
vendent	2072
investi	2071
danses	2071
chrétien	2071
plumes	2071
évité	2070
soulever	2070
macgyver	2070
reverrai	2070
sapin	2069
enquêtes	2069
chanceuse	2069
terrifiant	2068
épidémie	2068
encourager	2067
ch00ffff	2066
comprenne	2066
cachent	2065
augmenté	2065
défoncer	2065
grenade	2065
wally	2065
mignons	2065
fourgon	2065
enseigné	2064
cardinal	2064
gestion	2064
oubliée	2064
entretenir	2064
keller	2063
arrêtez-le	2063
raccroché	2063
ballet	2063
défends	2063
utilisation	2063
menton	2063
glacé	2062
prudence	2061
hôtels	2061
éditeur	2060
voeu	2060
prévenue	2060
pleines	2059
bla	2059
profs	2059
sacrifié	2058
noyé	2058
dessiné	2058
réacteur	2057
apparition	2057
devenait	2057
mére	2056
assemblée	2056
rangs	2056
luis	2056
connecté	2056
pedro	2056
débris	2055
chang	2055
summer	2055
hyper	2054
gratuite	2054
kane	2054
hangar	2054
rendrait	2052
régiment	2052
buzz	2051
entrainement	2051
flux	2051
noces	2051
bloquer	2050
je-je	2050
arrogant	2049
brûlée	2049
mériter	2049
repasser	2048
racines	2048
sûreté	2048
averti	2048
naze	2048
june	2048
bœuf	2046
plaise	2045
composé	2045
font-ils	2044
nadia	2044
stevie	2043
kara	2043
appartements	2043
sonde	2043
noel	2042
mimi	2042
pdg	2042
burns	2042
bouts	2042
plombs	2041
défauts	2041
saucisses	2041
interdite	2040
convention	2040
condamnation	2040
couvertures	2040
célèbres	2039
saints	2038
testé	2038
soulager	2038
hétéro	2038
impatiente	2038
célibataires	2038
embauché	2037
regardez-vous	2036
mere	2035
distrait	2034
refais	2034
déconnes	2034
déchirer	2033
bush	2032
vase	2032
torche	2031
appelez-vous	2029
fuit	2028
mouillée	2028
largué	2028
supplémentaire	2026
conduisait	2026
poules	2026
coins	2025
superbes	2025
roulant	2025
qualifié	2025
mécanique	2025
outil	2024
accompagné	2023
reins	2022
pantalons	2022
bouleversée	2022
tuerais	2022
vivian	2021
théories	2021
lemon	2020
semblé	2020
donnés	2020
coupure	2020
dog	2019
goûts	2018
craqué	2018
accouchement	2018
contenir	2017
trip	2016
hourra	2016
ouragan	2016
liée	2016
spike	2015
mou	2015
pic	2015
haleine	2015
allongé	2013
matchs	2013
espionner	2013
catégorie	2013
abigail	2013
arrivées	2012
dodo	2012
kay	2012
barreaux	2011
poses	2011
ruban	2011
bâtiments	2009
buffet	2009
gavin	2008
romain	2007
embuscade	2007
mo	2007
musiciens	2007
garantir	2006
três	2006
dégagé	2006
kang	2005
rudy	2005
bougie	2005
valentin	2005
soutiens	2004
débarrassé	2004
magiques	2004
grise	2003
felix	2003
entendus	2003
déprimé	2003
masques	2003
vaccin	2002
drôlement	2001
terrorisme	2001
particules	2001
migraine	2000
ressemblez	2000
val	2000
coude	1999
siens	1999
impliqués	1998
sauvez	1998
sur-le-champ	1997
faisons-le	1997
vilaine	1996
abandonnez	1996
franck	1995
artifice	1994
définition	1994
rico	1993
domestiques	1993
sherlock	1993
isolement	1992
espionne	1992
liv	1992
dynamite	1991
dj	1990
reprises	1990
étouffe	1989
allemande	1989
reprocher	1989
boeuf	1989
country	1988
pizzas	1988
idéale	1988
pardonnez	1987
durera	1987
sylvia	1987
pâtes	1987
aspirine	1986
accidentellement	1986
recommande	1985
soigne	1985
nourrit	1985
chargement	1985
emballe	1984
était-elle	1984
sanctuaire	1984
revenait	1984
merveilles	1984
conspiration	1983
économiser	1983
raccompagner	1982
convenu	1982
richesse	1982
égard	1981
chassé	1981
aident	1980
bilan	1980
adieux	1980
sortiras	1980
architecte	1979
regardez-le	1978
trahis	1978
honteux	1977
mater	1976
price	1976
patrons	1974
femelle	1974
dante	1973
mini	1973
démolir	1973
sportif	1972
dizaines	1972
sexuellement	1972
suivait	1971
pope	1971
fouet	1971
introduit	1970
artère	1970
constitution	1970
gold	1970
accélère	1969
réglo	1969
apocalypse	1969
juive	1968
mercedes	1968
chapelle	1967
jan	1967
versé	1967
provient	1966
arrêtons	1966
merlin	1966
obtenez	1966
boulots	1965
arbitre	1965
lécher	1965
séparé	1965
ciné	1965
affecté	1964
cacahuètes	1964
hésitez	1963
exemplaire	1963
relâche	1963
programmes	1962
certitude	1962
bec	1962
crevettes	1961
jin	1961
perdues	1961
poursuites	1961
hamburger	1960
herbes	1960
transmis	1960
apprennent	1960
décor	1960
parano	1960
maternelle	1960
gai	1960
négociations	1959
antidote	1959
cachait	1959
revoit	1959
clarke	1959
noter	1958
cracher	1958
horizon	1958
emplois	1958
mouchoir	1957
bernie	1956
agressif	1955
modifier	1955
denver	1955
prenez-le	1955
stacy	1955
grandeur	1955
judith	1954
détestait	1954
parvenir	1954
leon	1954
nerf	1953
q	1953
accoucher	1953
data	1953
mètre	1953
éclat	1953
hugh	1952
falaise	1952
affreuse	1952
logement	1952
adresser	1951
croiser	1951
entrées	1950
laurel	1950
explications	1949
comprendrais	1949
ivy	1949
cerveaux	1949
torturé	1949
doris	1948
bridget	1948
nicholas	1948
retrait	1947
back	1946
cassettes	1946
épuisée	1945
ruines	1944
cv	1942
chi	1942
clou	1941
détesté	1941
violeur	1940
brutal	1940
illusions	1939
remplaçant	1939
tremble	1938
existé	1938
nomme	1937
dansé	1937
privés	1937
initiative	1937
argument	1937
scully	1936
croise	1936
sirop	1936
cicatrices	1936
end	1935
sublime	1935
résiste	1934
renonce	1934
économique	1934
conséquent	1933
repart	1933
rochers	1933
ruelle	1932
prions	1931
parade	1931
nain	1931
ballons	1929
élevés	1928
marijuana	1928
evelyn	1928
largement	1927
manquez	1926
rampe	1925
bienvenus	1925
retrouverai	1924
inquiets	1924
patte	1924
nommée	1923
écarter	1922
accélérer	1922
tunnels	1922
sachent	1922
nuque	1922
doubler	1922
diplômé	1922
récent	1921
gala	1921
here	1921
aidés	1921
jefferson	1921
quotidien	1921
préfèrerais	1919
aérien	1919
fortement	1919
nouilles	1919
gravement	1918
trad	1918
lancez	1918
hypocrite	1918
glacée	1917
enterrée	1917
devrions-nous	1916
rassemblement	1916
valet	1916
paysage	1915
mexico	1915
savions	1915
reprenez	1914
cruz	1914
réels	1914
goûte	1914
gâchette	1913
exercices	1913
cure	1912
gémissements	1912
lucky	1911
ramassé	1911
répétez	1911
fosse	1911
décédée	1910
reviendras	1910
lin	1910
rancune	1910
disparaissent	1910
quittée	1910
sang-froid	1909
écoutais	1909
dance	1909
autographe	1909
dépense	1909
hurle	1908
paisible	1908
apollo	1907
dexter	1907
phillip	1906
supplier	1906
milo	1906
donnez-nous	1906
cuisinier	1906
ramènes	1905
weekend	1905
attrapez-le	1905
représentation	1905
wall	1905
séduisant	1905
renseignement	1904
gouttes	1903
haïr	1903
oubliais	1903
coloc	1903
marchez	1902
banlieue	1902
évader	1902
corriger	1901
regards	1901
cuillère	1900
souffler	1900
éclaté	1900
beurk	1900
nombres	1899
carlton	1899
imposteur	1899
sofia	1899
insigne	1898
commencement	1898
visiteur	1898
caserne	1898
callie	1898
lynn	1897
reportage	1897
effraie	1897
délicieuse	1897
cartons	1897
petite-fille	1896
marianne	1896
abrutis	1895
obéis	1895
sophia	1895
discrètement	1895
sympas	1894
province	1894
aidez-nous	1894
mythe	1893
envoies	1892
légale	1892
puisqu	1891
ward	1891
laissez-les	1891
uniformes	1891
sonnette	1890
enfoncer	1890
muet	1889
erik	1889
intéressait	1889
camping	1888
posséder	1888
simone	1888
américaines	1888
yacht	1887
prophète	1887
observé	1887
contexte	1886
obligation	1886
encaisser	1886
perspective	1886
optimiste	1886
moon	1885
mate	1885
tomates	1885
cogner	1885
cynthia	1885
entendait	1884
sadie	1884
milan	1884
consiste	1884
convoi	1884
pelouse	1883
flûte	1883
nicolas	1883
reviendrais	1883
gardait	1882
dentaire	1882
modifié	1882
tequila	1882
liées	1881
épouvantable	1881
dragons	1881
confie	1881
devons-nous	1880
willy	1880
téléphoniques	1880
contenter	1879
rassemble	1879
tracasse	1879
mourrez	1879
pourrir	1878
combattant	1878
fiction	1878
attendiez	1877
jedi	1877
spirituel	1876
organisme	1876
lizzie	1876
indienne	1875
mouton	1875
supplié	1873
suzanne	1873
plaisanter	1873
prés	1873
sente	1872
percy	1872
excès	1872
idole	1871
high	1870
emménagé	1870
orphelinat	1870
perturbé	1870
pois	1870
voudront	1869
compagnies	1869
infecté	1869
partiez	1869
mettrais	1869
susie	1867
croissance	1867
relâché	1867
évanoui	1867
quelquefois	1867
doyen	1867
pearl	1866
échoue	1866
slip	1866
expliquerait	1865
laisse-les	1865
griffes	1865
mesurer	1865
pâques	1864
contacte	1864
gestes	1864
servez-vous	1863
laid	1863
paies	1863
avancée	1863
continent	1863
nucléaires	1863
amuses	1862
mènera	1862
hait	1861
amateurs	1861
pâte	1860
horaires	1860
énigme	1860
est-ce-que	1859
localisé	1859
grognements	1858
poèmes	1858
josé	1858
bouquet	1858
bijou	1858
tournez-vous	1857
majeur	1857
soutenu	1856
cellulaire	1856
yale	1856
men	1856
bassin	1856
bonnet	1856
psychologie	1855
touchant	1855
courent	1855
demanderais	1855
secouer	1855
peurs	1854
compréhension	1854
plaintes	1854
nsa	1854
di	1854
mènent	1853
tatouages	1853
aiguilles	1853
paniquer	1852
sages	1852
clairs	1852
milliard	1852
donnais	1852
joyce	1852
répété	1851
aimaient	1851
pleuvoir	1850
semestre	1850
becca	1850
arrivons	1849
jaunes	1849
discrétion	1849
cognac	1847
étonné	1847
racine	1847
jurer	1847
débiles	1847
violente	1847
gabe	1847
restaurants	1847
piloter	1846
médium	1846
intimes	1845
post	1845
soulagé	1845
bunker	1844
capsule	1844
éponge	1843
luther	1843
classes	1843
rétablir	1842
comprendras	1841
blues	1841
nommer	1841
efface	1841
lavage	1841
vicki	1841
hi	1840
préparent	1840
mâchoire	1840
percer	1840
poster	1839
robinson	1839
malik	1839
curé	1839
adrénaline	1838
ironique	1838
avatar	1838
tournant	1837
plonge	1837
prostituées	1837
essayent	1836
viser	1836
isabel	1834
sécher	1834
vortex	1834
conseillé	1833
parlaient	1833
thon	1832
cruelle	1832
menacée	1832
choqué	1830
tirée	1829
fais-toi	1829
continuera	1829
goûté	1829
maléfique	1829
side	1829
ouf	1829
toutefois	1828
égale	1828
localisation	1828
garrett	1828
suffisait	1827
reproduire	1826
sports	1826
rhum	1826
marshal	1825
débarqué	1825
wesley	1825
buvait	1825
apparences	1825
sers-toi	1824
loup-garou	1823
après-demain	1823
servait	1822
cheryl	1822
chrétiens	1822
potter	1821
merdier	1821
brady	1820
gilbert	1820
refusent	1819
mord	1819
nouvelle-orléans	1819
réduction	1818
distribution	1818
provisions	1817
weaver	1816
proprio	1816
plongée	1816
meurtrière	1815
vendez	1814
ignorait	1814
pr	1814
sdf	1814
porcs	1813
doive	1813
deuxièmement	1812
anomalie	1812
alexis	1812
fitz	1812
carbone	1811
dit-il	1811
fi	1811
clinton	1810
indic	1810
chelsea	1810
shepherd	1809
distances	1809
einstein	1809
boys	1809
barb	1809
visible	1808
prévue	1808
ava	1808
fidélité	1808
perde	1808
sérieuses	1807
salir	1806
zoé	1806
gail	1805
réconfort	1805
réagit	1805
croyant	1804
politiciens	1803
satisfaction	1803
foutent	1803
signale	1803
autorisée	1802
connais-tu	1802
hôtesse	1802
remettra	1802
triomphe	1802
chargez	1801
acquis	1800
soupire	1800
butin	1800
concurrence	1799
trait	1799
atlanta	1798
informateur	1798
signification	1798
fait-elle	1798
horaire	1797
dépit	1797
vanter	1797
from	1797
assurances	1796
chiot	1796
spa	1796
coque	1796
burton	1795
déguisé	1795
garé	1794
aimant	1794
producteurs	1794
indiquer	1794
diffusé	1793
étrangères	1793
news	1793
pentagone	1792
protecteur	1792
ninja	1792
forteresse	1791
brisée	1791
précision	1791
prononce	1790
conquérir	1790
parlerons	1790
mourras	1789
tabasser	1789
bénéfice	1789
conception	1789
more	1789
livreur	1787
entendais	1786
recommandé	1785
plaisait	1785
défunt	1785
larguer	1785
potion	1784
parcouru	1784
baxter	1784
rassurer	1783
cuisses	1783
gelé	1783
couverts	1783
affirme	1782
toxique	1782
hilarant	1782
barres	1782
montes	1782
librement	1782
invente	1781
vieillard	1781
allées	1781
coupes	1780
brun	1780
suivis	1780
entrant	1780
emballer	1780
approuve	1779
grouille	1779
addison	1778
american	1777
demandez-lui	1777
sanchez	1777
occupent	1776
mails	1776
débarque	1776
nasa	1776
souvienne	1775
infini	1775
ramenée	1775
bouchée	1775
condamner	1774
commode	1774
tammy	1774
vérification	1773
e-mails	1773
crystal	1773
make	1773
chauffage	1773
adores	1773
merdeux	1773
couvent	1773
réservation	1773
survivant	1772
documentaire	1771
diffusion	1771
cross	1771
greffe	1771
whitney	1771
disparais	1771
conserver	1771
réfugiés	1770
exagéré	1770
nœud	1770
hormones	1770
hm	1769
fiancés	1769
porteur	1769
prends-en	1768
lâche-le	1768
craignais	1768
relié	1767
droguée	1767
humilier	1767
carlo	1767
applique	1766
infiltré	1766
ouaip	1765
condamnés	1765
patricia	1765
ià	1765
won	1764
reconnue	1764
puces	1764
f.b.i.	1764
bourrée	1764
individus	1764
péril	1763
semer	1763
impatience	1763
remonté	1763
laisseront	1762
bisous	1762
alexandre	1762
espionnage	1761
géante	1761
suggérer	1760
calmement	1760
acceptes	1760
biscuit	1759
heurté	1759
chapeaux	1759
appuyez	1759
prendrez	1758
phrases	1758
britanniques	1758
jai	1758
aviez-vous	1758
canyon	1756
lori	1756
loterie	1756
miettes	1756
pièges	1755
gates	1755
violents	1755
toux	1754
portland	1754
par-là	1754
finch	1754
jasper	1754
aimera	1753
take	1753
majeure	1753
recul	1753
dirigeants	1752
immédiat	1751
archie	1751
olive	1751
vents	1751
stu	1750
trêve	1750
hérité	1750
visa	1749
tate	1749
têtu	1749
griller	1748
lignée	1747
défaire	1747
épave	1746
italiens	1746
indispensable	1746
meurtriers	1746
fréquente	1746
mômes	1745
brûlures	1745
municipal	1745
améliore	1745
rich	1744
petits-enfants	1744
cote	1744
étapes	1744
application	1744
générosité	1744
reçus	1743
soumettre	1743
déception	1743
führer	1743
séminaire	1743
libérée	1742
baisers	1741
défier	1741
briggs	1740
principalement	1740
amelia	1740
redevable	1740
sherman	1739
nourri	1739
enverra	1738
ordi	1738
sal	1738
meute	1737
regardée	1737
yens	1737
colorado	1737
aillent	1736
dite	1736
partais	1736
patienter	1736
coq	1735
œuvres	1735
secondaires	1735
minou	1735
dates	1734
debra	1734
emmerder	1734
salopes	1734
pouces	1734
créée	1734
anéantir	1734
rentrait	1733
fourrure	1733
demandera	1733
fût	1732
dong	1732
mule	1731
fourmis	1731
how	1731
terrasse	1730
chorale	1730
occasions	1730
cavalerie	1730
menthe	1729
préfet	1729
climat	1729
installation	1729
verser	1729
holt	1728
stressé	1728
solutions	1727
secte	1727
détectives	1726
bradley	1725
foncé	1725
corrompu	1725
frappes	1725
insecte	1725
capture	1725
extrait	1724
lacey	1724
prêtres	1724
bates	1724
sentence	1723
généreuse	1723
religieuse	1723
dealers	1723
matos	1722
supposer	1722
attrapez	1721
compagnons	1720
employée	1720
faisons-nous	1719
new-york	1719
appelles-tu	1719
reproche	1719
connasse	1719
scoop	1718
boucler	1718
bella	1717
sinistre	1717
pauvreté	1717
harriet	1717
plaider	1717
shannon	1717
épais	1716
bourbon	1716
obligations	1716
mortels	1716
gangster	1716
tait	1716
paquets	1715
cuisinière	1714
habites	1714
poings	1714
bien-être	1714
appliquer	1714
ignorent	1714
commencera	1713
brèche	1713
chaton	1713
embarque	1713
say	1713
préférable	1713
bandit	1712
wong	1712
marks	1712
musulmans	1712
là-dessous	1712
clowns	1712
harmonie	1711
désintox	1711
laisserait	1711
franchi	1711
insister	1710
héro	1710
tuez-le	1710
hostile	1710
trempé	1708
woody	1708
tete	1708
réalisez	1708
décroché	1708
craignez	1708
intermédiaire	1707
prophétie	1707
activé	1706
utilité	1706
tremblement	1706
habitait	1706
utilisés	1705
cite	1705
placée	1704
ally	1704
hallucinations	1704
saul	1704
culs	1703
pancakes	1703
filez	1703
immatriculation	1703
entres	1703
excitation	1702
allumettes	1701
décollage	1701
valley	1701
embauche	1701
asie	1700
sourcils	1700
close	1700
dot	1700
montréal	1700
amical	1700
quarante	1699
prendront	1699
vicky	1699
avances	1699
froc	1698
berceau	1697
mesdemoiselles	1697
presser	1697
moquez	1696
powell	1696
gregory	1696
glen	1696
chalet	1696
heart	1695
quoiqu'	1695
provenant	1694
danielle	1694
apprenez	1694
bert	1694
martini	1694
occupez	1693
remettez	1693
envoler	1693
k.	1693
confesser	1693
francine	1693
vaughn	1692
endommagé	1692
harceler	1692
physiques	1692
napoléon	1691
cohen	1691
z	1691
parlions	1690
motivation	1690
révélation	1690
tentant	1690
roland	1689
indépendant	1689
prétends	1689
ernie	1688
communistes	1688
serveurs	1688
piraté	1687
danseur	1687
servante	1687
jadis	1687
centimètres	1687
reposez-vous	1687
rôti	1686
anormal	1686
sentiras	1686
gages	1685
insultes	1685
émissions	1685
couverte	1685
écartez-vous	1685
désespérément	1685
malins	1684
discussions	1684
wang	1684
introduire	1684
tue-moi	1684
étendre	1684
glaçons	1683
mettrait	1682
crawford	1682
volontairement	1682
emballé	1682
électriques	1681
gotham	1681
pleurait	1681
inscription	1681
faisiez-vous	1681
pitoyable	1681
évènement	1681
muscle	1680
rendus	1680
répugnant	1680
beignets	1679
secrètes	1679
programmé	1678
montgomery	1678
party	1678
enfreint	1678
connaissaient	1677
illégale	1677
flou	1676
24h	1675
irlande	1675
crédible	1675
bd	1675
esclavage	1674
preniez	1674
cire	1674
yep	1674
coupures	1674
zero	1673
gamme	1673
crue	1673
salutations	1673
détient	1672
anonymes	1672
écharpe	1672
lier	1671
centime	1671
brune	1671
finiras	1670
jours-ci	1669
noeud	1669
librairie	1669
humiliation	1669
enfermés	1668
rigolo	1667
banks	1667
aveugles	1667
venise	1667
foin	1667
respectable	1667
bouddha	1666
soviétique	1665
écoutent	1665
mépris	1665
peterson	1665
récente	1664
absolue	1664
bulletin	1664
gideon	1664
avale	1664
croyons	1664
lionel	1663
identiques	1663
roche	1663
culte	1663
emmène-moi	1663
endurer	1662
souhaits	1661
intrusion	1661
goa'	1661
ahh	1661
rejeter	1660
prisonnière	1660
arrangera	1660
mentor	1659
terrifié	1659
nobles	1659
évier	1658
county	1658
helena	1658
sensibles	1657
daniels	1657
similaire	1657
vivres	1657
mills	1657
communiqué	1657
dures	1657
ouvrier	1657
tenant	1656
occupait	1656
onde	1656
exclu	1656
moulin	1655
gagnera	1655
herr	1655
tiens-moi	1655
prendras	1655
sonia	1654
semblables	1654
fugitif	1654
chantait	1654
douzaines	1654
millie	1654
dérangerait	1654
indiqué	1653
décolle	1653
plier	1652
raisin	1650
semblable	1650
massacrer	1650
reconstruire	1649
stp	1649
passeports	1649
habituelle	1649
surveillé	1649
gèle	1648
vicieux	1648
citer	1648
trish	1648
lard	1648
sidney	1647
ordinaires	1647
suffire	1647
inquiétais	1646
brien	1646
opposition	1645
banquier	1645
brendan	1645
consoler	1645
amènes	1644
évaluer	1644
achèterai	1644
brooks	1644
springfield	1644
approché	1643
frappez	1643
sherry	1642
sniper	1642
vega	1642
impulsion	1642
procurer	1641
fanny	1641
marée	1641
joshua	1639
cliché	1639
tranche	1639
valoir	1638
opinions	1638
tout-puissant	1638
barbie	1637
mack	1636
moelle	1635
filme	1635
évènements	1635
nourris	1635
traque	1634
rush	1633
allié	1633
câbles	1633
never	1633
oeuvres	1632
dinozzo	1632
shh	1632
samouraï	1632
arrêterai	1631
asiatique	1631
chantent	1631
volées	1631
rasé	1630
craque	1630
tendue	1630
horreurs	1630
maudits	1630
comble	1630
abusé	1629
aborder	1629
inacceptable	1629
courtoisie	1628
arabes	1628
écureuil	1628
réparation	1627
rentrent	1627
supposons	1627
queens	1626
scie	1626
repère	1626
embaucher	1625
sympathie	1625
sacrés	1625
sutton	1625
atomique	1624
fumes	1624
bataillon	1624
achètes	1623
lesbiennes	1623
oups	1623
briquet	1623
timmy	1623
kenneth	1622
piégée	1622
repars	1621
japonaise	1621
old	1621
ramènera	1621
explosif	1621
esther	1620
blog	1620
ouh	1620
complices	1620
maligne	1620
traîtres	1620
mi-temps	1619
changerait	1618
quentin	1618
p'	1618
gibson	1618
centre-ville	1618
achever	1617
parapluie	1617
verrait	1617
disposer	1617
sérum	1617
reviendront	1616
priez	1616
triche	1616
financière	1616
franchise	1615
suce	1615
contrariée	1615
devenez	1614
nazi	1614
soupçonne	1614
portera	1613
teint	1613
rattrape	1612
remarques	1612
écrits	1612
hanches	1611
béguin	1611
vivaient	1611
bulle	1611
tiennes	1611
extraire	1611
a2	1610
jouir	1610
burger	1610
chantez	1609
cordon	1609
aurais-tu	1609
brûlant	1609
poumon	1609
tailleur	1608
abandonnes	1608
égouts	1608
intrigue	1607
impoli	1607
télécommande	1607
épargne	1606
nie	1605
tubes	1605
faisions	1605
approuvé	1605
confiture	1604
présentes	1604
pom-pom	1604
géré	1604
équitable	1604
spatiale	1604
ficelles	1604
tracer	1604
saumon	1603
jade	1603
séances	1602
exercer	1601
hyde	1601
inventaire	1600
distribuer	1600
dîné	1600
inattendu	1600
briller	1600
affirmatif	1599
janice	1599
verrouillé	1599
convenable	1599
empêchera	1598
orgueil	1597
mangeons	1597
cigares	1597
jeep	1597
immeubles	1596
artillerie	1596
attraction	1596
gymnase	1596
mondial	1595
trainer	1595
permanente	1595
franche	1594
amendement	1594
disparues	1594
garderai	1594
maladroit	1594
salive	1593
kat	1593
simmons	1593
allumée	1593
cuivre	1592
peigne	1592
hughes	1592
espérait	1592
plombier	1591
cherchiez	1591
piles	1591
passionnant	1590
baigner	1590
villageois	1590
ralenti	1589
investisseurs	1589
comprenais	1589
celles-ci	1588
solides	1588
ouvrent	1588
bulles	1588
eleanor	1587
soutien-gorge	1587
gonzesse	1587
song	1586
marquis	1586
drone	1585
détourner	1585
non.	1585
ugh	1584
duchesse	1584
choi	1584
sirènes	1584
cargo	1584
bancaire	1583
clin	1583
fuyez	1583
interrompu	1583
triché	1582
batailles	1582
barré	1581
limité	1581
torres	1581
vestiaire	1581
précaution	1581
graine	1581
disponibles	1580
emmènerai	1580
participe	1580
sdi	1580
ail	1580
jr	1580
associée	1580
prononcé	1580
session	1579
contribution	1579
chauffe	1578
baissez-vous	1578
itinéraire	1578
plongé	1578
maniaque	1578
marcherait	1578
gardons	1578
monty	1577
dirigent	1577
basée	1577
soumis	1576
q2	1576
millier	1576
objectifs	1575
étrangler	1575
voudraient	1574
studios	1574
souviendrai	1574
distraction	1574
exploiter	1574
chauds	1573
espéré	1573
spécifique	1573
libérez	1572
disputes	1572
p.	1572
pratiquer	1572
fâche	1572
dom	1572
répandre	1571
fondu	1571
lires	1571
devise	1571
manifeste	1571
design	1570
approchent	1570
soulève	1570
pâté	1570
humilié	1570
javier	1570
fais-lui	1570
informe	1570
pagaille	1569
virage	1569
admirer	1569
yankees	1569
moutarde	1569
métaphore	1569
bridge	1569
bâtir	1568
jardinier	1568
méfier	1568
donnie	1568
pavillon	1568
she	1568
woo	1567
dévoué	1567
cafétéria	1567
globe	1566
éloignez-vous	1566
pubs	1566
débuts	1565
lente	1565
arche	1565
émotionnel	1565
deja	1565
passionné	1565
remplit	1565
tricher	1564
éclairer	1564
é	1564
déclarations	1564
raccourci	1563
chemises	1563
module	1563
fourchette	1563
aidait	1563
contrôles	1562
restiez	1562
mexicains	1562
jenkins	1562
clous	1562
tango	1561
contes	1561
douces	1561
consciente	1561
transition	1561
ignorance	1561
poisse	1561
avéré	1560
mangeait	1560
branches	1560
cogne	1560
irresponsable	1559
madrid	1559
ambitieux	1559
morsure	1559
ding	1558
sainteté	1558
pigeons	1558
creusé	1558
italienne	1558
sermon	1557
diplômes	1557
alaska	1556
trent	1556
grèce	1556
arriverez	1556
intéressantes	1556
yu	1556
fatigués	1555
révolutionnaire	1555
loue	1555
avertis	1555
prends-moi	1555
parle-lui	1555
hospitalité	1555
coût	1554
melinda	1554
faveurs	1554
références	1554
faucon	1554
detroit	1554
fibres	1554
normales	1553
poignarder	1553
appuyé	1553
barrer	1553
traditions	1553
rangé	1553
emmerdes	1552
utérus	1552
rails	1552
prévenez	1552
vexer	1552
maitre	1551
propriétés	1551
chaudes	1551
croyable	1551
laissais	1550
voleuse	1550
cerf	1550
marion	1550
contrebande	1550
astronaute	1549
poussent	1549
parasite	1549
impose	1549
dôme	1549
sentirais	1549
paresseux	1548
enculés	1548
unir	1548
garée	1548
prétendu	1548
mettais	1548
pratt	1548
frérot	1547
classée	1547
pareilles	1547
vendait	1547
probleme	1546
identique	1546
tarés	1546
ignoré	1546
baskets	1546
prends-la	1545
flèches	1545
statistiques	1545
musical	1545
porte-bonheur	1544
consultation	1544
invincible	1544
bouc	1544
greene	1544
freins	1544
limonade	1543
baisse-toi	1543
aire	1543
feriez-vous	1543
citation	1543
darren	1542
suture	1542
perdra	1542
gênée	1541
mélanger	1541
résumé	1541
thèse	1541
farine	1541
frankenstein	1540
enfonce	1540
absente	1540
wolf	1540
perle	1539
enseignement	1539
r.	1539
magnétique	1539
tenez-moi	1539
chantes	1539
naïf	1539
bavarder	1538
sorcellerie	1538
envoi	1538
absolu	1538
dansez	1538
assiettes	1538
hawaï	1537
intéressés	1536
notion	1536
mannequins	1536
labyrinthe	1536
scout	1536
fouillez	1536
boivent	1536
battez	1535
irm	1535
f.	1534
contourner	1534
lecteur	1533
bâti	1533
coûtera	1533
kai	1533
amène-toi	1533
retirez	1533
entrevue	1532
mourront	1532
reviendrait	1532
appui	1532
boxeur	1532
reflet	1531
consentement	1531
promise	1531
falls	1531
vingtaine	1530
rabbin	1530
bio	1529
dément	1529
découper	1529
permanent	1529
terrestre	1529
criant	1529
lucifer	1528
phare	1528
habituée	1528
candidature	1528
onu	1528
bloquée	1528
principaux	1528
voulant	1528
financiers	1527
moe	1527
généraux	1527
etje	1527
ra	1527
mollo	1526
léon	1526
homard	1526
terminale	1526
supposés	1525
évanouie	1525
hopital	1525
toubib	1525
baguette	1525
initiales	1524
lilly	1524
trésors	1524
poney	1524
concerts	1523
bien-aimée	1523
file-moi	1522
malchance	1522
négro	1522
jeannie	1522
confiant	1521
ampoule	1521
drague	1521
éteignez	1520
neill	1520
parachute	1520
cafés	1520
psychologue	1520
rafraîchir	1519
prétentieux	1519
wu	1518
stups	1518
armstrong	1518
gardée	1518
obligatoire	1518
persuader	1517
grade	1517
réactions	1517
effondre	1517
punie	1517
buté	1516
enregistrée	1516
gorille	1516
bourreau	1516
atteinte	1516
sas	1515
neutre	1514
septième	1514
sifflet	1514
abandon	1514
défend	1514
déguisement	1513
hammond	1513
uh-huh	1513
north	1513
edwards	1513
walsh	1512
cinglés	1512
dormant	1512
cadet	1512
roosevelt	1512
coffre-fort	1511
experte	1511
doublé	1511
approbation	1511
preston	1511
google	1511
mystères	1511
contrôlé	1511
cocktails	1510
michigan	1510
sloan	1510
félicite	1510
présidence	1510
prévenus	1509
nègres	1507
people	1507
holden	1507
détonateur	1506
veau	1506
châtiment	1506
arriveront	1506
bad	1506
détruits	1505
c.m.c.	1505
voyageur	1504
resteras	1504
promu	1504
publics	1504
adolescent	1504
étendue	1504
évanouir	1504
apprête	1503
punis	1503
coutume	1503
obstacles	1503
pressés	1503
impressionnée	1503
capote	1502
porterai	1502
polonais	1502
cruauté	1502
arguments	1501
conduits	1501
banal	1500
appellerais	1500
creux	1499
peuvent-ils	1499
morveux	1499
envoye	1499
sieur	1499
pamela	1499
mélodie	1498
négociation	1498
egypte	1498
consultant	1498
surf	1498
wagon	1497
imprévisible	1497
embarqué	1497
montana	1497
assieds	1497
ketchup	1497
comprennes	1496
iv	1496
vétérinaire	1496
ramon	1496
trouvez-vous	1496
probation	1496
cheveu	1495
fréquenter	1495
coudes	1495
plaisirs	1495
légendaire	1495
ceux-ci	1494
franco	1494
gènes	1494
correcte	1494
tartes	1494
déprimant	1493
revenant	1493
marta	1493
traitez	1493
gardner	1492
fermées	1492
4x4	1492
dewey	1492
warner	1492
correspondant	1491
immobile	1491
arrêtais	1491
critiquer	1490
live	1490
interdiction	1490
rentrais	1490
coéquipier	1490
elderman	1490
combattants	1490
douté	1489
vermine	1489
ôter	1489
orphelins	1488
ennemie	1488
pissé	1488
romans	1488
médocs	1487
privées	1487
abandonnés	1487
tuées	1486
mécanisme	1486
reprenons	1486
martiale	1486
fondé	1486
retournerai	1485
darryl	1485
julien	1485
dirigeant	1485
antibiotiques	1485
sandwiches	1485
construite	1485
batteur	1484
rigolez	1484
universitaire	1484
paru	1484
mers	1484
marchant	1483
palm	1483
clayton	1483
visité	1482
ronald	1482
enthousiaste	1482
financer	1482
jouera	1481
sandwichs	1481
bâtards	1481
devint	1481
encourage	1480
over	1480
blond	1479
sécurisée	1479
reproduira	1479
masculin	1479
insensible	1478
ty	1478
isoler	1478
bree	1478
laine	1478
analysé	1478
seigneurs	1478
exagères	1477
trouverait	1477
tanya	1477
entrons	1477
anita	1476
sourde	1476
réussis	1476
tombera	1476
équipier	1476
transaction	1475
gratuits	1475
mindy	1475
stellaire	1475
suspension	1475
détour	1475
opère	1474
entendra	1474
manifestation	1474
saurons	1474
champions	1473
épousée	1473
palace	1473
diriez	1473
spectaculaire	1473
céleste	1472
infirmier	1472
saignement	1472
pensez-y	1471
bien-aimé	1471
accomplie	1471
réclamer	1471
pieu	1471
schéma	1470
traduire	1470
opposer	1470
indigne	1470
lorelai	1469
tapette	1469
accusés	1468
fuck	1468
amenés	1468
inoffensif	1468
élan	1468
effondrer	1468
rousse	1467
manches	1467
tentation	1467
fatal	1466
seize	1466
visez	1466
pédale	1466
recommencé	1466
gratte	1466
hamburgers	1465
profits	1465
zoey	1465
donne-nous	1464
devon	1464
inculper	1464
mouchard	1463
nikita	1463
prostitution	1463
strictement	1463
stephanie	1463
dark	1463
explique-moi	1463
prédit	1463
humiliant	1462
gène	1462
jacuzzi	1462
impeccable	1461
rejette	1461
préfèrent	1461
habille-toi	1461
lila	1460
rangers	1460
cerise	1460
cha	1460
orphelin	1460
entrepreneur	1460
v.	1460
interprète	1459
pakistan	1459
athlète	1459
relier	1458
occupation	1458
panneaux	1458
indépendante	1458
industries	1458
crabe	1458
ridicules	1458
short	1458
sugar	1458
vitamines	1457
pennsylvanie	1457
henderson	1456
précautions	1456
renvoyée	1456
choses-là	1456
lie	1456
caoutchouc	1456
injustice	1455
indiana	1455
ezra	1455
jérusalem	1455
lueur	1455
étonnes	1455
stagiaire	1455
triangle	1454
orientation	1454
peintures	1453
canards	1453
raconterai	1452
placés	1452
remuer	1452
stephens	1451
épisodes	1451
apprécierais	1451
provisoire	1451
conduisez	1451
couchée	1450
retarder	1450
general	1449
maintient	1449
pauline	1449
dénoncé	1449
immortel	1448
déroule	1448
elsa	1448
dangereuses	1448
savais-tu	1448
accords	1447
frotter	1447
gerald	1447
résolution	1447
affiches	1447
abe	1447
institution	1447
fatale	1446
détacher	1446
baises	1446
rive	1446
montrera	1446
duo	1445
mauviette	1445
sterling	1445
prendrons	1445
compréhensible	1445
auteurs	1444
sierra	1444
prétendant	1444
hayley	1443
pêcheur	1443
malaise	1443
cavale	1442
georgie	1442
participation	1442
géniaux	1441
gratter	1441
saisie	1441
pologne	1441
concentrez-vous	1441
moines	1441
nécessairement	1441
touchés	1441
garde-le	1440
creek	1440
talentueux	1440
louie	1440
collaboration	1439
origines	1439
satané	1439
lourds	1439
cafard	1439
géants	1439
exagère	1439
parlement	1438
comprendrez	1438
bougent	1438
pots	1437
envisage	1437
croie	1437
amusante	1436
nash	1436
conserve	1435
méprise	1435
plasma	1435
récit	1435
déplacement	1435
ivresse	1435
réserver	1435
tribus	1434
obscur	1434
cultures	1434
voudrions	1434
elisabeth	1434
jarod	1434
vitrine	1434
tomate	1433
donnons	1433
cassidy	1433
rebours	1432
payait	1431
bruyant	1431
prenez-vous	1431
pourris	1431
bouffon	1431
affamés	1431
wheeler	1431
hui	1431
nocturne	1431
5ème	1431
protégez	1430
trembler	1430
relaxe	1429
courtney	1429
affirmer	1428
complications	1428
paranoïaque	1428
franz	1428
nécessité	1428
carottes	1428
habitez	1428
navigation	1427
seringue	1427
épargné	1427
manquera	1427
fermiers	1427
cho	1427
tirés	1426
biologie	1426
gagnants	1425
millionnaire	1425
iran	1425
patate	1425
décidez	1424
edie	1424
tessa	1424
gêner	1424
trompés	1424
intéressants	1423
dortoir	1423
marketing	1423
roberto	1422
enterre	1422
protégés	1422
émeute	1422
pros	1422
gueules	1422
box	1422
acceptera	1422
souffrent	1422
apprendrai	1421
volcan	1421
mentait	1421
tireurs	1421
sélection	1421
poussin	1421
marissa	1421
préoccupé	1420
squelette	1420
profondes	1420
rouleau	1420
ducon	1420
achats	1420
faith	1419
détecté	1419
menteurs	1419
brique	1419
recommandation	1419
désirez-vous	1419
dope	1418
inclus	1418
délires	1418
acceptée	1418
vieillir	1418
secrètement	1418
clarence	1417
pourrait-on	1417
shelly	1417
usines	1417
malle	1417
peluche	1417
aimez-vous	1417
employeur	1416
pouvant	1416
recherchent	1416
différences	1415
suivra	1415
kramer	1415
vance	1413
martiaux	1413
transcript	1413
désaccord	1413
bronze	1413
interprétation	1413
montre-lui	1412
écrivait	1411
crichton	1411
évêque	1411
écoulé	1410
visé	1409
bâtons	1409
l.	1409
entendez-vous	1409
quitterai	1408
bananes	1408
chimio	1408
hanche	1408
pourrions-nous	1408
trouvez-moi	1408
consacrer	1408
andouille	1408
intact	1408
grands-parents	1408
centres	1407
parceque	1407
finirai	1407
chocolats	1407
contactez	1407
procédé	1407
divers	1406
agité	1406
tournait	1406
lancée	1406
gaspiller	1406
exprime	1406
abdomen	1406
montent	1406
traitent	1406
souhaites	1405
noyau	1405
anneaux	1405
déshabiller	1405
admirable	1405
révolte	1404
pleinement	1404
couvre-feu	1404
finissez	1404
vendus	1404
parcourir	1403
examine	1403
célébrités	1403
couloirs	1403
dalton	1403
villages	1403
annonces	1403
électeurs	1403
dã	1402
hale	1402
effondré	1402
paralysé	1401
caleçon	1401
traités	1401
représentent	1401
kilo	1401
resterez	1400
taxes	1400
klaxon	1400
opératoire	1400
trousses	1400
solde	1399
séries	1399
touchent	1399
punch	1399
avortement	1399
chip	1399
dani	1399
sinclair	1398
acceptable	1398
amsterdam	1398
satellites	1398
faculté	1397
ragots	1397
don'	1396
pôle	1396
expulser	1396
sceau	1396
battant	1396
réseaux	1396
voyageurs	1396
ignoble	1395
offerte	1395
délibérément	1395
pop-corn	1395
croyances	1394
flatté	1394
game	1394
amer	1394
insulté	1393
worf	1393
finance	1393
adolescents	1393
paré	1393
clientèle	1393
tracé	1393
marrante	1393
transports	1393
talon	1392
voyiez	1392
bouchon	1392
off	1392
influencer	1392
locales	1392
coréen	1392
symboles	1391
survivra	1391
registres	1391
wc	1391
attentes	1391
affecter	1390
fournisseur	1390
theo	1390
convaincant	1390
remercions	1389
traitements	1389
rajouter	1388
lourdes	1388
activer	1388
néant	1388
souvenu	1387
ferais-tu	1387
complétement	1387
spectateurs	1387
condamne	1387
abeille	1387
embarras	1387
prisons	1386
pratiques	1386
mara	1386
nevada	1385
lézard	1385
wright	1385
poivre	1385
infiltrer	1385
lèche	1384
voiles	1384
hautes	1384
tombez	1383
cest	1383
déjeune	1383
criez	1383
santiago	1383
déclenche	1382
négative	1382
mourrais	1381
classé	1381
stéroïdes	1381
immédiate	1381
agences	1381
emparer	1381
lopez	1380
faites-les	1380
bougez-vous	1380
concurrents	1380
ennuyeuse	1379
lointain	1379
massive	1379
louper	1379
risquent	1379
repoussé	1379
criait	1379
forcés	1378
répondent	1378
kidnapper	1378
bryan	1378
envahi	1378
dominer	1377
serve	1377
anxiété	1377
sex	1376
flirter	1376
encontre	1376
achètent	1376
oswald	1376
armement	1376
regarde-la	1375
gonflé	1374
enquêteur	1374
ling	1374
trompait	1374
connecter	1374
secoué	1374
patterson	1373
mccoy	1373
maureen	1373
orgasme	1373
seriez-vous	1373
russ	1373
kung-fu	1372
tirera	1372
transformation	1371
décoration	1371
dévoiler	1371
teste	1371
town	1371
vip	1371
tornade	1370
etant	1370
lisais	1370
sains	1370
congés	1370
karaté	1370
frost	1370
regretteras	1370
state	1369
légendes	1368
chopé	1368
camper	1368
autobus	1368
considération	1368
apporte-moi	1368
sexualité	1367
retardé	1367
rébellion	1367
blouse	1367
serviteurs	1367
orteil	1366
jettes	1366
piégés	1366
fossé	1365
opéré	1365
régulier	1365
incapables	1364
hystérique	1364
comparaison	1364
sabrina	1364
bi	1364
ji	1364
évolué	1364
circuits	1364
sky	1363
oppose	1363
posté	1363
ragoût	1363
sentimental	1363
paumé	1363
téléportation	1362
terminal	1362
paysan	1362
juliet	1362
romance	1362
lorenzo	1362
coulisses	1362
coupés	1362
culottes	1361
dizaine	1361
débuté	1361
aiden	1361
teal'	1360
terrifiée	1360
katrina	1360
faciliter	1360
renforcer	1360
x.	1360
prévoit	1359
omelette	1359
priorités	1359
fran	1359
imiter	1359
convoqué	1358
stanford	1358
déjeuné	1358
envahir	1357
marathon	1357
cahier	1357
baleines	1357
messire	1357
éclats	1357
brillants	1357
support	1357
présentée	1356
toutou	1356
twitter	1356
florrick	1356
poignard	1356
paires	1356
agitation	1355
réparations	1355
vitres	1355
bousillé	1355
dangers	1355
impuissant	1355
escalade	1355
sans-abri	1354
classiques	1354
promène	1354
constante	1354
arc-en-ciel	1354
dites-le-moi	1354
mineure	1354
dirigeait	1354
jonah	1354
quittés	1354
auxquelles	1354
juridiction	1353
engagés	1353
cary	1353
implication	1353
virginité	1353
golden	1353
compagne	1352
tenues	1352
séché	1352
nixon	1352
bute	1351
cherchaient	1351
étagère	1351
gun	1351
tiffany	1351
assume	1351
hassan	1351
pc	1350
ohé	1350
sait-on	1350
geoffrey	1350
luc	1349
crêpes	1349
poteau	1349
agissez	1348
projection	1348
ç'	1348
benson	1348
la-bas	1348
concerné	1347
étincelle	1347
annulée	1347
fantasmes	1347
supporté	1347
cherchée	1347
bunny	1347
6e	1347
smoking	1347
signifiait	1346
blocs	1346
réservée	1346
embrasses	1345
cowboy	1345
pick-up	1345
médicales	1345
scorpion	1345
treize	1344
grandis	1344
mêlée	1343
procédures	1343
volait	1343
tuteur	1342
apportera	1342
courts	1342
compteur	1342
verse	1342
gorgée	1341
gel	1341
penserai	1341
lise	1340
delà	1340
brent	1340
amusée	1340
fritz	1340
notez	1340
melanie	1340
allons-nous-en	1340
extinction	1340
atlantic	1339
annuaire	1339
ghetto	1339
edith	1339
soulagée	1339
exil	1339
silencieuse	1338
trouve-moi	1338
rompez	1338
parasites	1338
purement	1338
vitaux	1338
sensibilité	1338
lampes	1338
compromettre	1338
pirater	1338
tribord	1337
ascension	1337
axe	1337
faites-la	1336
pensera	1336
drive	1335
jude	1335
ariel	1335
débordé	1334
vanille	1334
croirais	1334
andre	1334
roll	1333
lumineux	1333
chester	1333
attendaient	1332
chères	1332
animé	1332
boulettes	1332
jeans	1331
ressentais	1331
julio	1331
lances	1331
infraction	1331
rupert	1331
minables	1331
majordome	1331
réconforter	1330
condamnée	1330
moniteur	1330
vocation	1330
gigantesque	1330
banquet	1330
mallory	1329
payent	1329
allusion	1329
retenez	1329
défie	1329
brothers	1329
sortez-le	1328
chantant	1328
audacieux	1328
arrestations	1327
marrer	1327
reviennes	1327
retrouvent	1327
reparle	1327
madeleine	1327
composition	1327
voles	1326
retrouvez	1326
inculpé	1326
singh	1326
recherchons	1326
araignées	1326
tord	1326
maintenez	1325
barque	1325
heure-ci	1325
ignorant	1325
ziva	1324
trouviez	1324
ming	1324
assoir	1324
picard	1324
ouvrira	1324
divertissement	1323
obama	1323
temps-là	1323
hold-up	1323
suicidée	1323
excusé	1323
impitoyable	1323
payes	1323
songe	1323
amours	1322
chants	1322
fabriques	1322
casses	1322
georgia	1322
réviser	1322
extraction	1322
autoriser	1321
fous-moi	1321
empoisonner	1321
fax	1321
étroit	1321
modernes	1320
comptant	1320
polo	1319
phillips	1319
wanda	1319
mourante	1319
pinces	1319
tank	1319
motifs	1319
ostie	1318
techniciens	1318
amusés	1318
diplomatique	1318
tétons	1318
sauvera	1318
equipe	1318
planifier	1317
fameuse	1317
iui	1317
disparaisse	1317
offensé	1317
suédois	1316
vaurien	1316
conseillère	1316
fabrication	1316
darcy	1316
you'	1316
seuil	1316
1ch00ffff	1316
fournit	1316
entretiens	1315
rap	1315
gangsters	1315
assurée	1315
poursuivez	1315
envoyait	1314
cyril	1314
vertige	1314
robinet	1313
postale	1313
confuse	1313
christy	1313
trappe	1313
éloigne-toi	1313
précises	1313
batteries	1312
poursuis	1312
aw	1312
tuez-moi	1312
marionnette	1312
frein	1312
j.j.	1311
tentez	1311
comprenons	1311
détecte	1311
résidents	1311
remontez	1310
hésiter	1310
parlerais	1310
débattre	1309
justes	1309
console	1309
coureur	1309
consommation	1309
textos	1309
adolescente	1309
conflits	1308
autorisés	1308
pansement	1308
préciser	1308
mississippi	1308
fractures	1308
remerciez	1307
descendant	1307
chet	1307
allumez	1307
sookie	1307
inconsciente	1307
baptême	1306
norma	1306
trey	1306
milles	1306
pleurez	1306
communs	1305
4ème	1305
disciples	1305
baigne	1305
graal	1304
veillerai	1304
libérés	1304
sincères	1303
passe-temps	1303
oie	1303
évitez	1303
comprenait	1303
clos	1303
nathalie	1303
peg	1302
adorables	1302
survit	1302
défiler	1302
grecs	1302
gretchen	1302
souhaiterais	1302
sheriff	1302
obsédée	1301
effectué	1301
manuscrit	1301
emmenez-moi	1301
répondrai	1301
mangeant	1301
éléphants	1301
planches	1300
cadillac	1300
chauve-souris	1300
tambour	1300
fonctionnaire	1300
kerry	1299
accessoires	1299
fessée	1299
cornes	1299
mentalement	1299
sautez	1299
posent	1299
bender	1299
tombeau	1298
interpol	1298
exploitation	1298
t-shirts	1298
attirée	1298
prototype	1298
infidèle	1297
préférence	1297
guérie	1297
petite-amie	1297
préparée	1297
ruisseau	1297
réjouis	1296
plaies	1296
numérique	1296
cass	1296
filtre	1296
écrirai	1296
travailleur	1296
ramènerai	1296
capte	1296
chancelier	1296
springs	1295
fabuleuse	1295
patrouilles	1295
donne-le-moi	1295
mangera	1295
brouhaha	1294
chrétienne	1294
costa	1294
cuisse	1294
bull	1293
naples	1293
levier	1293
dévorer	1293
galère	1293
souliers	1292
primes	1292
efficacité	1292
quittera	1292
connecticut	1291
hôtes	1291
jamal	1291
réuni	1291
éclaircir	1291
cassés	1290
homosexuel	1290
recettes	1290
ginger	1290
santos	1289
comptez-vous	1289
sing	1289
retrouves	1289
callen	1288
luthor	1288
avant-hier	1288
effectuer	1288
infarctus	1288
crucial	1287
cynique	1287
raid	1287
devenues	1287
pin	1287
langley	1287
expliquez	1287
apportez-moi	1286
clope	1286
loto	1286
écurie	1286
sauve-toi	1286
sanders	1286
faiblesses	1285
égratignure	1285
défonce	1285
fondateur	1285
ancre	1285
planqué	1285
riez	1285
vital	1284
resterais	1284
spectre	1284
séduisante	1284
surveillent	1283
jj	1283
éclairage	1283
intensifs	1283
comprenez-vous	1283
marbre	1283
lésions	1283
préférées	1282
embarquement	1282
ringard	1282
trimestre	1282
tenons	1282
régner	1282
odieux	1281
entente	1281
détourné	1281
willow	1280
élimine	1280
kelso	1280
montrant	1280
pair	1279
introuvable	1279
doubles	1279
phyllis	1279
réalisation	1279
records	1279
suède	1278
négatifs	1278
appelle-le	1278
cailloux	1278
apporterai	1278
neutraliser	1278
ferais-je	1278
moyen-orient	1278
corbeau	1278
ferry	1277
haven	1277
viendrez	1277
silas	1277
restais	1277
préférais	1277
trac	1277
féroce	1276
kidnappée	1276
justifie	1276
hara	1276
trafiquant	1275
bites	1275
penche	1275
adversaires	1275
queje	1275
atlantis	1275
fraises	1275
diaz	1275
put	1275
deeks	1275
aveu	1275
brûlés	1275
querelle	1275
engueuler	1275
oxford	1275
tarée	1275
trahie	1275
utilisons	1274
enterrés	1274
bea	1273
amusez	1273
agnes	1273
papillons	1272
coquille	1272
suffisante	1272
cricket	1271
cuisines	1271
spirituelle	1271
habile	1271
souffrait	1271
rafael	1270
malone	1270
rient	1270
technicien	1270
exceptionnelle	1270
temporelle	1269
beck	1269
cavaliers	1269
envisagé	1269
aimeriez-vous	1269
émetteur	1269
global	1269
traits	1269
primo	1269
emprise	1269
pudding	1268
pourcentage	1268
dominic	1268
bleues	1268
turc	1268
mc	1268
voudrai	1268
caillou	1268
négligence	1268
aquarium	1268
collectif	1267
décennies	1267
maximale	1267
habitue	1267
organe	1267
éprouve	1267
nickel	1267
entrailles	1266
reprise	1266
pistolets	1266
jetés	1266
rangée	1266
theresa	1265
lasse	1265
fourré	1265
well	1265
ur	1265
beatles	1265
suffi	1265
roux	1265
billie	1265
craignent	1264
expo	1264
simulation	1264
suicidaire	1263
câlins	1263
connaissant	1263
découvertes	1263
ritchie	1263
cédé	1263
quasi	1263
vierges	1262
turk	1262
politesse	1262
aliments	1262
aviation	1262
emprunte	1262
cale	1262
troublé	1261
aidais	1261
vivrai	1261
fautes	1261
bryce	1260
fragments	1260
2h	1259
étang	1258
peloton	1258
hastings	1258
mexicaine	1258
hautement	1257
garanti	1257
amélioré	1257
fonder	1257
anniversaires	1257
eddy	1257
contagieux	1257
résisté	1257
croyaient	1256
cries	1256
futurs	1256
forment	1256
rejoignez	1256
distinguer	1256
trancher	1256
festin	1255
prue	1255
eun	1255
locataire	1255
dynamique	1255
entourage	1254
brancher	1254
inquiétant	1254
regagner	1254
maison-blanche	1254
cook	1254
flacon	1254
tardis	1254
érection	1254
arriverais	1254
tyson	1253
otis	1253
habitent	1253
pittsburgh	1253
nico	1253
gaze	1252
sucré	1252
coquin	1252
crotte	1252
développe	1252
couture	1251
boulet	1251
cantine	1251
étrangement	1250
excellents	1250
quittent	1250
républicain	1250
jogging	1250
bronx	1250
chaleureux	1250
quatorze	1250
lindsey	1249
maintenance	1249
email	1249
détermination	1249
débutant	1249
résume	1248
égaux	1248
favorite	1248
prévois	1248
reparler	1247
candy	1247
canot	1247
détruis	1247
apercevoir	1247
darling	1247
shanghai	1247
bouclé	1247
opportunités	1247
réfléchit	1246
regarderai	1246
expliquez-moi	1246
ceintures	1246
raisonner	1245
gravé	1245
chiots	1245
illinois	1245
satisfaite	1245
moïse	1245
balistique	1245
audace	1244
dit-on	1244
finirait	1244
fais-la	1244
dolly	1244
rassure	1244
poignets	1244
il-te-plaît	1244
iii	1243
bénis	1243
ratée	1243
perquisition	1243
columbia	1243
hacker	1243
plâtre	1243
been	1243
reconnaissants	1242
évadé	1242
vargas	1242
ash	1242
coriace	1242
pet	1241
récolter	1241
chutes	1241
passages	1241
arrogance	1241
baratin	1241
two	1241
mature	1241
dubois	1241
rends-toi	1240
étend	1240
complicité	1240
punk	1240
osez	1240
autrui	1240
boulevard	1240
mutation	1239
servirait	1239
soupçon	1239
inspecter	1239
énerves	1239
séduit	1238
créatif	1238
esthétique	1238
durement	1238
considérez	1238
fraise	1238
reprendra	1237
cassées	1237
a-t'	1237
abel	1237
contrôleur	1237
mets-la	1237
sawyer	1237
buster	1236
incidents	1236
embrouille	1236
guérit	1236
entoure	1236
caitlin	1236
calculé	1236
tabassé	1236
menée	1236
mémoires	1236
renée	1236
frances	1235
présentés	1235
écoutera	1235
julius	1235
conseillers	1235
vénus	1235
sédatif	1235
lèvre	1234
renaissance	1234
naviguer	1234
opérateur	1233
envoyées	1233
âgées	1233
lyle	1233
involontaire	1233
about	1233
magnus	1233
emmenait	1233
tacos	1233
wraith	1233
doré	1232
chargeur	1232
policière	1232
shelley	1232
enquêteurs	1232
tarzan	1232
aiderais	1232
répétitions	1231
tendresse	1231
betsy	1231
étais-je	1231
mutuellement	1231
séoul	1231
reste-t-il	1230
incontrôlable	1230
drogués	1230
regretterez	1230
cachet	1230
appréciez	1230
timothy	1230
recruté	1230
trentaine	1230
appelaient	1230
wo	1230
adapté	1230
républicains	1229
jt	1229
manipulé	1229
tyran	1229
gagnante	1229
mécanicien	1228
homos	1228
cece	1228
grammes	1228
mâles	1228
nains	1228
boone	1227
agressée	1227
désigné	1227
toits	1227
heureuses	1227
oubliera	1227
ciment	1227
passions	1227
automobile	1227
aspirateur	1226
écroule	1226
coursier	1225
souviendra	1225
saoule	1225
vernon	1225
chronique	1225
furax	1224
nicki	1224
attende	1224
allonge-toi	1224
laide	1223
dutch	1223
pion	1223
étendu	1223
emmènent	1223
répondez-moi	1222
intacte	1222
ja	1222
favoris	1222
représentants	1222
o.	1222
récents	1222
feel	1222
slogan	1221
benton	1221
difficilement	1221
refusait	1221
tasha	1221
ingrédients	1221
valérie	1221
mamans	1220
complique	1220
annulation	1220
attendions	1220
gouvernante	1220
démarche	1220
contenait	1220
abandonnerai	1220
martinez	1220
sauriez	1220
consacré	1219
gallagher	1219
hausse	1219
circuler	1219
harbor	1219
entourée	1219
frappe-moi	1218
bancaires	1218
coudre	1218
hou	1218
réciproque	1218
protéines	1217
échappée	1217
apprécies	1217
enquêté	1216
rédacteur	1216
salades	1216
comptes-tu	1216
épées	1216
rappellera	1216
mae	1216
cède	1215
provenance	1215
donny	1215
rencontrent	1215
dresser	1215
démarré	1214
hodgins	1214
butler	1214
nausée	1214
files	1214
repousse	1214
petit-déj	1213
casting	1213
luca	1213
dérangement	1213
nice	1213
gemma	1213
horatio	1212
strip-teaseuse	1212
confidentialité	1212
pétard	1212
run	1211
intéresses	1211
disparaitre	1211
haut-parleur	1211
serais-je	1211
pente	1211
amusement	1211
précédente	1210
identités	1210
perdants	1210
emménage	1210
dessine	1209
colt	1209
vagabond	1209
susceptible	1209
racontez-moi	1209
expliquez-vous	1209
grady	1209
peines	1209
oprah	1208
collision	1208
votez	1208
annuel	1208
maternité	1208
give	1208
parallèle	1208
nonne	1208
kilomètre	1207
enduré	1207
comète	1207
flanc	1206
débrouilles	1206
handicapé	1206
témoignages	1206
color	1206
accordée	1206
saletés	1206
emprunt	1205
lang	1205
sait-il	1205
ball	1204
ike	1204
plate	1204
générique	1204
servez	1204
bouillir	1204
mangerai	1203
anesthésie	1203
scandaleux	1203
émotionnellement	1203
monastère	1203
relaxer	1203
animation	1202
écoutait	1202
yaourt	1202
coussin	1202
aidan	1202
toxiques	1202
fureur	1202
trek	1201
edna	1201
descendue	1201
soja	1201
demoiselles	1201
réessayer	1201
changée	1200
tell	1200
délivrer	1200
jupiter	1200
perroquet	1199
dakota	1199
echo	1199
corne	1199
brutes	1199
fichus	1199
travaillaient	1198
permettent	1198
drones	1198
mention	1198
enferme	1198
accusez	1198
pédés	1198
protègent	1198
aimeraient	1198
plaqué	1197
attirant	1197
victoires	1197
fourrer	1197
hygiène	1197
installée	1197
musulman	1197
sentier	1197
building	1196
toiles	1196
commotion	1196
naïve	1196
inquiétait	1196
rusé	1196
webster	1196
oregon	1195
invitations	1195
rappelez-moi	1195
where	1195
superviseur	1195
cendrillon	1195
commençant	1195
yankee	1195
marchandises	1195
braquer	1195
partirons	1195
traiteur	1195
caramel	1195
soufflé	1195
suivants	1194
tampon	1194
tentes	1194
faciale	1193
thor	1192
suggestions	1192
souffres	1192
temporairement	1192
obstruction	1192
paulie	1192
morty	1191
vocale	1191
architecture	1191
deacon	1191
similaires	1191
noie	1191
etats	1191
nell	1190
marcy	1190
fusées	1190
pyramide	1190
enseignant	1190
pains	1190
pâtés	1189
transporte	1189
brandy	1189
week-ends	1189
ingénieurs	1189
branler	1189
abuser	1189
herman	1189
room	1188
définir	1188
daphné	1188
gens-là	1188
aimes-tu	1188
anéanti	1188
saloperies	1188
éloignés	1188
sweet	1188
possédé	1187
chevilles	1187
elijah	1187
taverne	1186
leah	1186
grincheux	1186
mckay	1186
unes	1186
chope	1186
extérieure	1186
porche	1186
publiquement	1185
discrète	1185
fléau	1185
babylon	1185
équivalent	1184
percé	1184
adultère	1184
lancelot	1184
catalogue	1184
attentionné	1184
grandiose	1183
corrected	1183
belle-fille	1183
cobra	1183
herbert	1183
dillon	1183
milice	1183
photographier	1182
transformée	1182
touriste	1182
harley	1182
agonie	1182
resteront	1181
monstrueux	1181
redoutable	1181
prometteur	1181
clip	1180
chargés	1180
yard	1180
planquer	1179
manquant	1179
buissons	1179
shin	1179
sanglots	1178
arreter	1178
amenez-le	1178
apprécient	1178
nat	1178
passerez	1178
découvrent	1178
consulté	1177
ecole	1177
secs	1177
coffres	1177
couchait	1177
marchés	1177
unies	1177
dialogue	1177
ressemblance	1177
benne	1176
motion	1176
clandestin	1176
chaussette	1176
relie	1176
réjouir	1176
peuples	1176
bander	1176
déprime	1176
repasse	1176
barrett	1176
courait	1176
soo	1175
hawaii	1175
lo	1175
glorieux	1175
tobias	1175
skinner	1175
espagnols	1175
tablette	1174
attirante	1174
lâchez-le	1174
axl	1174
escorter	1174
cobb	1174
pardonnera	1174
venin	1174
capot	1174
maréchal	1174
contenant	1173
pointes	1173
veinard	1173
emballage	1173
cherchez-vous	1172
consulat	1172
pressing	1172
atlantique	1172
lmpossible	1172
racontait	1172
fouiner	1171
financement	1171
assois	1171
miséricorde	1171
cassandra	1170
tic	1170
offrent	1170
oubli	1170
loger	1170
diviser	1170
présentent	1170
bam	1170
testicules	1170
forêts	1170
préparait	1170
parlons-en	1169
foncer	1169
coop	1169
hawkins	1169
milton	1169
crépuscule	1168
détestez	1168
froides	1168
admettons	1168
junkie	1167
terrains	1167
blouson	1167
politicien	1167
parfaites	1167
séparément	1167
tracteur	1167
proviseur	1167
scellé	1167
apportes	1167
estimé	1167
stanton	1166
tousse	1166
peignoir	1166
recruter	1166
asseyez	1166
dérangez	1166
pureté	1166
priver	1166
scalpel	1165
salaires	1165
ko	1164
doctorat	1164
exigences	1163
réveillera	1163
assurément	1163
emmènera	1163
hantée	1162
mélangé	1162
emprisonné	1162
her	1162
hésité	1162
morales	1162
courants	1161
mosquée	1161
cérébral	1161
limitée	1161
gaby	1161
ferment	1161
improbable	1161
convictions	1161
acheteurs	1161
gamma	1161
formulaires	1161
fonctionnement	1160
dépendance	1160
croûte	1160
away	1160
illégalement	1160
quittant	1159
bavard	1159
prévisible	1159
escadron	1159
aspiration	1159
jardins	1159
auxquels	1158
coûtent	1158
br	1158
braqué	1158
pardonnerai	1158
fluide	1158
taudis	1158
listes	1158
hardy	1158
préliminaires	1157
stations	1157
miam	1157
celles-là	1157
felicity	1157
10h	1157
stérile	1157
assommé	1157
newton	1157
bossait	1156
hamlet	1156
allan	1156
hameçon	1156
allongée	1156
stressée	1156
saboter	1155
grenades	1155
cuisiné	1155
revers	1155
diamond	1155
divan	1155
citrouille	1155
joanna	1155
acceptent	1154
ferez-vous	1154
donuts	1154
poêle	1154
dinosaures	1154
progresse	1154
gendre	1153
bouquins	1153
mentais	1153
phares	1153
masqué	1153
évoluer	1153
jumeau	1153
quelques-unes	1153
richards	1153
lawson	1153
remporté	1152
intimider	1152
percuté	1152
spence	1152
lulu	1152
habitués	1152
salopards	1151
apparue	1151
crapaud	1151
partageons	1151
pénétré	1151
eden	1151
plaisent	1151
déménagement	1151
flippe	1151
youtube	1150
curry	1150
avorter	1150
suivais	1150
fâcher	1150
woods	1150
remette	1150
sondages	1150
irene	1149
bouillie	1149
effrayante	1149
habit	1149
portière	1148
firme	1148
jésus-christ	1148
zoom	1148
rechange	1148
hillary	1148
vendeurs	1148
menaçant	1147
requiert	1147
stéphanie	1147
sauves	1147
oublient	1147
caverne	1147
ghost	1147
explosions	1147
recevra	1146
magne-toi	1146
moralité	1146
équipé	1146
sloane	1146
hosto	1146
buffalo	1146
comptabilité	1146
enlèves	1146
carnaval	1146
diabète	1145
tata	1145
mémé	1145
faisais-tu	1145
posée	1145
fichent	1145
exclure	1145
rufus	1144
perception	1144
gains	1144
resterait	1144
ollie	1144
spectacles	1143
daleks	1143
scarlett	1143
démoniaque	1143
paraissait	1143
velours	1143
pertinent	1143
caviar	1143
demandez-vous	1142
préservatifs	1142
mois-ci	1142
moya	1142
terrence	1142
hot-dog	1142
y-a-t-il	1142
arsenal	1142
songé	1141
passerais	1141
hanson	1141
broche	1141
envole	1141
méfie	1141
banni	1140
trouduc	1140
parce-que	1140
pneumonie	1140
recommencez	1140
racaille	1140
ba	1140
déprimée	1140
tirons-nous	1140
fréquences	1140
clive	1139
charley	1139
crédibilité	1139
brin	1139
insistez	1139
angles	1139
instruction	1139
souri	1139
rodriguez	1138
chie	1138
enceintes	1138
disputé	1138
actifs	1138
saké	1138
subtil	1137
imprimer	1137
murmure	1137
ultra	1137
agresser	1137
bats-toi	1137
sanguine	1137
hurlant	1137
need	1137
éventuellement	1137
vatican	1137
t-elle	1137
partenariat	1136
klingon	1136
suivrai	1136
emmett	1136
carnage	1136
attentif	1136
flint	1136
refroidir	1136
diligence	1136
godzilla	1135
partagent	1135
vaudou	1135
suffirait	1135
floyd	1135
recrues	1135
claquer	1135
libby	1135
gardais	1135
résidus	1135
bloqués	1135
richmond	1134
isabella	1134
équation	1134
brume	1134
diverses	1134
déconné	1134
matthews	1134
verrou	1134
noblesse	1134
mélanie	1134
vivement	1133
judas	1133
arène	1133
évidente	1133
témoigne	1132
siffle	1132
scénariste	1132
cascade	1132
espagnole	1132
conduira	1132
industriel	1131
strip-tease	1131
sortirez	1131
méritais	1131
attendue	1131
8h	1131
logo	1130
call	1130
douches	1130
hard	1130
music	1129
once	1129
vins	1129
expertise	1129
oklahoma	1129
déçois	1129
extraordinaires	1129
survivor	1129
bennet	1129
psychotique	1128
chef-d'	1128
employer	1128
décoré	1128
inférieur	1128
inapproprié	1128
éruption	1128
invites	1128
recouvert	1128
offense	1128
combine	1128
fu	1127
nécessite	1127
poux	1127
totalité	1127
ignorons	1127
virés	1127
knight	1126
quelquechose	1126
vient-il	1126
our	1126
doses	1126
vernis	1125
tuez-les	1125
interdits	1125
argentine	1124
prépares	1124
remue	1124
willis	1124
respectent	1124
ferguson	1124
hot-dogs	1123
holà	1123
grotesque	1123
repaire	1123
oui.	1123
refusée	1123
envoie-moi	1122
aurait-elle	1122
contaminé	1122
renseigné	1122
accueille	1122
baba	1122
découvrira	1122
heidi	1122
annulez	1121
forge	1121
centimes	1121
babe	1121
espérez	1121
fa	1121
dominique	1121
barre-toi	1120
oranges	1120
tsar	1120
andrews	1120
camelot	1120
messagerie	1120
jung	1120
portier	1120
crient	1120
vétérans	1120
propagande	1119
malibu	1119
envoyez-moi	1119
défoncée	1119
remercié	1119
saint-valentin	1119
malley	1119
irrésistible	1119
débute	1118
lecteurs	1118
radiation	1118
miroirs	1118
espères	1118
émissaire	1118
interpréter	1118
rassurant	1117
emmenés	1117
carotte	1117
amitiés	1117
fondateurs	1117
toronto	1117
rogne	1117
grill	1116
voulais-tu	1116
montrait	1116
ingénierie	1116
buts	1116
trudy	1116
ferions	1115
sonya	1115
clichés	1115
aspects	1115
gladys	1115
choquée	1115
think	1115
servie	1115
bette	1115
revendre	1115
maine	1114
recrue	1114
suive	1114
blaine	1114
occupais	1114
étouffé	1114
trouvez-le	1114
colonies	1114
reçue	1113
chirurgiens	1113
préparés	1113
tombait	1113
q.g.	1113
barreau	1113
daphne	1113
bianca	1112
étalon	1112
manège	1112
sortez-moi	1112
mourrait	1112
larme	1111
strict	1111
lanceur	1111
bouge-toi	1111
jun	1111
tirez-vous	1111
crèche	1111
bird	1111
éveillée	1111
protocoles	1110
complexes	1110
reverrons	1110
légion	1110
perpétuité	1110
bravoure	1110
confondre	1110
pincer	1110
kiki	1110
gentlemen	1109
douloureuse	1109
hollandais	1109
appartenant	1109
carreau	1109
cox	1108
génies	1108
i.	1108
interviewer	1108
mg	1108
aria	1108
let'	1108
rase	1108
racontent	1107
critères	1107
approches	1107
gardera	1107
colleen	1107
mathématiques	1107
topo	1107
ingrat	1107
rancard	1107
dispose	1107
croquis	1107
frere	1107
pousses	1106
raoul	1106
stockage	1106
captain	1106
taxis	1106
premiere	1106
bracelets	1106
battement	1106
désirer	1106
veillez	1105
choquant	1105
mi-chemin	1105
assigné	1105
éteinte	1105
maestro	1105
offrant	1105
supplément	1105
ampleur	1105
incendies	1104
réduite	1104
9h	1104
précipiter	1104
savant	1104
continuerai	1103
battrai	1103
prédateur	1103
amicale	1103
tac	1103
tae	1103
dépêchons-nous	1103
inclut	1102
interdire	1102
imitation	1102
antique	1102
ramper	1102
écosse	1102
pike	1102
cylons	1102
divertir	1102
traversée	1101
jax	1101
kirby	1101
antiquités	1101
gracie	1101
iowa	1101
apprendras	1101
cachées	1100
réveillon	1100
manning	1100
facilité	1100
inspirer	1100
interromps	1100
plaide	1100
mords	1100
façade	1100
golfe	1100
précédents	1100
raisins	1100
remédier	1100
mutuelle	1099
pédales	1099
dansent	1099
monument	1099
danois	1099
héroïque	1098
clause	1098
boo	1098
samson	1098
vous-mêmes	1098
bagues	1098
tarif	1098
textes	1098
hanté	1097
sensations	1097
choux	1097
accompagnes	1097
achève	1097
reverras	1097
rod	1097
mystique	1097
porte-parole	1096
potentiels	1096
endors	1096
locataires	1096
soul	1095
entraînés	1095
steaks	1095
compare	1095
mouiller	1095
croiront	1095
secourir	1095
résurrection	1095
bouffé	1095
caresser	1094
ace	1094
lucille	1094
émotionnelle	1094
josie	1094
valentine	1094
limiter	1094
perturbe	1094
coleman	1094
vaguement	1094
lynette	1094
médaillon	1093
auditions	1093
redire	1093
kentucky	1093
écossais	1093
crédits	1093
knox	1093
dégénéré	1093
momie	1093
montre-toi	1093
fais-les	1093
klein	1093
gardez-le	1093
expulsé	1093
frustrant	1093
glee	1092
dévouement	1092
remerciements	1092
sultan	1092
gazon	1091
lem	1091
spécialisé	1091
cueillir	1091
collants	1091
imminente	1091
mercure	1091
décidera	1090
motivé	1090
liu	1090
rendant	1090
vertébrale	1090
témoigné	1090
écoutons	1090
lingerie	1090
saignes	1089
suspecté	1089
qi	1089
recherchez	1089
enfiler	1089
concevoir	1089
audio	1089
tournes	1089
allergie	1089
laisse-toi	1088
doctor	1088
pencher	1088
assurerai	1088
concession	1088
grenouilles	1088
reviendrez	1088
joker	1087
négocie	1087
sautes	1087
travailliez	1087
newman	1087
ip	1087
détecter	1087
reviendrons	1086
colby	1086
sournois	1086
sud-est	1086
temporel	1086
bikini	1086
probabilité	1086
transporté	1086
diffuser	1085
vaudra	1085
fish	1085
rival	1085
cafards	1085
écrans	1085
hors-la-loi	1084
jouerai	1084
viril	1084
clarifier	1084
homicides	1083
écarte	1083
partisans	1083
tailler	1083
agissent	1083
jennings	1082
disco	1082
scouts	1082
éloignée	1082
subitement	1082
rates	1082
ensembles	1082
pingouin	1082
organisée	1082
ms	1082
élue	1082
plaza	1082
reproches	1082
produisent	1082
enculer	1081
envolé	1081
préliminaire	1081
maura	1081
western	1080
déposée	1080
saisons	1080
champignon	1080
trophées	1080
chèvres	1080
il-vous-plaît	1079
traditionnel	1079
giles	1079
interrupteur	1079
tapes	1079
athéna	1079
clavier	1079
prescrit	1079
félix	1078
thorax	1078
artificielle	1078
trafiquants	1078
couvrez	1078
trompette	1078
fabricant	1078
réglée	1078
milliardaire	1077
retournera	1077
ferraille	1077
oubliés	1077
canadien	1077
détroit	1077
maryland	1077
dinosaure	1076
foulard	1076
questionner	1076
branleur	1076
informés	1075
réveilles	1075
achetés	1075
thoracique	1075
yuri	1075
paroisse	1075
obsèques	1075
tuait	1074
faufiler	1074
saint-esprit	1074
remontant	1074
balise	1073
pellicule	1073
tentatives	1073
apprentissage	1073
présentez	1073
wagner	1073
dégoûte	1073
baver	1073
restau	1073
médailles	1073
beethoven	1073
prédire	1072
subit	1072
sorciers	1072
lorraine	1072
réchauffe	1072
attends-tu	1072
conquis	1071
dracula	1071
jettent	1071
enragé	1071
préjugés	1071
campement	1071
lentilles	1071
expérimenté	1071
commença	1071
combler	1071
technologies	1071
justine	1071
filons	1071
humidité	1070
trouve-toi	1070
réelles	1070
expliques	1070
argo	1070
passeras	1070
servant	1070
élégante	1070
power	1070
est-tu	1069
vibrations	1069
alléluia	1069
discrets	1069
loft	1069
outrage	1069
observateur	1068
siennes	1068
empoisonnée	1068
asthme	1067
envies	1067
mountain	1067
hymne	1067
championne	1067
abris	1067
érotique	1067
famine	1067
valerie	1067
chin	1067
donne-le	1067
hetty	1066
lockhart	1066
moquent	1066
disposé	1065
détendu	1065
were	1065
vouliez-vous	1065
olivier	1065
3h	1065
miriam	1064
admission	1064
populaires	1064
abîmé	1064
manchester	1064
rembourserai	1064
dea	1063
offrez	1063
fraîches	1063
boutiques	1063
jorge	1063
sentes	1063
faites-lui	1063
melon	1063
mackenzie	1062
assiste	1062
olga	1062
conquête	1062
situe	1062
concentrée	1062
amélioration	1062
hippie	1061
étranglé	1061
contrôlent	1061
cristaux	1061
dimensions	1061
nigel	1061
catholiques	1061
exploration	1061
fibre	1061
tiens-le	1060
micro-ondes	1060
quais	1060
avise	1060
tiger	1060
travaillerai	1060
cartouches	1060
réponde	1059
privilèges	1059
obus	1059
chambers	1059
succession	1059
perkins	1059
dissimuler	1059
dauphin	1059
derniere	1058
pourboires	1058
hercule	1058
compreniez	1058
enfoncé	1058
pêcheurs	1058
nord-est	1057
offensive	1057
protégera	1057
mathieu	1057
partit	1056
tombant	1056
innocentes	1056
madeline	1056
geek	1056
kgb	1056
morse	1056
entre-temps	1056
facon	1056
sheridan	1056
enjeu	1056
cristina	1055
réagis	1055
frit	1055
chié	1055
affilée	1055
chameau	1055
sociales	1055
cora	1055
bobo	1055
emploie	1055
regrettable	1055
appelant	1054
marionnettes	1054
diraient	1054
suivons	1054
contrarier	1054
regarde-les	1054
abîme	1054
lã	1054
fermement	1054
escroquerie	1053
izzy	1053
taco	1053
bien-sûr	1053
directions	1053
rejet	1053
appartenir	1053
jasmine	1053
astronautes	1053
mentirais	1052
arriva	1052
sophistiqué	1052
suspendue	1052
nord-ouest	1052
handicap	1052
prague	1051
prescription	1051
feras-tu	1051
préservatif	1051
grue	1051
grandissent	1051
cachez-vous	1051
allumette	1051
natation	1051
exploits	1051
marseille	1051
situé	1051
craignait	1051
gentilles	1050
griffith	1050
ramène-moi	1050
empoisonnement	1050
regardiez	1050
shit	1049
bowl	1049
jensen	1049
chêne	1049
sensée	1049
interprété	1049
allonge	1049
bocal	1049
violette	1048
capteurs	1048
nausées	1048
romantiques	1048
gaufres	1047
doués	1047
flatteur	1047
gerry	1047
doublure	1047
savage	1047
négligé	1047
fry	1047
natale	1047
fez	1046
amusait	1046
pendaison	1046
rossi	1046
prudemment	1046
violemment	1046
soûle	1046
masters	1046
shore	1046
accélérateur	1046
tranquillité	1045
ingrid	1045
excités	1045
apaiser	1045
guillaume	1045
disciple	1045
décident	1045
habillés	1045
tortues	1045
ralentit	1045
contraint	1045
frissons	1045
lâ	1044
ginny	1044
leurre	1044
micros	1044
répondra	1044
lisait	1044
moquette	1044
pack	1044
rassurez-vous	1044
barbare	1043
défenses	1043
pare-brise	1043
castro	1043
cacahuète	1043
projecteurs	1043
costard	1042
margot	1042
revenais	1042
ouïe	1042
croyiez	1042
woman	1042
donniez	1042
toni	1042
enfile	1042
tantôt	1041
matériaux	1041
recommences	1041
personnalités	1041
roxy	1041
natasha	1041
honneurs	1041
flippé	1040
compenser	1040
commando	1040
buvais	1040
dérive	1040
clone	1040
retirée	1040
brûlent	1040
louisiane	1039
etrange	1039
dilemme	1039
apparaissent	1039
bug	1039
crowley	1039
optique	1039
accueilli	1039
tigres	1039
strip	1039
torpilles	1039
kirsten	1038
castor	1038
genève	1038
jackpot	1038
stupéfiant	1038
attachés	1038
anxieux	1038
lèves	1038
déchiffrer	1038
vêtement	1037
clémence	1037
muffin	1037
nette	1037
méprenez	1036
acompte	1036
marchons	1036
motos	1036
sursis	1036
regrettes	1036
joo	1035
cercles	1035
vinnie	1035
greta	1035
titus	1035
cube	1035
lâche-la	1035
truman	1035
lisant	1035
leaders	1035
imprimé	1034
ram	1034
signatures	1034
volez	1034
trousse	1034
souhaitons	1034
rédemption	1034
harlem	1034
aînée	1034
hiérarchie	1034
label	1034
exotique	1034
proprement	1034
zeus	1033
attaquez	1033
playboy	1033
décors	1033
admiration	1033
garant	1033
too	1033
sculpture	1033
scooter	1033
tarde	1032
déplaît	1032
eugene	1032
cuite	1032
permettant	1032
expire	1032
mercenaires	1032
cambrioleur	1032
hannibal	1031
seymour	1031
catch	1031
god	1031
dre	1031
faisable	1031
invisibles	1031
égout	1030
géorgie	1030
errant	1030
usb	1030
lucien	1030
flot	1030
combinaisons	1030
center	1030
passaient	1030
permettrait	1029
soudaine	1029
réussie	1029
bénie	1029
rhonda	1029
enlevés	1029
surfer	1029
somnifères	1029
accouche	1029
détruira	1028
bye-bye	1028
yoon	1028
blondes	1028
impressionnante	1027
radin	1027
aimeras	1027
robbins	1027
ventilation	1027
droguer	1027
tend	1027
fiasco	1027
fantaisie	1027
égaré	1027
sud-ouest	1026
utilisées	1026
zane	1026
dead	1026
brûlure	1026
rené	1026
frére	1026
décharger	1026
meeting	1025
mmh	1025
sonore	1025
grognement	1025
doucher	1025
ice	1025
saurais-je	1025
pepper	1025
concret	1025
vertes	1025
lara	1025
amusent	1025
créés	1024
alzheimer	1024
implants	1024
dimitri	1024
arnaquer	1024
tolérance	1024
verrouillée	1024
sottises	1024
mascotte	1023
frisson	1023
stacey	1023
réalisent	1023
pleurant	1023
week	1023
orient	1023
pardonnes	1023
écrites	1022
plantée	1022
ferrari	1022
perturber	1022
kappa	1022
emmenez-la	1022
butch	1022
redonner	1022
spaghettis	1022
amnésie	1022
cardiaques	1022
skip	1022
muffins	1022
dissuader	1022
rassemblé	1022
ga	1022
cachais	1022
rajoute	1022
connues	1021
justicier	1021
fernando	1021
écoutant	1021
crête	1021
reno	1021
préoccuper	1021
pépé	1021
geler	1021
hypnose	1021
caine	1021
katy	1020
karaoké	1020
duck	1020
définitif	1020
boites	1020
pianiste	1020
externe	1020
illégales	1019
marsh	1019
boussole	1019
noyée	1019
suspense	1019
manquerai	1019
beignet	1019
idiotes	1018
affronte	1018
ballade	1018
dansons	1018
boyle	1018
francesca	1018
danseurs	1018
abuse	1017
portaient	1017
jody	1017
cadres	1017
respiratoire	1017
chun	1016
marchands	1016
pret	1016
carole	1016
baisée	1016
exploit	1015
morton	1015
fuller	1015
croyance	1015
installés	1015
têtue	1015
épatant	1015
paranoïa	1014
plate-forme	1014
sadique	1014
super-héros	1014
dérangée	1014
brisés	1014
punaise	1014
harcèle	1014
défis	1013
clément	1013
contente-toi	1013
rhodes	1013
semé	1013
décent	1012
normes	1012
kev	1012
paolo	1012
respects	1012
vinaigre	1012
lames	1012
amigo	1011
caresse	1011
speed	1011
agressive	1011
intello	1011
mêre	1011
remplissez	1011
tempérament	1011
excellentes	1011
immortalité	1011
steed	1010
pseudo	1010
spot	1010
dague	1010
entraînée	1010
appelle-t-il	1010
montrée	1010
agisse	1010
briefing	1010
ouste	1009
étranglée	1009
regardera	1009
bagage	1009
morrison	1009
tasses	1009
aide-nous	1009
deviendrait	1008
profondeurs	1008
tapez	1008
naturelles	1008
rdv	1008
malheurs	1008
apprenait	1007
gilles	1007
démocrate	1007
picasso	1007
représailles	1007
cosmos	1006
marjorie	1006
détruisez	1006
arrêts	1006
végétarien	1006
sentimentale	1006
pancarte	1006
prenez-en	1006
tordue	1006
bloom	1006
vieilli	1005
higgins	1005
dénommé	1005
massacré	1005
confrérie	1005
sortiez	1005
rangez	1004
décorations	1004
patriote	1004
hyun	1004
calmé	1004
poire	1004
actionnaires	1004
conduisais	1004
posait	1004
strike	1004
informée	1003
bagarres	1003
jeeves	1003
hip	1003
perturbation	1003
tentent	1003
souverain	1003
brève	1003
virez	1003
carver	1002
neufs	1002
assoit	1002
rembrandt	1002
dora	1002
couchez-vous	1002
dc	1002
roc	1002
pleurent	1001
trouvaient	1001
assistants	1001
plomberie	1001
diplômée	1001
espere	1001
escrocs	1001
excentrique	1001
frustration	1001
saufs	1001
lamentable	1001
ulds	1001
could	1001
reprenne	1000
porsche	1000
ouvre-le	1000
bluff	1000
priya	1000
rejoins-moi	1000
tanaka	1000
attrapée	1000
réflexe	1000
supprimé	1000
6h	1000
viole	1000
sentirez	999
agrandir	999
clochard	999
encouragé	999
moran	999
promettez	999
démoli	999
notaire	998
restaurer	998
compartiment	998
courante	998
avancent	998
délinquants	998
désespérés	998
mémo	998
copier	998
congélateur	998
luna	997
égypte	997
courtes	997
contusions	997
imprudent	997
merveilleuses	996
abbott	996
entends-tu	996
bandeau	996
station-service	996
hormis	996
voyaient	996
probléme	996
bêta	996
estimation	996
oignon	996
roulettes	996
opérationnel	995
plaisant	995
épices	995
tenez-le	995
remboursé	995
nourrice	994
organique	994
brusquement	994
pass	994
jose	994
pédophile	994
étés	994
essentiellement	994
semblaient	994
brebis	994
connectés	994
drapeaux	994
grouille-toi	994
résumer	994
athlètes	993
fourrière	993
princeton	993
transplantation	993
traînes	993
titan	993
équipements	993
intestins	993
horace	993
exprimé	993
che	993
titulaire	993
death	993
galant	993
veulent-ils	993
akira	993
prospérité	993
grains	993
rigueur	993
porto	992
officiels	992
soigneusement	992
éric	992
wisconsin	991
émeutes	991
écrivais	991
jeremiah	991
téléporter	991
nounours	991
perso	991
menés	991
jouaient	991
plutot	991
enfers	991
boulangerie	991
eues	991
essuyer	990
bruns	990
coince	990
résolue	990
inquiètent	990
pâtisserie	990
interruption	990
sortirais	990
défensive	990
kitt	990
naît	989
prairie	989
sabotage	989
chaine	989
exclusivité	989
impériale	989
accepterai	989
co	989
rayna	989
constance	989
pues	989
estelle	988
tolérer	988
beuh	988
rame	988
masses	988
parcs	988
steph	987
doe	987
vanité	987
agriculture	987
infâme	987
tang	987
instincts	987
ouvertement	987
foyers	987
ongle	987
théo	987
colombe	987
aeryn	986
état-major	986
reich	986
hee	986
particuliers	986
indéfiniment	986
brunch	986
dwayne	986
ému	986
mûr	985
spécialistes	985
tronc	985
mare	985
barbares	984
crapule	984
biche	984
cain	983
mozart	983
séparées	983
soupçonné	983
moule	983
digitales	983
churchill	983
tennessee	983
immonde	983
malsain	982
léonard	982
signée	982
humphrey	982
restauration	982
lisbon	982
consul	982
toasts	981
rétablissement	981
mariées	981
croiras	981
laissiez	981
orlando	981
rabat-joie	981
embarrassé	981
meneur	981
loyale	981
bank	980
fragment	980
assommer	980
hante	980
disney	980
bear	980
providence	980
guet	979
manœuvre	979
souffrant	979
alliances	979
tirant	979
islam	979
alvarez	979
ridiculiser	979
blindé	979
rassemblez	979
bass	979
déni	978
puissantes	978
souterrain	978
perdrai	978
prodige	978
rendons	978
finirez	978
églises	978
caféine	977
finies	977
memphis	977
fournitures	977
rouillé	977
eyes	976
obéissez	976
timbres	976
réa	976
souple	976
sully	976
gerber	976
said	976
récentes	976
tee-shirt	975
diminue	975
inconvénient	975
battra	975
pornos	975
freud	975
remporter	975
puanteur	975
propositions	975
possédait	975
bave	975
dorme	975
est-ce-pas	975
accompagnée	975
changeons	975
souffrez	975
foreman	975
opium	974
avait-elle	974
parlez-nous	974
savannah	974
océans	974
fisc	974
apprenti	974
hawk	974
hésitation	974
liza	973
sentira	973
yuki	973
parlerait	973
vexé	973
cache-cache	973
avais-je	973
coffrer	973
aspire	973
tournure	973
séparent	973
saloon	972
préparatifs	972
snow	972
candidate	972
rendais	972
collant	972
décidée	972
mina	972
réunit	972
nœuds	972
fad	972
dignes	972
sincérité	971
supposition	971
dormirai	971
sheppard	971
biopsie	971
résident	971
truqué	971
ecartez-vous	971
corey	971
livraisons	971
précipité	970
lyon	970
fanfare	970
intensité	970
dédié	969
colombie	969
fantastiques	969
serrures	969
battements	969
démocrates	968
randonnée	968
entendrez	968
nadine	968
drama	968
écoutée	968
investigation	967
garden	967
représentait	967
arroser	967
sous-estimé	967
diplomate	967
terriens	966
hmmm	966
défait	966
manipulation	966
recrutement	966
ratés	966
continuait	966
associer	966
laissées	965
embrassés	965
bords	965
misérables	965
discutons	965
prétendez	965
inquiétudes	965
serge	965
ronge	965
aidiez	965
courbe	965
vulnérables	965
résout	964
déguiser	964
sordide	964
honoraires	964
veillée	964
injonction	964
urgente	964
lasagnes	964
jérôme	964
exposés	964
giovanni	964
pétition	964
ennemies	964
célébration	964
détournement	964
nomination	964
grimm	964
crocs	964
ruche	964
ananas	963
alain	963
tourisme	963
20h	963
orson	963
mettez-les	963
manie	963
compétent	963
souviens-tu	963
wonder	962
repérés	962
w.	962
keep	962
forfait	962
mourez	962
donneras	962
perturbée	961
transmet	961
tao	961
alabama	961
grandissant	961
first	961
cannelle	961
tricheur	961
alcooliques	961
challenge	961
improviser	960
applaudissez	960
écrivains	960
bethany	960
paralysie	960
hybride	960
moss	960
lars	959
spring	959
ampoules	959
compliquées	959
arrow	959
rédiger	959
galactica	959
gomme	959
ferait-il	959
turquie	959
assassinés	958
souche	958
imite	958
sortirait	958
raven	958
écarté	958
chinatown	958
proposes	958
diarrhée	958
tactiques	958
déserte	958
futures	958
décorer	957
divisé	957
effrayés	957
anomalies	957
penserait	957
mets-les	957
fréquenté	956
profites-en	956
constater	956
disputent	956
efficaces	956
flotter	956
reilly	956
issues	956
radical	956
inquiété	956
comprise	956
moches	956
automatiquement	956
inclure	956
réconcilier	956
loisirs	956
salé	955
aideront	955
causée	955
soucies	955
tirait	955
cate	955
épingle	955
divorcés	955
coup-là	955
clopes	955
etc	955
traînait	955
scénarios	954
débats	954
hilary	954
adoptée	954
vint	954
portés	954
t.j.	954
penserais	954
nobel	954
infinie	953
canaille	953
minnesota	953
serais-tu	953
défenseur	953
set	953
donneront	953
ethel	953
boxer	953
joies	953
huîtres	953
cavernes	952
médiocre	952
bruxelles	952
répliques	952
appropriée	952
dicton	952
eteins	952
pesos	952
gâches	952
horriblement	952
viendriez	952
thaïlande	951
artificiel	951
repensé	951
changerai	951
impliquant	951
suspendre	951
reproduction	951
gale	951
hoffman	951
souriant	951
rivières	951
garde-robe	950
ennuies	950
gilmore	950
joints	950
partante	950
buenos	950
yakuza	950
munich	949
inauguration	949
réfrigérateur	949
aimés	949
vitale	949
why	948
perez	948
dorée	948
applaudir	948
gifle	948
redescendre	948
bousiller	948
démence	948
bourre	947
interviews	947
vermont	947
utah	947
eliot	947
promettez-moi	947
crazy	947
valu	947
sensationnel	946
trompent	946
évoque	946
vocabulaire	946
affamée	946
âgés	946
magistrat	946
syd	946
bourgeois	946
ames	946
présumé	945
proverbe	945
fumez	945
incision	945
étions-nous	945
rivage	945
igor	945
suivantes	945
riker	945
tranchée	945
contrainte	945
puant	945
referme	945
gomez	945
reddington	945
composer	945
marient	945
exemplaires	945
daryl	945
crayons	944
abîmer	944
expulsion	944
cheese	944
considérant	944
paulo	943
rubrique	943
scotland	943
descendent	943
duper	943
rodéo	943
répand	943
cathédrale	943
dev	943
prenaient	943
confronté	943
silhouette	943
fang	943
chatouille	942
intercepté	942
intégré	942
agnès	942
échanges	942
hollis	942
démontrer	942
désactiver	942
foutues	942
olympique	942
seo	941
apprenant	941
crisse	941
valve	941
blonds	940
grossière	940
travaillez-vous	940
dégages	940
supposant	940
détend	940
berkeley	940
adressé	940
dentifrice	940
capuche	940
deviendrai	940
couronnes	939
vérifions	939
comparaître	939
rédaction	939
essayaient	939
interférer	939
anévrisme	939
hectares	939
chéris	938
agite	938
barton	938
kensi	938
conçue	938
martyr	938
laurent	938
mabel	938
sushi	938
pêre	938
appeller	938
aires	937
branle	937
biologiques	937
4h	937
décence	937
zen	937
implore	936
walden	936
roupies	936
touchera	936
dénonce	936
land	936
sourds	936
réceptionniste	936
eileen	936
demandiez	936
meufs	936
déco	936
infanterie	936
concurrent	935
piqûres	935
gratos	935
byron	935
flagrant	935
intègre	934
pêché	934
parquet	934
tablier	934
algorithme	934
surveilles	934
recueillir	934
réchauffement	934
folies	934
allergies	934
killer	934
rappellent	933
popularité	933
dîners	933
bide	933
crevée	933
reyes	933
hobby	933
étonnée	933
conservateur	933
renvoi	933
rotation	933
retomber	933
slade	932
applaudit	932
crocodile	932
divorcée	932
persuadée	932
only	932
perdrais	932
défaillance	932
plateforme	932
dauphins	931
tournevis	931
philly	931
malhonnête	931
gibier	931
stratégique	931
sanguins	931
analyste	931
rattrapé	931
habituels	931
paillettes	931
spartacus	931
mettes	930
rayé	930
éclipse	930
rituels	930
hicks	930
protégerai	930
masser	930
donjon	930
arrêteront	930
sorts	929
compétence	929
emmène-le	929
vaille	929
pourriture	929
familiales	929
asseyons-nous	929
comédien	929
brochure	929
lennox	929
géniales	929
jean-pierre	929
hallucine	928
ressemblant	928
fargo	928
écrouler	928
tai	928
dobbs	928
insultant	928
clochette	927
déçus	927
récupération	927
dix-huit	927
rencontrez	927
prévenez-moi	927
dansant	927
loyaux	927
suivront	926
danemark	926
circule	926
vinci	926
traînent	926
libertés	926
lutté	926
margo	926
agitée	926
hopkins	925
eût	925
bagdad	925
amenez-moi	925
annexe	925
repense	925
couche-toi	925
admet	925
thea	925
polie	925
blood	924
voyante	924
norris	924
ny	924
poignardée	924
sauna	924
vessie	924
stabilité	924
7e	924
usé	924
matelot	924
peser	924
remarquez	923
voulait-il	923
ingénieux	923
inférieure	923
tan	923
africain	923
éventreur	923
répit	923
finiront	923
coyote	922
blaireau	922
lucia	922
pie	922
enfreindre	922
gonfle	922
transpire	922
zeke	922
frotte	922
labeur	922
injecté	922
installez-vous	922
décomposition	922
quantique	922
cache-toi	922
buvant	921
arriverons	921
avouez	921
wanna	921
suffisent	921
statues	921
philosophe	921
best	921
reprends-toi	921
head	921
irène	921
porcelaine	921
vétéran	920
gonfler	920
ridge	920
admets-le	920
leroy	920
astuce	920
com	920
gardant	920
rétabli	920
caractéristiques	920
celia	919
mustang	919
traditionnelle	919
conférences	919
internat	919
vivras	919
habité	919
cara	919
massachusetts	919
pulmonaire	918
chapman	918
virgil	918
inscrite	918
avais-tu	918
partirais	918
denis	918
douane	918
jed	918
vives	918
mangeais	917
winter	917
charleston	917
karev	917
ressaisis-toi	917
boucherie	917
bertie	917
kidnappeur	917
déplacée	917
carly	917
exterminer	916
attrape-le	916
chemisier	916
vis-à-vis	916
clandestins	916
extrêmes	916
inverser	916
déterminée	916
stupidité	916
serrée	916
réside	916
empiré	915
ambitions	915
retourne-toi	915
en-dessous	915
eliza	915
traqué	915
insignifiant	915
strauss	915
supers	915
appellerait	914
mentionne	914
unit	914
regretté	914
correspondre	914
es-ce	913
america	913
coupées	913
piaule	913
maintes	913
gouvernements	913
secoue	912
fouilles	912
weston	912
colons	912
surveillée	912
rejoindrai	912
coutumes	912
masculine	911
gouffre	911
notamment	911
snob	911
bombay	911
garde-à-vous	911
ducky	911
évites	911
plages	911
acquérir	911
confrontation	910
formalité	910
protèges	910
matrice	910
vendant	910
deviendras	910
slim	910
émis	910
originaux	910
irruption	909
meth	909
meyer	909
marchais	909
meade	909
manoeuvre	909
passeront	908
gossip	908
corvée	908
dépêchons	908
talbot	908
intercepter	908
tonneau	908
argile	908
définitive	908
exécutif	908
impératrice	908
compensation	908
satanée	908
bâbord	908
humiliée	907
compatible	907
montés	907
missouri	907
stargate	907
insolent	907
manteaux	907
addiction	906
manucure	906
jobs	906
sitôt	906
subconscient	906
basses	906
homosexuels	906
mao	906
partiel	905
licorne	905
permettrai	905
hilton	905
carrefour	905
heights	905
télescope	905
évolue	905
repasserai	904
hue	904
remerciement	904
adorerait	904
pharaon	904
maxwell	904
dispositions	904
par-derrière	904
iron	904
mercy	904
journalisme	903
larges	903
possèdent	903
méditation	903
étonnante	903
infirme	903
doutez	903
stiles	903
compatriotes	903
sébastien	903
alerter	903
loupe	902
grottes	902
fleuriste	902
excursion	902
albums	902
découvrez	902
reçoivent	902
répandu	901
convaincus	901
bactéries	901
criminalité	901
balivernes	901
chandelle	901
ernest	901
desmond	900
prétendent	900
chars	900
roulette	900
baissée	900
etait-ce	900
crosse	900
fuites	900
gmt	900
3d	900
rappelée	900
decker	900
yen	899
danseuses	899
dodge	899
humilité	899
jag	899
escalader	899
bouchons	898
melvin	898
atterrit	898
émouvant	898
fitzgerald	898
soixante	898
contribué	898
cupcakes	898
ressuscité	898
oserais	897
noeuds	897
pékin	897
sportifs	897
dé	897
partirez	897
prédateurs	897
plausible	897
perdras	896
grogne	896
spécimen	896
space	896
pres	896
espaces	896
misé	896
élégance	896
panda	896
trompais	896
investissements	896
parvenu	896
chanel	895
frustré	895
pupilles	895
démonter	895
turcs	895
mettons-nous	895
oculaire	895
poulette	895
harlan	895
étalage	895
webb	895
gonzesses	895
peaux	894
regardez-la	894
yvonne	894
symptôme	894
domaines	894
cartman	894
couille	894
skye	894
décevant	894
leela	894
jugée	893
couillon	893
essaiera	893
demande-moi	893
again	893
hollande	893
lambert	893
sera-t-il	893
plane	893
molle	893
effondrement	893
herb	893
respectez	892
dunn	892
détachement	892
signifier	892
gratuites	892
lucide	892
richesses	892
attachez	892
placez	891
partiras	891
orléans	891
souciez	891
minuscules	891
aubrey	891
utilisera	891
crânien	891
frederick	891
perdrez	891
vivantes	891
calculer	891
saluez	890
relance	890
délinquant	890
grossir	890
ramirez	890
déterrer	890
mettez-la	890
klingons	890
genres	890
recommander	889
cultiver	889
grecque	889
stewie	889
relâchez	889
ryder	889
demi-million	889
oppa	889
méfie-toi	889
stationnement	888
honey	888
open	888
portons	888
compliquer	888
bret	888
stein	888
métallique	888
sécuriser	888
apportent	888
montre-nous	888
migraines	887
missy	887
formidables	887
rêvent	887
pascal	887
fus	887
publicitaire	887
sketch	887
devrait-on	887
bouches	887
éliminée	887
united	887
plantation	886
sin	886
ahmed	886
bûcher	886
jang	886
dynastie	886
remplacement	886
portugais	886
drap	886
ricardo	886
mourrons	886
claqué	886
po	886
der	886
odeurs	886
corrections	886
follement	885
carolyn	885
actualité	885
prospère	885
échappent	885
serrez	885
senior	885
assures	885
remontent	885
morning	885
entrera	885
elias	885
d.c.	885
rencards	885
parleras	885
chercheur	884
universités	884
belgique	884
régions	884
poétique	884
mêlez	883
discutera	883
relève-toi	883
autriche	883
dégonflé	883
reconstruction	883
futée	883
gâté	883
déchirée	883
cow-boys	883
paieras	883
vogue	883
bourrés	883
bretagne	883
diagnostiqué	883
macho	882
capotes	882
j.d.	882
pilotage	882
maquette	882
étudiantes	882
agressions	882
montait	882
bloquez	882
croisement	881
irina	881
hypothèque	881
vestiaires	881
chantais	881
aidant	881
maries	881
confirmée	881
fat	881
taxe	881
soulage	880
casques	880
lobe	880
bullock	880
brosser	880
going	880
valse	880
gentilhomme	880
isolée	879
culpabiliser	879
rouvrir	879
convertir	879
douanes	879
manier	879
retournent	879
distribue	879
istanbul	879
gandhi	878
remboursement	878
kenji	878
grove	878
québec	878
problême	878
saunders	878
bips	878
digérer	878
tre	878
gloussements	878
rembourse	878
circulez	878
rosemary	878
moustiques	878
saga	877
daddy	877
lux	877
nombril	877
achevé	877
jerome	877
ravissant	876
cornichons	876
calories	876
répondait	876
cabot	876
financièrement	876
excitante	876
élus	876
favorable	875
fascinante	875
laissez-passer	875
fonctionnait	875
facteurs	875
dansait	875
écrasée	875
trébuché	875
achètera	875
hubert	875
improviste	875
angus	875
jethro	875
moindres	874
compositeur	874
adolescence	874
brigitte	874
précieuses	874
entrainer	874
oser	874
brièvement	874
fais-nous	874
prends-les	873
sofa	873
manipule	873
kayla	873
leland	873
vulcain	873
charmants	873
anatomie	873
épouserai	872
dixième	872
gémit	872
achille	872
brillent	872
gratis	872
hanter	872
sceptique	872
forcez	872
amènent	872
changeait	872
ac	872
agiter	872
rassemblés	871
lunaire	871
rivers	871
découpé	871
master	871
contiennent	871
proviennent	871
donnerez	871
raccrochez	871
troie	870
identifiée	870
jarvis	870
rubis	870
surnaturel	870
installations	870
brut	870
manifester	870
faisait-il	870
poursuivent	870
abominable	869
activation	869
sors-moi	869
resterons	869
utiliserai	869
rencontrées	869
becker	869
tranché	869
perturbations	869
allie	869
petra	868
hold	868
menaçait	868
cherry	868
kathryn	868
confronter	868
désires	868
doit-il	868
ajoutez	868
intéresserait	868
stressant	867
samouraïs	867
hoover	867
inculpation	867
appeliez	867
garderie	867
légume	867
contredire	866
recevons	866
étui	866
abdos	866
entières	866
comprendront	866
croisade	866
prouvent	865
lil	865
dictionnaire	865
vendeuse	865
cambriolé	865
observez	865
institutrice	865
docks	865
eagle	864
constant	864
virilité	864
cake	864
méfiez-vous	864
renverse	864
niquer	864
débrouillerai	863
rite	863
hydrogène	863
successeur	863
sifflement	863
rédigé	863
litre	863
comprends-tu	863
brûlez	863
douteux	863
huitième	863
romaine	863
idéaux	863
souhaitez-vous	862
repenser	862
ressusciter	862
attrapent	862
messie	862
wars	862
ovni	862
chœur	862
olives	862
hippies	862
commerciale	862
expansion	862
maintiens	862
chico	862
balayer	861
contractions	861
collaborer	861
larguée	861
traitait	861
chercheurs	861
transactions	861
alma	861
soit-il	861
alimenter	861
culturel	861
menant	861
troublant	861
losers	860
chaperon	860
forum	860
indigènes	860
brevet	860
kathleen	860
cygne	860
respectueux	860
soutiennent	860
foutais	860
stabiliser	859
détruisent	859
daily	859
kimmy	859
épaisse	859
métaux	859
prénoms	859
olympiques	859
ecstasy	859
sénatrice	859
rand	859
entourent	859
orgie	858
riggs	858
caser	858
tensions	858
wild	858
clint	858
tempe	858
skate	858
clans	858
derrick	858
money	858
couvercle	858
channel	858
grossi	858
grissom	857
enjeux	857
jamaïque	857
everett	857
sondage	857
promouvoir	857
dires	857
relativement	857
rayures	857
fields	857
hip-hop	857
irving	857
races	857
infiltration	857
russel	857
lost	856
sûres	856
je-	856
exquis	856
tirage	856
fouine	855
manquais	855
barcelone	855
endort	855
ministres	855
clim	855
fleming	855
hilda	855
rosen	855
mâcher	855
remporte	855
always	854
carrés	854
foutez-moi	854
servis	854
ont-elles	854
saigné	854
honore	854
algues	854
inoubliable	854
viktor	854
enchaîné	854
tito	854
rivaliser	854
rice	854
perdait	854
ida	854
fiche-moi	853
ichi	853
émet	853
décollé	853
desole	853
piment	853
dickie	853
netflix	853
montons	853
réfléchissais	853
affronté	853
sushis	853
tristan	853
infliger	853
dirigée	853
saboté	853
brutus	853
impressionne	853
microbes	852
swat	852
continu	852
partagez	852
étonnamment	852
résistant	852
dimanches	852
empêchent	852
implant	852
granger	852
serrés	852
posture	851
préviens-moi	851
abattus	851
pride	851
identifie	851
some	851
russo	851
bénéfique	851
jets	851
hobbs	851
detective	851
butters	851
u.s.	851
bong	851
décidément	851
bénévole	850
arrivera-t-il	850
fasciste	850
simuler	850
elliott	850
slater	850
sachet	850
trahit	849
naturels	849
ecosse	849
apple	849
bernadette	849
spirale	849
abattoir	849
disparaîtra	849
rae	849
menait	849
durent	848
cochonneries	848
aboie	848
cas-là	848
démarrez	848
arretez	848
gaucher	848
territoires	848
essayez-vous	848
asiatiques	848
winnie	848
powers	848
vigueur	848
consolation	848
nypd	848
coquine	847
traverses	847
osaka	847
princes	847
dex	847
tueras	847
check	847
pleurais	847
remettrai	847
rendes	847
gain	847
christophe	847
orthographe	847
hélicoptères	846
mire	846
prioritaire	846
soutif	846
viens-là	846
tonight	846
sévèrement	846
retombe	846
vrille	846
dunham	846
conduisent	845
bbc	845
introduction	845
impardonnable	845
aimerais-tu	845
gouverne	845
regardaient	845
gères	845
fondations	845
récompensé	845
exiger	845
dream	845
baldwin	845
touchait	844
mettront	844
criminelles	844
sacrées	844
refrain	844
potentiellement	844
string	844
trame	844
maturité	844
xavier	844
retrouvailles	844
fixée	844
delhi	844
littéraire	843
anders	843
recréer	843
kono	843
pépin	843
éclairs	843
emerson	843
bright	843
positifs	843
blocage	843
séparée	843
capitole	843
attendrais	842
artérielle	842
chung	842
lillian	842
paragraphe	841
traversent	841
chiffon	841
aériennes	841
choeur	841
pi	841
tamara	841
déposez	841
gagnait	841
baronne	841
trempe	841
maternel	841
fire	841
distingué	841
instructeur	841
extorsion	840
détruites	840
sylvester	840
fluides	840
imaginons	840
fouetter	840
routier	840
uranium	840
gestapo	839
parés	839
abbé	839
kristen	839
seven	838
randolph	838
éclaire	838
london	838
rabb	838
lacets	838
flora	838
abed	838
héritière	838
real	838
gouverner	837
aléatoire	837
substances	837
webber	837
jugez	837
len	836
chanteurs	836
purge	836
yan	836
délais	836
impôt	836
décalage	836
destinés	836
longuement	836
brittany	836
madonna	836
négocié	835
dax	835
roberta	835
alvin	835
récoltes	835
flattée	835
plie	835
buisson	835
edo	835
lisent	835
ardoise	835
amènerai	835
excessive	835
attribué	835
matières	834
pendue	834
kidnappeurs	834
paramètres	834
comprendrai	834
rez-de-chaussée	834
extension	834
quotidienne	834
pitt	834
paternité	833
siffler	833
européen	833
aluminium	833
psychiatrie	833
conditionné	833
maintenu	833
barrages	833
paco	832
cérébrales	832
glamour	832
racisme	832
solidarité	832
vautours	832
terminées	832
bouillon	832
collecter	832
anya	831
supervision	831
mentaux	831
créent	831
planer	831
décennie	831
alberto	831
tempêtes	831
délits	831
paierez	831
noyade	831
pleuvait	831
classement	830
handicapés	830
aaah	830
gardienne	830
would	830
attirent	830
regardez-les	830
lue	830
bêtement	830
allégeance	830
vipère	830
expliquera	830
dirigez	830
véritables	829
d.j.	829
peters	829
buckley	829
froids	829
sunny	829
insuline	829
recevrez	829
laisseras	828
metteur	828
présage	828
confinement	828
serre-moi	828
mourut	828
delia	828
étiquettes	828
clic	827
wood	827
conduisant	827
cabaret	827
cmdt	827
mercer	827
locke	827
religieuses	827
axel	827
assis-toi	827
carrosse	827
tueraient	826
diminuer	826
ascenseurs	826
piratage	826
intellectuel	826
joanne	826
admettez	826
immature	826
attardé	826
familière	826
flirt	825
tends	825
dix-sept	825
b'	825
grasse	825
entité	825
then	825
disneyland	825
sanglier	824
battez-vous	824
mateo	824
edison	824
vielle	824
surveillait	824
ressentent	824
new-yorkais	824
obéit	824
massif	824
apte	824
intestin	824
poliment	824
constantes	823
femelles	823
amènera	823
fowler	823
pénètre	823
motards	823
insu	823
pensiez-vous	823
penseront	823
die	823
communique	822
ravitaillement	822
plaisez	822
prélèvement	822
panama	822
stricte	822
tic-tac	822
aurore	822
ravisseurs	822
thune	821
placement	821
coulson	821
timbre	821
dit-elle	821
radeau	821
alarmes	821
élevage	820
roxanne	820
corvées	820
bossais	820
raisonnables	820
emails	820
émettre	820
paume	820
discrimination	820
muté	820
bombardement	820
quittait	820
fugitifs	820
mister	820
marraine	820
gênez	819
formez	819
frappait	819
noce	819
basant	819
imprévu	819
saveur	819
européenne	819
pleurnicher	819
belle-soeur	819
whitey	819
crottes	819
arrangerai	819
clarté	819
désactivé	818
civilisé	818
contrôlez	818
corbeaux	818
miser	818
marley	818
n.	818
casserole	818
cologne	818
troll	817
approuver	817
soûler	817
sonnait	817
saddam	817
aspirer	817
bestioles	817
oú	817
défectueux	816
corporation	816
pensais-tu	816
arrêtez-les	816
changeant	816
prends-tu	816
allongez-vous	816
nova	816
alchimie	816
réforme	816
cambridge	816
jumelle	816
volante	816
projecteur	815
quadrant	815
pulsions	815
aidez-le	815
troublée	815
baril	815
sarcastique	815
apprise	815
tech	815
enseignants	815
désobéi	814
havane	814
béatrice	814
mandats	814
injecter	814
bouché	814
uniques	814
réglez	814
layla	814
incluant	814
aimerez	814
posera	814
samaritain	814
rêvez	814
allégations	814
gaston	814
ulysse	813
directeurs	813
démange	813
winters	813
0n	813
annuelle	813
kendall	813
fiables	813
yoko	813
modifications	813
créativité	812
paddy	812
agréables	812
trouvant	812
cosmique	812
oreillers	812
hamptons	812
tripp	812
volets	812
exposée	812
passiez	812
ballard	812
absents	812
mei	812
offrons	812
admirateur	811
charrette	811
grande-bretagne	811
qualifiée	811
celà	811
tanks	811
zhang	811
adèle	811
autoritaire	811
through	811
shillings	811
dalek	811
couchez	811
badges	811
cyanure	811
gagnerai	810
7h	810
dépendent	810
derriere	810
fade	810
hola	810
interférences	810
kaylie	810
éclairé	810
baies	810
économise	810
considérable	809
originaire	809
ada	809
watts	809
brutale	809
mariana	809
évoqué	809
lotus	809
vladimir	809
lutin	809
sos	809
fondée	809
rênes	808
feeling	808
salomon	808
hallucination	808
inventeur	808
hurlé	808
dévouée	808
huck	807
retournés	807
embarrasser	807
brutalement	807
rahul	807
fixes	807
versions	807
laveur	807
activez	807
orpheline	807
spray	807
billes	806
raylan	806
marquez	806
rentreras	806
moqué	806
yeong	806
chevet	806
désiré	806
écrivent	806
merveilleusement	806
apprécions	806
gino	806
présidentielle	806
titans	806
passionnée	806
charlatan	806
débarras	805
cactus	805
distraite	805
revaudrai	805
dévotion	805
nettoyez	805
dressé	804
bronzage	804
échographie	804
refermer	804
maquiller	804
foutait	804
romano	804
ouvrage	804
progresser	804
terrien	803
retrouve-moi	803
déplacements	803
his	803
had	803
monique	803
brutalité	803
attrapes	803
charabia	803
sanglant	803
changeras	803
priori	803
financé	803
devin	803
débrouillé	803
funèbres	803
around	802
suicides	802
deviendrais	802
eduardo	802
ernesto	802
grimpé	802
gerard	802
parlerez	802
cisco	802
dégoutant	802
insinuez	801
nié	801
perdais	801
courtier	801
murmures	801
clones	801
croissant	801
hotch	801
neuves	801
recoudre	801
descendons	801
partielle	800
lésion	800
schtroumpf	800
gaius	800
déclencheur	800
chow	799
dino	799
astrid	799
alfredo	799
appelle-la	799
vertiges	799
sociopathe	799
britney	799
gagnée	799
5h	799
commerciaux	799
excuse-toi	799
nino	799
edmund	799
téléchargé	799
baptiste	799
cherie	799
exciter	799
brouillés	799
incapacité	799
patsy	798
chouchou	798
rapprochent	798
newport	798
cdc	798
prenez-la	798
pare-balles	798
réflexes	798
chauffeurs	798
lustres	798
pénal	798
complets	798
symbolique	798
dépêchez	798
c.j.	797
indemne	797
bavardage	797
étaient-ils	797
columbo	797
communion	797
civilisations	797
distant	797
full	797
pilier	797
chuté	797
perspicace	797
sabots	797
raisonnement	797
impossibles	797
pécheurs	796
swing	796
expose	796
errer	796
musclé	796
salée	796
saouler	796
blah	796
superficiel	795
fie	795
assied	795
aggraver	795
excessif	795
délégué	794
inconnues	794
farrell	794
européens	794
mémorable	794
administrateur	794
dépourvu	794
chantons	794
flots	794
supportes	794
traversant	794
faites-nous	794
ajuster	794
alphabet	793
magic	793
bundy	793
amère	793
emmenez-vous	793
sea	793
élimination	793
much	793
bondé	793
coming	793
hodges	793
appelez-le	792
achetait	792
renommée	792
illico	792
résolus	792
violences	792
tabatha	792
yun	792
relancer	792
ramsey	792
régulière	792
vendra	791
hollow	791
fonctionnaires	791
compromise	791
declan	791
surgi	791
débrouille-toi	791
talentueuse	791
ouvre-moi	791
exigeant	791
damné	790
inspectrice	790
sweets	790
freeman	790
sat	790
phaseurs	790
illégaux	790
plantés	790
immunitaire	790
acclamations	790
débuter	790
swan	790
réfléchis-y	790
salem	790
distinction	790
mourrir	789
forrest	789
user	789
roscoe	789
couchant	789
coussins	789
titanic	789
confirment	789
ôte	789
sup	789
hood	788
sweat	788
verrouiller	788
odin	788
tentait	788
actrices	788
décida	788
tendances	788
camouflage	788
ile	788
connaîtra	788
uni	788
gâtée	788
parsons	788
abandonnées	787
inconfortable	787
créant	787
roulez	787
please	787
construis	787
jacqueline	787
énergétique	787
filets	787
crasse	786
barrières	786
plié	786
escouade	786
oracle	786
réparée	786
domination	786
tribunaux	786
maquereau	786
cerises	786
harmon	786
sucette	786
éprouver	786
présenterai	785
made	785
attaches	785
hulk	785
alexandra	785
reines	785
seal	785
sourires	785
piques	784
caraïbes	784
fumait	784
darius	784
épuisant	784
brownies	784
fae	784
vieillesse	784
animés	784
fournis	784
cabe	783
landry	783
thermique	783
alf	783
6ème	783
participants	783
taillé	783
entiers	783
belle-sœur	783
capté	783
rassuré	782
boches	782
vilains	782
thornton	782
keen	782
winchester	782
reconnaissez-vous	782
aération	782
présidents	782
cocher	782
prolonger	782
w	782
peins	781
arrivaient	781
emilio	781
effondrée	781
norvège	781
sauvegarde	781
infectés	781
frire	780
mercenaire	780
horn	780
montre-leur	780
ennuyant	780
nationales	780
hologramme	780
élastique	780
dorian	780
evie	780
marguerite	780
hell	780
funèbre	780
renaître	779
coupons	779
baptisé	779
ouvrons	779
traversez	779
ficelle	779
yards	779
microscope	779
détaché	779
laverie	779
wendell	779
bossent	779
blanchir	779
politiquement	779
meuble	779
ramenez-le	779
choisissent	778
entraider	778
poètes	778
demanda	778
réconfortant	778
alligator	778
envoyons	778
psychologiques	778
payant	778
trafiqué	778
rêvait	778
far	778
norm	778
crevette	778
distingue	778
leila	778
barge	778
arrangements	778
z.	778
gérard	777
psychique	777
mcdonald	777
mûre	777
concentrons-nous	777
rip	777
licencié	777
cholestérol	777
confisqué	777
déplacent	777
avide	777
constitue	777
jae	777
vélos	776
tambours	776
dois-tu	776
8e	776
visiontext	776
engagements	776
ouvrant	776
entendant	776
elfe	776
débarrasse-toi	776
guerrière	776
félicitation	776
retrouveras	776
assurez	775
surnommé	775
exécute	775
arabie	775
tripoter	775
centimètre	775
télécharger	775
motivations	775
grâces	774
pou	774
a.j.	774
field	774
loretta	774
salvatore	774
déshabille-toi	774
hurlements	774
météorite	774
muette	774
fragiles	774
flottant	773
compléter	773
vieillit	773
dévore	773
craintes	773
dell	773
csi	773
lanterne	773
clientes	773
plouc	773
savons-nous	773
athènes	773
pipes	773
domine	773
pacific	773
ingrédient	772
embrouiller	772
clique	772
dyson	772
présentations	772
fissure	772
bijouterie	772
chaussons	772
barker	772
casinos	772
homosexualité	771
reverrez	771
nostalgie	771
christie	771
vito	771
mad	771
queues	771
échappatoire	771
démo	771
bandage	771
financières	771
spaghetti	771
tatie	771
quantico	771
interrogatoires	771
choque	771
church	770
reflète	770
nah	770
superstar	770
pouvais-je	770
aurora	770
parlez-lui	770
rencart	770
innombrables	770
léopard	770
thorne	770
primitif	769
nouveauté	769
affectation	769
trouva	769
manquée	769
staline	769
épeler	769
souvenais	768
garde-la	768
fais-en	768
redevenu	768
subtile	768
douilles	768
syndicats	768
ffea2f	768
principales	768
stern	768
déclarée	768
arrêtiez	768
sarcasme	768
turtle	767
produise	767
causés	767
tuerie	767
coopère	767
psycho	767
paiements	767
banale	767
judicieux	767
considérée	767
consignes	767
pollution	766
omega	766
pêches	766
agaçant	766
ruiz	766
divya	766
portez-vous	766
écrive	766
cc	766
frappe-le	766
quelque-chose	766
climatique	766
bluffe	766
chialer	766
scrupules	765
ralentissez	765
sortaient	765
montrez-vous	765
tranchant	765
oublieras	765
wing	765
fertilité	765
destructeur	765
trio	765
amulette	765
paupières	765
hazel	765
transfère	765
stimulant	765
licenciement	765
travaillera	764
quarterback	764
valide	764
urne	764
wouah	764
emmène-la	764
canular	764
coûts	764
spécifiquement	764
pose-le	764
mcnally	764
lina	764
liquider	764
lizzy	763
cadenas	763
comprimés	763
oleg	763
contrer	763
tremper	762
substitut	762
coiffer	762
lisse	762
jojo	762
sybil	762
tribune	762
diminué	762
tree	762
sponsor	762
jacobs	762
platine	762
trouillard	762
paraît-il	762
pérou	762
verrouillage	761
hic	761
immoral	761
superficielle	761
insuffisance	761
marnie	761
tête-à-tête	761
bing	761
dash	761
cambrioler	761
wons	761
créneau	761
sicile	760
osseuse	760
scolarité	760
croies	760
lacs	760
ruben	760
cutler	760
latino	760
teri	760
bibliothécaire	760
épicé	759
attendrons	759
lus	759
offrait	759
video	759
hydra	759
last	759
casiers	759
exerce	759
échappés	759
éloge	759
tiroirs	759
évacué	759
caire	759
stresse	759
bryant	758
dupe	758
inhabituelle	758
bouffée	758
dessein	758
inestimable	758
hutch	758
apprennes	758
industrielle	758
ravisseur	758
balayage	758
concentrés	758
songer	758
égocentrique	758
raton	757
ordonner	757
portiez	757
sibérie	757
cambriolages	757
combustion	757
préoccupation	757
forgeron	757
déj	757
racheté	757
royce	757
quincaillerie	757
souhaitent	757
râler	756
paniers	756
inventée	756
raines	756
ressorti	756
dévoré	756
accouché	756
éduquer	756
évitera	755
renversée	755
plaisanteries	755
aucunes	755
proposez	755
yi	755
sphère	755
mangerais	755
sosie	755
classer	755
détache	755
contribuer	755
siobhan	755
argh	755
cassez	754
espérance	754
tâchez	754
lynch	754
cachant	754
eclair	754
patch	754
performances	754
reproduit	754
mouillés	754
casa	754
régional	754
prochainement	754
lavon	753
tromperie	753
renvoyez	753
botté	753
ain	753
fonctionnera	753
compréhensif	753
sacha	753
bowman	753
charmes	753
corrompus	753
enrichir	752
souhaitais	752
maddy	752
contremaître	752
rappelait	752
méga	752
dogs	752
subtitles	752
démocratique	752
amir	752
vedettes	752
profonds	751
uld	751
décret	751
scolaires	751
18h	751
neuvième	751
superstition	751
ss	751
piètre	751
énervez	751
confirmez	751
sykes	751
pourrait-elle	751
manifestants	750
anus	750
greer	750
brusque	750
nocturnes	750
largue	750
scanners	750
laisserez	750
brother	750
bile	750
adhésif	750
signifient	750
fur	749
sodium	749
ephram	749
fair	749
stoppé	749
disparaissez	749
leucémie	749
luisa	749
protester	749
darwin	749
sung	749
rides	749
antiquité	749
soulevé	749
bordeaux	749
heil	748
hit	748
obligez	748
cecil	748
placards	748
calmez	748
pv	748
liberty	748
menacent	748
waters	748
something	748
crosby	748
lourdement	748
perche	748
corrigé	747
splendeur	747
calmants	747
peck	747
boucle-la	747
traitre	747
tolère	747
comportements	747
rocco	747
marshals	747
sanglante	747
ozzy	747
protégeait	747
howie	747
guichet	746
violoncelle	746
malpoli	746
fugue	746
selfridge	746
initiale	746
brock	746
muse	746
profitez-en	746
we'	746
sérénité	746
ennuyé	746
enzo	746
étre	745
collectionneur	745
pré	745
solitaires	745
mira	745
porteuse	745
infaillible	745
collaborateurs	745
underwood	745
acceptons	744
racistes	744
ramenez-moi	744
brass	744
prenez-moi	744
gone	744
arnie	744
cochonne	744
rain	744
index	744
science-fiction	744
épique	743
tite	743
conduise	743
balances	743
frappant	743
renifle	743
cuits	743
hadès	743
menotté	743
transférée	743
paroi	743
reproduise	743
radiateur	742
gorilles	742
darnell	742
présentateur	742
justifié	742
smallville	742
obscène	742
resynchro	742
gourou	741
kiss	741
rejoindra	741
historiques	741
entrave	741
otan	741
wilfred	741
flinguer	741
guéris	741
compatis	741
transpirer	741
obèse	741
récompenses	741
comporté	741
grandement	741
délégation	741
them	740
amoché	740
découverts	740
guidé	740
posais	740
n'roll	740
crampes	740
durable	740
romantisme	740
vivrez	740
méchanceté	740
attirés	740
griffe	740
génétiquement	740
company	740
manifestations	740
intelligentes	740
vingt-cinq	740
millénaire	739
prouve-le	739
aperçois	739
il-te-plait	739
distributeurs	739
17h	739
naissent	739
aller-retour	739
molécules	739
croirez	739
banquiers	738
acceptez-vous	738
étoffe	738
passera-t-il	738
précoce	738
séisme	738
sortilège	738
cliniques	738
fallon	738
finissons	738
barbier	737
sortiront	737
novice	737
emmenez-les	737
caractères	737
apprendrez	737
polaire	737
maladroite	737
influencé	737
pieux	737
agressivité	737
lili	737
parvient	737
poilu	737
redis	737
ave	737
conscients	737
hibou	737
recharger	736
rabais	736
auxiliaire	736
bossez	736
soviétiques	736
baguettes	736
bangkok	736
patientez	736
ravin	736
accepterais	736
suggérez	735
mafieux	735
carcasse	735
embrouilles	735
huissier	735
tombées	735
répètes	735
vendues	735
comédies	735
cassez-vous	735
atouts	735
micki	735
écrasés	735
abu	734
surveillant	734
vigile	734
demi-frère	734
parfums	734
attirance	734
salvador	734
retraité	734
inattendue	734
gueuler	734
mendiant	734
payson	734
commandez	734
1h	734
torpille	734
sénateurs	734
comprendrait	734
amoureuses	734
emmerdeur	733
cubains	733
euphémisme	733
laisserons	733
bactérie	733
laissons-le	733
chariots	733
utilisaient	733
accrochée	733
élaboré	733
bavarde	733
tatoué	733
compose	732
liqueur	732
atomes	732
là-dehors	732
plaquer	732
foncez	732
amos	732
capter	732
abondance	732
fainéant	732
cherchera	731
mayonnaise	731
harcelé	731
absorbé	731
shepard	731
récupérez	731
frappent	731
true	731
eloignez-vous	730
envoyant	730
déborde	730
minces	730
dingo	730
devenant	730
renee	730
lâchez-la	730
gigi	730
fournisseurs	730
pharmaceutique	730
vérités	730
draper	730
cartouche	730
bientot	730
évoquer	730
endormis	730
22h	730
synchronisation	730
unie	729
aideras	729
instantanément	729
séduction	729
brandi	729
cendrier	729
cotés	729
arrêterait	729
stockholm	729
ulcère	729
économisé	729
prophètes	729
dictateur	729
pantin	729
réciter	728
affreusement	728
cheyenne	728
investisseur	728
syrie	728
lyla	728
maintien	728
roth	728
edouard	728
pratiqué	728
éloignez	728
dévasté	728
dégagée	728
mascarade	728
crabes	728
still	728
assises	728
dormira	727
atteindra	727
tact	727
astucieux	727
devenais	727
marcos	727
bled	727
norton	727
ziggy	727
camelote	726
défié	726
stables	726
bénévolat	726
glacier	726
wa	726
fichons	726
engrais	726
insinues	726
éventualité	726
réjouit	726
croyez-le	725
gênes	725
impérial	725
idem	725
garantit	725
soeurette	725
feng	725
primaires	725
verrouille	725
summers	725
thing	725
cherches-tu	725
salement	725
exigé	725
phénomènes	725
ping-pong	724
retrouverez	724
détraqué	724
rodrigo	724
fichait	724
potassium	724
jument	724
gabby	724
things	724
composants	724
pingouins	724
rahl	723
commet	723
androïde	723
chu	723
gendarmes	723
hostilité	723
reliés	723
mente	723
rã	723
optimisme	723
carreaux	723
metal	723
cupidité	722
marrons	722
trolls	722
cruels	722
suzie	722
nam	722
gaspillage	722
copié	722
robuste	722
dépendait	722
extase	721
insistes	721
zizi	721
intervenu	721
conduirai	721
débarasser	721
berry	721
mossad	721
tourbillon	721
riant	721
portraits	721
décisif	721
satisfaits	721
glorieuse	721
bicyclette	721
pantoufles	721
gracias	721
rendrais	721
patientes	721
inondation	721
trinquons	721
découpe	721
shampoing	721
évacuez	721
descendants	721
détends	721
intentionnellement	721
holland	721
préparais	720
caïd	720
pendule	720
décapité	720
datant	720
torches	720
pointure	720
globale	720
formalités	720
bmw	720
mellie	720
verrouillez	720
variété	720
engins	720
pioche	720
naufrage	720
pot-de-vin	720
déballer	720
shot	719
jeong	719
comportes	719
tomas	719
gore	719
veillé	719
divulguer	719
reconnaitre	719
tournées	719
conservé	719
apaches	719
oncles	719
expérimental	719
détenue	719
extrémité	719
hogan	719
biberon	719
mind	719
line	719
lexi	719
prospectus	719
accessible	719
marlowe	718
riait	718
combiné	718
islande	718
nique	718
intoxication	718
écureuils	718
sweeney	718
péri	718
surcharge	718
popcorn	718
descende	718
enchère	718
habituelles	718
michaels	718
infectée	718
garcon	718
couchais	717
démasqué	717
referai	717
absorber	717
discutait	717
indications	717
freya	717
caillot	717
yuan	717
chiante	717
owens	717
capturés	717
menacez	717
impressions	717
11h	716
accuses	716
organismes	716
coroner	716
fatiguer	716
gifler	716
laden	716
luciano	716
habitais	716
composée	716
friends	716
légers	716
interrogation	715
violentes	715
perplexe	715
beautés	715
représenté	715
hum-hum	715
armurerie	715
stupéfiants	715
verrous	715
alimentaires	715
orion	715
donne-la-moi	715
pénitencier	715
fichais	715
afficher	714
pénitence	714
interface	714
trouves-tu	714
dépositions	714
brigadier	714
vibre	714
avançons	714
réfléchissons	714
linus	714
devriez-vous	714
cannabis	714
galactique	714
habitant	714
choquer	713
argenterie	713
prestige	713
circonstance	713
hamster	713
brouiller	713
lavabo	713
assembler	713
lâchent	713
deborah	713
wahou	713
indiquant	712
laissez-vous	712
moléculaire	712
annette	712
dirons	712
gong	712
descendus	712
israéliens	712
synthétique	712
barbu	712
prématuré	712
instituteur	712
that'	712
réveillez	712
cobaye	712
pourrai-je	712
branlette	712
respirateur	711
diabétique	711
irlandaise	711
hétéros	711
eteignez	711
guitariste	711
fléchettes	711
électroniques	711
attaquant	711
jaguar	711
tranchées	711
orge	711
utilisais	711
starbuck	711
commandeur	711
ventilateur	711
déploiement	710
récompenser	710
cutter	710
pence	710
surmonté	710
dérapé	710
q.	710
lirai	710
channing	710
luigi	710
him	710
embrassez	710
déserté	710
krusty	710
plaignant	710
mohammed	710
dues	710
alla	710
pointu	709
sentirai	709
fasciné	709
respectes	709
cubain	709
suggérez-vous	709
paradise	709
manquerait	709
fauchés	709
manqueras	709
réalistes	709
mccarthy	709
noirceur	709
entretuer	709
tailles	709
special	709
gaie	709
communautaire	708
grille-pain	708
périodes	708
fondement	708
lorna	708
amertume	708
considérés	708
brûlante	707
labos	707
brisco	707
penchant	707
telephone	707
stylos	707
rations	707
myers	707
im	707
burgers	707
entrait	707
attractions	707
cages	706
easy	706
débordée	706
ping	706
tabouret	706
wei	706
margie	706
virtuel	706
aiguë	706
viagra	706
miteux	706
assignation	705
survivent	705
astéroïde	705
méditer	705
play	705
at-il	705
janine	705
parchemin	705
fréquent	705
révision	705
caprices	705
lucious	705
mordue	705
hayden	705
amène-le	705
paries	705
sous-marins	705
emilie	705
purgatoire	704
routière	704
éveiller	704
avoine	704
parais	704
school	704
gabi	704
progression	704
fracas	704
mettiez	704
rééducation	704
pluies	704
universelle	704
damian	704
bourses	704
élémentaire	704
mettras	704
caille	703
endurance	703
publication	703
milord	703
traceur	703
romeo	703
boucan	703
joins	703
'je	703
biographie	703
revoie	703
dixie	702
inhumain	702
déguisée	702
gland	702
abattue	702
pine	702
confortablement	702
pawnee	702
tong	702
sourcier	702
hypocrisie	702
lá	702
lunes	702
fréquentes	702
souhaitait	702
ãªtre	702
cools	702
shea	702
anarchie	701
cachot	701
sables	701
davy	701
duquel	701
vancouver	701
gigolo	701
zurich	701
attentats	701
artefact	701
cockpit	701
pacha	701
universel	700
consigne	700
enquêtons	700
gymnastique	700
redresser	700
dispersez-vous	700
neptune	700
marcia	700
détesterais	700
directives	700
illustre	700
sème	700
avancées	700
taj	700
trempée	700
sucreries	700
dupé	700
tranches	699
blessant	699
herpès	699
absenter	699
valez	699
donnaient	699
initié	699
frousse	699
perfusion	699
admise	699
brillantes	699
contamination	699
essaies-tu	699
gagneras	699
tordre	698
produite	698
ragnar	698
ôté	698
august	698
rondes	698
lucie	698
omis	698
répertoire	698
objections	698
rapidité	698
five	698
retrouvées	698
roulait	698
navale	698
fete	697
opposée	697
aiderez	697
barrez-vous	697
carrières	697
bougre	697
isolés	697
goûtez	697
appellé	697
great	697
caprice	697
barlow	697
approvisionnement	697
inspirez	697
ever	697
colocataires	696
lelouch	696
cheeseburger	696
plaignent	696
valium	696
three	696
veuves	696
achetées	696
every	696
retrouverons	696
propage	696
paso	696
manson	696
essuie	696
toxines	696
jouiez	696
morsures	696
foutrement	696
quarts	696
rationnel	695
invoquer	695
humanitaire	695
manuels	695
occidentale	695
ancêtre	695
possédée	695
ici-bas	695
story	695
corporelle	695
familiaux	695
singapour	695
désintoxication	694
racontais	694
mémorial	694
jaime	694
davey	694
adapte	694
glacial	694
modestie	694
stokes	694
discutez	694
youpi	694
veut-elle	694
transforment	694
procure	693
hystérie	693
débrancher	693
deviendront	693
b.d.	693
nothing	693
tantes	693
margarita	692
rassure-toi	692
diva	692
chaudière	692
tremblements	692
sous-estime	692
goldman	692
intervient	692
exclusive	692
planet	692
weiss	691
détourne	691
évacue	691
penelope	691
ivoire	691
hopper	691
recommandations	691
free	691
puceau	691
signerai	691
brancard	691
essentielle	691
rentable	691
coûterait	691
gagne-pain	691
nourrissent	691
reconsidérer	691
candace	691
cory	691
yates	690
enrique	690
marquée	690
estimer	690
croquer	690
louches	690
iceberg	690
étable	690
caffrey	690
reeves	689
contrôlée	689
escobar	689
soldes	689
dresse	689
paraissent	689
canaux	689
arrêterais	689
légères	689
rendors-toi	689
mayday	689
beta	689
after	689
ocean	689
définit	689
espace-temps	689
conteneur	689
hématome	689
emmy	689
toxico	689
poppy	688
buchanan	688
sportive	688
magnez-vous	688
mettez-moi	688
humm	688
mourait	688
imposé	688
lointaine	688
carroll	688
élargir	688
courrez	688
garth	688
sunset	688
différends	688
uss	688
exemples	687
approche-toi	687
débordés	687
proteste	687
hériter	687
really	687
comparable	687
reprennent	687
wilder	687
leigh	687
livrée	687
tampons	687
musculaire	687
indiscret	687
sacoche	687
micah	687
injections	687
collectionne	687
maritime	687
mécontent	686
izzie	686
15h	686
égoïstes	686
maroc	686
apparement	686
coran	686
wilkes	686
shay	686
javel	686
seigneurie	686
vieillis	686
bahamas	686
kris	686
videz	686
kung	686
proies	686
précisé	685
solaires	685
tordus	685
prévisions	685
vomis	685
payées	685
vomit	685
pink	685
impulsif	685
possédez	685
censées	685
répétait	685
glissant	685
superviser	685
désarmé	685
elfes	685
emile	684
tex	684
activée	684
viols	684
accéléré	684
neville	684
adorée	684
talibans	683
vi	683
respiratoires	683
punit	683
empathie	683
geoff	683
servirai	683
attendront	683
déclenchée	683
patins	683
déduis	683
variole	683
prémédité	683
fiesta	683
bookmaker	683
hoyt	683
mets-moi	683
hung	683
pearson	682
goodman	682
felicia	682
tourmente	682
réconciliation	682
conway	682
demi-douzaine	682
grabuge	682
photographes	682
copenhague	682
concernés	682
jupes	682
bavé	681
mathilde	681
burrito	681
panthers	681
narcissique	681
porteurs	681
larsen	681
rejoignent	681
azote	681
ronds	681
sacrifie	681
kyoto	681
hampshire	681
gob	681
débarquent	680
confiée	680
renseigne	680
sotte	680
urbaine	680
diriges	680
hommages	680
fuient	680
préférez-vous	680
progéniture	680
apprécierait	680
vérifiais	680
boiteux	680
partageait	680
walters	680
obéissance	680
coréens	680
années-lumière	679
gagnais	679
caniveau	679
vacarme	679
saisissez	679
tirerai	679
courais	679
perf	679
coûteux	679
incompétence	679
refilé	679
camping-car	679
adolf	679
whitman	679
battons	679
bach	679
écoutiez	679
véto	679
dépassent	678
albuquerque	678
exagérer	678
apportée	678
ambulanciers	678
vigilant	678
soutenue	678
australien	678
sous-estimez	678
constaté	678
hiro	678
hut	678
couchés	678
diplomatie	678
canadiens	678
organisations	678
survivrai	678
torride	678
quantités	678
roches	678
inquiéte	678
espére	677
manquante	677
rivaux	677
takashi	677
devlin	677
satisfaisant	677
teniez	677
simulé	677
mr.	677
françaises	677
has	677
veuf	677
upper	677
véritablement	677
maxine	676
intouchable	676
offrande	676
salt	676
passif	676
gunther	676
traine	676
cold	676
renouveler	676
congelé	676
écouterai	676
vécue	676
savourer	676
eiffel	676
intimidation	676
hostiles	676
10e	675
distractions	675
retrouvons	675
magnum	675
eugène	675
embrassent	675
halètements	675
galles	675
franky	675
indifférent	675
poursuivons	675
encerclé	675
dirk	675
hurlait	675
approchons	675
viviez	675
réanimation	674
reposent	674
cuddy	674
spectateur	674
obtienne	674
bidons	674
morbide	674
imminent	674
narcotiques	674
signés	674
caldwell	674
embarrassée	674
vainqueurs	674
tiendrais	673
mutinerie	673
sucé	673
essayerai	673
propulsion	673
sécu	673
brewster	673
soignée	673
arrachée	673
censure	673
regarde-nous	673
rossignol	673
braguette	673
aéroports	673
obéi	673
naval	672
déluge	672
baby-sitting	672
sisko	672
k.o.	672
pendentif	672
nil	672
foraine	672
gardés	672
poursuivis	672
tronçonneuse	672
freine	672
étroite	672
kiosque	672
jargon	672
concitoyens	672
amour-propre	672
potentielle	672
réveillés	672
gaspille	671
rayer	671
encouragement	671
chargera	671
chum	671
provocation	671
affectée	671
courtois	671
crampe	671
énervant	671
wyoming	671
remplies	671
pourries	671
codé	671
tofu	671
recommençons	671
importait	671
wah	671
inversé	671
enregistrés	670
dégoût	670
hagen	670
religions	670
embouteillages	670
chattes	670
prostate	670
cannes	670
bee	670
gâchez	670
vocal	670
mangeur	670
salsa	670
dépendra	670
souviendrais	670
prêteur	670
probabilités	670
effacée	669
glasgow	669
16h	669
envergure	669
souviennent	669
neiges	669
rêveur	669
19h	669
accessoire	669
partiront	669
ivrognes	669
hospice	669
larbin	669
affichage	668
maillots	668
remontée	668
ramène-le	668
interrogée	668
poursuivie	668
peace	668
tue-la	668
dangereusement	668
forman	668
louanges	668
anticiper	668
bougeait	668
joyeuses	668
pornographie	668
zèle	668
philippines	668
math	668
motive	668
massages	668
ching	667
bombardiers	667
berner	667
il-vous-plait	667
tri	667
odo	667
hypothèses	667
perturbant	667
exotiques	667
intervalle	667
aptitude	667
talk	666
crois-le	666
sox	666
sentiez	666
catastrophique	666
fers	666
emportée	666
banquette	666
idaho	666
20e	666
toucherai	666
programmation	666
ous	666
zachary	666
sandales	666
francesco	666
sonnez	666
dis-toi	666
dégoûtante	666
approximativement	665
augmentent	665
encens	665
fe	665
latte	665
contrarie	665
poutre	665
défendue	665
patton	665
abandonnent	665
réservations	665
mélissa	664
concernait	664
abordé	664
lasers	664
simplicité	664
mélancolique	664
sœurette	664
revues	664
book	664
pend	664
dolores	664
visibles	664
deep	664
racontée	664
psychose	664
connexions	664
moquait	664
suggèrent	663
bison	663
corinne	663
entrainé	663
papas	663
esquiver	663
marius	663
rejoigne	663
répondais	663
viking	663
bousculer	663
collective	663
ramassez	663
sortit	663
entendues	663
varsovie	663
félicité	663
affirmé	662
minorité	662
réclamé	662
mobiles	662
transparent	662
quittons	662
communisme	662
publie	662
coup-ci	662
steele	662
energie	662
dusty	662
figures	662
mitzvah	662
abat	662
balançoire	661
repentir	661
mst	661
préparons	661
sèches	661
pharmacien	661
clare	661
blanchi	661
consommer	661
portugal	661
élire	661
imprimante	661
hu	661
météorites	661
cuvette	661
jekyll	661
chimiste	661
artères	661
bentley	661
marqués	661
boirai	660
ultimatum	660
héberger	660
dentelle	660
décompte	660
shield	660
pops	660
impensable	660
pas-	660
reconduire	660
approchez-vous	659
yin	659
obtiennent	659
garnison	659
lonnie	659
pécheur	659
visant	659
foireux	659
marqueur	659
préférait	659
nbc	659
post-traumatique	659
cincinnati	658
énigmes	658
égoïsme	658
toxine	658
montrez-nous	658
bradford	658
recueilli	658
patrimoine	658
chopper	658
crackers	658
révélations	658
située	658
méchantes	658
épine	658
adler	658
cirer	658
hépatite	658
anéantie	658
pizzeria	657
inventions	657
supérieures	657
admirez	657
terrifiante	657
collée	657
jouée	657
côtelettes	657
garanties	657
mcnamara	657
programmer	657
oã	657
occupées	657
prestation	657
escale	657
cramer	657
mendoza	656
tenace	656
transe	656
president	656
tyrannie	656
chinoises	656
nettement	656
ailô	656
éteintes	656
considèrent	656
progressé	656
cloué	656
incompétent	656
murdock	655
dépôts	655
garibaldi	655
bin	655
martiens	655
sacramento	655
interdites	655
accueillons	655
professionnelles	655
merle	655
comblé	655
maxi	655
della	655
carrington	655
saturation	655
éclaireur	655
confondu	655
nebraska	654
demandés	654
réservoirs	654
passerons	654
envahit	654
transmets	654
hongrois	654
renvoyés	654
picoler	654
shaun	654
est-	654
delaney	654
fascistes	654
fiscale	654
températures	654
recoins	654
volontés	654
lowell	654
raffiné	654
blacks	654
conjugale	654
poignées	654
bebe	653
sécheresse	653
canadienne	653
carlson	653
surpasser	653
initiation	653
menacés	653
motiver	653
dougie	653
emmenais	653
wolfe	653
pretty	653
couvrent	652
sinatra	652
contempler	652
drole	652
serez-vous	652
brenner	652
aînés	652
archevêque	652
family	652
loisir	652
mythologie	652
parrish	652
jures	652
riposter	652
automatiques	652
ipod	652
formés	652
mœurs	651
kimberly	651
procède	651
indépendants	651
simms	651
regardes-tu	651
nichols	651
quark	651
inspirée	651
initial	651
melody	651
trier	651
dépens	651
bowie	651
luka	651
bille	651
soute	651
trucs-là	650
désigner	650
projeté	650
respires	650
clodo	650
exorcisme	650
savants	650
jetterai	650
appréciée	650
torts	650
cécile	650
sioux	650
camé	650
glacière	650
flan	650
brandt	650
tope	650
orgue	649
premiére	649
visuelle	649
apportait	649
marx	649
faites-en	649
chirurgicale	649
katya	649
animale	649
abbey	649
pressions	649
donation	649
cerf-volant	649
nazes	648
pinocchio	648
crypte	648
solomon	648
figure-toi	648
créative	648
hermann	648
ménager	648
vautour	648
ennuierait	648
fœtus	648
terminus	648
bourrer	648
déchet	648
zhao	648
lache	648
transporteur	648
intégration	648
réussira	648
reporté	647
raul	647
jugés	647
pommade	647
iis	647
blade	647
lucius	647
déclin	647
diables	647
incognito	647
sommets	647
atteigne	647
laisse-lui	647
exagérez	647
épines	647
obscure	647
apache	647
quelqu	647
mayo	647
rôde	647
démolition	647
douillet	646
tomba	646
tige	646
por	646
shinji	646
spécifiques	646
ivres	646
réduits	646
duffy	646
effroyable	646
ukraine	646
fâchés	646
pétards	646
patriotes	646
cardassiens	646
sait-elle	646
duane	645
accidentelle	645
sonar	645
thérèse	645
atroces	645
délicieuses	645
confonds	645
extradition	645
décente	645
recevait	645
finissait	645
racket	645
trouve-le	645
milady	645
abonnement	645
déduction	645
stay	645
gare-toi	645
pol	645
procuration	644
réputé	644
mess	644
aveuglé	644
intellectuelle	644
capt	644
formée	644
colette	644
norme	644
gagnerez	644
thaï	644
enfuient	644
traitant	644
convaincante	644
ourson	644
dépendre	644
guérira	644
partirait	644
saisit	643
band	643
corrompre	643
wi-fi	643
agresseurs	643
explosera	643
offrirai	643
vêtu	643
plaines	643
davies	643
foutoir	643
potable	643
tenus	643
sanitaire	643
affectueux	643
hawks	643
honorée	643
sers-moi	643
pendus	643
salazar	643
brigands	643
céline	642
r.a.s.	642
admiré	642
coéquipiers	642
lassie	642
cultivé	642
signalement	642
civilisés	642
âges	642
tuvok	642
levant	642
pouf	642
biais	642
écarte-toi	642
terrestres	642
sabine	642
lister	642
better	641
tonya	641
guido	641
pietro	641
hambourg	641
fauchée	641
éclaireurs	641
bof	641
sonnent	641
mesquin	641
dépouille	641
beat	641
montecito	641
supporterai	641
remettent	641
auggie	641
newark	641
lapd	641
cratère	641
hearst	641
felipe	641
couvre-moi	640
conserves	640
capitalisme	640
refroidit	640
pus	640
use	640
espèrent	640
volants	640
insolence	640
donne-leur	640
captivité	640
médiatique	640
minnie	640
choisirais	640
recommencera	640
grillés	640
haskell	639
logements	639
cahill	639
pédiatre	639
taf	639
colon	639
chatons	639
lèvent	639
branchée	639
françoise	639
vénère	639
consulte	639
productions	639
vante	639
hernie	639
équilibré	639
craie	638
datent	638
serait-elle	638
rover	638
skywalker	638
traîneau	638
did	638
ruinée	638
romps	638
into	638
campagnes	638
minuteur	638
démarrage	638
majeurs	638
génétiques	638
larson	638
viable	638
cléopâtre	637
furie	637
marchande	637
préférerait	637
confidentielle	637
immenses	637
arrangerait	637
ham	637
moustique	637
densité	637
retardement	637
aggrave	637
encourageant	637
kenya	637
prélever	636
garrison	636
électromagnétique	636
bouchées	636
contacterai	636
inquiete	636
délice	636
internationales	636
restrictions	636
ressentait	636
suppositions	636
occident	636
tenaient	636
cabines	636
menus	636
recherchés	636
requis	636
mitrailleuse	635
martine	635
lâcherai	635
remplacée	635
intrépide	635
reconstitution	635
tuberculose	635
combustible	635
vigilants	635
ratez	635
cappuccino	635
tori	635
fines	635
vivions	635
préoccupée	635
ninjas	635
joueuse	635
mouchoirs	635
brighton	635
romero	635
intendant	635
tatouer	635
alphonse	635
andi	635
pets	635
curieusement	635
bizut	635
mêles	634
coupent	634
michele	634
laboratoires	634
reconstituer	634
hébreu	634
réalités	634
révolutionnaires	634
passa	634
confessé	634
douille	634
ètait	634
partagée	634
sergei	634
rénovation	633
galop	633
college	633
hideux	633
roulante	633
générateurs	633
claquement	633
bobine	633
chercherai	633
dépassée	633
prentiss	633
nada	633
intolérable	633
fanatique	632
restants	632
cylon	632
accompagnez	632
asphyxie	632
cavalière	632
mutants	632
tendres	632
fast-food	632
arriviez	632
charpentier	632
vandalisme	632
elise	631
anonymat	631
snake	631
ride	631
swanson	631
shake	631
derby	631
taser	631
sobriété	631
importent	631
jfk	631
légales	631
électorale	631
couchent	631
altercation	631
allumage	631
congo	631
comprendriez	631
fondue	631
magiciens	631
africains	631
mutant	631
appuies	631
9e	631
concorde	631
accusent	631
mi6	631
tortures	630
fong	630
camera	630
calmant	630
arctique	630
sautent	630
inn	630
ouvrait	630
oakland	630
étincelles	630
conforme	630
rejoignez-nous	630
hansen	630
antarctique	630
civiles	630
obtiendra	630
engagez	629
paierais	629
exécutés	629
effectifs	629
portion	629
suspens	629
c.i.a.	629
find	629
vendrai	629
réparateur	629
risquait	629
connecte	629
décolleté	629
piller	629
suivez-nous	629
forbes	628
shiva	628
explosent	628
novak	628
trixie	628
bermudes	628
couronnement	628
trust	628
converti	628
semelle	628
qualifiés	628
budapest	628
ignoriez	628
agricole	628
impulsions	628
neuro	628
théoriquement	628
twilight	628
parle-t-il	628
désigne	628
chicken	628
imperméable	628
poirot	628
avisé	627
vestes	627
traducteur	627
chauves-souris	627
au-dessous	627
dublin	627
fumeur	627
jardinage	627
afro	627
lâcheté	627
cartwright	627
matricule	627
angelina	627
amène-moi	627
fichez-moi	627
aperçoit	627
viv	627
rhétorique	627
obtiendrai	627
martyre	627
tireras	627
peloter	626
roubles	626
arrose	626
perçu	626
capitaines	626
brésilien	626
bien.	626
accros	626
dominion	626
suer	626
funéraire	626
grignoter	626
girafe	626
bagnoles	626
inaccessible	626
caresses	626
reculé	625
que-	625
bombarder	625
burrows	625
soprano	625
téléporteur	625
belge	625
précipite	625
tondeuse	625
institutions	624
basique	624
inimaginable	624
gaspillé	624
fall	624
neurones	624
obsédés	624
point-là	624
container	624
venge	624
opposés	624
baisent	624
nouveau-mexique	624
bénir	624
détaillé	624
hong-kong	624
cable	623
essaierais	623
pansements	623
détection	623
moralement	623
mu	623
dérangés	623
bobards	623
musicales	623
détonation	623
body	623
perspectives	623
larkin	623
oh-oh	623
tuons	623
clifford	623
millimètres	623
puéril	623
lavande	623
réguliers	623
attribuer	622
lunatique	622
receveur	622
andie	622
lièvre	622
fourmi	622
tiendrait	622
calcium	622
ouvrirai	622
dancing	622
lotion	622
7ème	622
psychopathes	622
lys	621
rebondir	621
couvres	621
postulé	621
pots-de-vin	621
quartier-maître	621
purger	621
pensionnat	621
génocide	621
affaibli	621
kingsley	621
bono	621
féminins	621
marla	621
supergirl	621
exclue	621
syphilis	621
rigolé	621
bavardages	621
vista	621
metro	621
gnôle	621
oscars	621
fixés	621
transmissions	621
diesel	620
chérir	620
raja	620
sonja	620
trèfle	620
reposez	620
globules	620
reparlerons	620
conformément	620
arturo	620
bandages	620
navid	620
établie	620
perdrait	620
battaient	620
entendiez	620
nous-même	619
bestiole	619
numero	619
matinale	619
garza	619
abandonnera	619
corail	619
bouseux	619
inséparables	619
mamma	619
lycéens	619
donnelly	619
couchage	619
cullen	619
chochotte	619
conjure	619
semblais	619
huang	619
mouille	619
légaux	619
admirais	619
entendras	618
vengé	618
joon	618
inaperçu	618
shadow	618
tapait	618
latine	618
riposte	618
mumbai	618
juvénile	618
identifiés	618
21h	618
déterré	618
lennon	618
sors-le	618
égales	618
phénix	617
pacey	617
démodé	617
projette	617
nulles	617
delgado	617
porte-monnaie	617
facilite	617
cerné	617
étudies	617
poussait	617
obtiendrez	617
rapproché	617
gotta	617
falsifié	617
harnais	617
aval	617
cliquetis	617
par-ci	617
apéritif	617
dina	617
nashville	617
ingrate	617
benji	617
tanière	616
vertus	616
contrefaçon	616
claquettes	616
marcie	616
pakistanais	616
pègre	616
fps	616
idee	616
derniére	616
serieux	616
dégoûtes	616
coute	616
funk	616
antérieure	616
shots	616
chronologie	616
janie	615
sauvez-vous	615
flaque	615
intitulé	615
jameson	615
aboiements	615
marlene	615
césarienne	615
écroulé	615
myra	615
intersection	615
promoteur	615
agissant	615
flocons	615
pochette	615
transfusion	615
charitable	615
chuter	615
changerais	615
hour	615
impatients	614
parcelle	614
profites	614
aigles	614
enseignante	614
kendra	614
récital	614
cheng	614
than	614
suzy	614
muriel	614
ebay	614
décapotable	614
semence	614
momo	614
permets-moi	614
callahan	614
voudrait-il	613
volts	613
sardines	613
prévient	613
indifférence	613
pourchasser	613
officieusement	613
symphonie	613
penn	613
ravoir	613
chouettes	613
mijote	613
pister	613
giflé	613
scellés	613
wilcox	613
dudley	613
gémir	613
vires	613
atteignent	613
memorial	613
lew	613
gout	612
stimuler	612
relire	612
deviennes	612
fertile	612
vaillant	612
noé	612
méprisable	612
sédatifs	612
culpabilise	612
reg	612
remarier	612
exam	612
vendais	612
louée	612
glauque	611
régale	611
retournez-vous	611
expédier	611
incompréhensible	611
exclusivement	611
moisissure	611
renoncez	611
foley	611
titra	611
barils	611
indulgent	611
emprisonnement	611
ferrée	611
remèdes	611
construisent	611
débauche	611
japs	611
sage-femme	610
confesse	610
cor	610
encouragements	610
incline	610
éminence	610
ouvre-la	610
gunnar	610
délégués	610
donnez-leur	610
aigu	610
leonardo	610
malloy	610
rigolade	610
réfléchisse	609
catalina	609
négligent	609
résoudra	609
réfléchissez-y	609
enverrait	609
padre	609
musées	609
bienfaisance	609
comptés	609
waldorf	609
dictature	609
acquisition	609
cosmo	609
trembles	609
friandises	608
rétro	608
rygel	608
rougir	608
sombrer	608
téléspectateurs	608
rabaisser	608
rolling	608
propice	608
repeindre	608
cocotte	608
vitamine	608
expressions	608
enlève-le	608
wagons	608
carpe	608
protestation	608
pff	608
radars	608
bambi	607
précédentes	607
coiffeuse	607
raceman	607
heurter	607
kms	607
défunte	607
changeront	607
pétales	607
elles-mêmes	607
rugby	607
débarrassée	607
comptons	607
tribal	607
surnoms	607
concernent	607
permettait	607
agatha	607
poursuivait	607
retracer	607
fixation	607
vannes	607
joujou	607
érable	607
ambulant	607
déshabille	606
reconnaîtra	606
rouleaux	606
puberté	606
cuve	606
retiennent	606
armand	606
juteux	606
somnifère	606
bâche	606
drain	606
crochets	606
kiffe	606
rendras	606
plutonium	606
fiole	606
fabriquée	606
vasquez	606
étreinte	606
présentable	606
adjudant	606
tahiti	606
déshonneur	606
délirant	605
léa	605
réécrire	605
abriter	605
dérangeait	605
justesse	605
exigent	605
conner	605
téméraire	605
animateur	605
graphique	605
écuries	605
styliste	605
cornell	605
divorces	605
poole	605
cadence	605
embêtant	604
touchdown	604
sato	604
renforce	604
horizons	604
androméda	604
agace	604
winslow	604
skier	604
rin	604
ardent	604
guides	604
fassions	604
observations	604
profitent	604
soufre	604
facultés	604
liverpool	604
cortège	604
acquitté	604
farces	603
explique-toi	603
envolée	603
mobilier	603
wook	603
annabelle	603
déficit	603
catin	603
gaga	603
steel	603
corp	603
drames	603
conclut	603
bellamy	603
piece	603
réalisateurs	603
haïssent	603
pinceau	602
smiley	602
mûres	602
récréation	602
sénile	602
ryo	602
abstinence	602
calmera	602
charmantes	602
contactée	602
hussein	602
miniature	602
niqué	602
etj'	602
shampooing	601
vaccins	601
jockey	601
chassés	601
boulanger	601
bagel	601
tonic	601
municipale	601
motard	601
terminés	601
encaisse	601
infrarouge	601
enveloppes	601
sous-estimer	601
ronfle	601
épinards	601
socialiste	601
étrangle	600
leave	600
barrow	600
infidélité	600
blasphème	600
internationaux	600
buy	600
op	600
gémissement	600
sagement	600
pyramides	600
dérangera	600
patti	600
épice	600
machins	600
dense	600
mécano	600
dus	600
enclos	600
braque	600
loges	600
mildred	600
cloud	600
forage	600
prenez-les	599
yves	599
structures	599
constate	599
remarquée	599
jp	599
truand	599
levi	599
beatrice	599
erika	599
sali	599
pairs	599
diplômés	599
révélée	599
inscriptions	599
penché	598
paraitre	598
commencerai	598
entaille	598
traînez	598
appelleras	598
pionniers	598
i1	598
marisa	598
donnerons	598
bloody	598
hurlement	597
enlève-moi	597
cocu	597
sands	597
ressemblais	597
foules	597
trinquer	597
risée	597
réunies	597
wilhelmina	597
sucres	597
cercueils	597
vende	597
empare	597
gobelet	597
anxieuse	597
aziz	597
vil	597
appréciais	597
reconnus	597
cuillères	597
réclament	597
oies	597
arkansas	597
stocker	597
composant	596
liaisons	596
mousquetaires	596
crus	596
filature	596
embrouillé	596
excréments	596
ringo	596
bambou	596
enlèvent	596
cannon	596
conçus	596
procuré	596
prouverai	596
repérée	596
représentez	596
cedric	595
coïncidences	595
lisbonne	595
bourgeoise	595
narrateur	595
pointée	595
donneurs	595
ay	595
extra-terrestre	595
légué	595
énergies	595
truands	595
entamer	595
voudrais-je	595
gonflable	595
électricien	595
autonome	595
frappés	595
moretti	595
gitans	595
camilla	595
visionnaire	595
truite	595
compte-rendu	595
pepe	594
grillée	594
mount	594
épuisement	594
soutirer	594
clavicule	594
uncut	594
palestine	594
mortalité	594
prélevé	594
ennuyais	594
causant	594
montrais	594
menez	594
munch	594
ju	594
paf	594
sergio	594
matin-là	594
inondé	594
gadgets	594
tombeur	593
neela	593
truc-là	593
télépathie	593
bannière	593
démasquer	593
pudeur	593
anecdote	593
remplacera	593
chics	593
autodestruction	593
accepterait	593
cafetière	593
ré	593
croirai	593
exacts	593
esteban	593
ressaisir	593
diffamation	593
secteurs	593
plaidé	592
déroutant	592
horde	592
truie	592
équipés	592
foute	592
conclue	592
cassent	592
compliqués	592
disputait	592
répéterai	592
odorat	592
grognon	592
visait	592
garfield	592
boulette	592
épuisés	592
convenir	592
aventurer	591
gratin	591
hypocrites	591
pomper	591
auditeurs	591
tiède	591
demandez-moi	591
finirais	591
natalia	591
desserts	591
loulou	591
présentera	591
rationnelle	591
coopératif	591
indication	591
suites	591
éradiquer	591
formel	591
rouille	591
britta	591
débit	591
flair	591
croisée	591
rivera	590
helga	590
coopérez	590
iriez	590
turn	590
changés	590
colonnes	590
saccagé	590
nellie	590
houdini	590
tucson	590
émue	590
goliath	590
qualifications	590
infernal	590
semble-t-il	590
parierais	590
égards	590
tremblent	590
demanderait	589
thelma	589
mackey	589
correspondait	589
pointent	589
séquences	589
gertrude	589
vaincus	589
jurez	589
lexie	589
crânes	589
royaumes	589
diamètre	589
croiseur	589
querelles	589
répercussions	589
haricot	589
nonnes	589
nouveau-né	589
fast	589
tuck	589
cerner	589
exclus	589
omaha	589
futile	588
donne-m'	588
tijuana	588
cités	588
rassemblent	588
élevées	588
invalide	588
nudité	588
rourke	588
frangine	588
blanchiment	588
virtuelle	588
sherwood	588
werner	587
juridiques	587
expérimenter	587
disperser	587
percée	587
arnaqué	587
beau-fils	587
révèlent	587
galilée	587
sunshine	587
acolyte	587
metropolis	587
investis	587
dentaires	587
pastèque	587
préfecture	587
shogun	587
baisés	587
passagère	586
balais	586
murdoch	586
obsède	586
renforcé	586
ramona	586
refusais	586
livrés	586
cohérent	586
paisiblement	586
dirty	586
maddox	586
vifs	586
inciter	586
edwin	586
nibards	586
géographie	586
éliminés	586
gagnerait	585
blanche-neige	585
angelica	585
négatives	585
mortimer	585
haïti	585
key	585
katia	585
hand	585
paternel	585
bonnets	585
palier	585
rounds	585
richardson	585
oserait	585
diffuse	585
écouteurs	585
disparitions	585
germes	585
méprends	585
santana	584
violeurs	584
cidre	584
norfolk	584
conor	584
sodas	584
aprês	584
fâcheux	584
lilith	584
massacrés	584
ramènent	584
défini	584
gillian	584
ramos	584
distribué	584
paralysée	584
fabriquent	584
maitresse	584
nachos	584
échappement	584
quo	584
ressemblaient	584
donnez-le	584
quota	584
cordelia	584
enverront	584
ogre	583
soucoupe	583
heller	583
copilote	583
lubrifiant	583
souriait	583
égo	583
starling	583
insomnie	583
harm	583
cuistot	583
coopérative	583
talyn	583
markus	583
pinte	583
surgit	583
nationalité	583
plaine	583
détruisant	583
bouclée	583
voyagent	583
lucratif	583
atf	583
cramé	582
augmentez	582
habillez-vous	582
désobéir	582
nerd	582
transmetteur	582
gourde	582
abdul	582
j-je	582
coalition	582
déconseille	582
entraînant	582
parks	582
refiler	582
pli	582
bertha	582
aorte	582
asseyait	581
jillian	581
remplaçante	581
conteste	581
récupérée	581
croyants	581
donnez-le-moi	581
qualifier	581
ewing	581
au-revoir	581
charmeur	581
évitons	581
aspiré	580
matraque	580
aucuns	580
alfie	580
compton	580
ravages	580
acceptées	580
végétarienne	580
jeton	580
rollins	580
poneys	580
dinah	580
selma	580
cendre	580
écritures	580
épaisseur	580
faye	580
vikings	580
éjecter	580
fei	580
déplacez	580
pas.	580
relevez	579
tropicale	579
soudoyer	579
mendier	579
allumées	579
confidence	579
pip	579
repartie	579
paieront	579
attrapez-les	579
recyclage	579
préoccupations	579
rail	579
divise	579
tirerez	579
canette	579
fesse	579
mathématique	579
seung	579
grimes	579
fraîchement	578
cupidon	578
dédicace	578
darby	578
fugué	578
guérisseur	578
brouillé	578
ecris	578
etaient	578
fanatiques	578
autocollant	578
cils	578
éprouvé	578
refaites	578
grouillez-vous	578
atrocités	578
vulcains	578
geronimo	578
bigfoot	578
voué	578
fuyons	577
inférieurs	577
cornichon	577
appendicite	577
inutilement	577
héréditaire	577
épargne-moi	577
échelons	577
singer	577
caches-tu	577
jusqu	577
transit	577
secouée	577
lunette	577
orthodoxe	577
talia	577
protégeais	577
collés	577
idioties	577
cravates	577
cycles	577
schémas	577
issu	577
prouvera	577
enlevez-moi	577
lents	577
robertson	577
impératif	577
prélèvements	576
oppression	576
spider-man	576
jetable	576
arrête-le	576
twist	576
vlad	576
prescrire	576
niki	576
repli	576
barrée	576
entourés	576
polis	576
fraction	576
gadget	575
mckinley	575
noisettes	575
prierai	575
entrepreneurs	575
dragué	575
floue	575
alcoolisme	575
incertain	575
avalanche	575
mâche	575
corvette	575
viendraient	575
demeuré	575
irréprochable	575
décevez	575
habilles	574
mentalité	574
moineau	574
réhabilitation	574
braun	574
dansais	574
préméditation	574
coqs	574
étagères	574
maigri	574
démontré	574
photographies	574
hemingway	574
rapportent	574
gagnons	574
aptitudes	574
coupant	574
préjudice	574
scofield	574
immiscer	574
fracturé	573
wilma	573
éduqué	573
hongrie	573
dicter	573
mettrons	573
infecter	573
chaplin	573
surprends	573
water	573
before	573
sauve-moi	573
neurologique	573
supplice	573
roulement	573
commerçants	573
disputaient	573
gringo	573
compote	572
chassent	572
coiffe	572
serres	572
tombale	572
recherchait	572
supprime	572
emportez	572
appelle-t-elle	572
nelly	572
merrick	572
remorque	572
gourmand	572
comprimé	572
enveloppé	572
souligner	572
donut	572
mussolini	572
kimono	572
galaxies	572
collent	572
oil	572
sections	572
dissimulé	572
couvrira	572
transformés	572
brûlées	571
jd	571
laissons-les	571
tiendras	571
contester	571
matinal	571
missionnaire	571
spider	571
existaient	571
ficher	571
paradoxe	571
masturber	571
immigrants	571
repartez	571
réincarnation	571
débrouillez-vous	570
fuyant	570
destiny	570
devrais-tu	570
conducteurs	570
mutuel	570
rencontrons	570
fitch	570
acides	570
very	570
submergé	570
elton	570
ambrose	570
véreux	570
boxeurs	570
rennes	570
pauses	570
appliqué	570
stratégies	570
méchamment	570
maigres	570
styles	570
mentirai	570
supporterais	570
foetus	570
bajor	570
paierait	570
mortelles	570
déconnecté	570
appréciait	570
kalinda	569
appele	569
négociateur	569
lsd	569
jupons	569
janeway	569
connaissiez-vous	569
grimace	569
contaminée	569
adverse	569
citoyenne	569
engendre	569
pourpre	569
essayiez	569
till	569
cloque	569
potence	568
kaplan	568
vitesses	568
papoter	568
ps	568
cheung	568
sévères	568
gâchée	568
joignez-vous	568
spontanée	568
parleront	568
atteints	568
cruise	568
olsen	567
connectée	567
sélectionné	567
géantes	567
sutures	567
antre	567
enflure	567
tourmenter	567
soumise	567
fischer	567
ème	567
loups-garous	567
princesses	567
kristina	567
maîtresses	566
bess	566
neveux	566
bluebell	566
trainée	566
kelsey	566
rajouté	566
capone	566
puissances	566
borg	566
logiciels	566
embrassait	566
ame	566
sharp	566
bipé	566
gu	566
hampton	566
fente	566
convulsions	566
commandements	566
charlene	565
rampant	565
récolté	565
encerclés	565
pû	565
python	565
seringues	565
sceller	565
méduse	565
flanders	565
fondamentalement	565
régent	565
réfléchirai	565
déduire	565
télés	565
économiques	565
empêchait	565
aboyer	565
eye	565
apogée	565
augure	565
endommagée	565
flirte	565
produira	565
claques	564
négociable	564
rigide	564
ch	564
cessent	564
mous	564
bradshaw	564
baston	564
brûlait	564
nostalgique	564
admirateurs	564
délicatesse	564
adios	564
today	564
taise	564
tendrement	564
boive	564
fly	564
technologique	564
étudiez	564
fatigant	564
oral	564
management	564
sim	564
réglons	564
plongeon	564
intraveineuse	563
mènes	563
remets-toi	563
wilde	563
hebdomadaire	563
sentiers	563
rainbow	563
cinquantaine	563
alliée	563
étonner	563
verger	563
récupères	563
timides	563
squelettes	563
commerçant	563
theodore	563
désirent	563
tiendront	563
conjugal	562
dessinée	562
strange	562
single	562
attachement	562
efforce	562
périr	562
renifler	562
recherchée	562
tariq	562
pénétration	562
jeanie	562
possèdes	562
consacre	562
arrêteras	562
rites	562
isis	562
contretemps	561
convalescence	561
sociable	561
accroches	561
parleur	561
edmond	561
avidité	561
maxime	561
rejouer	561
scene	561
orientale	561
bourdonnement	561
jimbo	561
audiences	561
citrons	561
oasis	561
miches	561
bolton	561
incurable	561
wesen	561
pions	561
proposez-vous	561
zéros	561
vice-présidente	561
mccall	560
aperçue	560
proportions	560
physicien	560
rhinocéros	560
expiré	560
attaquera	560
infidèles	560
videur	560
séparons-nous	560
luxure	560
cromwell	560
gaines	560
sachets	560
payerai	560
propulseurs	560
cochran	560
ardeur	559
torturée	559
gag	559
décrivez	559
holocauste	559
dévoilé	559
redevienne	559
soulevez	559
déployer	559
égyptien	559
héroïsme	559
slips	559
appartenu	558
immortelle	558
alerté	558
adoptif	558
refroidissement	558
spécialisée	558
excusée	558
days	558
honolulu	558
recharge	558
immigrés	558
fêtons	558
dégoûté	558
immobilière	558
réfugier	558
méfiance	558
pelles	558
lan	558
dicte	558
dénicher	558
caisson	558
sound	558
retrouvait	558
tampa	558
chorégraphie	558
dustin	557
myrtilles	557
taquine	557
gazeuse	557
hernandez	557
accordez-moi	557
survive	557
devrait-il	557
jetait	557
bénéficier	557
didi	557
petey	557
pèlerins	557
aide-le	557
réagissent	557
arrêtées	557
chrono	557
ursula	557
harceleur	557
réalisera	557
wan	557
mutilé	557
invitez	557
auditionner	557
terri	557
oublierais	557
hurley	556
grilles	556
dépendant	556
goudron	556
graffiti	556
plongeur	556
catégories	556
nageur	556
bouée	556
carats	556
vibration	556
sven	556
delphine	556
marlon	556
dunbar	556
défouler	556
alone	556
iraq	555
plaisantait	555
magda	555
sauvant	555
linden	555
prive	555
leeds	555
purifier	555
hailey	555
préserve	555
boira	555
compta	555
bélier	555
soucieux	555
fêté	555
phoque	555
spéculation	555
cnn	555
tot	555
trina	555
concernée	555
joyau	555
groupés	555
rj	555
espionnes	555
entrepôts	554
gradins	554
stéréo	554
niez	554
anguille	554
hyperespace	554
nathaniel	554
oublie-le	554
sentant	554
nationaux	554
thad	554
huiles	554
escapade	554
organisés	554
samedis	554
crockett	554
hiroshi	554
spontané	554
isolation	554
haineux	554
standards	554
masquer	554
troubler	554
débrouillera	554
allemandes	554
rubans	554
invitées	554
harding	553
visée	553
sangsues	553
montrons	553
imitateur	553
parenté	553
tôle	553
s.v.p.	553
culturelle	553
failles	553
volais	553
bev	553
bungalow	553
rebord	553
célébrons	553
conviendrait	553
établit	553
cabinets	553
formons	553
disent-ils	553
poussette	552
snipers	552
convoquer	552
routiers	552
miséricordieux	552
westen	552
détendue	552
rescousse	552
délivré	552
gendarme	552
programmée	552
superstitieux	552
cottage	552
occuperais	552
cachemire	552
lâchera	552
manquons	552
macbeth	552
passez-le-moi	552
hélicos	552
apparente	552
piquée	552
12e	551
rapprochés	551
encaissé	551
erre	551
tatiana	551
pessimiste	551
temples	551
cbi	551
réfugié	551
vogel	551
poe	551
gitan	551
intérim	551
yoda	551
récré	551
vérifies	551
irrespectueux	551
potins	551
berk	551
combines	551
pancréas	551
midwest	551
impuissance	551
trique	550
etoile	550
descendra	550
sauvagement	550
préavis	550
désamorcer	550
intéressez	550
gardez-la	550
infime	550
pâtée	550
abomination	550
enlèvements	550
panthère	550
hoo	550
driscoll	550
inc	550
plateaux	550
thatcher	550
amnésique	550
différencier	550
rendrez	550
l.a	550
règlements	550
justiciers	550
dring	550
urbain	549
ctu	549
ambulances	549
ports	549
reuben	549
interférence	549
roumanie	549
pesant	549
sensei	549
cascades	549
curly	549
devineras	549
blabla	549
portées	549
serial	549
frappera	549
zelda	549
patinoire	549
encule	549
réglera	549
accroc	548
cm2	548
reçues	548
gingembre	548
frêre	548
kovac	548
verset	548
gelés	548
gamines	548
sponsors	548
rendront	548
colomb	548
supportent	548
fillettes	548
voyagez	548
mineures	548
vilaines	548
occidental	548
agressifs	547
reçoive	547
testostérone	547
rafe	547
organisent	547
importuner	547
algèbre	547
caleçons	547
victorieux	547
louisa	547
sg-1	547
rencontreras	547
oooh	547
résistants	547
meures	547
joanie	547
associe	547
warwick	547
habitat	546
lancent	546
finesse	546
borgia	546
judiciaires	546
krishna	546
arjun	546
a.d.n.	546
bohort	546
bubba	546
connection	546
trouvions	546
lassiter	546
protectrice	546
blesses	546
rica	546
défendez	546
garderais	546
éjecté	546
tag	546
rivalité	546
dévastée	546
communes	546
contentez-vous	546
porterait	545
bercail	545
schizophrène	545
gibbons	545
war	545
gouine	545
kryptonite	545
casper	545
approchant	545
ravir	545
latex	545
walk	545
cardio	545
redémarrer	545
réconforte	545
machette	545
vivrons	545
spears	545
parvati	545
hare	545
gianni	544
décoder	544
interrogez	544
casanova	544
dandy	544
ouep	544
intenses	544
ouch	544
retires	544
devez-vous	544
martyrs	544
déshonoré	544
conversion	544
salons	544
dominant	544
davenport	544
b0	544
cavité	544
autographes	544
lis-le	544
parjure	544
dormiras	544
cotton	544
retrouveront	543
asher	543
envol	543
enterrements	543
bronson	543
prothèse	543
navigateur	543
incertitude	543
extérieurs	543
savent-ils	543
infecte	543
mariera	543
raquel	543
reconnaissent	543
dérouler	543
immortels	543
somnambule	543
swift	543
clore	543
langston	543
éclipser	543
recrute	543
étaler	543
sermons	543
weir	543
georgetown	543
reddition	543
lâchée	543
sexiste	542
exquise	542
aang	542
anubis	542
protégeant	542
referais	542
ovale	542
smash	542
nappe	542
consommé	542
sauts	542
conclus	542
reveniez	542
absurdité	542
ras-le-bol	542
signor	542
mayer	542
antidépresseurs	542
ori	541
dialogues	541
porteras	541
arlo	541
vibrer	541
assurés	541
coordination	541
señorita	541
planifie	541
creusez	541
u.s.a.	541
confiante	541
virement	541
dormiez	541
bash	541
disparait	541
ab	541
divisions	541
civière	541
trinque	541
rimmer	541
infernale	541
déroulé	541
gilets	541
souches	541
rolls	541
reconnaîtrais	541
implanté	541
humides	541
hendrix	541
gogo	540
joss	540
priscilla	540
mouse	540
berta	540
luxueux	540
prouvez-le	540
bretzels	540
individuelle	540
angélique	540
foutaise	540
volera	540
préventive	540
choisira	540
supériorité	540
bascule	540
poulailler	540
découvres	540
fémur	540
turbo	540
hook	540
sanjay	539
ennuient	539
mitsuko	539
posez-le	539
joliment	539
muscu	539
viêt-nam	539
nébuleuse	539
débarrassez-vous	539
doté	539
recoller	539
touristique	539
robby	539
admissions	539
quincy	539
cathéter	539
remercieras	539
tolérerai	539
greffier	539
hs	539
suffiront	539
arnaqueur	539
mcqueen	539
baise-moi	539
symbolise	539
bienfaiteur	539
interviens	539
africaine	539
souviendras	539
reverrais	539
devines	538
épater	538
nase	538
significatif	538
bouddhiste	538
everybody	538
partages	538
recouvre	538
appartenaient	538
pénicilline	538
brulé	538
compatibles	538
sot	538
terrorisé	538
masseur	538
stones	538
voyeur	538
cruciale	538
scientologie	538
reve	538
effacés	538
nemo	538
hiroshima	538
patriotisme	538
chantiers	538
virgule	538
aura-t-il	538
wen	537
pare-feu	537
enquêtez	537
corbeille	537
berline	537
fouillent	537
basculer	537
en-cas	537
voûte	537
lave-vaisselle	537
stocks	537
bro	537
féministe	537
bawk	537
commissions	537
émotif	537
suisses	537
ouvrez-le	537
poulain	537
nagé	537
appréciera	537
tirons	537
raie	537
borné	537
empêcherai	537
alejandro	537
nassau	537
râle	536
interception	536
saignant	536
ramène-toi	536
interminable	536
serveuses	536
espérons-le	536
cassius	536
méfiant	536
concessions	536
caniche	536
supporters	536
fs72	536
réacteurs	536
comptables	536
tapage	536
whit	536
retourneras	536
appendice	536
réussisse	536
avancement	536
brûlera	536
bulletins	536
vison	536
freiner	536
phelps	536
vexe	535
traumatisé	535
négros	535
espêre	535
ronny	535
sécurisez	535
choisisse	535
devinettes	535
épouvantail	535
suggères	535
moeurs	535
désirais	535
delaware	535
rigolais	535
carotide	535
reconquérir	535
mignonnes	535
trã	535
without	535
milhouse	535
congrégation	535
embêté	535
pourrit	535
chassez	535
soucient	535
farnsworth	535
exaucé	535
beaumont	534
fréquentait	534
devil	534
firent	534
théorique	534
peintres	534
affût	534
shorty	534
doives	534
cortez	534
lieues	534
tristement	534
niche	534
supposez	534
festivités	534
branch	534
auguste	534
tibet	534
aisément	534
découvrait	534
garde-côtes	534
confidentiels	533
mill	533
désorienté	533
songez	533
prétendait	533
réussissent	533
gustav	533
décourager	533
remballe	533
connors	533
influent	533
milwaukee	533
sylvie	533
vincenzo	533
danvers	532
dougal	532
manuellement	532
adeptes	532
décédés	532
mât	532
worth	532
travesti	532
postales	532
gogh	532
birmingham	532
faisceau	532
détruirai	532
yolanda	532
déplaisant	532
payais	532
publicités	532
désirée	532
terrier	532
tourtereaux	532
morue	532
cérémonies	531
baek	531
guette	531
exclusif	531
étouffée	531
kaamelott	531
branleurs	531
marmite	531
repensant	531
rincer	531
bombardé	531
supportais	531
bagels	531
coffret	531
rassurée	531
améliorée	531
leblanc	531
clochait	531
persiste	531
rosario	531
flatter	531
indestructible	531
juanita	531
indemnités	531
porcherie	531
everest	530
puent	530
chaleureuse	530
brisées	530
nettoyée	530
caméraman	530
ressentiment	530
hors-jeu	530
amicaux	530
grand-maman	530
aimante	530
soudan	530
godfrey	530
gronde	530
yay	530
adele	530
débarquement	530
içi	530
manipulateur	530
circulent	530
aha	530
starbucks	530
présentait	530
oseille	530
sanctifié	530
entraînes	530
jeffries	530
rohan	530
mettrez	529
convenait	529
soupçonner	529
existes	529
interieur	529
écoule	529
viola	529
eloigne-toi	529
radieuse	529
richter	529
biblique	529
explosive	529
ade	529
engendré	529
glaçage	529
taureaux	529
suspicieux	529
balades	529
grimpez	529
hae	529
intimidé	529
rechute	529
torchon	529
climatisation	529
canoë	529
kermit	528
benedict	528
repliez-vous	528
dysfonctionnement	528
relique	528
escargot	528
reposé	528
employeurs	528
bouclez	528
extérieures	528
kessler	528
affront	528
étourdi	528
gaillard	528
détruise	528
sols	528
capsules	528
survis	528
ténébreux	528
signifierait	528
disputez	528
acceptation	528
photographié	528
croquettes	528
normandie	528
ti	527
lépreux	527
marchander	527
algérie	527
sd-6	527
surprenante	527
abbaye	527
vertueux	527
tourmenté	527
prédécesseur	527
sabres	527
mettaient	527
apparus	527
achevée	527
flo	527
souffrante	527
utilisateur	527
iraient	526
mangée	526
commencerons	526
rôder	526
india	526
adjoints	526
wilbur	526
épuise	526
bruyante	526
shaolin	526
14h	526
vendetta	526
silvia	526
esquive	526
pédiatrie	526
colo	526
imaginaires	526
redescends	526
interner	526
jetant	526
feuilleton	526
déranges	525
lafayette	525
lumineuse	525
entorse	525
lama	525
ramenait	525
oh.	525
filmée	525
josef	525
échéance	525
rentrerais	525
marrants	525
fédérales	525
flingué	525
exceptions	525
invoque	525
radha	525
whiskey	525
buste	524
retenus	524
vo	524
expédié	524
retirés	524
tardive	524
porte-avions	524
confortables	524
gareth	524
inconsciemment	524
agirait	524
précède	524
ressemblera	524
stratagème	524
épuiser	524
suzuki	523
abats	523
déduit	523
suarez	523
chavez	523
fromages	523
reardon	523
déployé	523
hallucinant	523
reporters	523
repérage	523
branchés	523
pom	523
schizophrénie	523
bombardements	523
infirmiers	523
andreas	523
transportait	523
surplus	523
natal	522
ligoté	522
mourais	522
dethklok	522
urss	522
observent	522
grondement	522
pigez	522
hathaway	522
typiquement	522
vivrais	522
bougerai	522
remy	522
géométrie	522
podium	522
wellington	522
ressemblerait	522
marde	522
dégustation	522
emprisonner	521
défile	521
intérimaire	521
présidentiel	521
brises	521
aligner	521
giorgio	521
scottie	521
attendus	521
câlisse	521
véranda	521
oubliées	521
auraient-ils	521
projeter	521
rosée	521
adjointe	521
enquêtent	521
remarquera	521
reconnaisse	521
lambeaux	521
carabine	521
baume	521
frontal	521
deke	521
chino	521
cagoule	521
empêchez	521
radioactif	521
déguisés	521
amandes	521
tuerez	521
delilah	520
lugubre	520
glandes	520
milly	520
gardez-les	520
mcbride	520
carmichael	520
buckingham	520
répandue	520
reliée	520
équipée	520
prévenant	520
kristin	520
adorerai	520
echec	520
carr	520
décide-toi	520
bougera	520
anthrax	520
mogo	520
martien	520
radieux	520
teinture	520
résidu	519
galeries	519
willoughby	519
recouvrir	519
reposes	519
siegfried	519
envahisseurs	519
crawley	519
ridley	519
frits	519
insuffisant	519
clarissa	519
aérodrome	519
alternatives	519
aurevoir	519
chandelles	519
suceur	519
lamar	519
essuyé	519
questionné	519
assurance-vie	519
manigances	519
geneviève	519
caissier	519
propager	519
mouettes	519
pâtissier	519
civiques	519
causent	518
achèterais	518
radicale	518
élaborer	518
rochelle	518
chimpanzé	518
infantile	518
trachée	518
consomme	518
brasserie	518
clairon	518
pétasses	518
dahlia	518
étudiait	518
clem	518
approchait	518
improvise	518
absorbe	518
controle	518
enfoui	518
lowe	518
bandés	517
repères	517
greenwich	517
garces	517
cousu	517
diversité	517
dévoile	517
calvaire	517
milk-shake	517
autruche	517
défaites	517
francfort	517
lentille	517
cyber	517
guidée	517
maltraité	517
baisses	517
buanderie	517
hear	517
emil	517
eren	517
secrétaires	517
bistrot	516
vagabonds	516
pariez	516
tiendrons	516
auschwitz	516
corbett	516
miki	516
karan	516
darlene	516
instructif	516
rosalie	516
appelez-nous	516
imam	516
ecg	516
hackers	516
affaiblit	516
cappie	516
zac	516
faces	516
irritable	516
guidage	516
enlevées	516
geisha	515
restreint	515
entendons	515
samir	515
générer	515
cavanaugh	515
présentez-vous	515
comparée	515
enverrais	515
commenter	515
believe	515
simultanément	515
abaisser	515
vanne	515
continuerons	515
affaiblir	515
habileté	515
abstenir	515
tentons	515
manquerez	515
franny	515
marwan	515
carmine	515
soutenez	514
cao	514
communautés	514
willard	514
récepteur	514
détache-moi	514
montera	514
chiana	514
espérions	514
tj	514
lira	514
confirmera	514
enclin	514
vulgaires	514
accélération	514
osborne	514
ernst	514
tournera	514
citations	514
grand-papa	514
etiez-vous	514
vient-elle	514
amenait	514
fixez	514
aigoo	514
broyeur	514
quitterais	514
coureurs	514
levés	514
circulaire	514
chasteté	513
fraser	513
apitoyer	513
arthrite	513
extrémités	513
connell	513
rebekah	513
pare-chocs	513
redresse	513
productrice	513
rie	513
scanlon	513
atome	513
adriana	513
fatima	513
custer	513
palpitant	513
mangés	513
bertrand	513
chasses	513
fraîcheur	513
peel	513
aquatique	512
boirais	512
pyjamas	512
calcule	512
venezuela	512
marierai	512
mahomet	512
quittais	512
profitons	512
apprenons	512
blindée	512
cacao	512
athée	512
inscrits	512
actuels	512
fay	512
poseur	512
coulait	512
forever	512
quoiqu	512
commodore	512
partiellement	512
mystic	512
escargots	512
dîtes-moi	512
mémoriser	512
grover	511
insultez	511
nacelle	511
punaises	511
softball	511
épingles	511
tarifs	511
frite	511
crypté	511
crêpe	511
juice	511
psychologiquement	511
purs	511
ramenés	511
décapiter	511
passe-le-moi	511
arès	511
ignorants	511
télépathe	511
déplacés	511
rends-le-moi	511
instruit	511
glousse	511
donnez-vous	511
janey	510
thérapeutique	510
piger	510
caddie	510
parle-nous	510
miaou	510
montrez-lui	510
eisenhower	510
bronzé	510
allier	510
weber	510
desert	510
maw	510
thank	510
pyromane	510
informatiques	510
must	510
shooter	510
maléfiques	510
rapportera	509
intuber	509
voisines	509
prêtresse	509
vexée	509
répression	509
épargnez-moi	509
hybrides	509
extrémistes	509
celle-la	509
envoyais	509
détruirait	509
risquerait	509
vieillards	509
baisait	509
filiale	509
cherchions	509
tesla	509
marisol	509
lèvera	509
trombone	509
nurse	509
appréhender	509
épouse-moi	509
barclay	509
purgé	508
palestiniens	508
maîtrisé	508
confrontés	508
caméléon	508
variables	508
arrêtez-moi	508
apparait	508
masturbation	508
officielles	508
foutons	508
ortiz	508
guignol	508
lamb	508
interrompue	508
administratif	508
these	508
myka	508
snack	508
plongeurs	508
arrogante	508
installez	508
intrigué	508
rappelais	508
piquant	508
dickens	508
gâter	508
apprenais	508
mirage	508
crade	508
dérivé	507
ressentez-vous	507
shorts	507
paysanne	507
confidentielles	507
fauteuils	507
conservatoire	507
pénurie	507
dégoté	507
expresso	507
libéral	507
osais	507
boomer	507
roules	507
levons	507
édifice	507
matez	507
démontre	507
bloquées	507
paysages	507
c-4	507
kowalski	507
pâtisseries	507
tiny	507
lexington	507
fourre	507
completement	507
amaar	507
revus	507
télévisé	506
rimes	506
aumônier	506
organisateur	506
achetant	506
kings	506
indistinctes	506
étes	506
désarmer	506
respectée	506
law	506
adalind	506
suv	506
chapitres	506
avancés	506
frustrée	506
fight	506
terrance	506
manigancé	506
colliers	506
joui	506
paparazzi	506
tumeurs	506
braqueurs	506
énervés	506
crown	505
opérée	505
visibilité	505
infections	505
dévié	505
sautant	505
emballée	505
guthrie	505
babylone	505
ration	505
administrer	505
accomplissement	505
delenn	505
adéquat	505
neutralisé	505
curt	505
discutent	505
caractéristique	505
votent	505
bise	505
benoît	505
orchidée	505
tania	505
imprime	505
locomotive	504
opportun	504
conquêtes	504
aborde	504
honteuse	504
christa	504
ramer	504
pinky	504
indulgence	504
solennellement	504
gate	504
couvertes	504
bancs	504
brouille	504
sauvez-moi	504
windsor	504
prem	504
condescendant	504
rompt	504
côté-là	504
raina	504
restées	504
désole	504
coréenne	504
chenille	504
valentina	503
markham	503
fourrures	503
fidel	503
assoiffé	503
garde-les	503
ambitieuse	503
pollen	503
chéquier	503
dojo	503
nanny	503
piétiner	503
blanca	503
glass	503
accède	503
catastrophes	503
model	503
boyaux	503
beyrouth	503
grossit	503
opérationnelle	503
déciderai	503
positives	503
ronger	502
arrière-plan	502
blanchisserie	502
stores	502
tin	502
injustement	502
amendes	502
digitale	502
logé	502
supportait	502
purcell	502
fabriquez	502
bûche	502
lam	502
considérablement	502
tourments	502
acharné	502
krypton	502
candice	502
parallèles	501
orchidées	501
députés	501
moustaches	501
licencier	501
schultz	501
déserteur	501
revenues	501
mules	501
mandarin	501
incarcéré	501
restaient	501
vitales	501
seras-tu	501
jette-le	501
négliger	501
rab	501
moses	501
ensorcelé	501
antennes	501
kumar	501
anti	501
immobiliers	501
rolex	501
doreen	501
débutants	500
décombres	500
discréditer	500
souviennes	500
canton	500
contactera	500
elder	500
gynéco	500
mi5	500
prestigieux	500
kali	500
demandes-tu	500
charte	500
poussant	500
représentes	500
enchante	500
établis	500
asperger	500
professionnellement	500
hauser	500
pulitzer	500
larves	500
manoeuvres	500
balèze	500
mentales	500
niagara	499
jurons	499
provoquée	499
costello	499
cowboys	499
should	499
starsky	499
assassine	499
vauriens	499
condamnations	499
tourte	499
forrester	499
lectures	499
réunissent	499
docile	499
évadés	499
engueule	499
pj	499
surveille-le	499
gardiez	499
accrochez	499
vendons	499
quinzaine	499
st-valentin	499
révérence	499
créateurs	499
popotin	499
musulmane	499
escadrille	498
larissa	498
respirait	498
dévalisé	498
corrompue	498
eureka	498
toxicologique	498
téton	498
carpenter	498
moisson	498
rambo	498
ouvrez-moi	498
dis-je	498
dharma	498
peureux	498
bessie	498
igs	498
terrifie	498
dosage	498
gouvernail	498
neelix	498
sauverai	498
flasque	498
mein	498
risquerais	498
burgess	498
surnomme	498
retombées	498
retirent	498
enquêtait	497
tapettes	497
requise	497
sororité	497
silva	497
henrik	497
impolie	497
maudites	497
éclaboussures	497
intubation	497
observait	497
piliers	497
mouillées	497
demandaient	497
another	497
crim	497
hero	497
relaxant	497
déchirure	497
redonne	497
radiologie	497
rapprochée	497
surgir	497
postal	497
recommencerai	497
carapace	497
refroidi	497
talisman	497
battle	496
vivrait	496
eminence	496
food	496
hélice	496
limitées	496
dolan	496
living	496
épousera	496
bénite	496
8ème	496
occupant	496
ecrit	496
claus	496
occupons	496
greendale	496
explorateur	496
pif	496
avertie	496
planétaire	496
uh-oh	496
finley	496
transferts	496
latitude	495
dépanneuse	495
battante	495
puante	495
hôtesses	495
retirez-vous	495
pieuvre	495
rattraperai	495
existais	495
synonyme	495
tonalité	495
épicier	495
safari	495
vignoble	495
apprit	495
régaler	495
hallie	495
lancaster	495
jouez-vous	495
figé	495
recu	495
kangourou	495
abs	494
chakotay	494
taquiner	494
selina	494
suiviez	494
armer	494
serviront	494
minutieux	494
johnnie	494
droïdes	494
raffut	494
dubaï	494
formellement	494
intentionnel	494
hewes	494
accordéon	494
indes	494
damnés	494
selles	494
patrouiller	494
épiler	494
stase	494
berceuse	494
johan	494
viper	494
égorger	494
complication	494
psi	494
bénévoles	493
viseur	493
dempsey	493
versailles	493
saturne	493
inscris	493
clocher	493
patio	493
contagieuse	493
souvenue	493
moira	493
partition	493
défoncés	493
célibat	493
resta	493
pooja	493
primordial	493
tachycardie	493
écrivant	493
judd	493
abner	493
authenticité	493
disposez	493
help	493
suspicion	492
fumiers	492
bohannon	492
sentinelle	492
sã	492
endommager	492
kruger	492
déménages	492
dépanner	492
halètement	492
vocales	492
chameaux	492
vapeurs	492
fuji	492
j.r.	492
doo	492
battais	492
muller	492
ue	492
surpasse	492
coyotes	492
magnétiques	492
meyers	492
dispensaire	492
ridiculisé	492
agneaux	492
cubes	492
insinuez-vous	492
fr	492
inquiétante	491
ok.	491
poignarde	491
dodgers	491
dépouiller	491
viens-t'	491
farley	491
associations	491
châteaux	491
insérer	491
insensée	491
designer	491
débutante	491
essex	491
tea	491
tendez	491
retravailler	491
assomme	491
cecilia	491
veilleuse	491
précipitation	491
méthane	491
basketball	491
décorateur	491
teuf	491
succombé	491
intersect	491
21e	491
éther	490
nakamura	490
rira	490
hutte	490
xiao	490
capitaliste	490
débarrassés	490
maudis	490
alistair	490
expiration	490
rhode	490
lip	490
logistique	490
contactés	490
extincteur	490
mêle-toi	490
jetées	490
march	490
ritz	490
move	490
subis	490
ouvrière	490
vengeur	490
schwartz	490
falaises	490
corrige	490
couchette	490
accordez	490
perce	490
cesar	490
lutz	490
frannie	490
mccain	489
injecte	489
teyla	489
dissoudre	489
myrtle	489
tobin	489
gênait	489
pilar	489
league	489
descendait	489
regardés	489
empêchée	489
gateau	489
bouscule	489
kylie	489
aa	489
cocon	489
fréquentations	489
rappeur	489
salami	489
z'	488
23h	488
capteur	488
tuais	488
transmettez	488
balthazar	488
laird	488
strip-teaseuses	488
ploucs	488
renier	488
dispo	488
miraculeux	488
airlines	488
calèche	488
connaisses	488
mccann	488
cambrioleurs	488
seaux	488
verbe	488
avant-poste	488
tram	488
adorez	488
étudiais	488
retarde	487
rapprochement	487
prunes	487
subventions	487
aimants	487
dane	487
jettera	487
rigolent	487
péage	487
appli	487
savoir-faire	487
rani	487
poigne	487
compression	487
arrosage	487
sanguinaire	487
cannibales	487
corrects	487
osent	487
manchot	487
sauvées	487
amish	487
ludwig	487
korra	487
déodorant	487
fêlé	487
academy	487
épouserais	487
mordent	487
hauteurs	487
garrity	486
bousille	486
satin	486
speedy	486
imprévisibles	486
crocodiles	486
impliquées	486
arsenic	486
lézards	486
chanterai	486
stagiaires	486
formules	486
coincidence	486
daria	486
fument	486
soho	486
adressée	486
saintes	486
formelle	486
socrate	486
risquons	486
sortirons	486
icitte	486
pèlerinage	486
tocard	485
enchaîne	485
merlyn	485
coquillages	485
celeste	485
évidentes	485
doutait	485
rachète	485
banjo	485
affrontement	485
réveillent	485
concombre	485
goldberg	485
bipe	485
affirment	485
rénale	485
pearce	485
peinte	485
roulent	485
karim	485
ashton	485
raconte-nous	485
tomberont	485
payons	485
scrabble	485
aplomb	485
janis	484
balayé	484
informateurs	484
18e	484
bouleverser	484
posant	484
pareillement	484
sophistiquée	484
scélérat	484
pondre	484
réunie	484
disputée	484
chargerai	484
postuler	484
loomis	484
dottie	484
vêtue	484
affreuses	484
réintégrer	484
ruthie	483
graver	483
bly	483
glander	483
kenzi	483
dépressif	483
gâte	483
mam	483
vintage	483
beige	483
guidera	483
lima	483
lancés	483
macabre	483
forgé	483
intacts	483
ltalie	483
rallier	483
jean-luc	483
ojai	483
affectés	482
partagera	482
martinis	482
nirvana	482
servais	482
left	482
clebs	482
subvenir	482
attrapera	482
flack	482
rongé	482
co2	482
filon	482
détermine	482
mansfield	482
enregistrées	482
bride	482
modifie	482
tandy	482
épingler	482
pesait	482
name	482
hana	482
annalise	482
effrayants	482
exploite	482
millénaires	481
fiancer	481
albany	481
ness	481
souhaite-moi	481
casseroles	481
ateliers	481
socialement	481
chuchote	481
speech	481
nigaud	481
crusher	481
primitive	481
éveille	481
gregor	481
arrêtez-la	481
bousculé	481
seong	481
ryu	481
méme	481
camden	481
british	481
hendricks	481
borgs	481
combattez	480
abdominale	480
débarques	480
imprimerie	480
zhaan	480
joséphine	480
saignez	480
progressivement	480
sulu	480
attila	480
angoisses	480
ovules	480
alpes	480
soon	480
assied-toi	480
replie	480
repartis	480
familiers	480
achetais	480
malaria	480
magnat	480
flores	480
remercies	480
épinière	480
déjeuners	480
fitzpatrick	480
retrouvez-moi	480
clooney	479
tourment	479
icône	479
carlisle	479
pardonnée	479
darhk	479
traversait	479
coulent	479
croustillant	479
bartlett	479
ren	479
considères	479
transmettrai	479
ôtez	479
indics	479
flatte	479
krista	479
croisent	479
om	479
dévier	479
hospitalisé	479
shoot	479
goa	479
laitue	479
intellectuels	479
brand	479
adama	479
valets	479
redoute	479
incorrect	478
sanction	478
décontracté	478
vérifierai	478
lieutenants	478
âneries	478
accueillant	478
légions	478
trick	478
fusionner	478
déborder	478
bannir	478
homards	478
audacieuse	478
implacable	478
alligators	478
tigresse	478
s48chffffff	478
silicone	478
découvrirai	478
ce2	478
éteints	478
rencontrera	478
semelles	478
bouillante	478
narines	478
milligrammes	478
killian	478
improvisé	478
pharmaceutiques	477
furtif	477
keiko	477
islamique	477
prévoyez	477
révélateur	477
tracas	477
comportent	477
béquilles	477
monture	477
pourchassé	477
paniquez	477
souillé	477
jaffas	477
imaginait	477
cove	477
deviendrez	477
taro	477
contrôlait	477
développée	477
duran	477
libéraux	477
awards	477
instagram	477
abcès	476
ordonnances	476
dégénère	476
fumant	476
è	476
agissons	476
singulier	476
prouvant	476
prescott	476
aboutir	476
20ème	476
hypertension	476
a6	476
modification	476
païens	476
laisses-moi	476
hakeem	476
extra-terrestres	476
virent	476
merdiques	476
turbulences	476
cessera	476
trump	476
emballez	476
biensur	476
vinny	476
refusera	476
occupants	476
nuances	476
emmet	476
roch	475
millionnaires	475
fièrement	475
insinuer	475
hypothermie	475
notoire	475
cy	475
tee	475
enlèvera	475
poivrot	475
forest	475
hap	475
ouille	475
wilkins	475
offenses	475
chevrolet	475
raquette	475
saignait	475
serbe	475
appâts	475
hâtives	475
act	475
comprenez-moi	475
potentielles	475
contrepartie	475
borgne	475
préviendrai	475
lockwood	475
donne-la	475
scores	475
filtres	475
nabot	474
dion	474
bartowski	474
birgitte	474
stéphane	474
corse	474
marécage	474
insolente	474
truffes	474
knicks	474
diaboliques	474
barbant	474
lambda	474
prune	474
beautiful	474
racontez-nous	474
polices	474
tondre	474
spécimens	474
prêcher	474
ennuyait	474
keating	474
rappelles-tu	474
tru	474
lai	474
sayid	474
taggart	474
vapes	473
invitent	473
dégaine	473
défenseurs	473
bols	473
terminera	473
gaule	473
cupcake	473
bûcheron	473
sornettes	473
embarquez	473
délicates	473
canari	473
éventail	473
scooby	473
appelle-les	473
ressource	473
rohit	473
entrejambe	473
poussés	473
annabeth	473
reliques	473
attendras	473
sutter	473
continuellement	473
pierrot	473
déconnez	473
madden	472
lenore	472
oublierez	472
magot	472
malchanceux	472
chae	472
deteste	472
radis	472
desolé	472
supervise	472
bienveillant	472
13e	472
alden	472
acquise	472
johanna	472
haletant	472
atlas	472
dissiper	472
héritiers	472
delinda	472
obéissent	472
amusais	472
provenza	472
mythes	472
raccompagnée	472
staten	471
heck	471
jasmin	471
kingston	471
madge	471
moody	471
clairière	471
féroces	471
planques	471
penseras	471
tiendrez	471
propreté	471
est-ce-qu'	471
halo	471
particulières	471
saignements	471
existe-t-il	471
piercing	471
enflammer	471
tad	471
toki	471
amas	470
bashir	470
couramment	470
amadouer	470
vérifient	470
croiriez	470
carmela	470
crowe	470
gares	470
tricot	470
brochures	470
barbelés	470
gronder	470
inventes	470
comics	470
blessez	470
empoisonne	470
friend	470
inexplicable	470
connaissions	470
devenaient	470
châle	470
chevelure	470
détachées	470
maguire	470
traqueur	470
karine	470
hurlent	470
mets-y	470
inadmissible	470
éminent	470
dépassez	470
penderie	470
antonia	469
répondit	469
causera	469
idéaliste	469
magnétoscope	469
lycéen	469
coupera	469
espériez	469
êtiez	469
récits	469
désirait	469
passeur	469
trébucher	469
asia	469
toto	469
moray	469
décris	469
rangées	469
perceuse	469
aggravé	469
vasculaire	469
'cause	469
cobayes	469
davidson	469
dentier	469
dépistage	469
moriarty	469
tibia	468
libido	468
ballerine	468
ku	468
débranché	468
irwin	468
autorisations	468
lecter	468
amnistie	468
scorpius	468
faiseur	468
kern	468
séparez-vous	468
offensée	468
transférés	468
ste	468
ro	468
braddock	468
donateurs	468
u-sub.net	468
endommagés	468
bean	468
horse	468
phobie	468
interviewé	468
anakin	468
ramène-la	467
emmènerais	467
vérifications	467
romuliens	467
glory	467
main-d'	467
mazel	467
healy	467
insurgés	467
souciait	467
dix-neuf	467
ravagé	467
questionnaire	467
couplet	467
plaidoirie	467
mio	467
plaquée	467
manif	467
hélium	467
macaronis	467
pond	467
funky	467
servaient	467
calleigh	466
rattrapera	466
enflammé	466
criais	466
garland	466
convenablement	466
storm	466
adrien	466
abouti	466
approprier	466
mystérieusement	466
versement	466
venions	466
cummings	466
clandestine	466
thermomètre	466
stipule	466
joignez	466
centrales	466
bedford	465
sembliez	465
décrochez	465
rendiez	465
risquée	465
fracassé	465
entraineur	465
colton	465
égyptiens	465
enchaîner	465
mêlés	465
frédéric	465
marchaient	465
nuptiale	465
entuber	465
cade	465
s.o.s.	465
surpassé	465
contaminer	465
weller	464
titane	464
paraissez	464
suivaient	464
lutins	464
extermination	464
compétente	464
diaphragme	464
préférer	464
odieuse	464
retours	464
tia	464
désastreux	464
illumine	464
décidez-vous	464
yvette	464
humblement	464
jeb	464
inflammation	464
pépites	464
tempo	464
esposito	464
sensass	464
vidée	464
johann	464
recevras	464
chantera	463
remplissent	463
contribuables	463
stevenson	463
picole	463
grammaire	463
chauffé	463
bronzer	463
prévus	463
opérationnels	463
commencerais	463
scans	463
mesuré	463
irréel	463
kemp	463
vern	463
gagnerais	463
kamikaze	463
sous-titre	463
gramme	463
amputer	463
antiques	463
quagmire	463
directive	463
inquiétée	463
imbattable	463
clapet	463
pénibles	463
assassinats	463
brisera	463
abîmée	463
hitchcock	463
continueront	463
vengerai	463
abrite	462
tok'	462
cleo	462
épi	462
sabot	462
macy	462
répondant	462
roller	462
tracts	462
kendrick	462
pathétiques	462
chroniques	462
footballeur	462
sahib	462
jean-paul	462
corporel	462
revendications	462
dépends	462
elmo	462
maillon	462
laissaient	462
amazone	462
élèvent	462
incite	461
faune	461
shalom	461
écorce	461
georgina	461
rade	461
nectar	461
effronté	461
amenez-la	461
rosewood	461
rider	461
duval	461
contondant	461
refusant	461
rencontriez	461
slow	461
tchèque	461
égarée	461
snyder	461
figurines	461
ermite	461
chaotique	461
elisa	461
mais-	461
veston	460
monologue	460
rachat	460
horoscope	460
warrick	460
historien	460
poséidon	460
coincées	460
kato	460
moules	460
moniteurs	460
emery	460
vigilance	460
résistez	460
féminines	460
usure	460
lucinda	460
informez	460
exclut	460
griff	460
monts	460
control	460
emparé	460
massacres	460
franks	460
anticorps	460
dérobé	460
manifesté	460
inspecté	460
absurdités	460
échapperas	459
pointez	459
14e	459
dérober	459
orages	459
standing	459
inspirant	459
interventions	459
restons-en	459
surveillés	459
ibrahim	459
bucky	459
mime	459
smitty	459
hadji	459
mendiants	459
jaffa	459
lycéenne	459
contradiction	459
détenues	459
inversée	459
gluten	459
réplicateurs	459
preneur	459
try	459
prête-moi	459
inquisition	459
perdante	459
sanctions	459
borne	459
hydraulique	459
assurera	459
hypothétique	459
cryptage	459
concentres	459
mcgill	459
crique	459
mother	459
pseudonyme	458
brioche	458
souhaiterait	458
demi-journée	458
chuchoter	458
aya	458
fermons	458
entendaient	458
nettoyant	458
nourrie	458
dialyse	458
t-on	458
culinaire	458
régal	458
incarnation	458
déclic	458
prévention	458
rudement	458
créations	458
sí	458
exécutions	458
pavel	458
eppes	458
jocelyn	458
excalibur	458
lazare	457
maigrichon	457
utiliserais	457
amplement	457
border	457
arrangez	457
conservateurs	457
intrigues	457
sécession	457
huey	457
remarquables	457
tiens-la	457
observatoire	457
mar	457
ruinés	457
gober	457
racontant	457
manu	457
béka	457
nouvelle-zélande	457
nicholson	457
calmos	457
verticale	457
uriner	457
charmer	457
hardison	457
borden	457
trainé	457
tsunami	456
arrangée	456
ève	456
estropié	456
crasseux	456
kimura	456
rejoignez-moi	456
capitaux	456
macdonald	456
publiée	456
pétrolière	456
raconteras	456
porterais	456
bienveillance	456
feinte	456
éloges	456
glande	456
peabody	456
batard	456
zèbre	456
imaginent	456
secousse	456
chaz	456
ipad	456
jumper	456
entretient	456
déstabiliser	456
redeviendra	456
odessa	456
bristol	456
pourvoir	456
contentes	456
rémission	456
combattons	456
prêtez	456
triches	456
giuseppe	456
blindés	456
clary	456
cannibale	455
alfonso	455
attrapez-la	455
sels	455
rêvée	455
toupet	455
gui	455
mystérieuses	455
hartley	455
fisk	455
sus	455
évaluations	455
allumés	455
entraînent	455
clarice	455
sinbad	455
chick	455
mcgarrett	455
placées	455
flag	455
volaille	455
glaçon	455
boogie	455
avant-garde	455
arrangent	455
tyrone	455
bipolaire	455
corset	455
embauchée	455
basil	455
équivaut	455
nami	454
rave	454
patiner	454
infractions	454
déniché	454
illimité	454
vices	454
adopte	454
battes	454
davina	454
profils	454
mouth	454
patel	454
savoureux	454
émeraude	454
veillera	454
comédiens	454
offrira	454
chandail	454
inconcevable	454
sans-abris	454
apparitions	454
anéantis	454
envolent	454
guimauve	454
baptiser	453
calcutta	453
émotive	453
résonne	453
halliwell	453
dévaliser	453
rowan	453
reconstruit	453
occupations	453
motors	453
anglaises	453
grappin	453
violons	453
there'	453
jurez-vous	453
voilier	453
finales	453
envoyez-le	453
projections	453
matilda	453
merder	453
gynécologue	453
affirmation	453
confisquer	453
attaqueront	453
bénéficiaire	453
hammer	453
kaiser	453
externes	453
blackie	452
attentive	452
déchargé	452
frôlé	452
vises	452
aujourd'	452
avare	452
réveillant	452
modifiée	452
contusion	452
liquides	452
aloha	452
fabriqués	452
booster	452
niko	452
topher	452
narcisse	452
incendiaire	452
mendez	452
olympe	452
pronostic	452
morve	452
gênerait	452
libérera	452
messagers	451
monstrueuse	451
métabolisme	451
fuyait	451
accorde-moi	451
jessi	451
patin	451
déguerpir	451
mathias	451
kiev	451
hawthorne	451
gratifiant	451
écoeurant	451
marcello	451
daim	451
bobbi	451
téléchargement	451
autonomie	451
livret	451
simule	451
mets-lui	451
joaquin	451
feldman	451
joueras	451
alléger	451
sors-tu	451
royaume-uni	451
protections	450
parlons-nous	450
grillage	450
because	450
shop	450
veto	450
obtenons	450
aléatoires	450
méditerranée	450
indistinct	450
cheri	450
échappera	450
scientifiquement	450
notre-dame	450
truth	450
burn	450
scénaristes	450
aimions	450
survivante	450
sessions	450
coulant	450
adolescentes	450
havre	450
corn	450
steiner	450
browning	450
persuasion	450
jimi	450
infligé	450
tonneaux	450
boudin	450
noyés	450
rencontrerai	450
implorer	450
barjo	450
adrianna	449
tomberait	449
ensoleillé	449
turque	449
emblème	449
feindre	449
smithers	449
guilde	449
gazette	449
fourbe	449
dam	449
voiturier	449
étirer	449
passe-t	449
mélancolie	449
pins	449
samu	449
entamé	449
refera	449
sauvons	449
récif	449
moby	449
pupille	449
fours	449
lau	449
irais-tu	449
dis-le-lui	449
poursuivra	449
townsend	449
confessions	449
per	449
lightman	449
simplifier	449
oreillette	448
attrapés	448
choisirai	448
belfast	448
nine	448
fissures	448
bretelles	448
cirage	448
guillotine	448
annoncent	448
pillé	448
tabarnac	448
extraits	448
liang	448
bartlet	448
broyer	448
illégitime	448
herald	448
kip	448
constitué	448
sésame	448
classeur	448
cruche	448
moisi	448
athena	448
paraisse	448
triade	448
superhéros	448
bristow	448
staff	448
faraday	448
perruques	447
beaver	447
avérer	447
ad	447
interrompez	447
authentiques	447
mélanges	447
amenant	447
tue-les	447
jeudis	447
g'	447
charisme	447
aisé	447
s.h.i.e.l.d.	447
redemande	447
terminent	447
couronner	447
grappe	447
burnett	447
fondamentale	447
métiers	447
cup	447
arrêtaient	447
mortier	447
hémisphère	447
cyborg	447
fumeurs	447
ellison	447
bannis	447
dissertation	447
examinée	447
fiché	447
rocket	446
horloges	446
manuelle	446
volvo	446
door	446
chéries	446
parez	446
scandales	446
shine	446
remettons	446
autorisées	446
filent	446
gustave	446
bouilloire	446
mitraillette	446
classées	446
pressez	446
agissements	446
together	446
parlez-en	446
diplomates	446
radicaux	446
méritée	446
enorme	445
cuisson	445
rendement	445
joyaux	445
sabbat	445
nba	445
affole	445
descendance	445
oi	445
flirté	445
hai	445
indécent	445
souvenait	445
vendredis	445
délicatement	445
kimmie	445
détestable	445
piscines	445
phoques	445
margaritas	445
mourants	445
texture	445
kévin	445
venons-en	445
retenues	445
impressionnés	445
tricia	445
robyn	445
visent	445
audit	444
vaine	444
destinées	444
dioxyde	444
mann	444
couperai	444
déterminés	444
offshore	444
élixir	444
clouer	444
maquis	444
grincement	444
î	444
désireux	444
gouvernemental	444
pulls	444
micky	444
processeur	444
proctor	444
demanderas	444
tabou	444
kiera	444
gouttière	444
osti	444
bosnie	444
expéditeur	444
hands	444
pédophiles	444
bugs	444
méritaient	444
devenons	444
maigrir	444
inconvénients	444
chacal	444
sangsue	443
heinrich	443
installe-toi	443
érotiques	443
mèches	443
format	443
paillasson	443
courbes	443
maquillé	443
bals	443
dispersés	443
éplucher	443
chauffard	443
déformé	443
octave	443
gaza	443
persuasif	443
poserai	443
monaco	443
astronomie	443
smile	443
distante	443
suspendus	443
amiable	442
dalia	442
revint	442
tã	442
écouler	442
crées	442
fatiguez	442
quej'	442
china	442
1e	442
mecque	442
nicotine	442
diablo	442
impénétrable	442
tendus	442
précédant	442
harrington	442
engueulé	442
suppliée	442
ser	442
méfaits	442
organisez	442
gallo	442
nessa	442
saoudite	442
réanimer	442
utilisateurs	442
vulnérabilité	442
parviens	442
mets-en	442
tombais	442
orgasmes	442
hoquet	442
patriotique	442
attires	442
security	442
fossiles	442
gracieux	442
allais-tu	441
cernés	441
collait	441
gunn	441
requêtes	441
sacrilège	441
latinos	441
restriction	441
traîtresse	441
bloquent	441
diagnostique	441
dessinées	441
flambeau	441
austen	441
accompagnera	441
rejoins-nous	441
réclamation	441
prient	441
critiqué	441
délibéré	441
tousser	441
injoignable	441
retournait	441
redevient	441
divinité	441
morgane	441
pasadena	441
notice	440
contrôlons	440
déca	440
19e	440
sarcasmes	440
cousue	440
péniche	440
épilepsie	440
jagger	440
chargées	440
caprica	440
appellez	440
canettes	440
exploité	440
pourparlers	440
cardiologue	440
rédactrice	440
comiques	440
humbles	440
monterai	440
pacotille	440
pathologie	440
wô	440
ânes	440
psychiatres	440
rudolph	440
fourgonnette	440
protéine	440
croissants	440
perverse	440
portefeuilles	440
transparence	440
rôtir	440
départs	440
toussaint	440
problématique	440
grandisse	440
oyez	440
instantané	440
jacky	440
mentirait	439
egan	439
tournons	439
watch	439
pavé	439
dépêches	439
accompagnait	439
olaf	439
vomissements	439
blondie	439
hari	439
revoyons	439
fonde	439
chevaucher	439
alimente	439
saines	439
universitaires	439
éducatif	439
attachées	439
beecher	439
recruteur	439
décompresser	439
jugements	439
vieillissant	439
dupont	439
ecrire	439
retordre	439
carnets	439
fixement	438
continents	438
voight	438
manquants	438
collecteur	438
kar	438
discuterons	438
répugnante	438
palourdes	438
serbes	438
léché	438
artifices	438
psys	438
opératrice	438
arcade	438
ferris	438
équations	438
mitrailleuses	438
fury	438
incarcération	438
réalisés	438
dissimulation	438
viennent-ils	438
cdt	438
laves	438
médiateur	438
celui-la	438
écologique	438
moreau	438
sims	438
tangible	438
interphone	438
calé	437
touch	437
frobisher	437
autodéfense	437
oak	437
marlo	437
beale	437
intellos	437
xanax	437
ecouter	437
maki	437
saline	437
orateur	437
cop	437
cie	437
insinue	437
défendeur	437
barmaid	437
agenouiller	437
accompagnent	437
capturée	437
trans	437
hisse	437
cm1	437
lacérations	437
indigestion	437
sergent-chef	437
melbourne	436
jouerais	436
retournerais	436
sand	436
tvs	436
trance	436
faction	436
thorpe	436
stimulation	436
ch11ebeb	436
hyung	436
billings	436
casse-pieds	436
intrigante	436
cygnes	436
glacés	436
non-lieu	436
bâtie	436
riverside	436
appellerons	436
buffle	436
croisez	436
gracieuse	436
insubordination	436
oculaires	436
brice	436
méticuleux	435
pose-moi	435
sonores	435
mamelons	435
corridor	435
bedroom	435
racontera	435
tragédies	435
anime	435
regorge	435
pelote	435
acceptant	435
disgrâce	435
mixeur	435
brûles	435
publicitaires	435
présomptueux	435
récite	435
stabilisé	435
valeureux	435
calamar	435
figurez-vous	435
réfléchissant	435
sampson	435
rentrerait	435
arrachés	435
sinus	435
partions	435
vivez-vous	435
irréfutable	435
monopole	435
monarchie	435
mécaniques	435
tramway	435
surveillerai	435
délirer	435
damnation	435
paumée	435
kellerman	435
coloré	435
marqueurs	434
vraisemblablement	434
ignoraient	434
perforé	434
pincé	434
privilégié	434
cadets	434
certifié	434
oméga	434
germain	434
mariez	434
goodwin	434
impuissante	434
wiley	434
dinner	434
réflexions	434
polonaise	434
suis-le	434
synagogue	434
évitant	434
innocenter	434
rectifier	434
alcoolo	434
démanteler	434
perpète	434
mace	434
crow	434
encadrer	434
rentrées	434
regrettera	434
résistent	434
convoque	434
ignorée	434
entrepris	433
contracté	433
opposants	433
apparaîtra	433
hypothétiquement	433
éveil	433
prodigue	433
anémie	433
rendit	433
lei	433
bosco	433
emmenons	433
tracey	433
moisir	433
dépassés	433
epstein	433
mtv	433
commencée	433
apollon	433
dirigeable	433
fashion	433
pourrez-vous	433
récupérerai	433
c.v.	433
minimiser	433
sourdine	433
post-it	433
passionnel	433
écrira	433
passants	433
blackjack	433
casse-tête	433
incliner	432
inhalateur	432
jace	432
jouis	432
métaphores	432
katarina	432
matches	432
acoustique	432
ecrivez	432
caesar	432
lé	432
marian	432
objective	432
burnes	432
empêcherait	432
archibald	432
reptiles	432
ahhh	432
apophis	432
ortega	432
tâter	432
rousseur	432
immunisé	432
violettes	432
quitteras	432
adjugé	432
insignifiante	432
biper	432
mardis	432
arrosé	432
shen	432
indiennes	432
reparlé	432
orienter	432
médicalement	432
ovnis	432
recommandée	432
semblera	431
statistiquement	431
scarabée	431
adversité	431
courtisane	431
incinéré	431
rétablie	431
bow	431
matériau	431
approchée	431
attriste	431
mouette	431
junkies	431
imposant	431
embolie	431
wentworth	431
joxer	431
pritchard	431
payne	431
incendié	431
braquages	431
vas-t'	431
indécis	431
uhh	431
babysitter	431
comptiez	431
tresses	430
gum	430
lime	430
vendrais	430
step	430
tranquillisant	430
gerbe	430
geeks	430
plaignait	430
différend	430
suivez-le	430
innocenté	430
pandore	430
piquante	430
strong	430
hair	430
enflamme	430
commérages	430
dada	430
cols	430
paxton	430
furet	430
leary	430
rallye	430
frayeur	430
unanime	430
navettes	430
réductions	430
luce	430
souffrira	430
honorables	430
limpide	430
amabilité	430
ambulancier	430
nope	430
gérez	429
artisan	429
stack	429
ka	429
superstitions	429
complexité	429
regrettez	429
selena	429
débrouillée	429
pouvait-il	429
suzaku	429
causées	429
synthèse	429
diminutif	429
hospital	429
articulations	429
sparks	429
lucioles	429
décidés	429
méningite	429
platon	429
vigne	429
ma'	429
planification	429
nénés	429
garrot	429
contravention	429
opposant	428
estrade	428
pincée	428
block	428
spéculations	428
habitez-vous	428
espérances	428
alibis	428
promenades	428
nazie	428
faussaire	428
éloignent	428
monkey	428
strangulation	428
terne	428
ambassadrice	428
regarderais	428
porridge	428
liban	428
ourse	428
serein	428
schiller	428
ki	428
tiers-monde	428
ogive	428
paon	428
piquent	428
done	428
dirigera	428
détiennent	427
hattie	427
écouteront	427
filmes	427
remontera	427
parvenus	427
bureaucratie	427
investit	427
industriels	427
adressez-vous	427
doublement	427
approfondie	427
acquitter	427
aventurier	427
mahoney	427
navarro	427
proue	427
sautait	427
créa	427
réalisée	427
roulée	427
exams	427
sortez-vous	427
incarné	427
déclarons	427
reprendrai	427
détiens	427
conventions	427
grêle	426
média	426
kapinou	426
even	426
secouru	426
perçois	426
concluant	426
nuance	426
crowder	426
amante	426
foret	426
trouvez-la	426
amène-la	426
intéressera	426
saisies	426
blocus	426
ale	426
accepteront	426
éditeurs	426
parles-en	426
chaudron	426
galons	426
brownie	426
fielding	426
pèsent	426
timbré	426
soutiendrai	426
infect	426
obstiné	426
avertissements	426
archers	426
virale	425
compense	425
fulton	425
ménopause	425
pinceaux	425
usurier	425
détachez-moi	425
battrons	425
quichotte	425
fumais	425
rapprochez-vous	425
aidons	425
whaou	425
consenti	425
compatissant	425
amusons-nous	425
satanés	425
saucisson	425
consommateurs	425
tau	425
instruire	425
ripley	425
droitier	425
crissement	425
bicarbonate	425
fronts	425
wait	425
berman	425
cartels	425
passionnante	425
fusible	425
javi	425
serviable	425
aérer	425
goldie	425
milieux	425
seinfeld	425
largage	425
couvrait	425
rene	424
créatifs	424
duff	424
catéchisme	424
strictes	424
paperasserie	424
watkins	424
nettoies	424
poires	424
permette	424
susceptibles	424
intervenez	424
entreprendre	424
lèche-cul	424
casse-croûte	424
mueller	424
incarne	424
zinc	424
égare	424
multitude	424
rends-le	424
présentement	424
inoffensive	424
comédienne	424
bidule	424
pénélope	424
mangeras	424
conviendra	424
soufflez	424
chamboulé	424
magnétophone	424
mã	424
japonaises	424
étienne	423
jam	423
verriez	423
blanchard	423
tirées	423
doudou	423
surveillais	423
volet	423
continuum	423
santo	423
dominé	423
franchit	423
actualités	423
énergique	423
actionnaire	423
ahmad	423
transmise	423
attendrait	423
uther	423
harpe	423
kravitz	423
arlene	423
tricoter	423
dînons	423
devants	423
frisbee	422
alliez-vous	422
réglisse	422
sancho	422
épris	422
bourne	422
marées	422
jodie	422
etiez	422
brevets	422
déchu	422
albanais	422
cibler	422
assurent	422
douteuse	422
hérite	422
friday	422
honorés	422
pontage	422
traînais	422
jingle	422
lanie	422
habilité	422
kill	422
calmée	422
schneider	422
discutions	421
ponction	421
droguait	421
chateau	421
royauté	421
benito	421
tamise	421
sandoval	421
camisole	421
apprendront	421
aquaman	421
ajustement	421
israélien	421
veilleur	421
continuais	421
indicatif	421
sonder	421
carlyle	421
starr	421
accrochage	421
productif	421
lave-toi	421
triage	421
retrouverait	421
eurent	421
sentinelles	421
hamac	421
ferait-elle	421
own	421
stresser	420
cultive	420
définis	420
créez	420
earp	420
barnett	420
compresses	420
monuments	420
everything	420
manœuvres	420
savoure	420
traumatisant	420
prêche	420
rizzoli	420
mouais	420
pures	420
mixte	420
bouder	420
batiment	420
geordi	420
funeste	420
rabbit	420
provenir	420
cafe	420
voulue	420
xander	420
vikram	420
skipper	420
capricieux	420
accédé	420
dirigés	420
cône	420
aveuglément	420
yamamoto	420
éphémère	420
nucky	420
envisagez	420
caissière	420
séducteur	420
unanimité	420
montais	420
paraîtra	419
bolivie	419
fourrés	419
redonné	419
configuration	419
investigations	419
mortuaire	419
encyclopédie	419
demanderont	419
heaven	419
magouilles	419
idéologie	419
fondamental	419
bouse	419
conduites	419
rouquine	419
samba	419
canots	419
autoroutes	419
enseignait	419
manuela	419
administré	419
choléra	419
kwon	419
castillo	419
souterraine	419
tully	419
achète-toi	419
contraste	419
emmanuel	419
originel	419
rustre	419
blaguais	419
varicelle	419
empeste	419
bojack	419
experience	419
thunder	418
insatiable	418
insurrection	418
squash	418
insultée	418
échauffer	418
payera	418
implanter	418
exactes	418
21ème	418
gais	418
vaniteux	418
désagréables	418
électrochocs	418
fda	418
motivée	418
exilé	418
elmer	418
béret	418
attirait	418
bricolage	418
ladies	418
putois	418
bienfaits	418
salué	418
muraille	418
raciale	418
appliquent	418
fermerai	418
contredit	418
peralta	418
suspectes	418
terrifiés	418
emportent	417
gouvernementale	417
dindon	417
aldo	417
statique	417
cbs	417
problemes	417
interrogés	417
restrictive	417
rangement	417
manquerais	417
impacts	417
alphabétique	417
et-	417
yakuzas	417
exécutée	417
génère	417
ruses	417
conjoint	417
notoriété	417
waldo	417
bombardier	417
sais-je	417
divertissant	417
alyssa	417
ennuyez	417
kobe	417
emportera	417
championnats	417
atropine	417
welles	417
spontanément	417
basées	417
interrogent	417
diffusée	417
caritative	417
coca-cola	416
impuissants	416
r2	416
homophobe	416
zeta	416
subvention	416
organiques	416
entracte	416
tower	416
fourche	416
raviolis	416
morts-vivants	416
photocopieuse	416
suédoise	416
actuelles	416
pegasus	416
laurence	416
chardonnay	416
pillage	416
relatif	416
haie	416
rochester	416
manolo	416
travaillerez	416
mourons	416
tranquillisants	416
débrouillez	416
mauve	416
bondir	416
académique	416
tr	416
ovaires	416
rougis	416
priais	416
damn	416
bruyants	415
sapristi	415
sabbatique	415
maltraitance	415
prématurée	415
lingots	415
limités	415
terminator	415
acceptiez	415
redeviens	415
armando	415
déconnecter	415
verite	415
interaction	415
skateboard	415
organisons	415
rendaient	415
chamberlain	415
découvrit	415
sly	415
rei	415
enverrons	415
biceps	415
chrissy	415
mangeaient	415
sexes	415
bonaparte	415
gobé	415
bergers	415
mix	415
supercherie	415
contenterai	415
clancy	415
sub	415
reconnait	415
circonscription	415
terra	415
pêchés	415
challenger	415
indianapolis	415
dirigeais	415
kincaid	415
pionnier	415
militants	415
criaient	415
caves	415
mckenzie	414
controverse	414
fergus	414
maui	414
voyageait	414
alexx	414
gao	414
erich	414
rallonge	414
avant-bras	414
entraine	414
meutre	414
occurrence	414
gênante	414
relâchée	414
aubaine	414
karadoc	414
vendrait	414
adoucir	414
indépendamment	414
servantes	414
criquette	414
exhiber	414
manchette	414
flexible	414
détenir	414
vador	414
généreusement	414
moose	414
imposture	414
frisé	414
arbalète	413
fis	413
brianna	413
spécialités	413
empêches	413
clandestinement	413
foulé	413
infrastructure	413
jaser	413
mustafa	413
soumission	413
commise	413
perdes	413
torchwood	413
compréhensive	413
civique	413
pèlerin	413
rigidité	413
simulateur	413
azur	413
anticipé	413
maquettes	413
inondations	413
dude	413
rh	413
albinos	413
deanna	413
impartial	413
astuces	413
roswell	413
framboise	413
lègue	413
déraisonnable	413
insaisissable	413
prédictions	413
démineurs	413
goku	413
chevy	413
kelvin	413
evite	413
harem	413
gestionnaire	412
comprends-moi	412
essayage	412
lakers	412
exigeante	412
connaîtras	412
sil	412
rafraîchissant	412
renne	412
keaton	412
posées	412
trinité	412
heat	412
das	412
évanouit	412
maté	412
multiple	412
bridgette	412
roulés	412
défendant	412
partez-vous	412
puma	412
cà	412
désapprouve	412
attrait	412
écume	412
priés	412
impair	412
coney	412
aspirant	412
décrite	412
trafiquer	412
placenta	412
dérangent	412
adoptive	412
stafford	412
care	411
durerait	411
retraités	411
mercury	411
wilton	411
lilas	411
jongler	411
contraction	411
saxon	411
kérosène	411
15e	411
aimeront	411
claudio	411
déprimer	411
atténuer	411
partisan	411
fiscal	411
giulia	411
palmiers	411
observée	411
serrurier	411
agresse	411
découvriront	411
calder	411
tombola	411
irma	411
dignement	411
plaisais	411
pompon	411
navigue	411
reprogrammer	411
indicateur	410
intro	410
absences	410
irrationnel	410
mécontents	410
wilhelm	410
fatigues	410
carey	410
isole	410
patrice	410
bingum	410
michaela	410
redemander	410
soudoyé	410
soulèvement	410
corbillard	410
rénover	410
appartenez	410
heavy	410
trompeuses	410
pickles	410
particule	410
recourir	410
garner	410
carrée	410
entraînait	410
señora	410
posters	409
contre-attaque	409
verne	409
takeda	409
systématiquement	409
kaboul	409
rivale	409
frimer	409
digue	409
tablettes	409
shah	409
figurine	409
agile	409
chevelu	409
rames	409
adi	409
guatemala	409
collatéraux	409
équitation	409
ramenez-la	409
pragmatique	409
offerts	409
sachions	409
project	409
couvrez-moi	409
ranimer	409
blaguer	409
lyman	409
écoutille	409
gi	409
lolita	409
vicieuse	409
16e	409
remember	409
fournira	409
magnéto	409
parish	409
gonflement	408
ghb	408
forestier	408
tov	408
alliage	408
braqueur	408
wooster	408
certificats	408
retrouverais	408
lâchés	408
déménageurs	408
secrétariat	408
blessées	408
originales	408
retentit	408
évalué	408
dégénérés	408
nottingham	408
teller	408
décliner	408
constructions	408
skype	408
paternelle	408
effleuré	408
tapent	408
envoie-le	408
maquillée	408
tabarnak	408
landau	408
réconciliés	408
thèmes	408
couette	408
haïssais	408
endure	408
montrerais	408
gladiateurs	407
occuperont	407
évanouis	407
droïde	407
blessent	407
majestueux	407
crémaillère	407
brosses	407
spores	407
enregistreur	407
cloison	407
saigon	407
sentirait	407
proposent	407
traumatismes	407
fern	407
uv	407
okinawa	407
drill	407
indéniable	407
appelées	407
next	407
détonateurs	407
herbie	407
anticipée	407
cadran	407
jericho	407
procureurs	407
portes-tu	407
recouverte	407
adoptifs	407
pourras-tu	407
argenté	407
mourraient	407
graffitis	407
mattie	406
navet	406
considérons	406
attentifs	406
fascine	406
penche-toi	406
bluffer	406
flip	406
provenait	406
med	406
pipeau	406
sarin	406
patinage	406
fissa	406
inné	406
lasser	406
gothique	406
vertèbres	406
cyclone	406
doit-elle	406
bali	406
boulons	406
obtenue	406
masterson	406
émilie	406
occasionnellement	406
bernstein	406
marquise	406
anormale	406
apaise	406
envoya	406
anal	406
wifi	406
accrochés	406
persécution	405
aaaah	405
helene	405
persévérance	405
canaliser	405
carlotta	405
fautif	405
promets-le-moi	405
juarez	405
sournoise	405
plates	405
déguisements	405
prédiction	405
ironiquement	405
rhys	405
prohibition	405
marions-nous	405
evi	405
irrégulier	405
enrôlé	405
doctrine	405
vastes	405
lutteur	405
he'	405
républicaine	405
déploie	405
arrière-grand-père	405
c4	405
déroulement	405
amusantes	405
potage	405
imprudence	405
commandos	405
fugitive	405
embêtez	405
ciblé	405
débloquer	405
harpon	405
refasse	405
chaleureusement	405
pittoresque	405
ponctuel	405
traversons	405
underground	405
mégère	404
grince	404
métis	404
intimidant	404
arlington	404
suspecter	404
vs	404
perceval	404
cacherai	404
dopamine	404
rejoints	404
farceur	404
christianisme	404
prémonition	404
hpd	404
passible	404
civilisée	404
trouvaille	404
craques	404
madone	404
rouillée	404
olympia	404
touchées	404
piquet	404
désinfectant	404
alcatraz	404
mori	404
combattent	404
minéraux	404
trot	404
anchois	404
versa	404
pleuve	404
coulisse	403
largeur	403
éveillés	403
faisait-elle	403
applications	403
disparaissait	403
honda	403
centauri	403
clergé	403
lyndsey	403
pégase	403
testée	403
etienne	403
shep	403
almeida	403
transcription	403
cardassien	403
périple	403
ménagère	403
volley	403
lol	403
neurologue	403
prete	403
forger	403
trinity	403
ahem	403
développent	403
sameer	403
una	403
hérétique	403
darla	402
nées	402
scylla	402
divulgué	402
ethnique	402
jeanette	402
palettes	402
nerveuses	402
leanne	402
jetez-le	402
toxicologie	402
costauds	402
frange	402
court-circuit	402
keeler	402
harmony	402
prétendants	402
bolide	402
pepsi	402
gonflée	402
interfère	402
livia	402
divisés	402
intimement	402
décevrai	402
rives	402
attarder	402
magnifiquement	402
promenais	402
lords	402
bruler	402
naine	402
row	402
cruellement	402
breakfast	402
clamp	402
rallumer	402
priant	402
guérilla	402
enregistrez	401
mohamed	401
promenait	401
impec	401
incité	401
moelleux	401
manqués	401
assortis	401
rencontrait	401
janus	401
termites	401
chocs	401
laisseriez	401
gaieté	401
cola	401
déséquilibre	401
aujourd	401
zip	401
ecchymoses	401
fainéants	401
observateurs	400
solennel	400
incriminer	400
récompensée	400
fichtre	400
inside	400
coiffé	400
mixer	400
ennuyée	400
saint-père	400
dragues	400
engagent	400
asticots	400
voice	400
respectables	400
fortunes	400
colombes	400
domino	400
améliorations	400
damas	400
trempés	400
hadley	400
mmmm	400
demandez-leur	400
altéré	400
délia	400
déshabillez-vous	400
serieusement	400
rétroviseur	400
expulsés	400
wind	400
tardé	400
templeton	400
mascara	400
boude	400
amiante	400
gorman	399
manette	399
rhabiller	399
chlore	399
perse	399
texan	399
dodd	399
alarmer	399
classés	399
caveau	399
gallois	399
heurte	399
nettoyeur	399
aidez-la	399
formuler	399
kobayashi	399
pactole	399
adepte	399
res	399
acceptait	399
yellow	399
reprendrons	399
vaut-il	399
forçant	399
aisselles	399
gendarmerie	399
pompée	399
souviendrez	399
lorne	399
manigance	399
transportant	398
incruster	398
tombaient	398
occidentaux	398
professionnalisme	398
tordant	398
examinez	398
prévues	398
alertes	398
gazelle	398
conventionnel	398
racle	398
contraintes	398
basket-ball	398
penthouse	398
gratte-ciel	398
parentale	398
sentis	398
robotique	398
lorelei	398
toboggan	398
considérait	398
tweet	398
ten	398
métamorphose	398
protégées	398
aimables	398
arms	398
retenait	398
hab.	398
légalité	398
beaux-arts	398
errants	398
fusiller	398
sacrifiée	398
brigand	397
coquilles	397
artistiques	397
réapparu	397
apparaisse	397
accomplis	397
régionales	397
basés	397
défibrillateur	397
rizzo	397
sera-t-elle	397
paria	397
fétiche	397
complètes	397
zed	397
guinées	397
minette	397
farmer	397
gastrique	397
lannister	397
gitane	397
somptueux	397
amazonie	397
récupérera	397
torturés	397
morpions	397
tentacules	397
représentante	397
pouffiasse	397
visas	397
chaines	397
gradé	396
disjoncté	396
different	396
u.	396
déjouer	396
vasectomie	396
lupus	396
magne	396
rentrerez	396
bizutage	396
pacificateurs	396
coche	396
reginald	396
électrocuté	396
sodomie	396
adoraient	396
mcguire	396
brando	396
véronique	396
regagnez	396
emmerdeuse	396
columbus	396
aurai-je	396
affiché	396
pertinente	396
respectueusement	396
inapte	396
envois	396
poussins	396
ripped	396
folk	396
variable	396
portrait-robot	396
participant	396
écartez	396
basta	396
glaciale	396
coulera	396
ch9f00	396
camés	396
coordonner	396
couturière	395
égarer	395
remué	395
lavée	395
semés	395
walton	395
meadows	395
pinot	395
instantanée	395
nicola	395
remises	395
fusibles	395
manuscrits	395
doutent	395
nouer	395
défendrai	395
dessinateur	395
enlèverai	395
sbires	395
férié	395
silo	395
coupait	395
ambre	395
enflé	395
plastiques	395
oublie-la	395
conroy	395
expier	395
lavie	395
highway	395
ros	395
chopin	395
wick	394
adéquate	394
embrassais	394
sculpteur	394
acné	394
bed	394
remariée	394
ying	394
traitons	394
ew	394
activement	394
parkinson	394
balancez	394
engages	394
explicite	394
9ème	394
thierry	394
mates	394
popeye	394
supportable	394
oops	394
amazones	394
basques	394
holodeck	394
mènerait	394
medecin	394
relu	394
fétide	394
réussissez	394
chatouilles	394
venimeux	394
motus	394
pfft	394
parlés	393
hypnotisé	393
reliant	393
michel-ange	393
stimule	393
dessines	393
milos	393
contaminés	393
tintement	393
ténacité	393
viviane	393
sniffer	393
renfermé	393
lynx	393
surchauffe	393
fabricants	393
pacifiques	393
plaquettes	393
serpillière	393
juriste	393
puzzles	393
cesare	393
middleton	393
fitness	393
déc	393
haut-parleurs	393
amenez-les	393
prépayé	393
mariner	393
bécane	393
voulait-elle	393
touffe	393
repassé	392
annulés	392
cécité	392
raphaël	392
exclusion	392
maline	392
transpiration	392
coûtait	392
sacrifiés	392
augustus	392
deluca	392
crew	392
dépotoir	392
découvrons	392
fendu	392
retardée	392
retrouvais	392
cul-de-sac	392
lénine	392
transpires	392
marko	392
fusillé	392
séduite	392
instance	392
sculptures	392
changerez	392
para	392
luttant	392
transpercé	392
muets	392
frimeur	392
dénouement	392
conquérant	392
tueuses	392
retards	392
gaspillez	392
dégoûtants	392
privilégiés	392
illuminé	392
éprouvant	392
monotone	392
fresque	391
cupide	391
arnaques	391
grièvement	391
égratignures	391
préféreriez	391
abc	391
toléré	391
7h30	391
handicapée	391
roderick	391
provoquant	391
improvisation	391
concepts	391
opossum	391
consume	391
rafle	391
prada	391
fabrice	391
matériels	391
rudi	391
sentaient	391
tuerons	391
plongez	391
procédez	391
arrêterez	391
malice	391
ennuyeuses	391
mémorisé	391
altérer	391
totem	391
athlétique	391
apprends-moi	391
virez-moi	391
ferdinand	391
crachez	391
oubliant	391
légistes	391
pleures-tu	391
braverman	390
pénitentiaire	390
repartent	390
frapperai	390
absolution	390
sensés	390
cambodge	390
etonnant	390
bouleverse	390
infiltrés	390
soleils	390
montrés	390
market	390
gagnés	390
véra	390
wichita	390
feint	390
fascination	390
puck	390
choqués	390
absurdes	390
détritus	390
repoussée	390
neurochirurgien	390
guitares	390
baird	390
excuse-nous	390
scanné	390
riggins	390
examinons	390
trésorier	390
tartare	390
boume	390
enchantement	390
atteins	390
pics	390
sternum	390
confidences	390
tulsa	390
best-seller	389
illumination	389
protestants	389
minérale	389
parcourt	389
fabian	389
paulson	389
diplomatiques	389
appréhendé	389
aime-moi	389
tisane	389
déshydraté	389
besogne	389
mijotes	389
report	389
occuperait	389
yoshida	389
nightingale	389
creuses	389
truck	389
plumer	389
dispositifs	389
sauraient	389
efficacement	389
recoucher	389
égarés	389
individuellement	389
symbiote	389
horton	389
déchirés	389
fâchez	389
mangerait	389
commerciales	389
tutelle	389
faîtes-vous	389
arcadia	389
tua	389
discothèque	389
camomille	389
socialisme	389
marsha	389
cordonnier	389
ge	389
harcelait	389
chassée	389
miette	389
o.j.	389
déchaîné	389
photocopies	388
crucifix	388
embobiner	388
bhai	388
noisette	388
indonésie	388
crucifié	388
enrôler	388
elvira	388
marino	388
rémi	388
galères	388
combiner	388
baisez	388
apportant	388
lung	388
acceptais	388
tirais	388
hubbard	388
velma	388
pao	388
amont	388
indignation	388
revenants	388
vigoureux	388
martina	388
effectif	388
harcelée	387
jugent	387
colombiens	387
lustre	387
calin	387
dépasses	387
provoquent	387
maude	387
appelleront	387
délivre	387
devancé	387
vf	387
venice	387
renferme	387
troisièmement	387
discutable	387
moreno	387
localise	387
giselle	387
accidentel	387
rentriez	387
errol	387
minière	387
potions	387
réveilleras	387
early	387
giants	387
bobines	387
nids	387
masculins	387
volaient	387
thermos	387
balboa	387
buveur	387
botox	387
arrange-toi	387
pépère	387
wrong	387
légitimes	387
composés	386
vih	386
arkady	386
pendleton	386
cotes	386
prodigieux	386
oriental	386
paranormal	386
installent	386
construits	386
dérangeant	386
babioles	386
zbz	386
excessivement	386
tentée	386
khalid	386
arranges	386
gladiateur	386
martel	386
envisages	386
kyoko	386
volantes	386
évoluent	386
anarchiste	386
interro	386
friandise	386
clap	386
latimer	386
inefficace	386
révise	386
haï	386
questionne	386
boîtier	386
litière	386
observais	385
syracuse	385
adhésion	385
nomades	385
protestant	385
clébard	385
explore	385
préalable	385
empruntée	385
mathis	385
louvre	385
assoie	385
dr.house.over-blog.fr	385
avorton	385
raffinerie	385
appartiendra	385
ãªtes	385
éblouissante	385
cahiers	385
prendriez	385
taisez	385
embarrassante	385
deale	385
haruhi	385
accusant	385
heh	385
hooper	385
détaillée	385
prouesses	385
loyers	385
wai	385
valser	385
tribeca	385
gaulois	385
fernand	385
shack	385
smokey	385
miraculeusement	384
pourraient-ils	384
rockefeller	384
prolongée	384
consacrée	384
ajuste	384
bannie	384
sèche-linge	384
geindre	384
telecharger	384
brouillon	384
utiliserait	384
droites	384
crashé	384
néron	384
beast	384
commenceront	384
prévienne	384
luttes	384
interné	384
phases	384
jugera	384
patiemment	384
tyrans	384
fourchettes	384
urticaire	384
éloignes	384
purification	384
passionnément	384
colles	384
inflation	384
estimée	384
chirurgical	384
macchabée	384
construisons	384
lndiens	384
reprenez-vous	384
willa	384
corky	384
alamo	384
vingt-quatre	384
typhon	384
intégralité	384
régénération	384
évalue	384
téléphonez	384
ignore-le	383
budgétaires	383
mépriser	383
maia	383
systolique	383
tapisserie	383
kieran	383
pondu	383
empoisonnés	383
téhéran	383
baffe	383
ecarte-toi	383
pichet	383
barricade	383
norvégien	383
frazier	383
didier	383
johns	383
sakura	383
botanique	383
appétissant	383
émotionnels	383
analogie	383
normalité	383
travaillerais	383
paumés	383
cylindre	383
barder	383
découvrirez	383
rancunier	383
jabbar	383
isa	383
lacet	383
postérité	382
manquantes	382
bâclé	382
replier	382
limace	382
prenions	382
j.t.	382
craignos	382
jakob	382
respectons	382
faucheuse	382
confrère	382
rigsby	382
keane	382
souhaitiez	382
ramassis	382
essentiels	382
suivrais	382
christmas	382
fifi	382
quiz	382
prophéties	382
fouetté	382
juste-	382
argot	382
chauves	382
passionne	382
milkshake	382
retaper	382
disiez-vous	382
enlevez-le	382
je-sais-tout	382
impro	382
indemnité	382
livrent	382
roulais	382
occupons-nous	382
masseuse	381
devancer	381
ruée	381
keenan	381
levait	381
archéologue	381
séparatistes	381
contradictoires	381
cascadeur	381
lodge	381
fermera	381
guenièvre	381
psychiques	381
tuttle	381
tragiques	381
obi-wan	381
any	381
blunt	381
taché	381
excuserez	381
advienne	381
poussières	381
cunningham	381
byrd	381
amélia	381
décisive	381
fiotte	381
artefacts	381
régulateur	381
fichues	381
mélasse	381
élucider	381
atwood	381
percevoir	381
bobbie	381
esmeralda	381
uno	381
posés	381
sphères	381
pries	381
employées	381
j.b.	381
entendes	381
confond	381
48h	381
étouffés	381
intelligemment	380
acres	380
aspen	380
fenton	380
troc	380
rougeole	380
propagation	380
soude	380
parmesan	380
bijoutier	380
dut	380
déviation	380
regrouper	380
traci	380
murmurer	380
sanderson	380
joug	380
travailleuse	380
arracherai	380
clarkson	380
attaquait	380
corday	380
contribuable	380
la-dedans	380
monopoly	380
disposée	380
jodi	380
signora	380
gia	380
sillage	380
toro	380
abou	380
crèmes	380
rengaine	380
prometteuse	380
focaliser	380
réduis	380
céleri	380
aine	380
instables	379
constellation	379
anniv	379
aumône	379
quittiez	379
kal-el	379
gucci	379
étriper	379
sonnera	379
destroyer	379
enseignements	379
ariane	379
tisser	379
rut	379
détachée	379
prendraient	379
sparky	379
chihuahua	379
démolis	379
marriage	379
prolongé	379
savait-il	379
atkins	379
blanc-bec	379
abracadabra	379
remettras	379
battues	379
oslo	379
mauviettes	379
sanatorium	379
prématurément	379
relevez-vous	379
concubine	379
dorés	379
bricoles	379
expliquant	378
superflu	378
nfl	378
garez-vous	378
prostitué	378
nitrate	378
autos	378
divisée	378
hankmed	378
rassemblez-vous	378
jean-marc	378
spasmes	378
attelle	378
dialecte	378
facettes	378
cuiller	378
embarrasse	378
peinard	378
chucky	378
équipiers	378
restos	378
lançons	378
reposant	378
sanitaires	378
enfermez	378
chimère	378
effacées	378
veuillent	378
apport	378
écolo	378
endosser	378
devinette	378
architectes	378
digital	378
illogique	378
jeûne	378
instabilité	378
appelez-les	378
passionnés	378
déguster	378
yuans	378
avc	378
maçon	378
renseignée	378
massey	378
libérateur	378
préparant	378
shows	378
hareng	378
tartine	378
suppression	378
iranien	378
heath	378
passerait-il	378
crèvent	378
clignotant	378
vésicule	378
fournissent	378
minorités	378
kabir	377
bertram	377
gymnaste	377
sympathiques	377
partaient	377
nouille	377
agrafeuse	377
présentant	377
dany	377
altman	377
terrorisée	377
délivrance	377
bernardo	377
immersion	377
mcmanus	377
irremplaçable	377
nets	377
toc-toc	377
confins	377
croque-mort	377
attrape-la	377
fibrillation	377
chiffons	377
travailleras	377
abandonnerais	377
échouent	377
empêchant	377
marmotte	377
convocation	377
obsolète	377
bibi	377
caucasien	377
incomparable	377
9h00	377
fréquemment	377
pourchasse	377
pong	377
mangue	377
martial	377
anne-marie	376
humeurs	376
envahis	376
maría	376
primitifs	376
intensément	376
aida	376
cut	376
bricoler	376
loque	376
cane	376
tuba	376
traînant	376
interesse	376
sanglote	376
lukas	376
accueillez	376
faudrait-il	376
shiro	376
redressement	376
chewing-gums	376
souterrains	376
réparez	376
reggae	376
lund	376
rox	376
châssis	376
dégonfle	376
inspecte	376
logiquement	376
fung	376
violoniste	376
interprétée	376
observant	376
bahut	376
ready	376
scellée	376
aucunement	376
vaincue	375
créons	375
post-mortem	375
indisponible	375
kimber	375
réservés	375
falcon	375
afro-américain	375
gonflés	375
cognée	375
techno	375
volatilisé	375
éclatent	375
alignés	375
chargent	375
gluant	375
couvre-toi	375
hobbes	375
protecteurs	375
nullement	375
dirigez-vous	375
indésirables	375
interessant	375
reculons	375
ï	375
couronné	375
cligne	375
porte-toi	375
sharma	375
fayed	375
entêté	375
fraudes	375
hwang	375
beaux-parents	375
clochards	375
jana	375
vivront	374
escrime	374
mag	374
embrassant	374
baptise	374
évangile	374
crapules	374
enclenché	374
intéressais	374
mondiaux	374
tam	374
visuels	374
sandrine	374
gupta	374
sombré	374
périlleux	374
courriel	374
échoues	374
équateur	374
resplendissante	374
tak	374
niles	374
postérieur	374
exploré	374
creed	374
triompher	374
malfrats	374
minerai	374
embrayage	374
saignent	374
révisé	374
gonzales	374
odyssée	374
cessez-le-feu	374
dune	374
parental	374
démonté	374
vingt-deux	374
communiquent	374
donaghy	374
laideur	374
poterie	374
étudient	374
al-qaïda	374
pouquoi	374
affectera	374
frime	374
19h30	374
représentations	374
apportais	373
commandants	373
view	373
digestif	373
cinéaste	373
kubrick	373
préservé	373
travailles-tu	373
pose-la	373
chantilly	373
donnons-lui	373
rayonnement	373
iphone	373
bouh	373
dia	373
small	373
amande	373
évacués	373
holloway	373
amygdales	373
guacamole	373
rencontrerez	373
catégorique	373
tyrell	373
foulée	373
huntington	373
médico-légal	373
harmonica	373
transpondeur	373
déloyal	373
morrow	373
knope	373
expirez	373
disquette	373
coffré	373
maud	373
luttent	373
sourcil	372
greffes	372
comblée	372
aiderons	372
frasier	372
collaborateur	372
ajay	372
gloussement	372
anecdotes	372
cases	372
allumes	372
relevée	372
looking	372
supportera	372
consommateur	372
arrêtons-nous	372
citadelle	372
tournois	372
apprécierez	372
ingéniosité	372
loïs	372
courons	372
soumets	372
vas-t-en	372
cougar	372
musiques	372
exceptionnellement	372
fresno	372
approuvée	372
volcans	372
farrah	372
piments	372
misty	372
hodge	372
entendront	372
confondez	372
lande	372
mcdeere	372
agira	372
dormaient	372
claustrophobe	372
récompensés	371
monet	371
favorables	371
francie	371
accoupler	371
julianne	371
carlin	371
fondent	371
entraînements	371
devis	371
perrin	371
impulsive	371
abstrait	371
tabasse	371
cardiff	371
italiennes	371
manies	371
opprimés	371
laquais	371
pars-tu	371
groot	371
abi	371
philo	371
prouvez	371
escroquer	371
hester	371
supportez	371
notions	371
stabilise	371
crocker	371
flashs	371
imagerie	371
explorateurs	371
apporterait	371
circle	371
valables	371
corpus	371
deirdre	371
justifiée	371
relative	371
holiday	371
elsie	370
chronomètre	370
invoqué	370
parodie	370
touche-moi	370
refoulé	370
kind	370
tomorrow	370
bridges	370
donahue	370
hygiénique	370
traînées	370
serrées	370
bougon	370
directs	370
cadette	370
inceste	370
rêvant	370
excuserai	370
expéditions	370
remets-le	370
rigolos	370
existera	370
bouleversant	370
analgésiques	370
non-stop	370
louez	370
gave	370
mûri	370
camaraderie	370
rattrapage	370
automobiles	370
délicats	370
inquisitrice	370
huître	370
sourient	370
wakefield	370
mythique	370
garret	370
13h	370
commises	370
trompettes	370
amerique	370
ru	370
imitations	370
lithium	370
eagles	370
céramique	369
earth	369
pen	369
hadar	369
possessions	369
carrure	369
larve	369
arrêtant	369
cirie	369
disculper	369
briefer	369
offensés	369
etait-il	369
fend	369
sous-entendu	369
déshydratation	369
parla	369
taiwan	369
casablanca	369
rôdeur	369
avalon	369
inoffensifs	369
manipulée	369
trouvez-les	369
année-là	369
entendrai	369
commets	369
brisez	369
païen	369
twain	369
commenciez	369
décrété	369
anything	369
piétiné	369
incantation	369
bouffons	369
miraculeuse	369
occuperas	369
appliquée	369
pays-bas	369
froisser	369
constantine	369
hésiterai	368
épargnée	368
orchestré	368
groupie	368
brésilienne	368
endorme	368
amusants	368
manquaient	368
gaine	368
soupirant	368
cynisme	368
gardées	368
masqués	368
déshabillé	368
entrerai	368
kolchak	368
froissé	368
apprêtait	368
favor	368
résous	368
irez-vous	368
prestigieuse	368
basque	368
gravir	368
flippes	368
minneapolis	368
boca	368
sunbae	368
dirigeons	368
découvrant	368
affectent	368
allocation	367
tunique	367
chantal	367
poivrons	367
jouerait	367
w.c.	367
sondes	367
lanternes	367
yah	367
éclatant	367
raclure	367
atomiques	367
tuez-la	367
télé-réalité	367
éternels	367
osera	367
sharona	367
extravagant	367
abbie	367
insouciant	367
ressors	367
sen	367
contrôlés	367
incorrigible	367
sacre	367
dispersion	367
arrêterons	367
ambassadeurs	367
armani	367
margaux	367
radioactive	367
repassez	367
10ème	367
renvoient	367
hitomi	367
haïssait	367
tutrice	367
effectue	367
bordure	367
ouais.	367
dits	367
incitation	367
iraniens	366
lavement	366
britannia	366
antwon	366
respectés	366
pompeux	366
saber	366
subite	366
alentour	366
enlève-la	366
accélérez	366
ramenons	366
déraille	366
raides	366
détectée	366
étroitement	366
décroches	366
dunes	366
taupes	366
opposent	366
enrico	366
tiens-tu	366
perspicacité	366
commerces	366
beep	366
steward	366
glacées	366
chômeurs	366
cornelius	366
1ere	366
hotchner	366
piston	366
brousse	366
phéromones	366
pelant	366
préparerai	366
ménagères	366
whistler	366
crèves	366
traumatisée	366
molécule	365
durst	365
palet	365
toxicomane	365
fouettée	365
viendrons	365
fusillades	365
viva	365
disciplinaire	365
takeshi	365
arrangés	365
atticus	365
sous-marine	365
scierie	365
ascendant	365
offrandes	365
appuyant	365
pacemaker	365
convoquée	365
tits	365
bavardé	365
cracker	365
ryland	365
naissances	365
sahara	365
high-tech	365
resserre	365
coccinelle	365
sensationnelle	365
asa	365
embêtes	365
évitent	365
babouin	365
genial	365
liquidé	365
insinuations	365
flatterie	365
procession	365
avançait	365
piloté	365
insécurité	365
répètent	365
henrietta	365
finlande	365
échouez	365
drummond	365
pédicure	364
sceptre	364
fatalité	364
moloch	364
signalée	364
fairfax	364
préfères-tu	364
côtoyer	364
antan	364
revenaient	364
running	364
traduis	364
parois	364
bulldozer	364
beuverie	364
plis	364
9h30	364
fellation	364
yoo	364
solidaires	364
flambant	364
prieur	364
baisais	364
bretzel	364
antécédent	364
séquelles	364
signera	364
joël	364
trask	364
éclairée	364
incomplet	364
intellect	364
sors-la	364
colonial	364
embouteillage	364
estimations	364
commençaient	364
bucarest	364
manipulatrice	364
pacifiste	364
cric	364
nfs	364
jurerais	364
krieger	364
sollicitude	364
pepperoni	364
inévitablement	364
remplaces	363
army	363
autobiographie	363
épilation	363
oryu	363
envahissent	363
trade	363
renouer	363
exaltant	363
apprendrais	363
échauffement	363
éditions	363
imaginez-vous	363
katrine	363
vrac	363
dégradation	363
raphael	363
regretterai	363
cp	363
spatiaux	363
recevez-vous	363
rejetés	363
salim	363
low	363
orleans	363
décontamination	363
evitez	363
rampé	363
pryce	363
ex-copine	363
célébré	363
banner	363
givens	363
i0	363
pancho	363
amarres	363
flower	363
englouti	363
mccord	363
conservation	363
décrypter	363
apportés	363
dancer	363
déroulent	363
amputation	363
press	363
labs	363
frayer	363
essentielles	363
portions	363
anwar	363
agricoles	363
accueillis	362
exterminateur	362
transformes	362
buick	362
usées	362
rikers	362
odile	362
downton	362
promue	362
expulsée	362
angelus	362
alignement	362
moz	362
petrov	362
déposés	362
entraver	362
ulairi	362
élisabeth	362
1ers	362
initiatives	362
stuff	362
joffrey	362
exorciste	362
frida	362
poisons	362
moments-là	362
planete	362
sortez-la	362
épargnez	362
genesis	362
seine	362
nola	362
télécharge	362
poteaux	362
lisiez	362
bassiste	362
épanouir	362
finirons	362
clover	362
hivers	361
gardens	361
haines	361
thought	361
succulent	361
avant-goût	361
ranges	361
demanderez	361
estiment	361
gator	361
levine	361
taelons	361
compétitif	361
filtrer	361
bowler	361
lâche-toi	361
argumenter	361
crews	361
repartira	361
angels	361
profitable	361
nylon	361
wexler	361
goran	361
enragés	361
replonger	361
laissez-lui	361
informerai	361
raccourcis	361
hors-d'	361
préside	361
entourer	361
bibine	361
congédié	361
dévoués	361
obèses	360
mâché	360
jor-el	360
créées	360
ronon	360
activiste	360
bolt	360
engendrer	360
fendre	360
carburateur	360
luge	360
épousant	360
pardonne-nous	360
variations	360
contagion	360
statistique	360
ressasser	360
sois-tu	360
retournais	360
clouseau	360
store	360
sauterelles	360
auditorium	360
exaucer	360
ra'	360
pluriel	360
récupérés	360
faufilé	360
other	360
débloque	360
solis	360
contrées	360
rythmée	360
logée	360
10h30	359
ponte	359
cabo	359
silencieusement	359
procédons	359
spéculer	359
catalan	359
eunuque	359
trafique	359
suivies	359
peluches	359
repoussant	359
gilroy	359
anson	359
dard	359
satisfaisante	359
paresse	359
attaquons	359
livrez	359
lumiere	359
rapporterai	359
gabriella	359
destins	359
faufile	359
étanche	359
météore	359
réussiras	359
ventura	359
showbiz	359
effrayantes	359
abaisse	359
tc	359
tolliver	359
amphétamines	359
adré	359
soutiendra	359
succomber	359
karin	359
chelou	359
assignée	359
réapparaître	359
watanabe	359
évidement	359
bane	359
isobel	359
asperges	358
atterris	358
anormaux	358
éventuelle	358
expliquais	358
donnell	358
work	358
motivés	358
consigné	358
xbox	358
envisageable	358
traitées	358
astéroïdes	358
zola	358
kleenex	358
connolly	358
grincheuse	358
malaisie	358
déçoit	358
scrupule	358
autiste	358
shilling	358
waterloo	358
carnegie	358
yorkshire	358
ahsoka	358
kepner	358
saper	358
témoignera	358
universal	358
truffe	358
tournés	358
avides	358
longueurs	358
démenti	358
arkham	358
lancers	358
disposons	358
bisons	358
intérieurement	358
irrité	358
murph	358
répondrais	358
bone	357
aveugler	357
chiche	357
guantanamo	357
avoues	357
woodrow	357
fripouille	357
supérette	357
attendrez	357
visais	357
anonymement	357
flattez	357
jennie	357
ramassage	357
mala	357
infesté	357
johnston	357
expérimentale	357
demande-leur	357
paresseuse	357
storybrooke	357
ringards	357
tirerais	357
dietrich	357
conjugales	357
médiation	357
fastoche	357
tulipes	357
succéder	357
fascisme	357
coopéré	357
dwyer	357
projectile	357
exile	357
énervent	357
fonctionnel	357
trampoline	357
e.t.	357
baines	356
sup.	356
habillent	356
répondes	356
skis	356
squatter	356
kenobi	356
traire	356
sami	356
dédiée	356
surfait	356
drive-in	356
génitales	356
controversé	356
striptease	356
cuites	356
argentée	356
barbarie	356
renommé	356
cellulaires	356
kryten	356
ici-même	356
dépouillé	356
enlevant	356
affrontent	356
rasage	356
envolés	356
reformuler	356
troupeaux	356
empêchement	356
désespérées	356
ozone	356
edge	356
équilibrer	356
kasper	356
malcom	356
respectait	356
offensant	356
poursuivant	356
canalisations	356
figurants	356
hideuse	356
cesses	356
belges	356
quotidiennement	355
toque	355
shiki	355
shining	355
jérémy	355
annee	355
senor	355
déminage	355
found	355
rongeur	355
optimistes	355
alcoolémie	355
drag	355
fossile	355
alchimiste	355
radley	355
prétention	355
digestion	355
enzymes	355
evacuez	355
aman	355
craquant	355
maltraiter	355
laissons-la	355
déguise	355
rooster	355
brisent	355
attentions	355
tupac	355
genre-là	355
résistante	355
polio	355
revendeur	355
dreams	355
appréciation	355
dégradant	355
consistait	355
irréversible	355
occupiez	355
halluciner	355
végétation	355
adaptée	355
liras	354
griffé	354
jewel	354
reliées	354
stockton	354
andrei	354
conviens	354
sgc	354
lactée	354
smoothie	354
indiquait	354
java	354
numériques	354
terrienne	354
assigner	354
laisseraient	354
farrow	354
raffinée	354
bayou	354
salis	354
infiltre	354
figues	354
regarderas	354
particularité	354
sforza	354
dilatées	354
vécurent	354
participent	354
pardonnez-nous	354
graphiques	354
renforcée	354
hancock	354
baltar	353
reproché	353
écoulées	353
acceptés	353
cnst	353
flottent	353
concentrez	353
loco	353
pourrons-nous	353
jerri	353
cedar	353
ancienneté	353
sergueï	353
gérait	353
bring	353
traquent	353
chez-moi	353
indiscrète	353
springer	353
raccourcir	353
gênent	353
montante	353
retournes-y	353
namaste	353
cady	353
alaric	353
ohhh	353
toinety	353
animer	353
clonage	353
ramassée	353
hua	353
nitro	353
embrassez-moi	353
winthrop	353
relâchés	353
pole	353
autocollants	353
mortellement	353
torrent	353
apéro	353
fief	353
aiguisé	352
rayyan	352
impie	352
noriko	352
dépassait	352
disparut	352
ders	352
kaoru	352
guirlandes	352
chaire	352
gonzalez	352
pesé	352
mélangés	352
fighting	352
simplet	352
réjouis-toi	352
originalité	352
de-	352
talkie-walkie	352
appâter	352
risotto	352
prévoient	352
minuterie	352
filmez	352
précipitamment	352
niais	352
aperçoive	352
coucherai	352
aspirations	352
clarinette	352
différencie	352
sauvent	352
déchiqueté	352
utiliserons	352
epouse	352
flush	352
jolly	352
hartford	352
améliorent	351
conviennent	351
demeurer	351
hisser	351
défendent	351
contemple	351
irrite	351
remettez-vous	351
ouvrez-la	351
portia	351
attirail	351
piédestal	351
parente	351
apprêtais	351
abréger	351
assorti	351
remarquablement	351
foires	351
hahn	351
duvet	351
roma	351
bourdon	351
occulte	351
rendormir	351
gill	351
mas	351
soto	351
g.i.	351
dissection	351
maybe	351
nero	351
cornelia	351
mangeurs	351
gregson	351
brunes	351
balancée	351
plaidoyer	351
cyclope	351
mélangent	351
tricherie	351
remuez-vous	351
éboueur	351
serai-je	351
chalumeau	351
paumes	351
dormes	350
provisoirement	350
inhumains	350
redescend	350
rot	350
récipient	350
hibernation	350
freedom	350
filmés	350
muter	350
award	350
mammifères	350
votons	350
escaladé	350
franchis	350
satanique	350
agarn	350
poupe	350
compas	350
oublie-moi	350
stef	350
dormons	350
enlacer	350
gorges	350
précédé	350
artagnan	350
sitting	350
chaussée	350
arbitraire	350
abandonnant	350
pandora	350
redoubler	350
quinte	350
fraiche	350
vanté	350
intégrée	350
moquais	350
vestimentaire	350
joyeusement	350
inflammable	350
conteneurs	350
kwan	350
vidéosurveillance	350
ovule	350
enthousiastes	350
causerait	350
specter	350
kinney	350
déserts	350
sorry	350
menées	349
annabel	349
issus	349
brigades	349
crais	349
assemblé	349
oublieront	349
olson	349
latérale	349
sied	349
roumain	349
skyler	349
bourgogne	349
avon	349
sentons	349
dérailler	349
fixait	349
ajustements	349
bowen	349
militant	349
tor	349
balls	349
ferveur	349
flacons	349
ground	349
minet	349
macao	349
escroqué	349
dorrit	349
indigène	349
bossu	349
joignable	349
sis	349
nautique	348
milk	348
respirent	348
pilates	348
type-là	348
porterez	348
friture	348
porte-feuille	348
morgana	348
entra	348
rasée	348
fonte	348
concourir	348
groom	348
soudés	348
bassine	348
mozzie	348
matérielles	348
restauré	348
doggett	348
lançait	348
bouillant	348
essaierait	348
8h30	348
alter	348
slogans	348
esquimau	348
pardonnerais	348
tahoe	348
gâtés	348
nervosité	348
entraide	348
sélections	348
maudire	348
hansel	348
ripou	348
interrompt	348
réglage	348
blizzard	348
rendez-nous	348
accroître	348
arreté	348
documentaires	348
druide	348
audimat	348
chloroforme	348
réagissez	348
antimatière	348
poussiéreux	348
cameraman	348
étouffant	348
moqueur	348
magnésium	348
assimiler	348
érudit	347
excites	347
changées	347
lavez	347
morfondre	347
raffole	347
impliquent	347
succube	347
11e	347
rosalee	347
shapiro	347
birch	347
alexei	347
baber	347
cerfs	347
atrocement	347
meadow	347
journee	347
hypnotiser	347
alimenté	347
bieber	347
downey	347
francais	347
hole	347
éclaircit	347
pâturages	347
arn	347
ponctualité	347
zhou	347
fauve	347
protestations	347
sortez-les	347
choisies	347
consultants	347
seniors	347
natacha	347
pastilles	347
sono	347
mikhail	347
desolee	347
métamorphe	347
bris	347
expérimentation	347
enzyme	347
gâterie	347
attirera	346
branson	346
commandée	346
ong	346
britt	346
épate	346
animée	346
donnez-la-moi	346
annees	346
entretenu	346
pétrolier	346
chercheront	346
attribue	346
déchirent	346
pellicules	346
stick	346
gayle	346
chenil	346
réécrit	346
crixus	346
métalliques	346
malsaine	346
petersen	346
dorothée	346
enfantin	346
ést	346
betteraves	346
kitchen	346
remarquent	346
phosphore	346
lointains	346
falcone	346
frivole	346
inconscients	346
débarrasses	346
chagrins	346
p.s.	346
canaan	346
grandira	346
verbal	346
matter	346
constructeur	346
implications	345
perdrons	345
ran	345
terroriser	345
recycler	345
alexa	345
lomax	345
idiotie	345
dédommagement	345
espece	345
o2	345
parle-t-on	345
embryon	345
renié	345
geôlier	345
kétamine	345
amusera	345
scranton	345
calomnie	345
parabole	345
déposerai	345
revirement	345
tiraient	345
linc	345
préférons	345
déplorable	345
himalaya	345
hab	345
assaillant	345
radicalement	345
fair-play	345
ingrats	345
versez	345
modeler	345
revêtement	345
ratons	345
pamplemousse	345
rouquin	345
présentons	345
vaincra	345
téléviseur	345
biologiste	345
ordonnez	344
annoncez	344
tardif	344
webcam	344
tuyauterie	344
chassait	344
constructeurs	344
obéissant	344
pak	344
glock	344
wee	344
lucidité	344
chimiothérapie	344
watergate	344
chilton	344
aideriez	344
rencontrais	344
idoles	344
rashid	344
sucettes	344
waou	344
alexandrie	344
geiger	344
hoshi	344
accumule	344
trahissent	344
givré	344
child	344
contraindre	344
selfie	344
pertinence	344
pulsion	344
hindou	344
daté	344
entame	344
v'	344
kellogg	344
thorn	344
impénétrables	344
rénovations	344
promotions	344
emmene	344
dépensent	344
bulls	343
contribue	343
montrez-leur	343
laitier	343
clodos	343
id	343
klaxonne	343
arythmie	343
appellerez	343
endetté	343
holographique	343
innovation	343
constituer	343
tremblait	343
amigos	343
shan	343
hérésie	343
éteignent	343
renouveau	343
contrée	343
tirelire	343
rambaldi	343
recherchais	343
glucose	343
présentées	343
nazir	343
modifiés	343
taft	343
débusquer	343
valeria	343
urinaire	343
revenons-en	343
poppins	343
filait	343
bit	343
valhalla	343
recontacte	343
prévoyait	343
jonction	343
embrasse-la	343
espionnait	343
jem'	343
makoto	343
shekhar	343
whitaker	343
chop	343
animosité	343
pointues	343
vasco	343
prospérer	343
restes-tu	343
doing	343
surchargé	342
décidons	342
armez	342
looser	342
coéquipière	342
éraflure	342
20h30	342
continuant	342
frotté	342
refile	342
démêler	342
accumulé	342
ébriété	342
envelopper	342
oxy	342
tireront	342
décharges	342
modestes	342
birdie	342
accouplement	342
arrogants	342
refuserait	342
périls	342
malt	342
link	342
reflets	342
ting	342
divisionnaire	342
cj	341
suppliant	341
garagiste	341
scéne	341
leopold	341
judo	341
raf	341
comptaient	341
vee	341
retourna	341
éloignement	341
dériver	341
changeais	341
exclamation	341
fernandez	341
jafar	341
pantoute	341
cod	341
rapplique	341
dérape	341
récession	341
dock	341
lupe	341
usée	341
rs	341
hispanique	341
thérapies	341
genèse	341
compulsif	341
mccormick	341
renata	341
wish	341
jump	341
voyants	341
explique-lui	341
traitera	341
passez-le	341
beyoncé	341
piggy	341
those	340
baze	340
athlétisme	340
rockwell	340
bénédictions	340
violées	340
exécuteur	340
8h00	340
toyota	340
feutre	340
nettoierai	340
atténuantes	340
fatiguant	340
anthropologie	340
gemini	340
apu	340
mccabe	340
redoutables	340
maintenue	340
reporte	340
confiné	340
emprisonnés	340
balancent	340
potager	340
gencives	340
moite	340
crevés	340
lange	340
carrosserie	340
dindes	340
irrigation	340
étourdie	340
ex-petit	340
alcools	340
gravier	340
sacrement	340
dormirez	340
cosmétiques	340
désirable	340
percuter	340
aide-la	340
dove	340
pryor	340
stoppez	340
canapés	340
généalogique	340
rocheuses	340
quitterez	340
marshmallows	340
chuchotant	339
fouillant	339
respirations	339
réveillerai	339
mata	339
féminité	339
torcher	339
zorro	339
comparez	339
bora	339
retournant	339
régnait	339
lacération	339
vignes	339
camionneur	339
aram	339
parliez-vous	339
psst	339
critère	339
écrases	339
dissipe	339
comestible	339
cancers	339
macaroni	339
agacer	339
tribut	339
carrelage	339
obscures	339
banana	339
denton	339
navigué	339
their	339
donneraient	338
posez-la	338
rom	338
traffic	338
habitée	338
imper	338
molina	338
command	338
debut	338
heo	338
testez	338
infinies	338
cachaient	338
consultations	338
psychiatriques	338
troi	338
induit	338
séparez	338
variation	338
paniques	338
bistouri	338
baylor	338
blind	338
yasir	338
enseignent	338
pillules	338
coutures	338
hostie	338
accumuler	338
prã	338
vois-je	338
dispense	338
medina	338
uh-uh	338
angoissé	338
pathologique	338
commencions	338
guêpe	338
descendrai	338
rongeurs	338
crac	338
gelées	338
five-o	337
charly	337
municipalité	337
accepteriez-vous	337
dickinson	337
wharton	337
gordo	337
gîte	337
ouvre-toi	337
cuisiniers	337
enseignez	337
scar	337
emportés	337
affectif	337
vallées	337
québécois	337
remorquer	337
keyes	337
2nd	337
larguez	337
sauvegarder	337
hobbit	337
périmé	337
exceptionnels	337
mollets	337
prends-toi	337
presbytère	337
ogives	337
tchin	337
rusée	337
farcir	337
apôtres	337
embarquée	337
disait-il	337
ferme-là	337
taulard	337
face-à-face	337
moites	337
mandela	337
soignez	337
échiquier	337
effroi	337
joão	337
secundo	337
comprit	336
opportuniste	336
kimball	336
saw	336
tornades	336
burkhardt	336
unissent	336
palerme	336
allumeuse	336
détestaient	336
virages	336
stratégiques	336
mean	336
seconds	336
radioactivité	336
paralyser	336
souligné	336
lnde	336
avancera	336
saeko	336
anesthésiste	336
douloureuses	336
oxyde	336
varie	336
rey	336
fantaisiste	336
birmanie	336
qué	336
hépatique	336
gaulle	336
entraîneurs	336
irréparable	336
manon	336
surveillez-le	336
hémorroïdes	336
gémissant	336
ventriculaire	336
melons	336
sensuel	336
meghan	336
quilles	336
germaine	336
positivement	335
plantations	335
antéchrist	335
quahog	335
vile	335
néfaste	335
disposés	335
garvey	335
mêlent	335
prévision	335
tropiques	335
interrompons	335
gable	335
incinérer	335
drop	335
ramenais	335
rapportez	335
accordent	335
stériles	335
pâture	335
parer	335
trompeur	335
change-toi	335
écuyer	335
passive	335
aviateur	335
jonny	335
imaginée	335
den	335
oubliait	335
mettons-le	335
romi	335
reece	335
mayfair	335
pores	335
kaitlin	335
briserai	335
cocos	335
sucrée	334
relaxation	334
puait	334
chuckles	334
hollandaise	334
inaudible	334
dmitri	334
vijay	334
haïssez	334
hewitt	334
aristote	334
hayward	334
stats	334
plaignez	334
aww	334
fredonne	334
mãªme	334
établissements	334
coral	334
remue-toi	334
grouiller	334
bruyamment	334
existez	334
génome	334
épatante	334
débarquez	334
tuile	334
inondée	334
stefano	334
tut	334
retournement	334
débranche	334
hitman	334
revolvers	334
préoccupes	334
prétentieuse	334
défensives	334
mikael	334
posez-moi	334
retourniez	334
délices	334
arden	334
rigoureux	334
étrangleur	334
perturbés	334
bouclés	334
jock	334
héroïques	334
enough	334
écouterais	334
quint	333
partagés	333
assemblage	333
babs	333
lieutenant-colonel	333
rosbif	333
rejoignons	333
démoniaques	333
pipeline	333
pardonnons	333
montrerait	333
accompagnerai	333
prude	333
museau	333
ndt	333
sister	333
embêterait	333
bagarrer	333
zod	333
recoin	333
opèrent	333
whitehall	333
vénérable	333
start	333
antidouleurs	333
analystes	333
sculpté	333
vecteur	333
mm-hm	333
charismatique	333
connaîtrez	333
gravée	333
pulvériser	333
mako	333
keisha	333
esquimaux	333
kt	333
croyante	333
scorpions	333
euphorie	333
platonique	333
lamenter	333
défunts	333
inviterai	333
salam	333
salaam	332
burritos	332
rothschild	332
olé	332
wake	332
brioches	332
subissent	332
répandent	332
continental	332
booker	332
désespère	332
défais	332
redis-moi	332
pfff	332
débarrassez	332
congeler	332
sève	332
essaim	332
poserait	332
chaman	332
chapelet	332
inconvenant	332
sclérose	332
samuels	332
forcent	332
amor	332
perçoit	332
butte	332
brule	332
théière	332
réchauffé	332
achetons	332
defense	332
taels	332
épouseras	332
venez-en	332
habitation	332
asgard	332
nommés	332
enroulé	332
coast	332
pluton	332
laissa	332
orale	332
garderas	332
notres	332
aphrodisiaque	332
renards	332
trahirai	332
indirectement	332
ponton	332
apparut	332
berg	332
disséquer	332
immigré	332
bey	332
heure-là	332
écailles	332
éventuel	331
boche	331
draguée	331
charrue	331
négligée	331
limo	331
malfaiteurs	331
coiffée	331
cligner	331
regardez-ça	331
poursuivrai	331
kidnappés	331
significative	331
tentera	331
faucons	331
jiro	331
waiting	331
maxie	331
chantonne	331
vieillissement	331
vietnamien	331
chamailler	331
laverne	331
scarlet	331
nourrissant	331
menons	331
essor	331
mensuel	331
cabanon	331
spirituels	331
confrères	331
brillait	331
fallait-il	331
fournie	331
abonnés	331
molles	331
wolfgang	331
ruelles	331
sylar	331
abusif	331
lombaire	331
repêché	331
voyageant	331
danserai	331
déceptions	331
lasso	331
moulant	331
avorté	331
proc	331
diem	331
cornet	331
filou	331
enid	331
renonces	331
transportent	331
envahie	330
kyste	330
répartition	330
kemal	330
intitule	330
intactes	330
péninsule	330
lauriers	330
klan	330
surveillera	330
charogne	330
midnight	330
glucides	330
compétitions	330
18ème	330
regroupe	330
scrotum	330
microbe	330
biggie	330
suicidaires	330
rigolait	330
quitta	330
cycliste	330
jugulaire	330
sgt	330
12ème	330
battront	330
espionnais	330
she'	330
annonçant	330
disions	330
conventionnelle	330
écrasante	330
gamelle	330
bingley	330
secouriste	330
choisissons	330
pal	330
carillon	330
pã	330
hublot	330
jeun	330
approuvez	330
photographique	330
kidnappe	330
fermait	330
bourrique	330
licornes	330
shut	330
pardonneras	330
théodore	329
nettoyais	329
zimmerman	329
archange	329
violez	329
kahlan	329
dominos	329
faudra-t-il	329
dawkins	329
ban	329
andreï	329
shun	329
vernissage	329
inouï	329
imprudente	329
camaro	329
cardinaux	329
dominante	329
wobbly	329
rhin	329
décline	329
siamois	329
goose	329
complots	329
pollock	329
bougeons	329
swann	329
trois-là	329
monarque	329
septique	329
lucrezia	329
tremblez	329
ravens	329
fougueux	329
nobody	329
kol	329
distinctes	329
cimetières	329
étau	329
collatéral	329
moqueries	329
remplacés	329
fumées	329
couchera	329
sordides	329
hindi	329
retiendra	329
guidés	329
trésorerie	329
sunday	329
navets	328
valider	328
dégueulasses	328
tripote	328
goes	328
shooting	328
word	328
traditionnels	328
dortoirs	328
gèrent	328
tirerait	328
ecoutons	328
applaudissement	328
lisbeth	328
lundis	328
débloques	328
rhino	328
giggity	328
éviterais	328
revendique	328
belinda	328
survole	328
talc	328
assemble	328
sapiens	328
agrandissement	328
dissimule	328
royaux	328
rancœur	328
tomberai	328
déchaînée	328
battrais	328
catacombes	328
turin	328
enlevons	328
foutrais	328
hésites	328
glou	328
tropical	328
shrek	328
reptile	328
sy	328
encouragée	328
désignée	328
ilya	328
proposée	328
activés	328
aye	327
chuchotements	327
étudions	327
kremlin	327
colocs	327
canine	327
multiplier	327
disperse	327
morelli	327
futés	327
faust	327
jing	327
problémes	327
logis	327
influents	327
digère	327
croix-rouge	327
dorées	327
salve	327
physio	327
conductrice	327
obligent	327
stupéfait	327
construisez	327
oskar	327
néglige	327
marthe	327
rai	327
kei	327
bouffent	327
courtiser	327
vertueuse	327
orbites	327
bastion	327
partageant	327
under	327
immatriculée	327
sublimes	327
wash	327
célestes	327
vickie	327
finalistes	327
théâtral	327
bum	326
chiba	326
compresse	326
alertez	326
indésirable	326
couvrant	326
california	326
réfuter	326
dînez	326
sautée	326
régisseur	326
jugeote	326
possédons	326
réveillais	326
tralala	326
6h30	326
imposteurs	326
tegana	326
accomplit	326
triplé	326
séchée	326
déroute	326
palette	326
thermiques	326
foreuse	326
séparera	326
enfilez	326
réformes	326
clifton	326
same	326
maru	326
lights	326
enfreins	326
devrai-je	326
grimaces	326
gatsby	326
aviv	326
blason	326
nike	326
forer	326
seaver	326
bajorans	326
someone	326
rafa	326
imité	326
déserteurs	326
offrais	326
paramount	326
somalie	325
embryons	325
dissous	325
baladent	325
akiko	325
variétés	325
bosch	325
utilisiez	325
consciencieux	325
flashé	325
retournerez	325
shu	325
comportait	325
wibbly	325
while	325
prend-il	325
lobo	325
méritons	325
gal	325
aigri	325
entités	325
season	325
paloma	325
urgentes	325
many	325
défiguré	325
kel	325
lisez-le	325
shark	325
hackett	325
concerto	325
amorce	325
yee	325
sunil	325
mercredis	325
drago	325
eta	325
pilate	325
pécher	325
trav	325
games	325
discorde	325
équilibrée	325
vicodin	325
présumer	325
légèreté	324
facs	324
circoncis	324
tâcher	324
emprisonnée	324
sollicité	324
cardassia	324
majeures	324
allusions	324
favela	324
physiologie	324
altruiste	324
servons	324
monster	324
éruptions	324
barracuda	324
feraient-ils	324
darrell	324
mentant	324
parviennent	324
evil	324
lynne	324
yogi	324
simulations	324
lose	324
cubs	324
aphrodite	324
entertainment	324
hã	324
peppino	324
fabriquait	324
ba'	324
chambellan	324
xiii	324
ferons-nous	324
ossements	324
blackwell	324
tentations	324
désolées	324
retouches	324
grises	324
landon	324
coffee	324
belgrade	324
courroux	324
dépressive	323
réservées	323
mystery	323
allument	323
vale	323
suivrons	323
millimètre	323
daube	323
stoppe	323
ressens-tu	323
dégénérer	323
regarda	323
cobalt	323
véridique	323
spectres	323
approfondir	323
scandaleuse	323
genji	323
eunice	323
bas-fonds	323
presley	323
ole	323
vaisseau-mère	323
archéologie	323
rends-lui	323
argus	323
remontes	323
recensement	323
mouraient	323
vire-moi	323
irrationnelle	323
tendues	323
boulon	323
inappropriée	323
refusons	323
affectueusement	323
dugan	323
noelle	323
sarge	323
justification	323
donnes-moi	323
calamité	323
troué	323
cartable	323
soupçonnez	323
équiper	323
souplesse	323
aristocrate	323
secousses	323
perpétuel	323
éternuer	323
nounous	323
rédige	323
visqueux	323
rebeller	323
briserait	323
gangrène	323
chiotte	323
volons	322
tournesol	322
mckenna	322
sortions	322
lifting	322
terminez	322
sark	322
écoulement	322
israel	322
devinrent	322
insomnies	322
defiant	322
méthodique	322
relâchez-le	322
citrouilles	322
alu	322
mâchoires	322
culots	322
blablabla	322
échangés	322
genevieve	322
descends-le	322
contraception	322
fermais	322
appela	322
organisait	322
sensuelle	322
fleuri	322
obtiendras	322
ex-petite	321
dib	321
désinfecter	321
sapins	321
spots	321
donnez-m'	321
préférences	321
dirais-je	321
préhistorique	321
falsifier	321
effigie	321
ml	321
prioritaires	321
commandait	321
dédommager	321
aériens	321
scotché	321
ortho	321
redis-le	321
izumi	321
save	321
minois	321
natifs	321
similitudes	321
brouette	321
stratège	321
souffrais	321
dégât	321
rebut	321
falco	321
highland	321
trousseau	321
poulettes	321
dov	321
alternatif	321
albinou	321
direz-vous	321
chantaient	321
gogol	321
deluxe	321
volcanique	321
proposons	321
monoxyde	320
identifiez-vous	320
fane	320
maynard	320
inventez	320
multiplient	320
tueries	320
inébranlable	320
cordialement	320
myrtille	320
cousines	320
minimale	320
persévérer	320
malveillant	320
étire	320
tons	320
liasse	320
transparente	320
splendides	320
dissout	320
jemaine	320
yamada	320
réglementaire	320
ressortie	320
végétariens	320
mallard	320
horne	320
severide	320
enfermées	320
speaker	320
lundy	320
chagrine	320
lonely	320
nagent	320
eternel	320
chatouiller	320
systeme	320
résonance	320
faisan	320
enchaînés	320
rodgers	320
commanditaire	320
citoyenneté	320
raisonnablement	320
dis-donc	320
bouclez-la	320
hérétiques	320
wynn	319
déposes	319
marlin	319
connelly	319
réceptions	319
sprint	319
voss	319
pisses	319
stackhouse	319
folklore	319
graisses	319
rentrerons	319
incompris	319
sauverait	319
anormalement	319
hamid	319
éternue	319
korsak	319
entretuent	319
calculatrice	319
trenton	319
nai	319
marcherai	319
barrons-nous	319
blâmez	319
batista	319
marv	319
donateur	319
parachutes	319
retournerait	319
pardonnerez	319
damnée	319
mooney	319
attentionnée	319
lon	319
fidèlement	319
écoute-le	319
tomberas	319
shell	319
chômeur	319
modération	319
containers	319
yémen	319
bureaucrates	319
alina	319
incombe	319
zarbi	318
electric	318
redevenue	318
fabio	318
neutralise	318
féministes	318
matador	318
réessaie	318
lefty	318
viral	318
revendiquer	318
longitude	318
addy	318
draguait	318
antérieur	318
créera	318
réfectoire	318
humainement	318
emmène-les	318
intermédiaires	318
defiance	318
infamie	318
grantham	318
0ui	318
augie	318
haynes	318
invincibles	318
hawking	318
protègera	318
modes	318
trimballer	318
english	318
en-bas	318
garde-moi	318
effacez	318
planqués	318
espionné	318
abords	318
barksdale	318
clics	318
biliaire	318
limbes	318
agente	318
lises	318
reposait	318
repeint	318
pitbull	318
musicaux	318
ritter	318
addams	317
remercierai	317
passe-passe	317
perpétuer	317
reparte	317
pointus	317
organises	317
lantern	317
holliday	317
raids	317
mesa	317
parlementaire	317
guerrero	317
antoinette	317
enlevait	317
régimes	317
lointaines	317
répétais	317
seamus	317
transformant	317
destructrice	317
mongolie	317
kes	317
déformation	317
garderez	317
symétrie	317
proxénète	317
gagnerons	317
commettez	317
nikolai	317
escort	317
pleurnichard	317
westchester	317
alive	317
mocassins	317
indescriptible	317
bureaucrate	317
toucherez	317
mavis	317
bai	317
cellier	317
tomie	317
finisses	317
hermès	317
fuel	317
verrouillées	317
royales	317
pardi	317
compétents	316
anastasia	316
glaive	316
sarcophage	316
parfumé	316
recalé	316
lots	316
ito	316
lavés	316
insolite	316
touchais	316
pratiquant	316
toy	316
libye	316
retiendrai	316
présomption	316
traversera	316
égyptienne	316
maquille	316
obliges	316
rest	316
mordant	316
émile	316
participes	316
potts	316
appropriés	316
éboueurs	316
legs	316
pines	316
influences	316
avalez	316
convainc	316
substitution	316
contourne	316
répondiez	316
cérébraux	316
commandité	316
bannister	316
friedman	316
prétendue	316
abrams	316
vérifiée	316
digéré	316
jouions	316
cagnotte	316
restez-vous	316
offertes	315
19ème	315
craignant	315
ooo	315
quatuor	315
half	315
stands	315
terreurs	315
pacino	315
thom	315
mayfield	315
waw	315
débriefing	315
kebab	315
alonzo	315
boeufs	315
forget	315
morose	315
demeurent	315
chrome	315
télégrammes	315
filante	315
exercé	315
mongo	315
accumulation	315
irakiens	315
garniture	315
emballés	315
impliquait	315
juives	315
opté	315
rollers	315
programmés	315
cinématographique	315
révélés	315
towers	315
adorons	315
oaks	315
mika	315
désinvolte	315
clôtures	315
médiocrité	315
excelle	315
rétention	315
perdiez	315
allocations	315
ralphie	315
éclore	315
ardemment	315
mormons	315
tétanos	315
dormirais	315
grosseur	315
visualiser	315
testicule	315
répliquer	314
bénissez	314
surréaliste	314
submergée	314
psychanalyse	314
vetements	314
pcv	314
connaisseur	314
wren	314
kyung	314
guérissent	314
renseigne-toi	314
gagnant-gagnant	314
foncés	314
lnternet	314
brant	314
und	314
comanches	314
précisions	314
generation	314
revendiqué	314
jihad	314
coïncide	314
hawkes	314
punks	314
bâtonnets	314
chignon	314
paroissiens	314
bazooka	314
passe-lui	314
inhabituelles	314
baissés	314
golem	314
inutilisable	314
laps	314
atmosphérique	314
collabore	314
missionnaires	314
ajournée	314
groupies	314
tyra	314
résulte	314
mobiliser	314
platt	314
siegel	314
saxophone	314
pètes	314
péquenaud	314
restantes	314
dites-le-lui	314
bao	314
éleveur	314
avi	314
armageddon	314
croises	313
procès-verbal	313
écœurant	313
juke-box	313
attraperai	313
brocolis	313
colérique	313
attirez	313
gisèle	313
terence	313
acolytes	313
découvriras	313
tchétchénie	313
tory	313
nietzsche	313
battons-nous	313
quotidiennes	313
rendrons	313
caméscope	313
rente	313
tolérant	313
passe-le	313
chewing	313
naina	313
perron	313
perfide	313
twin	313
persuadés	313
annika	313
pâles	313
intensif	313
recel	313
contre-interrogatoire	313
reclus	313
dégradé	313
insistant	313
stades	313
étonnement	313
empli	313
factions	313
tremblant	313
born	313
addic7ed	313
shooté	313
emplacements	313
dénigrer	313
noué	313
geller	313
chercherais	312
reussi	312
refais-le	312
importé	312
survoler	312
prairies	312
repartons	312
ops	312
précipitée	312
gaufre	312
bricole	312
crassus	312
ruptures	312
fallut	312
bonds	312
défectueuse	312
perfectionner	312
gretel	312
effectuée	312
serments	312
résistera	312
admettez-le	312
scalp	312
shirô	312
enchaînement	312
descendez-le	312
cabale	312
nik	312
ibm	312
ouvriront	312
putin	312
dupree	312
accoutrement	312
corral	312
mulet	312
tire-bouchon	312
bloques	312
jetterais	312
ménages	312
myope	312
homie	312
napa	312
réalisa	312
cancéreux	312
branlée	312
bergman	312
espérez-vous	312
coquins	311
calice	311
cath	311
injures	311
approchera	311
évincer	311
dégainer	311
traîtrise	311
mojo	311
stephan	311
eyre	311
baissent	311
connaîtrais	311
fleurir	311
ébauche	311
dubbing	311
mcdo	311
comes	311
hospitalisée	311
stupéfiante	311
arrête-moi	311
obésité	311
gênés	311
sciemment	311
mouchards	311
17e	311
imprimeur	311
mettez-y	311
neiger	311
polaires	311
rocks	311
renie	311
carolina	311
sayonara	311
yui	311
dégourdir	311
pouffe	311
lobby	311
comptera	311
chapel	311
défendait	311
reflètent	311
basiques	311
nestor	311
woodstock	311
fémorale	311
brailler	311
situer	311
charming	311
prendrez-vous	311
fossoyeur	311
déjà-vu	311
traditionnelles	311
réduisez	311
pelt	311
sèche-cheveux	311
littardi	311
vérifiés	311
colombien	311
furtivement	311
vaincrons	311
qualifie	311
installes	311
poutres	311
blindage	311
cheik	311
épousez	310
dégoter	310
barnaby	310
naisse	310
touchante	310
mayas	310
chapiteau	310
asperge	310
rencontra	310
penchée	310
froussard	310
drainer	310
cata	310
consortium	310
soutenait	310
byers	310
condor	310
libère-moi	310
bimbo	310
dater	310
burning	310
retrouva	310
alto	310
pénalité	310
douteuses	310
iriez-vous	310
tragiquement	310
connections	310
burbank	310
yumiko	310
écriviez	310
dompter	310
revérifier	310
ailier	310
nouveautés	310
guillermo	310
gregg	310
roxie	310
émane	310
humilie	310
poussera	310
sinistres	310
mages	310
brook	310
équité	310
boursier	310
hub	310
sauriez-vous	310
enchanteur	310
joins-toi	310
envoyez-les	310
piastres	309
encercler	309
bluth	309
fondées	309
trotte	309
15ème	309
pancake	309
irritant	309
pépins	309
deuxieme	309
amenez-vous	309
nicaragua	309
paulette	309
finissais	309
q.i.	309
rankin	309
écolière	309
étalé	309
sérénade	309
extras	309
calhoun	309
phénoménal	309
méconnaissable	309
exagérée	309
seigle	309
tète	309
vacciner	309
paniquée	309
capri	309
prisonnières	309
traumatique	309
brochette	309
akbar	309
halète	309
raconte-lui	309
canadian	309
nominé	309
told	309
whole	309
arôme	309
linceul	309
pia	309
minutieusement	309
déraillé	309
référer	309
chandelier	309
posez-vous	309
piétons	309
surveillons	309
goujat	309
documentation	309
comportez	308
williamson	308
arrivions	308
pommettes	308
cleary	308
closes	308
renault	308
agamemnon	308
tendons	308
marat	308
cherokee	308
succursale	308
madagascar	308
coupon	308
zebra	308
nia	308
ucla	308
énigmatique	308
expliquez-nous	308
amélie	308
shoote	308
yusuf	308
motels	308
howell	308
lennie	308
barone	308
pesticides	308
garderait	308
applaudi	308
flancs	308
terrorise	308
remous	308
antiquaire	308
securite	308
entraînais	308
ambulante	307
perdit	307
imparfait	307
quitterait	307
plymouth	307
caramels	307
invraisemblable	307
mass	307
rappellerais	307
doublez	307
collin	307
régénérer	307
dérivés	307
voulut	307
myself	307
descendais	307
thermostat	307
taffe	307
groenland	307
utopie	307
seeley	307
cubaine	307
transpercer	307
vertèbre	307
othello	307
saroyan	307
birkhoff	307
rends-la-moi	307
saracen	307
écrirais	307
hirondelle	307
dévorent	307
dégonfler	307
astheure	307
ulrich	307
jaillir	307
gruber	307
qin	307
moue	307
quill	307
garde-manger	307
regarderait	307
nishi	307
lice	307
résine	307
réticent	306
désaccords	306
effrontée	306
agriculteurs	306
malachi	306
basculé	306
alger	306
palpitations	306
pense-t-il	306
friedrich	306
surnaturelle	306
raviver	306
fourneau	306
yo-yo	306
guérisse	306
sylvain	306
insecticide	306
parcequ'	306
déshabillée	306
reston	306
chaufferie	306
permettront	306
saluons	306
déchaîne	306
couvrirai	306
ajouterai	306
yaourts	306
lindy	306
absinthe	306
cheminées	306
canailles	306
géographique	306
préfére	306
avisez	306
afro-américains	306
entailles	306
indétectable	306
accordes	306
auxiliaires	306
katz	306
j.c.	306
propane	306
syndical	306
shi	306
phone	306
ratisser	306
insignifiants	306
laids	306
dentistes	306
mmmh	306
jean-claude	306
tk	305
fictif	305
ressler	305
scarface	305
dévastateur	305
vérifiera	305
corporels	305
moquaient	305
puiser	305
might	305
baignade	305
corbin	305
physiologique	305
condé	305
attachez-le	305
exhumer	305
new-yorkaise	305
ass	305
manivelle	305
remparts	305
superficielles	305
naïfs	305
ordonnée	305
hightower	305
détruiront	305
profane	305
vendaient	305
vulgarité	305
palmier	305
télégraphe	305
romancier	305
imposent	305
phaseur	305
centurion	305
obscènes	305
immobiles	305
squat	305
babette	305
spiritualité	305
caruso	305
menotter	305
indolore	305
claudette	305
prozac	305
paintball	305
youssef	305
meng	305
méthamphétamine	305
fous-lui	305
allaiter	304
sandro	304
creusent	304
bienvenues	304
moulins	304
budgets	304
woodward	304
can'	304
rios	304
macarthur	304
seiya	304
chevron	304
écarlate	304
alliées	304
affoler	304
majuscule	304
ressorts	304
créanciers	304
solstice	304
alvaro	304
abrutie	304
jalouses	304
jouit	304
hallelujah	304
détenez	304
usages	304
écoutez-le	304
mante	304
cruelles	304
winger	304
évitais	304
walking	304
incendier	304
jolene	304
anaïs	304
yumi	304
bakersfield	304
plaidez-vous	304
spirit	304
rappliquer	304
accepteriez	304
vigiles	304
anarchistes	304
list	304
occupe-t'	304
tapant	304
spielberg	304
démissionnes	304
câliner	304
tiges	304
fois-là	304
européennes	304
fais-je	303
stricts	303
call-girl	303
huer	303
pee	303
oublierons	303
dégoûtée	303
mondaine	303
elm	303
vicomte	303
panse	303
infériorité	303
ebola	303
pénale	303
australiens	303
secouristes	303
réglages	303
couté	303
étouffes	303
fm	303
rudes	303
capoter	303
couraient	303
léguer	303
bitch	303
puit	303
recousu	303
buckner	303
appreniez	303
génitaux	303
aisha	303
purple	303
incompétents	303
rhea	303
stratton	303
figurant	303
conduisez-moi	303
minime	303
confirmés	303
rembobine	303
maîtrises	303
ls	303
fantasmer	303
vrombissement	303
pendent	303
aperçus	303
éclairci	303
renoncerai	303
nyborg	303
flocon	303
suffisament	303
roddy	303
caste	303
sous-titres.eu	303
vice-roi	303
jeannette	302
souder	302
snobs	302
occuperons	302
baton	302
parvenue	302
légitimité	302
sphinx	302
sole	302
élise	302
suivit	302
laszlo	302
augustine	302
gould	302
trisha	302
tino	302
presses	302
hoynes	302
démonte	302
pavot	302
kass	302
respiré	302
attrape-moi	302
té	302
décampe	302
jansen	302
rétrécir	302
autochtones	302
shériff	302
parée	302
gravure	302
exécutez	302
déclarés	302
expédie	302
chimpanzés	302
volker	302
avant-première	302
ripoux	302
downing	302
bibliothèques	302
fiez	302
anatomy	302
gustavo	302
insoutenable	302
enseignes	302
century	302
fouette	302
remplaçants	302
lingettes	302
dobson	302
constantin	302
laque	301
hippopotame	301
mangerez	301
respectais	301
bourde	301
biggs	301
médiums	301
luciole	301
détruisons	301
traitais	301
éclatante	301
misa	301
survêtement	301
effacera	301
chlorure	301
zoomer	301
égaler	301
mijoter	301
cosette	301
valdez	301
manqueront	301
ignorante	301
devises	301
chandra	301
poulpe	301
concessionnaire	301
ressente	301
adressez	301
épier	301
rugissement	301
ruxin	301
livrerai	301
hate	301
survivront	301
ingéré	301
what'	301
epargne-moi	301
décadence	301
agacé	301
saïd	301
cetera	301
barricades	301
envier	301
hostilités	301
payaient	301
kota	301
lasalle	301
citerne	301
philosophes	301
polyester	301
fucking	301
répartie	301
sellette	301
lunch	301
quand-même	301
inonder	301
turban	301
municipaux	300
par-delà	300
contrebandiers	300
écoliers	300
profitera	300
hippodrome	300
cb	300
meule	300
écorché	300
ha-ha	300
fed	300
accrochent	300
habib	300
législation	300
braille	300
casquettes	300
lamentations	300
invitait	300
changea	300
oren	300
ophélie	300
synch	300
défends-toi	300
crû	300
californien	300
wickham	300
galipettes	300
ressortent	300
avérée	300
jute	300
remettait	300
supermarchés	300
gobelets	300
bataillons	300
momentanément	300
proclame	300
gã	300
éleveurs	300
clips	300
témoignez	300
trouveraient	300
survivras	300
mono	300
menuisier	300
chevreuil	300
carafe	300
aisée	300
matérielle	300
bath	300
teinte	300
imagine-toi	300
kids	300
aventuriers	300
funérarium	300
interminables	299
identifiant	299
productive	299
rétréci	299
frénésie	299
reçut	299
admirait	299
filleul	299
glissent	299
épluché	299
profitons-en	299
baskerville	299
vick	299
périphérie	299
incontrôlables	299
diagramme	299
songes	299
spiderman	299
boulder	299
toucheras	299
neurologiques	299
surnaturels	299
rayonne	299
fêtard	299
zapata	299
obtention	299
obstétrique	299
invisibilité	299
mausolée	299
zoome	299
accompagne-moi	299
bjorn	299
renato	299
s.s.	299
synthétiques	299
préservation	299
équitablement	299
alana	299
inspirés	299
abonné	299
allégé	299
panache	299
eux-même	299
supposées	299
mollie	299
quatres	298
créatrice	298
apaisant	298
rogelio	298
ouvrit	298
produisait	298
enrichi	298
pouilleux	298
lance-toi	298
refermé	298
teinturier	298
lesbien	298
primates	298
kaji	298
merry	298
branles	298
diagnostiquer	298
shauna	298
mays	298
dayton	298
impertinent	298
kick	298
perm	298
émerge	298
assureur	298
emmèneras	298
donneriez	298
roulotte	298
ébats	298
emmalin	298
recueil	298
jens	298
moment-même	298
cassera	298
tongs	298
dillinger	298
flamber	298
maladresse	298
mutations	298
surgelés	298
yorker	298
mêlez-vous	298
mcallister	298
confettis	298
al-qaida	298
toscane	298
choisissant	298
keys	298
romulien	298
retiens-toi	298
incomplète	298
stadium	297
winn	297
fusco	297
weed	297
dégrade	297
épicée	297
mûrs	297
ventricule	297
raclement	297
épileptique	297
arrangeait	297
nies	297
matthieu	297
mclaren	297
vacant	297
aligne	297
indian	297
épanouie	297
fraternel	297
mobilité	297
parmis	297
mondialement	297
pontiac	297
conduis-moi	297
rommie	297
purifie	297
ferroviaire	297
yukio	297
birthday	297
haha	297
freres	297
informaticien	297
échos	297
pesetas	297
détriment	297
blaireaux	297
cochonnes	297
lopette	297
rafi	297
collante	297
admettant	297
pool	297
stripteaseuse	297
tournaient	297
assurant	297
hiboux	297
veilles	297
ackerman	297
zeppelin	297
12h	297
sarajevo	297
montées	297
immobiliser	297
langer	297
mariait	297
vestiges	297
marquent	297
lobos	297
dona	296
angine	296
rattrapée	296
homme-là	296
renverrai	296
lao	296
peints	296
vlan	296
puerto	296
disais-tu	296
entrerez	296
énervait	296
éparpillés	296
consultez	296
est-ce-qui	296
hubble	296
égayer	296
miko	296
perfect	296
sueurs	296
récifs	296
caïmans	296
flippante	296
ogden	296
galanterie	296
donaldson	296
orgueilleux	296
ludo	296
rosenberg	296
naîtra	296
insistance	296
disparaîtront	296
odette	296
extorquer	296
rollo	296
déchiqueter	296
kayak	296
são	296
exceptionnelles	296
contrôlais	296
illuminer	296
accumulent	296
presente	296
apelle	296
bonnement	296
helsing	296
rolf	296
dejà	296
partridge	296
poursuive	295
non-sens	295
scanne	295
éventuels	295
levées	295
quiche	295
médiocres	295
sparrow	295
partagerai	295
parlée	295
privilégiée	295
prets	295
tartines	295
ronflements	295
télépathes	295
fougue	295
dépravé	295
pique-niquer	295
fais-leur	295
inédit	295
réputée	295
spécialisés	295
adhérer	295
sécurise	295
remarquerez	295
caracas	295
dédier	295
massimo	295
keufs	295
accréditation	295
sock	295
occase	295
riviera	295
interposer	295
trouve-la	295
dérangerai	295
accueillie	295
départements	295
interrompus	295
dérivation	295
lucio	295
pilot	295
appelerai	295
hindous	295
sauces	295
discernement	295
donne-les	295
bœufs	295
réussirai	295
rance	295
skylar	295
himmler	295
auto-défense	295
gazouillis	295
réglés	295
esr	295
désobéissance	295
misez	295
recevais	295
reposée	295
postée	294
hardman	294
périphérique	294
brillamment	294
lndien	294
contraventions	294
détachez	294
théatre	294
vittorio	294
redémarre	294
banco	294
rapproche-toi	294
parterre	294
nzt	294
redresse-toi	294
centauris	294
rejetez	294
deveniez	294
diminution	294
israélienne	294
expérimentés	294
interlocuteur	294
virgile	294
pressant	294
sottise	294
publications	294
porte-à-porte	294
désagrément	294
conférés	294
nanites	294
stabler	294
gurren	294
milt	294
dépensez	294
figuré	294
globes	294
perché	294
réjouissez-vous	294
déplaçant	294
méthadone	294
croisées	294
décliné	294
endora	294
truquer	294
tenez-la	294
étranglement	294
vitalité	294
conspiré	294
jessup	294
mystiques	294
woah	294
jaillit	294
merrill	294
activistes	293
rothstein	293
tuiles	293
pla	293
blanco	293
ryos	293
inférieures	293
écrasant	293
victory	293
époustouflant	293
reach	293
risquais	293
henning	293
dénué	293
erré	293
levy	293
endurci	293
côlon	293
subtilité	293
engloutir	293
tricheurs	293
commettent	293
disjoncteur	293
goldstein	293
hémoglobine	293
fable	293
souciais	293
tourelle	293
scellées	293
intraçable	293
herrmann	293
caravanes	293
consensus	293
ouvrais	293
maple	293
velvet	293
bellows	293
peuplé	293
ferengi	293
ouragans	293
croque-mitaine	293
c.c.	293
continuation	293
timidité	293
haché	293
jetais	293
achete	293
quaterback	293
survient	293
nuggets	293
déformée	293
virtuellement	293
golfeur	293
castors	293
sipowicz	293
juliana	293
héberge	293
contraints	293
profile	293
gaver	293
portoricain	293
sari	293
conjointe	293
soupçonnait	293
envoyaient	292
takahashi	292
glissante	292
verraient	292
14ème	292
inflige	292
extirper	292
plaignante	292
frigide	292
craps	292
compatibilité	292
amenais	292
barrés	292
perforation	292
désorientée	292
bipez	292
irv	292
cochise	292
pavaner	292
jonesy	292
couter	292
constituent	292
porteront	292
lacrosse	292
mutilation	292
'et	292
déballe	292
malia	292
vertical	292
brossé	292
couvrez-vous	292
séjourné	292
encombre	292
matelots	292
svetlana	292
crucifier	292
salomé	292
ola	292
composez	292
astiquer	292
zappé	292
rendues	292
disputées	292
peiné	292
euro	292
hormone	292
remontés	292
confisque	292
o.k	292
mèneront	292
tain	292
caïn	291
échangerais	291
piéton	291
serons-nous	291
brodie	291
farouche	291
indispensables	291
tillman	291
mûrir	291
tintin	291
deline	291
royalement	291
flanquer	291
considérables	291
électrodes	291
brouillage	291
braise	291
sciure	291
sévices	291
confédérés	291
chiants	291
bénéficie	291
toledo	291
hissez	291
fermeté	291
milner	291
braden	291
spector	291
électromagnétiques	291
puer	291
valentino	291
jauge	291
maussade	291
resserrer	291
collectionneurs	291
suffisantes	291
piétine	291
bennie	291
meet	291
marti	291
écosystème	291
pointés	291
jadzia	291
raccompagné	291
beacon	291
bourreaux	291
tosh	291
laveurs	291
ça.	291
gît	291
18h30	291
asseyais	291
tournais	291
rejettes	291
voilá	291
cueilli	291
trager	291
fansub	291
fixent	291
dai	291
placements	291
welch	291
alba	291
orques	290
corroborer	290
museum	290
rejettent	290
gap	290
plaît-il	290
liber8	290
girard	290
régression	290
rentreront	290
déchires	290
regarde-ça	290
signore	290
renverra	290
dragueur	290
tabitha	290
sonique	290
tremplin	290
ampli	290
transportée	290
rebonjour	290
miné	290
ébullition	290
biensûr	290
night-club	290
meneuse	290
policières	290
grossiers	290
tatouée	290
interdisent	290
invitons	290
hashtag	290
else	290
dowd	290
whelan	290
électrons	290
polk	290
loch	290
av	290
ombilical	290
favorites	290
mormon	290
millicent	290
suprématie	290
macha	290
chypre	290
kaufman	290
entraînera	290
casserai	290
rowe	290
mm-mm	290
arrêta	290
défilés	290
infrarouges	290
collaboré	290
hartmann	290
aubergiste	290
blazer	290
comtés	290
parkman	290
verveine	289
déboucher	289
friction	289
témoignerai	289
fourrée	289
went	289
flottait	289
apparaissait	289
australienne	289
casher	289
nièces	289
possédant	289
tig	289
dahl	289
irritation	289
réussirez	289
inachevé	289
frau	289
algorithmes	289
vietnamiens	289
leone	289
contributions	289
teo	289
arrondir	289
santino	289
balaie	289
réprimer	289
hr	289
compresseur	289
maury	289
présentatrice	289
collecté	289
apparts	289
jantes	289
rallume	289
marionnettiste	289
choucroute	289
blye	289
brouilleur	289
ibiza	289
xiang	289
putnam	289
vidal	289
hombre	289
intuitions	289
lolos	289
mouise	289
avoue-le	289
évitée	289
rutledge	289
sudiste	289
évade	289
démarches	289
stig	289
enfilé	289
bloc-notes	289
tire-moi	289
côtelette	289
vitrines	289
scripts	289
indiscrétion	289
cheers	289
précipice	289
formait	289
jimmie	288
wessex	288
contre-espionnage	288
volerai	288
seok	288
mélodrame	288
berné	288
intérieurs	288
classic	288
koyuki	288
norah	288
matrix	288
figurer	288
emi	288
kazakhstan	288
kensington	288
bourbier	288
prométhée	288
mccluskey	288
queenie	288
pointilleux	288
carlito	288
survivrait	288
thai	288
occultes	288
présumée	288
ramasses	288
barack	288
nunnally	288
armures	288
enfermez-le	288
gerhardt	288
vénérer	288
apportons	288
malédictions	288
woh	288
canning	288
cylindres	288
jefe	288
lilian	288
affectueuse	288
otez	288
inepties	288
blâmé	288
escient	288
obligées	288
populations	288
barrymore	288
verrues	288
larynx	288
mahal	288
essayera	288
pathogène	288
engourdi	288
rouages	288
émancipation	288
niklaus	288
dégommer	288
dej	288
soulier	288
mégots	288
inquiéterais	288
ressers	288
trouer	288
démangeaisons	288
constat	288
y-a-t'	288
collimateur	288
expriment	288
administrative	288
individuelles	288
résigner	288
armistice	288
écartés	288
éteigne	288
maltraitée	288
mambo	288
rama	287
fabriquées	287
divorcent	287
serrez-vous	287
sécurisés	287
cute	287
endurcir	287
clovis	287
philosophique	287
provision	287
yuko	287
resservir	287
inculpée	287
abrège	287
passe-la-moi	287
rayonnante	287
sifflements	287
astor	287
raza	287
impur	287
canif	287
amenons	287
lassé	287
stroh	287
agos	287
centenaire	287
déesses	287
déplu	287
magnolia	287
macs	287
suivrait	287
réussites	287
bouffi	287
accompagnés	287
apparent	287
arriere	287
congelés	287
mie	287
ressentie	287
assurait	287
cry	287
enquete	287
ta-da	287
sitcom	287
protégez-vous	287
signent	287
matinales	287
ébranlé	287
federico	287
prétendument	287
estompe	287
empocher	287
schtroumpfs	287
intervienne	287
nelle	287
convenance	287
rangés	287
rachid	287
comprenaient	287
rhade	286
prefere	286
blackberry	286
acceptes-tu	286
baisant	286
paralyse	286
récapitulons	286
flaire	286
triades	286
foods	286
luttez	286
covenant	286
suggérant	286
localisée	286
réclamations	286
mettez-lui	286
barkley	286
marécages	286
blairer	286
chinetoque	286
argentin	286
considérez-vous	286
crédule	286
écorcher	286
comploter	286
traversais	286
pulsations	286
shankar	286
rafiot	286
déconseillé	286
revendication	286
corleone	286
crapauds	286
mongol	286
promènent	286
gauches	286
récurrent	286
embrasserai	286
photons	286
toge	286
bigleux	286
facturer	286
expliquent	286
inversés	286
cessons	286
parfumée	286
emménages	286
égorge	286
muhammad	286
suces	286
fuyais	286
punira	286
néon	286
catalyseur	286
whitmore	286
surfeur	286
valaient	286
grizzly	286
zhu	286
grey'	286
posons	286
facette	286
épargnerai	286
riais	286
guys	286
sophistiqués	286
animalerie	286
solidaire	286
alia	286
assouvir	285
assortiment	285
dépendante	285
durait	285
suçon	285
aurons-nous	285
abordage	285
gleason	285
émetteurs	285
oü	285
observons	285
santini	285
nombreuse	285
moi.	285
apprécierai	285
cybermen	285
jupon	285
wesson	285
cachiez	285
répondrez	285
amon	285
continuité	285
codis	285
cloisons	285
réalisme	285
morne	285
terrace	285
réélection	285
partitions	285
bowers	285
gettysburg	285
sécuritaire	285
tentais	285
rétrogradé	285
favorise	285
ajoutant	285
agités	285
filmait	285
desseins	285
citez	285
léviathan	285
musclés	285
béquille	285
griffures	285
jette-la	285
trouveriez	285
chevalerie	285
intérieures	285
poireauter	285
posez-les	285
p.d.g.	285
mads	284
pétrifié	284
mcclaren	284
ris-tu	284
romaines	284
bémol	284
théâtres	284
isaiah	284
premiêre	284
libérez-moi	284
apparais	284
bologne	284
enragée	284
attardés	284
mathématicien	284
émoi	284
révolu	284
marginaux	284
prolonge	284
contraires	284
occasionnel	284
harpie	284
entrais	284
wings	284
childs	284
lymphome	284
lèpre	284
charrie	284
midge	284
w.-c.	284
consultante	284
piaf	284
adoration	284
transférez	284
matheson	284
ilsa	284
photocopie	284
recevrai	284
vouée	284
versant	284
squaw	284
philanthrope	284
obsessionnel	284
regarderont	284
orifice	284
retenez-le	284
recueille	284
opie	284
régionale	284
dictée	284
robinets	284
déchaîner	284
patelin	284
déséquilibré	284
collections	284
hess	284
lachez	284
soustraire	284
écartée	284
ensoleillée	284
lampadaire	284
alle	284
r.j.	284
préparons-nous	284
transportés	283
susannah	283
bénin	283
jap	283
surestimé	283
penchez-vous	283
éperdument	283
saveurs	283
sai	283
haas	283
nigeria	283
assoiffés	283
débattu	283
multiplie	283
baïonnette	283
rétrécit	283
rempart	283
bribes	283
nécessiteux	283
sanford	283
administrateurs	283
barbra	283
rabaisse	283
ensanglanté	283
piñata	283
aversion	283
échelles	283
hermione	283
chevauche	283
erickson	283
deuzio	283
verde	283
épargnés	283
comporte-toi	283
forçait	283
travaillions	283
pompette	283
désolation	283
fluctuations	283
13ème	283
koichi	283
yourself	283
souhaitant	283
riez-vous	283
cachettes	283
bello	283
mécontentement	283
rappelant	283
9mm	283
survenu	283
ecrase	283
lyons	283
tetsu	283
infiltrée	283
cueille	283
somebody	283
bet	283
ives	283
louve	283
serions-nous	283
baptisée	283
refuserais	283
grecques	282
latour	282
entendrait	282
accrocheur	282
tâcherai	282
licenciements	282
lubie	282
university	282
paître	282
tchao	282
balourd	282
1m80	282
limier	282
shabbat	282
soyez-en	282
investiture	282
nog	282
spatiales	282
empoté	282
clear	282
flanagan	282
illicite	282
ample	282
démunis	282
lawton	282
frederic	282
ando	282
along	282
distrais	282
mélangez	282
pédiatrique	282
proposes-tu	282
négresse	282
lancera	282
qing	282
découvrirons	282
impitoyables	282
ventriloque	282
accusait	282
convoqués	282
marmonne	282
harker	282
récepteurs	282
pensionnaires	282
nagasaki	282
énergétiques	282
covoiturage	282
ébranler	282
laila	282
malheureuses	282
séville	282
guillemets	282
bend	282
zedd	282
solliciter	281
réduites	281
bistro	281
pétillante	281
theatre	281
goebbels	281
tweeter	281
ovation	281
augmentera	281
fantasy	281
écriras	281
répondez-vous	281
playstation	281
coquillage	281
halsey	281
bricoleur	281
lounge	281
rebond	281
rachael	281
renégat	281
scié	281
reverrait	281
heinz	281
andréa	281
manticore	281
comprenant	281
médico-légale	281
emmènes-tu	281
pendragon	281
hutchinson	281
suie	281
beer	281
oreillons	281
isles	281
raterai	281
rainer	281
socialistes	281
déroulée	281
daly	281
frodon	281
apeuré	281
suffisants	281
descriptions	281
ria	281
confessionnal	281
gloss	281
négociant	281
agitent	281
rommel	280
schnaps	280
blaze	280
refléter	280
zatoichi	280
disputons	280
used	280
top-secret	280
bizuts	280
federal	280
prépa	280
individuel	280
nerds	280
potiron	280
révisions	280
intimide	280
colorant	280
cabanes	280
compartiments	280
trimer	280
insipide	280
empereurs	280
bergen	280
concepteur	280
middle	280
représentera	280
intensifie	280
remercierez	280
montoya	280
pubiens	280
energy	280
inflexible	280
souviendront	280
louait	280
tutu	280
exode	280
appelle-t-on	280
bique	280
fräulein	280
berge	280
jouerez	280
businessman	280
clignote	280
peri	279
résolues	279
détestiez	279
twiki	279
item	279
fosses	279
sous-sols	279
hortense	279
mpm	279
continueras	279
profitant	279
antérieures	279
campe	279
contradictoire	279
collation	279
edition	279
ringarde	279
urines	279
imaginant	279
libèrent	279
statuts	279
angoissée	279
janek	279
flop	279
jacasser	279
passade	279
musculaires	279
bullet	279
savitar	279
inventent	279
inquiête	279
écossaise	279
mahmoud	279
penserez	279
mènerai	279
southfork	279
silvio	279
emballes	279
appelez-la	279
sit	279
intolérance	279
gardaient	279
quotidiens	279
mulligan	279
cartilage	279
yéti	279
hantent	279
désintéressé	279
sportives	279
medical	279
validé	279
sissy	279
pancartes	279
dooley	279
grossman	279
hartman	279
inter	279
accoster	278
fondant	278
écolier	278
embrasse-le	278
complément	278
ais-je	278
temporal	278
développés	278
shui	278
fioles	278
sauveteurs	278
saxons	278
forcera	278
rapace	278
œdème	278
bete	278
soucié	278
pastille	278
diffèrent	278
louons	278
achmed	278
tantine	278
shelton	278
shinjuku	278
reves	278
hospitaliser	278
propagé	278
cigogne	278
pronto	278
régie	278
ph	278
vise-moi	278
verdure	278
spacieux	278
pq	278
rectum	278
averse	278
fenetre	278
grossièreté	278
reiko	278
bordels	278
stringer	278
garcons	278
margene	278
démente	278
allongés	278
hickey	278
inéluctable	278
chahut	278
abandonnons	278
chiropracteur	278
tung	278
donne-les-moi	278
géologue	278
2nde	278
permanents	278
joueront	278
jamison	278
keefe	278
bingham	278
dansera	278
camoufler	278
druides	278
inventés	278
fusionné	277
tendon	277
weather	277
fellow	277
poncho	277
jiang	277
tune	277
mariel	277
teindre	277
reluquer	277
historiquement	277
tairai	277
coming-out	277
calais	277
rittenhouse	277
suives	277
nécrologie	277
réservez	277
rancho	277
preux	277
magicienne	277
continuerez	277
unh	277
binaire	277
contrebandier	277
perversion	277
ètè	277
vénéré	277
frottez	277
vicaire	277
sauge	277
bj	277
répertorié	277
regan	277
doña	277
catégoriquement	277
empires	277
languir	277
zoila	277
deena	277
mcnulty	277
yokohama	277
chipie	277
johannes	277
promettant	277
remake	277
piéce	277
delko	277
self	277
branchez	277
eventreur	277
souviens-t'	277
remerciera	277
laisses-tu	277
lavinia	277
relief	277
rutherford	277
suicidés	277
brillera	277
roquette	277
tripot	277
endors-toi	276
mm.	276
fret	276
transperce	276
arnaud	276
proposait	276
rends-nous	276
trapèze	276
chirurgienne	276
djshadow	276
joues-tu	276
braconniers	276
tapée	276
réfère	276
publiés	276
toucherais	276
fuentes	276
credo	276
sceptiques	276
frenchy	276
faber	276
importer	276
yong	276
révolue	276
remarié	276
rétine	276
charlot	276
favoritisme	276
mégot	276
rêveurs	276
détergent	276
agrandit	276
acharnement	276
migration	276
yonkers	276
ignacio	276
éloignées	276
pcp	276
fracasser	276
brefs	276
déficience	276
moyennes	276
rôdeurs	276
apportées	276
observés	276
iode	276
décapitation	276
pur-sang	276
débordante	276
feignant	276
zé	276
secoue-toi	276
sursauter	276
dédale	276
rapporte-moi	276
emmenant	276
demandions	276
bears	276
parkings	276
mentionnez	276
kath	276
reproduisent	276
grand-pére	276
semences	276
tourmentée	275
croft	275
couchiez	275
rapportait	275
opposées	275
peignait	275
brewer	275
astronome	275
reportages	275
cheikh	275
échauffe	275
sautera	275
émerger	275
recules	275
astrologie	275
artisans	275
trying	275
jordanie	275
sauterelle	275
paisibles	275
rationnement	275
va-et-vient	275
vibreur	275
laroche	275
prescriptions	275
offrirais	275
aurait-on	275
rallo	275
rémy	275
mutiler	275
bulldog	275
auditionné	275
dînait	275
dressing	275
5h30	275
mali	275
hippolyte	275
répétons	275
sacrebleu	275
straight	275
monétaire	275
électrocuter	275
campeurs	275
chorégraphe	275
pinkie	275
incruste	275
rompue	275
shana	275
hat	275
redding	275
mammouth	275
tardera	275
préparations	275
chai	275
serrent	275
anyway	275
trahira	275
lactose	275
emballages	275
abusez	275
seward	275
knowles	275
multiplié	275
uber	275
aurions-nous	275
captivant	275
lues	275
laxatif	275
ronfler	275
decide	275
glover	275
méprisé	275
épaves	274
disqualifié	274
lançant	274
accordera	274
produites	274
raye	274
florins	274
souiller	274
ramenant	274
préparaient	274
rustique	274
charlatans	274
maisje	274
dreyfus	274
trente-cinq	274
castiel	274
tatum	274
hospitalier	274
répares	274
remplacez	274
3ch0000ad	274
éraflures	274
embargo	274
factice	274
savino	274
cosaques	274
mécanismes	274
bandé	274
bellevue	274
emblée	274
désactive	274
elwood	274
tacot	274
marquant	274
artisanale	274
muy	274
commémoration	274
certitudes	274
rabbi	274
surprendrait	274
saluent	274
amuserait	274
aurores	274
snoop	274
fontaines	274
lolo	274
traction	274
samurai	274
sharpe	274
housewives	274
unisson	274
retraits	274
dispersé	274
tournerait	274
autorisez	274
tordues	274
escadrons	274
rasta	274
primordiale	273
violets	273
raptor	273
conservatrice	273
promets-le	273
sépulture	273
inquisiteur	273
trash	273
contemporain	273
en-dehors	273
fleuves	273
retombé	273
exigence	273
hacké	273
textile	273
oj	273
malentendus	273
josephine	273
montreras	273
waverly	273
impressionnants	273
jia	273
d.b.	273
ridiculise	273
donations	273
craches	273
colossal	273
collectionner	273
jeta	273
déclenchement	273
députée	273
retardés	273
stoker	273
accepte-le	273
monogamie	273
remballer	273
frappais	273
giulio	273
internement	273
fléchette	273
acrobate	273
beowulf	273
délicieusement	273
meera	273
neural	273
rougeurs	273
récidiviste	273
susciter	273
sui	273
nobu	273
douceurs	273
synchronisé	273
rajiv	272
farci	272
stéréotypes	272
souffles	272
distinguée	272
latrines	272
décrivent	272
gobelins	272
milliardaires	272
nasser	272
landis	272
boomerang	272
méo	272
croupier	272
doyenne	272
déclarez	272
réouverture	272
indiquée	272
valais	272
recouvrement	272
carnivore	272
reste-là	272
abois	272
dooku	272
emmerdé	272
confiserie	272
valera	272
kiné	272
afghans	272
hardcore	272
artificiels	272
inculpe	272
siroter	272
envisageais	272
calligraphie	272
retournerons	272
strickland	272
déraper	272
penis	272
médiévale	272
ancré	272
mère-grand	272
regis	272
vis-tu	272
longo	272
vou	272
toison	272
mondiales	272
beretta	272
saint-louis	272
médicis	272
débarrassera	272
hide	272
convienne	272
orbe	272
éblouissant	272
conçues	272
productivité	272
crinière	272
vagins	272
confrontée	272
viandes	271
résolutions	271
corresponde	271
conçois	271
destinataire	271
insouciante	271
keegan	271
délirez	271
favoriser	271
nichon	271
téléporté	271
siu	271
conduisiez	271
kermesse	271
écriteau	271
frappez-moi	271
thrace	271
homeland	271
abstraction	271
saule	271
lumiére	271
haddie	271
vestibule	271
sortez-nous	271
remerciée	271
puants	271
silent	271
inquiète-toi	271
bondi	271
panoramique	271
all-about-subs.fr	271
nim	271
hatch	271
klaxons	271
contradictions	271
kahn	271
menaçante	271
dario	271
rasant	271
gandalf	271
fsb	271
devereaux	271
tonique	271
ein	271
gouvernementales	271
attelage	271
prêterai	271
listen	271
tomás	271
découragé	271
waller	271
chiffonne	271
monte-carlo	271
nuageux	271
frêne	271
rends-tu	271
rouvert	271
mmm-hmm	271
assommée	271
punitions	271
identifiez	270
chasseuse	270
jemma	270
appuis	270
éloquent	270
labrador	270
empecher	270
revis	270
fournée	270
riaient	270
pay	270
sculpter	270
admirent	270
blud	270
comptage	270
camée	270
croque	270
objectivité	270
giuliano	270
regardez-nous	270
louable	270
diras-tu	270
passèrent	270
halley	270
chiennes	270
redécorer	270
mouna	270
blossom	270
stocké	270
définie	270
ui	270
ciro	270
canalisation	270
dunne	270
laure	270
sachs	270
grillées	270
tuiez	270
chercheuse	270
intestinale	270
quil	270
attendes	270
assassinées	270
croître	270
ramenez-les	270
ieur	270
zapper	270
applaudissons	270
persil	270
boa	269
cerisier	269
achèteras	269
mimosa	269
sous-estimes	269
brocoli	269
meryl	269
acces	269
déconcertant	269
expérimentée	269
sereine	269
peaches	269
immaculée	269
miniatures	269
rapportes	269
morfler	269
lance-flammes	269
popo	269
augustin	269
ligotée	269
enchantés	269
capitales	269
being	269
conformer	269
usés	269
officieux	269
guinée	269
nourrissez	269
suffoque	269
remboursera	269
pacificateur	269
grasses	269
mentionnée	269
perdront	269
discutant	269
balancés	269
aboule	269
corniche	269
loki	269
dansaient	269
lacher	269
dawes	269
amenées	269
mariko	269
saouls	269
mécène	269
hell'	269
acapulco	269
prius	269
cuirassé	269
pontes	269
obéirai	269
produis	269
jacksonville	269
traiterai	269
corsage	269
finney	269
rafraîchissement	269
larbins	269
rattrapent	269
nettoyait	269
tod	269
esquivé	269
pace	269
stature	269
râteau	269
sélectionner	269
panoplie	269
amador	269
temporels	269
délivre-nous	269
napalm	269
malles	269
revoyez	268
irions	268
récupérerez	268
messer	268
prompt	268
prêtée	268
warhol	268
dramatiques	268
peut-étre	268
pony	268
armada	268
détours	268
carriole	268
passoire	268
crible	268
tou	268
moitié-moitié	268
northwestern	268
acosta	268
ponce	268
volkswagen	268
protégeons	268
provinces	268
postés	268
plaidez	268
excusez-vous	268
23e	268
avatars	268
alonso	268
panthères	268
vicente	268
charmé	268
drugstore	268
geass	268
glycémie	268
patraque	268
roe	268
égorgé	268
aliment	268
coagulation	268
entourant	268
embellir	268
chrysler	268
anika	268
cameras	268
déclenchera	268
whitechapel	268
gisbourne	268
hyène	268
désastres	268
accompagnement	268
carmel	268
2h30	268
rappeller	268
demandées	268
perfectionniste	268
16h30	268
maitenant	268
musicienne	268
syllabes	268
forcement	268
manifestent	268
prétextes	268
éternelles	268
ordis	268
consolider	268
cure-dents	268
polir	268
décompression	268
sonneries	267
misères	267
utilisable	267
calvitie	267
violations	267
bla-bla	267
régulières	267
gross	267
nomade	267
rajeunit	267
décidais	267
garry	267
malfrat	267
couve	267
naïveté	267
breeland	267
mitraillettes	267
écouterait	267
fétichiste	267
loutre	267
lacunes	267
expliquait	267
concombres	267
devrait-elle	267
réalisais	267
sevrage	267
leicester	267
kaori	267
lim	267
grand-oncle	267
fouineur	267
afghan	267
invaincu	267
estjuste	267
rétracter	267
mites	267
jenn	267
woodhouse	267
poilus	267
brasse	267
piété	267
nutriments	267
faucher	267
stifler	267
chronicle	267
ahjussi	267
sm	267
encerclent	267
conan	267
nettoient	267
respirant	267
fêtent	266
teneur	266
perfectionné	266
addie	266
sanjana	266
does	266
provoquez	266
titi	266
languis	266
'c'	266
applaudis	266
echange	266
obtenus	266
squad	266
pourra-t-il	266
injustices	266
lycées	266
mp3	266
nao	266
anspaugh	266
rayée	266
antibiotique	266
root	266
soiree	266
tandem	266
rappelons	266
wilshire	266
mesurait	266
lea	266
cream	266
bueno	266
contenté	266
téléphonerai	266
parieurs	266
dépanneur	266
euthanasie	266
advenu	266
ar	266
albanie	266
exposées	266
passe-partout	266
skinny	266
construites	266
travelo	266
libérale	266
craquement	266
apparues	266
garderont	266
tâchons	266
effrayez	266
avoirs	266
biff	266
aveuglette	266
retirées	266
inexcusable	266
bein	266
rebondit	266
girardi	266
gram	266
rapelle	266
dulcinée	266
aurez-vous	266
enleve	266
la-haut	266
paralysant	266
smart	266
solange	265
ginette	265
rafales	265
raju	265
imprimés	265
pénombre	265
paquebot	265
lavette	265
gruyère	265
safe	265
cécilia	265
oué	265
échangent	265
colosse	265
randi	265
fragilité	265
imposée	265
organisatrice	265
réveillait	265
quille	265
annales	265
medium	265
pendait	265
séchoir	265
jarre	265
seraient-ils	265
croatie	265
osait	265
laitiers	265
utiliseront	265
tope-là	265
temporaires	265
symphonique	265
rital	265
continua	265
guetter	265
dry	265
gilda	265
luthorcorp	265
écoutaient	265
sutherland	265
lexus	265
yao	265
équivoque	265
elanna	265
obligeait	265
dégats	265
wilden	265
récupèrent	265
bourgeoisie	265
vinrent	265
confiants	265
appelait-il	265
able	265
grogner	265
fletch	265
dear	265
bobsleigh	264
chavirer	264
malfaisant	264
qualification	264
sparte	264
sermonner	264
suh	264
intéressaient	264
ardente	264
gibraltar	264
valves	264
trahirais	264
amarrage	264
boots	264
inconditionnel	264
sangliers	264
existant	264
planifiée	264
constantinople	264
transformera	264
nagez	264
consciemment	264
frieda	264
trajets	264
transmettent	264
soccer	264
habitaient	264
causait	264
lionne	264
survivrez	264
fera-t-il	264
bis	264
théâtrale	264
banderole	264
masturbe	264
appartenance	264
commencèrent	264
repoussent	264
sumner	264
surs	264
present	264
gâcherait	264
flyer	264
annonçait	264
effusion	264
solano	264
22h30	264
guêpes	264
bethesda	264
bronco	264
sangle	264
résidente	264
restions	264
adoreraient	264
chaste	264
buvaient	264
serrait	264
fermant	264
enfoncée	264
bouchers	264
testés	263
asphalte	263
vita	263
gourdin	263
gosier	263
assoupi	263
kosovo	263
effraient	263
eloigne	263
dumbo	263
papounet	263
manille	263
chanvre	263
écrivit	263
défavorisés	263
rudimentaire	263
abdominales	263
re-bonjour	263
fières	263
allait-il	263
mart	263
spice	263
coucherais	263
pouliche	263
valence	263
gaiement	263
cheerleaders	263
enfouis	263
lamborghini	263
gode	263
barons	263
éditorial	263
complimenter	263
charognards	263
estimez-vous	263
janeiro	263
inspirent	263
leona	263
enfoncez	263
sauveurs	263
glands	263
saphir	263
prénuptial	263
beckman	263
profiler	263
propulseur	263
brésiliens	263
leung	263
piteux	263
mah-jong	263
hervé	263
enregistrent	263
caboche	263
inga	263
lombard	263
permettrais	263
liquidation	263
tyr	263
faulkner	263
désarroi	263
mangeront	263
ce1	263
nageurs	263
volerait	263
acquittement	263
rebondi	263
essayerais	263
insignes	263
décomposer	263
diffère	263
enclume	263
mcgraw	263
chaux	263
promettes	263
bela	263
valpi	263
bunch	263
enfantine	263
cheeseburgers	263
batifoler	263
rosita	263
nathbot	263
number	262
parisien	262
souveraine	262
essayes-tu	262
accablé	262
esperanza	262
penseraient	262
flore	262
fixant	262
suzumiya	262
craven	262
discutais	262
candidates	262
domingo	262
scier	262
maintiennent	262
aspergé	262
horizontale	262
iras-tu	262
anesthésiant	262
assurons-nous	262
embêtait	262
flyers	262
étoilé	262
introduite	262
suffolk	262
maillet	262
osiris	262
typhus	262
retienne	262
marteaux	262
late	262
pieces	262
dérapage	262
cédez	262
articulation	262
coqueluche	262
radcliffe	262
hyeon	262
falling	262
bulgarie	262
immobilisé	262
aérobic	262
obstination	262
étain	262
seiji	262
obscurs	262
circus	262
photogénique	262
miliciens	262
grimoire	262
giovanna	262
entendement	262
berne	262
malette	262
rejoue	262
palourde	262
yeon	262
bohème	262
tuaient	262
coriaces	262
müller	262
discovery	262
basilic	262
soft	262
cosby	262
porte-clés	262
impassible	262
ennuyante	262
prostituer	262
rotules	262
souples	262
soignés	262
paquin	262
galeux	261
erroné	261
essoufflé	261
intenable	261
auditeur	261
schubert	261
stressante	261
khalil	261
haru	261
recrutée	261
ajoutes	261
prix-là	261
ric	261
scrutin	261
trébuche	261
décalé	261
intervenue	261
leadership	261
roper	261
décemment	261
affaiblis	261
pratiquent	261
déchiffré	261
sixe	261
brain	261
convois	261
raleigh	261
vaines	261
fondamentaux	261
minivan	261
boden	261
cartonner	261
réticence	261
torrente	261
cervicales	261
crenshaw	261
random	261
lurch	261
rafraîchit	261
autrichien	261
gémeaux	261
mangues	261
jubiler	261
embrasserais	261
banshee	261
suivrez	261
enchaînée	261
marguerites	261
vipères	261
micheline	261
agathe	261
dilatation	261
prose	261
mirent	261
vdm	261
mériterait	261
craquent	261
minibar	261
fonderie	261
comploté	261
abattage	261
déclarent	261
ablation	260
schnock	260
chul	260
doigté	260
fabrizio	260
garak	260
lyncher	260
legend	260
wife	260
rubin	260
compatriote	260
sollicite	260
envoyez-nous	260
exagérons	260
participez	260
supervisé	260
aisance	260
équipière	260
sors-nous	260
préoccupés	260
placent	260
veinarde	260
sociologie	260
sablier	260
bengale	260
thunes	260
émotionnelles	260
pod	260
fâcheuse	260
castré	260
williamsburg	260
jeffersonian	260
rami	260
individuels	260
pleurera	260
poussées	260
ajusté	260
flanqué	260
sunnydale	260
amin	260
intitulée	260
como	260
travaillerait	260
murmuré	260
drink	260
emilia	260
livrées	260
benji1000	260
ukrainien	260
prothèses	260
relèvent	260
serbie	260
indignes	260
bros	260
dolce	260
avènement	260
requises	260
sentit	260
moi-meme	260
crame	260
engageant	260
restez-y	260
problêmes	260
cétait	259
malmener	259
indifférente	259
bénit	259
rog	259
pleurniche	259
hérode	259
filerai	259
crétine	259
lower	259
télépathique	259
proportion	259
cheddar	259
mage	259
dow	259
marchetti	259
libraire	259
spiritisme	259
nouvelle-angleterre	259
initier	259
embêtera	259
doherty	259
acharne	259
mixture	259
clitoris	259
ramsay	259
lobes	259
beckham	259
courageusement	259
mano	259
fabriquant	259
sibley	259
disputiez	259
achèterait	259
spécifications	259
décidait	259
câblage	259
hiéroglyphes	259
torah	259
hideo	259
amalia	259
meurtrières	259
gérante	259
shue	259
corner	259
emmenons-le	259
concrète	259
nazareth	259
bénéficié	259
zee	259
fillory	259
élèvera	259
scrooge	259
raccroches	259
déployez	259
caligula	259
règnent	259
porthos	259
révélant	259
gloucester	259
mufle	259
déverrouiller	259
lèverai	259
gracieusement	259
sheryl	259
inversion	259
orgies	259
priait	259
inséré	258
shérifs	258
déballé	258
invitant	258
oussama	258
condamnez	258
confident	258
montgolfière	258
vénéneux	258
gonds	258
rampes	258
diadème	258
peach	258
saligaud	258
loquet	258
dissolution	258
brusques	258
rescapés	258
émissaires	258
quatre-vingt	258
filière	258
card	258
penseur	258
jackman	258
cali	258
prêtent	258
hébergement	258
supposes	258
entêtement	258
manchettes	258
refuges	258
déloger	258
posiez	258
leurres	258
colere	258
écartées	258
essaieront	258
pap	258
traitaient	258
souriante	258
comportée	258
épelle	258
irrégulière	258
gênera	258
chamade	258
babysitting	258
cohérente	258
irakien	258
risa	258
seront-ils	258
hobson	258
présidentielles	258
cats	258
rafale	258
déclarant	258
k'	258
éco	258
réinsertion	258
confesseur	258
role	258
hickok	258
neutres	258
frêle	258
westminster	258
mongols	258
suffoquer	257
momies	257
quimby	257
immensité	257
baiserais	257
cuisinez	257
urgentiste	257
cargaisons	257
blessera	257
survolé	257
abject	257
rappelleras	257
compromettant	257
écoute-toi	257
10h00	257
infusion	257
thayer	257
ténor	257
souillée	257
entendit	257
mobilisé	257
étale	257
constipé	257
décoloration	257
octavia	257
trader	257
emportant	257
hang	257
assistantes	257
wide	257
parader	257
sleep	257
snacks	257
boudoir	257
privation	257
eldridge	257
olly	257
lala	257
avarice	257
breuvage	257
élevant	257
cassant	257
envieux	257
glenda	257
escorté	257
impunément	257
meneurs	257
fairbanks	257
ravitailler	257
précaire	257
batiatus	257
remarquerait	257
caillots	257
déforme	257
tunisie	257
remettrez	257
filera	257
débauché	257
took	257
gardez-vous	257
impunité	257
lidocaïne	257
bouilli	257
freelance	257
taub	257
fervent	257
inviterais	257
presto	257
onn	256
renouvellement	256
aki	256
perroquets	256
charcuterie	256
standardiste	256
crémation	256
leurrer	256
souhaitez-moi	256
scratch	256
balises	256
représentons	256
epouser	256
enterrées	256
importation	256
felton	256
détestée	256
bagne	256
sectionné	256
menuiserie	256
sellers	256
primitives	256
yiddish	256
effacent	256
mesquine	256
capitulation	256
hobbies	256
saccager	256
janelle	256
collez	256
tubbs	256
contenue	256
chercherait	256
zuko	256
truquée	256
zodiac	256
lightning	256
lino	256
échappait	256
tapais	256
kandahar	256
haletante	256
apprenaient	256
étendent	256
adroit	256
receleur	256
broken	256
fear	256
chaney	256
libérez-le	256
géologie	256
rythmes	256
bavure	256
understand	256
muad'	256
pneumothorax	256
auditionne	256
lotte	256
canin	256
leva	256
seals	256
connaîtrai	256
bannerman	256
progressiste	256
mm-hmmm	256
pulvérisé	256
ap	256
pointait	256
arrivèrent	255
sauveuse	255
dégoûtantes	255
culotté	255
trimé	255
fascinée	255
bluffes	255
intégrale	255
dresseur	255
frigidaire	255
marika	255
étreindre	255
livrera	255
triton	255
nappes	255
balkans	255
jumbo	255
bouffes	255
rudolf	255
nourrisson	255
déjoué	255
broyles	255
shim	255
bikinis	255
seol	255
yuji	255
rayburn	255
chao	255
bée	255
tupperware	255
agenouille	255
plaignants	255
phlox	255
gigoter	255
filippo	255
jetables	255
émeraudes	255
diablesse	255
complété	255
préposé	255
leningrad	255
courantes	255
greenberg	255
tulipe	255
parloir	255
apôtre	255
concrètement	255
chong	255
ye	255
jéhovah	255
ak	255
faxé	255
rousseau	255
truites	255
demi-soeur	255
prédis	255
dirt	255
prado	255
réapparaît	255
rencontrant	255
sortilèges	255
coordinateur	255
mosby	255
wanted	255
kathie	255
operation	255
impétueux	255
precious	255
fonctionnerait	255
casse-couilles	255
emportes	255
chere	255
dominatrice	255
femmelette	255
nourrissait	255
rentres-tu	255
décourage	254
troublante	254
irons-nous	254
t.k.	254
xxe	254
corsé	254
provocateur	254
impressionnes	254
summum	254
aimées	254
16ème	254
vains	254
doors	254
vinyle	254
crasher	254
absenté	254
conspirateurs	254
dactylo	254
fauves	254
médite	254
causez	254
casse-cou	254
éloquence	254
procréer	254
managers	254
tortiller	254
dotée	254
zo'	254
mayko	254
guérisseuse	254
radioactifs	254
adoptés	254
malformation	254
fréquentez	254
renaît	254
mookie	254
vingt-trois	254
broderie	254
épaté	254
corrine	254
vickers	254
anthropologue	254
mgm	254
répugne	254
réorganiser	254
moka	254
cultivée	254
révoltant	254
écrasent	254
juilliard	254
correctes	254
vaseline	254
gérald	254
déplacées	254
abuses	254
mach	254
agréablement	254
southern	254
surexcité	254
poitrines	254
tzu	254
ça-	254
méprisent	254
habitons	254
partiels	254
shaft	254
citronnade	254
métropole	254
attrayant	254
surfaces	254
cheney	254
slam	254
interstellaire	254
consumer	254
rivages	254
tomberais	254
achève-le	254
sélectionnés	254
chieur	254
intéressées	254
sous-lieutenant	254
craignons	254
megumi	254
emmènerait	254
cinémas	254
aj	254
vénèrent	253
costanza	253
épouvantables	253
lacrymogène	253
lyndon	253
interdisant	253
eau-de-vie	253
springsteen	253
débâcle	253
reprenait	253
réactiver	253
v.i.p.	253
asahina	253
maxim	253
possiblement	253
purifié	253
frisquet	253
protesté	253
bossant	253
périscope	253
philips	253
t-en	253
neurotoxique	253
déménagez	253
tchernobyl	253
taisent	253
lacrymo	253
capricieuse	253
mousson	253
bipeur	253
gnome	253
trimballe	253
hyènes	253
runner	253
éprouves	253
arret	253
gigantesques	253
hakim	253
plantez	253
lest	253
micro-onde	253
étendues	253
chacals	253
anjali	253
arriére	253
push	253
ambiante	253
méduses	253
toshio	253
enterprises	253
minimes	253
stéréotype	253
dorsale	252
byrne	252
abbas	252
arménien	252
bongo	252
choisis-en	252
petrelli	252
inerte	252
nutrition	252
déployez-vous	252
bouleversés	252
morten	252
