e	7389373
non	6257811
che	6063914
di	5880995
la	3887197
il	3726599
un	3555300
a	3451723
per	2866558
è	2559257
in	2156931
una	2153925
mi	2013071
sono	2005178
ho	1823350
l'	1819882
si	1772472
ha	1662783
ma	1650248
lo	1507340
cosa	1462858
con	1440540
no	1433410
le	1425870
ti	1405833
se	1328637
da	1309931
i	1281797
come	1248657
io	1147459
ci	1131202
hai	1037387
questo	1011634
bene	978877
qui	927883
sei	921410
del	886758
tu	847129
solo	791998
mio	752241
al	745025
me	742942
tutto	704866
c'	684182
te	681861
era	657610
della	630649
mia	610137
fatto	599010
fare	583810
essere	582628
so	576344
quando	566220
sì	561011
ora	559590
lei	554384
gli	550741
ne	545511
oh	536995
questa	534612
detto	530015
ok	513655
va	507886
perche	489341
quello	485627
mai	477108
alla	469810
o	468425
anche	467913
stato	462618
abbiamo	443684
tutti	442057
dei	437381
grazie	436103
chi	432988
sta	432121
molto	430250
più	424219
voglio	421594
perché	417508
tuo	415427
beh	415077
sia	410543
nel	402628
lui	400840
allora	394873
posso	394735
piu	394239
ehi	390822
prima	387026
tua	382254
suo	381756
niente	376096
qualcosa	375353
sai	374989
siamo	373550
un'	370792
cosi	369960
davvero	362026
ancora	357766
hanno	357477
stai	356920
fa	356906
sua	354383
così	351367
casa	349304
uno	345353
dove	344643
su	340528
vero	337704
vuoi	334292
noi	329262
due	328195
quindi	327478
dire	315462
d'	312992
delle	310943
quella	296929
sempre	293460
altro	292721
sto	290409
andare	289404
ad	287858
po	282817
loro	278369
devo	277618
quel	275369
forse	270956
li	268514
proprio	265256
certo	264768
tempo	260978
nella	255595
poi	254985
vi	253715
credo	249237
vita	248223
cose	248094
sul	246230
quanto	244964
puoi	244689
fuori	244593
anni	244192
cui	242757
andiamo	239851
dell'	238490
parte	237878
visto	237793
qualcuno	232548
all'	230349
lavoro	227975
voi	227702
ciao	225358
dio	225110
volta	224925
dopo	219627
adesso	217200
stata	216946
uomo	216269
padre	211947
devi	207895
bisogno	207740
gia	205703
amico	205236
ed	203015
posto	201344
nessuno	198499
via	196759
cos'	196526
fai	195314
signore	192704
meglio	190791
cazzo	190133
dai	187292
dal	186438
vuole	185134
sembra	185098
giorno	182690
ogni	180604
modo	180304
senza	180036
vedere	179423
dobbiamo	179373
signor	177154
qualche	176926
dispiace	176847
penso	174213
ecco	173039
parlare	166324
tra	165237
mamma	164145
già	164090
sarebbe	161625
dalla	161488
troppo	161296
fosse	159796
possiamo	159449
ce	159445
nuovo	159184
male	158724
madre	158668
avete	158581
tanto	158527
favore	157525
successo	157392
vai	156443
sulla	155948
giusto	155910
sa	154585
miei	154222
aspetta	151942
avere	151301
altra	150803
farlo	150609
alle	149069
facendo	149009
abbia	148510
momento	146779
ero	145812
aveva	143513
ragazzi	143228
deve	141717
persone	140564
nostro	140377
tipo	139082
prego	138775
grande	138400
può	136302
senti	136056
appena	135684
potrebbe	135454
soldi	135293
dice	134285
sapere	133642
tre	132830
oggi	132722
questi	131893
piace	131518
idea	130009
siete	129317
ai	129235
avevo	129167
figlio	129115
accordo	129100
gente	129045
sicuro	128972
vieni	128608
degli	126852
guarda	125602
dentro	124725
trovato	123977
queste	123323
caso	123317
forza	122800
dov'	122180
tutte	121576
pensi	120588
signora	120368
faccio	119853
nome	119807
avuto	119366
problema	119026
altri	118858
puo	118841
aver	118732
mondo	118133
tutta	117856
preso	117634
nulla	117293
nostra	116902
donna	116773
stare	116354
basta	115835
insieme	115108
faccia	114861
ragazza	114359
subito	113842
famiglia	113327
ragazzo	113236
volevo	112989
okay	111028
sentito	110086
ah	109801
stesso	108783
ragione	108483
sarà	107998
tuoi	107623
capito	107460
notte	107292
volte	106818
testa	106617
serve	106161
tesoro	106015
sotto	106013
eh	104575
suoi	104470
vado	104383
sara	103404
dato	102947
stiamo	102944
bella	102872
scusa	101934
erano	101700
pensavo	101441
avrei	101264
prendere	100586
buona	100038
porta	98021
bello	97844
moglie	97797
vorrei	97478
storia	97342
succede	97183
morto	97060
cercando	95366
dici	95354
persona	95254
pronto	94258
meno	93373
dovuto	93267
avanti	91453
capisco	91340
secondo	90669
venire	90399
polizia	90196
lì	89911
avrebbe	88617
stanno	88329
mentre	87853
letto	87334
fino	87029
dico	86720
amici	86394
fine	86358
aiuto	86224
paura	85829
fratello	85320
stavo	85144
uomini	85054
nell'	85051
domani	85002
facciamo	84221
abbastanza	84028
capo	83858
amore	83502
nei	83338
ucciso	83264
state	82920
piano	82812
macchina	82522
trovare	82166
comunque	82046
vediamo	81806
giorni	81066
nemmeno	81033
mano	80423
dall'	80341
presto	80233
stati	79916
merda	79692
far	79591
bambino	79508
andato	79227
vedo	79175
tornare	78980
quelle	78978
cio	78771
primo	78747
vostro	78512
neanche	78191
sera	77766
giro	77718
morte	77648
e'	77610
qua	77592
pensato	77419
buon	77308
anno	76410
mie	76140
diavolo	76107
quasi	75598
piacere	75430
bel	75097
dovrei	74657
nessun	74557
contro	74064
stessa	73974
felice	73508
colpa	73444
punto	73135
andata	72631
dovrebbe	72424
vedi	72393
quale	72339
chiesto	72307
invece	71686
perchè	71521
migliore	71263
nostri	71251
finito	71141
figlia	71086
dovresti	71046
papa	70992
almeno	70410
sento	70388
quei	69770
col	69323
ore	69165
passato	69134
magari	68849
minuti	68593
terra	68331
vostra	68199
strada	67968
sola	67937
credi	67923
importante	67848
sue	67687
salve	67388
settimana	67192
perso	67176
uscire	67056
parlato	66990
papà	66780
stasera	66698
scusi	66665
dollari	66617
occhi	66229
mani	66106
ultima	66059
possibile	66058
scuola	65965
significa	65799
sapevo	65718
nelle	65294
potrei	65268
stava	65197
bambini	65172
eri	64764
importa	64705
indietro	64558
riesco	64481
sangue	63943
chiama	63801
messo	63408
piccolo	63260
traduzione	63150
tardi	63126
cuore	62968
marito	62553
viene	62171
venuto	62163
ieri	62079
spero	61888
ricordi	61865
quelli	61732
dovremmo	61640
lasciato	61632
ascolta	61486
difficile	61280
quell'	61012
auto	61008
chiamato	60982
ciò	60821
altre	60408
parlando	60256
pensare	60231
fantastico	60113
fatta	60085
numero	60059
veramente	60007
fanno	59945
com'	59820
serio	59775
possa	59645
fossi	59530
entrare	59221
anch'	59206
qualsiasi	59149
pensa	59078
dicendo	58855
acqua	58651
portato	58647
stanza	58547
problemi	58073
forte	57843
nessuna	57823
lascia	57619
amo	57577
roba	57341
agente	57290
dietro	56981
corpo	56973
pare	56863
sentire	56801
foto	56644
telefono	56565
voleva	56265
poco	56227
prendi	56164
piccola	56125
vicino	55996
quest'	55837
sacco	55778
stia	55698
capire	55475
potuto	55442
cinque	55436
strano	55292
tue	54912
andando	54736
donne	54728
sappiamo	54405
bravo	54264
ragazze	54178
festa	54052
senso	53977
genere	53941
quattro	53750
dare	53534
attimo	53428
sorella	53211
pure	53047
probabilmente	52894
film	52832
parla	52799
ufficio	52768
verso	52752
mesi	52606
farti	52593
unica	52564
morire	52543
signorina	52060
vecchio	51955
domanda	51805
ben	51786
guerra	51496
dottore	51471
conosco	51466
qual	51235
vivere	50627
vista	50593
prova	50161
nuova	49966
ricordo	49786
divertente	49581
avessi	49492
sicura	49481
paio	49342
conto	49289
perdere	49017
dimmi	48943
farmi	48776
figli	48137
mezzo	48105
lavorare	47934
unico	47910
esattamente	47713
squadra	47394
esatto	47389
possono	47326
fate	47229
faro	47219
sapete	47132
dottor	47078
parola	46974
piedi	46967
sopra	46678
motivo	46493
avevi	46043
cavolo	45826
capitano	45764
finita	45689
volete	45602
siano	45451
potresti	45204
gioco	45139
perfetto	45080
be	44966
mente	44663
mangiare	44651
resto	44550
credere	44330
fortuna	44319
tratta	44089
chiamo	44026
morta	43881
là	43774
entrambi	43640
avresti	43624
passare	43425
cena	43093
the	43070
sarei	42917
controllo	42629
affari	42520
spiace	42305
ultimo	42022
facile	42003
farò	41881
buongiorno	41843
davanti	41824
tizio	41748
dammi	41718
sicurezza	41672
dalle	41669
quanti	41632
dica	41556
matrimonio	41484
john	41475
vogliono	41470
molti	41355
culo	41260
fuoco	41254
cercare	41201
pistola	41140
potremmo	41100
re	40945
mandato	40926
puttana	40856
negli	40700
cioe	40593
inizio	40562
saranno	40400
causa	40373
voglia	40372
mettere	40369
fammi	40278
uccidere	40220
vogliamo	40189
faremo	40176
però	40149
genitori	40076
sesso	39956
potete	39822
ricevuto	39734
vivo	39628
presidente	39537
città	39454
citta	39401
succedendo	39388
ospedale	39345
fu	39305
agli	39237
scritto	39116
smettila	39023
vada	39013
attenzione	38891
sulle	38732
bere	38732
situazione	38688
omicidio	38605
revisione	38437
avesse	38260
ottimo	38244
cura	38235
durante	38077
provato	38069
parole	37888
lasciare	37877
dicono	37811
new	37800
prossima	37691
nostre	37687
arrivato	37654
paese	37633
sull'	37550
andate	37408
chiunque	37356
capisci	37287
pace	37262
immagino	37228
musica	37171
tieni	37156
oddio	37008
jack	36995
libro	36974
eravamo	36900
amica	36883
diventare	36876
sui	36801
sbagliato	36774
dirmi	36757
wow	36746
farai	36559
entra	36488
venuta	36437
scelta	36337
voluto	36256
portare	36248
assolutamente	36177
molte	36038
chiedo	35957
torna	35930
scoperto	35881
fatti	35861
settimane	35855
dirlo	35840
alcuni	35716
prigione	35683
giornata	35633
piuttosto	35583
buono	35576
aspettare	35538
parli	35480
arrivare	35422
lungo	35357
vede	35334
avvocato	35309
deciso	35267
sarai	35262
messaggio	35168
dormire	35055
dieci	35039
stupido	34877
usare	34717
dello	34688
cielo	34656
guardare	34603
bagno	34585
aria	34562
voce	34514
tornato	34505
vuol	34483
giù	34239
conosci	34123
benissimo	34101
prendo	34014
verita	33992
cane	33958
restare	33939
chiamare	33931
poter	33801
campo	33702
luce	33690
sam	33675
qualunque	33626
giovane	33539
signori	33500
fra	33297
provare	33239
minuto	33161
saperlo	33097
lontano	33054
gruppo	32986
continua	32946
arrivo	32899
gran	32835
realta	32828
cerca	32799
passo	32787
domande	32765
insomma	32718
bambina	32679
pensando	32634
capelli	32604
trova	32593
onore	32569
aiutare	32566
verità	32541
prove	32527
n'	32472
funziona	32417
alto	32362
giu	32316
credevo	32208
futuro	32203
preoccuparti	32145
idiota	32091
cibo	32073
fretta	31890
cara	31849
finalmente	31841
morti	31669
odio	31644
solito	31565
brava	31529
é	31392
incidente	31346
allo	31269
dev'	31186
intenzione	31147
speciale	31144
cambiare	31140
vera	31138
camera	31102
oltre	31088
semplice	31031
dirti	31022
riguardo	30963
finche	30933
aspetto	30919
viaggio	30802
chiaro	30772
chiamata	30771
bocca	30661
permesso	30503
piacerebbe	30457
dovete	30289
giocare	30267
ordine	30252
circa	30207
ovviamente	30051
finire	30046
piu'	29996
natale	29990
i'	29982
direi	29936
vostri	29765
occhio	29742
pronta	29723
scusami	29718
mattina	29693
cercato	29591
crede	29533
sistema	29455
york	29432
fondo	29402
resta	29301
devono	29257
prossimo	29085
pronti	29055
saputo	29025
scusate	28999
potere	28726
milioni	28725
soltanto	28690
armi	28654
arriva	28648
fermo	28645
mese	28602
chiedere	28594
cristo	28557
torno	28430
venite	28262
controllare	28240
appuntamento	28216
s	28200
chiami	28183
vecchia	28158
detective	28116
pero	28057
metti	28034
grado	28004
vanno	27995
nave	27941
iniziato	27923
perche'	27909
informazioni	27859
libero	27782
stronzo	27765
grandi	27707
pezzo	27684
segreto	27664
colpo	27658
faceva	27562
piacciono	27507
porto	27440
oppure	27371
completamente	27354
vederti	27318
lista	27280
venga	27268
veloce	27221
assassino	27174
sapeva	27164
finché	27114
tom	27062
ormai	27060
interessa	27032
generale	27020
giusta	27015
tenere	27007
pazzo	26992
vittima	26978
giuro	26966
consiglio	26953
michael	26923
alcune	26881
semplicemente	26865
zio	26837
centro	26812
specie	26799
mille	26725
sogno	26675
lasci	26653
carino	26641
doveva	26623
brutto	26619
nello	26605
aspetti	26600
incredibile	26409
sole	26400
glielo	26386
legge	26358
spesso	26288
guardate	26233
cambiato	26223
scena	26156
volevi	26141
charlie	26128
lasciami	26113
gentile	26075
rispetto	26070
ve	26043
fara	25996
zitto	25966
incontro	25891
farà	25890
servono	25865
rapporto	25814
errore	25813
mike	25758
sanno	25709
pagare	25689
sorpresa	25562
occhiata	25561
risposta	25558
presa	25557
servizio	25544
medico	25532
usato	25489
hey	25473
caro	25455
schifo	25451
avrai	25368
dolore	25363
saresti	25334
personale	25317
quali	25292
saro	25272
peggio	25238
addio	25229
addosso	25226
dovevo	25217
poteva	25161
pieno	25142
diverso	25123
vestiti	25055
sparato	25039
realtà	25025
do	25019
sarò	24965
normale	24942
fame	24920
programma	24875
nonna	24820
sappia	24735
sembrava	24719
migliori	24704
notizie	24650
avevamo	24638
riesci	24638
posizione	24614
vengo	24547
rimanere	24544
compagnia	24520
proposito	24508
farci	24502
joe	24476
ricorda	24429
frank	24392
prende	24340
tante	24337
avevano	24313
arrivando	24287
chiuso	24272
terribile	24238
ritardo	24222
attento	24194
bar	24183
sembri	24146
fallo	24097
dimenticato	24007
bisogna	23987
impossibile	23949
cioè	23934
studio	23860
stessi	23846
arma	23819
conosce	23781
uscita	23763
ii	23745
fin	23741
disse	23659
david	23649
vattene	23618
quante	23607
guai	23549
intorno	23545
video	23506
manca	23459
esserci	23436
grosso	23390
tanti	23341
dolce	23316
chiave	23265
cervello	23237
coraggio	23216
interessante	23216
peccato	23215
questione	23186
adoro	23175
aereo	23170
guardi	23131
rubato	23127
sala	23115
base	23062
peter	23034
george	22935
sette	22922
sente	22887
compleanno	22871
potrebbero	22847
relazione	22818
cliente	22789
spalle	22751
seconda	22730
parti	22688
vale	22685
qualcun	22683
diritto	22672
sicuramente	22658
appartamento	22649
pranzo	22565
saremo	22538
denaro	22464
riuscito	22427
continuare	22424
serata	22400
nero	22390
vestito	22386
carta	22371
ex	22343
dottoressa	22287
bastardo	22253
potevo	22244
iniziare	22242
lavora	22235
otto	22230
conosciuto	22190
zona	22098
stavi	22096
intendo	21988
negozio	21987
trovo	21865
aspettando	21839
partita	21827
tv	21824
spazio	21820
andra	21809
notizia	21790
tempi	21776
linea	21771
james	21763
riguarda	21760
soli	21745
parliamo	21682
uh	21636
poliziotto	21583
scappare	21561
fronte	21511
vinto	21508
averlo	21473
tranquillo	21383
silenzio	21326
andati	21316
fossero	21274
simile	21255
pezzi	21222
calma	21198
santo	21195
ricerca	21192
pena	21181
aspettate	21173
stesse	21165
esiste	21157
scoprire	21155
altrimenti	21096
diceva	21059
luogo	21052
lettera	20989
vive	20976
salvare	20953
canzone	20923
vengono	20898
pubblico	20894
senta	20884
corso	20794
henry	20777
regalo	20727
sentite	20716
rimasto	20712
lavorando	20710
né	20709
scherzando	20689
stamattina	20623
missione	20603
test	20601
salute	20553
farebbe	20547
scelto	20512
dura	20493
computer	20462
stupida	20450
avremmo	20447
aiutarti	20443
contatto	20376
pericolo	20361
entro	20281
parlo	20280
alex	20274
freddo	20250
triste	20248
promesso	20205
esercito	20202
america	20120
ultimi	20099
trovi	20061
dunque	20031
guardia	20016
jane	20009
infatti	20007
possibilita	20002
intendi	19979
fbi	19975
casino	19970
buonanotte	19951
caccia	19944
gay	19932
arrivata	19902
lavori	19864
max	19845
certamente	19845
regole	19834
vostre	19834
dovrai	19808
secondi	19788
ballo	19776
ascoltami	19755
birra	19752
ovunque	19714
club	19708
paul	19678
arrivati	19655
governo	19586
bellissima	19570
oro	19535
duro	19532
cucina	19529
decisione	19419
anima	19419
forma	19418
tornata	19408
esempio	19402
incontrato	19389
occasione	19388
stanotte	19355
porti	19340
droga	19304
possibilità	19302
cellulare	19280
necessario	19253
avremo	19219
ferma	19211
borsa	19209
prometto	19200
palle	19193
nonno	19186
piena	19185
attacco	19184
dagli	19163
affatto	19127
colpito	19109
salvato	19109
siediti	19109
reale	19096
comprare	19079
inferno	19054
parlarne	19046
diciamo	19036
regina	19028
carina	19006
aperto	18997
brutta	18996
braccio	18971
fermati	18965
stavamo	18964
crimine	18953
andrà	18949
chiesa	18917
effetti	18902
tenente	18874
sapevi	18870
scrivere	18857
scommetto	18846
paziente	18818
scarpe	18816
danny	18788
livello	18784
fermi	18773
ia	18725
lunga	18703
mentito	18688
viva	18677
spettacolo	18642
usa	18639
visita	18631
alcun	18629
sarah	18618
precedenti	18600
diventato	18569
mica	18564
sinistra	18525
percio	18522
processo	18519
mare	18510
direttore	18481
intelligente	18474
mary	18359
rende	18351
comprato	18312
classe	18277
ehm	18270
cambio	18220
scorsa	18192
farla	18179
bianco	18178
tavolo	18145
stagione	18130
dite	18123
nick	18096
dannazione	18091
cavallo	18075
sergente	18071
incinta	18007
rotto	18004
aiuti	17949
episodio	17942
rispondere	17939
contento	17907
conoscere	17897
inglese	17887
volo	17854
attraverso	17845
riesce	17828
differenza	17823
apri	17817
passi	17801
uscito	17795
coi	17776
codice	17767
lato	17760
hotel	17754
maggiore	17736
farsi	17721
uniti	17688
trovata	17647
eccolo	17645
carne	17617
lavorato	17616
star	17603
umano	17582
certa	17580
miglior	17576
averti	17557
de	17545
pagato	17521
libera	17518
avrà	17516
vorrebbe	17500
caldo	17493
pelle	17491
interno	17482
temo	17458
leggere	17407
comandante	17391
cerco	17352
avrebbero	17307
pomeriggio	17307
documenti	17305
farei	17297
giudice	17276
mostro	17276
destra	17264
luna	17258
ringrazio	17240
guardando	17235
pericoloso	17227
buone	17210
affare	17182
figliolo	17178
jake	17148
vino	17122
passa	17120
presente	17117
ordini	17098
arrivederci	17044
caffè	16996
barca	16976
maledizione	16939
nuovi	16898
vederlo	16874
lezione	16833
intero	16831
dia	16785
partire	16735
venuti	16707
sogni	16703
chiedendo	16673
alta	16665
nord	16664
pensate	16652
jimmy	16613
parlarti	16610
perciò	16560
congratulazioni	16535
data	16525
sposato	16492
gliel'	16490
sembrare	16490
treno	16489
radio	16467
l	16466
comune	16466
cattivo	16462
imparato	16452
smettere	16440
ottima	16368
aiutarmi	16354
ama	16326
intera	16315
responsabile	16300
abbiano	16273
lascio	16267
farcela	16249
bomba	16243
agenti	16229
belle	16223
m'	16213
pochi	16207
san	16204
clienti	16182
periodo	16179
energia	16178
segno	16119
mangiato	16092
calmati	16077
chiudi	16062
posti	16061
accidenti	16054
bellissimo	16047
quegli	16033
dovrebbero	16025
vivi	16015
speranza	16010
rischio	15973
caffe	15970
rosso	15963
soprattutto	15943
combattere	15940
tocca	15926
operazione	15909
zia	15871
sexy	15859
gamba	15854
biglietto	15846
pazza	15827
ufficiale	15822
vorresti	15817
vincere	15805
gambe	15803
pressione	15803
farle	15798
seguito	15773
nascosto	15760
maestro	15758
fantastica	15740
benvenuto	15728
and	15723
sarebbero	15686
offerta	15643
ami	15643
vite	15641
scherzo	15607
qualcos'	15591
finta	15549
testimone	15549
fratelli	15519
banca	15515
aprire	15508
potesse	15494
stronzate	15453
indirizzo	15440
tale	15425
ottenere	15425
potessi	15377
jim	15377
esperienza	15367
portata	15352
messa	15347
steve	15344
piangere	15343
bill	15330
segreti	15329
scorso	15327
tony	15325
lasciate	15305
andremo	15301
sud	15297
uccisa	15283
darmi	15279
torni	15277
pianeta	15272
darti	15260
inoltre	15258
serie	15243
esci	15243
ray	15221
vittime	15212
diversi	15199
porca	15188
guida	15170
prezzo	15153
strana	15119
arrabbiato	15106
vecchi	15096
verrà	15074
orribile	15046
gesu	15033
ritorno	15025
entrato	14999
animali	14992
enorme	14980
metto	14976
harry	14972
passaggio	14970
imparare	14966
progetto	14961
danno	14940
naturalmente	14923
colpevole	14919
ragazzino	14919
metri	14894
tommy	14889
chiavi	14885
mossa	14884
finestra	14847
suppongo	14840
destino	14835
molta	14827
saltare	14822
correre	14808
frega	14797
edificio	14786
colazione	14767
collo	14762
difesa	14759
diro	14739
vicini	14733
fiducia	14723
aiutato	14722
maggior	14720
avermi	14689
saprei	14687
capisce	14660
ristorante	14649
nomi	14648
laboratorio	14642
scegliere	14576
comando	14540
chiedi	14531
arte	14528
meta	14519
discorso	14510
nove	14467
avra	14464
segnale	14463
perfetta	14463
fortunato	14422
libri	14363
carriera	14351
blu	14343
cominciare	14339
muro	14296
will	14285
tranne	14279
bob	14265
proteggere	14242
prendendo	14240
dubbio	14231
dati	14220
stazione	14215
emergenza	14212
giustizia	14199
immediatamente	14180
odore	14175
umani	14171
college	14159
ascolti	14152
contrario	14149
terzo	14109
preoccupare	14102
locale	14099
mette	14095
faranno	14087
battaglia	14086
aiutarla	14082
diverse	14075
notato	14072
chiamate	14071
sceriffo	14051
sembrano	14041
evitare	14026
spirito	14017
seduto	14007
bianca	13997
ryan	13986
lingua	13985
dipartimento	13974
controllato	13955
massimo	13947
praticamente	13926
riunione	13906
po'	13905
rumore	13903
torta	13889
guardami	13886
dirò	13884
accanto	13878
eroe	13837
turno	13835
piccoli	13828
entrambe	13781
dovremo	13742
potrai	13736
londra	13697
vedrai	13696
punti	13691
fiori	13689
vederla	13677
persino	13662
ovvio	13657
furgone	13646
amy	13630
coppia	13624
ridere	13618
inizia	13617
pausa	13616
billy	13615
grave	13610
vedete	13605
memoria	13603
dovevi	13594
aiutami	13584
tranquilla	13575
cosi'	13573
naso	13562
andava	13540
nemico	13538
mangia	13531
chiudere	13520
felici	13516
colonnello	13506
palla	13490
giovani	13487
richard	13478
nuove	13466
costa	13442
laggiù	13437
lee	13427
scatola	13421
torniamo	13415
albero	13407
you	13405
tribunale	13392
razza	13387
anello	13386
prenda	13293
idee	13292
piede	13269
ferita	13266
ferito	13251
cerchi	13249
preoccupato	13239
verra	13224
sentimenti	13212
arresto	13208
project	13202
averla	13198
dà	13193
soldato	13163
natura	13149
cominciato	13144
inutile	13137
casi	13127
prendiamo	13122
colore	13120
basso	13088
uso	13084
don	13077
anzi	13065
storie	13039
digli	13014
daniel	13010
preferito	13010
dirle	12996
utile	12991
cattiva	12946
cani	12943
sparare	12933
parigi	12917
diventa	12911
chiamano	12906
ascoltare	12893
kevin	12887
decidere	12885
professore	12883
fidanzato	12881
sensazione	12873
andartene	12862
legale	12848
carte	12819
compito	12795
srt	12789
stronza	12777
contenta	12765
provi	12763
los	12758
corte	12749
tengo	12747
pesce	12745
pensano	12729
johnny	12726
obiettivo	12724
incontrare	12720
nato	12703
visti	12700
show	12695
conta	12676
accesso	12675
breve	12668
risolvere	12658
isola	12656
povero	12653
stavolta	12650
mark	12650
affrontare	12639
poliziotti	12638
opera	12621
anna	12617
buoni	12611
ballare	12588
bacio	12585
resti	12581
funzionato	12563
bordo	12556
sbaglio	12548
giochi	12542
verde	12526
saremmo	12520
aperta	12519
improvviso	12504
continui	12504
fianco	12504
alzati	12500
accettare	12499
metà	12498
continuo	12497
peso	12488
piaciuto	12480
stile	12475
corsa	12469
entrata	12464
soluzione	12462
maria	12448
fanculo	12403
contratto	12393
arrabbiata	12391
fermare	12389
retro	12373
meraviglioso	12368
guidare	12368
denti	12362
mandare	12345
fidati	12341
sveglia	12332
tiene	12330
ultimamente	12319
creato	12312
prendermi	12305
kate	12295
dipende	12293
innocente	12287
scopo	12282
coltello	12280
chris	12245
fila	12234
magia	12222
effetto	12194
procuratore	12184
ricordare	12173
smesso	12172
dna	12172
vendere	12165
pantaloni	12142
miss	12140
centrale	12128
azione	12119
principe	12104
cadavere	12100
chiusa	12093
fede	12088
nipote	12083
andro	12073
soldati	12071
conti	12065
finisce	12061
stavano	12053
riuscita	12042
troveremo	12040
stampa	12027
of	12018
assistente	12015
ognuno	12006
robert	12005
debole	11999
risultati	11993
ridicolo	11991
sii	11988
vaffanculo	11984
andarci	11981
adam	11978
dirtelo	11977
grandioso	11974
americano	11964
gesù	11958
francese	11950
chiederti	11925
faresti	11911
taxi	11909
sottotitoli	11891
creare	11887
peggiore	11883
bevuto	11880
rimasta	11879
angolo	11876
latte	11874
buio	11871
siate	11869
malattia	11869
gatto	11856
suona	11839
troviamo	11831
brian	11829
estate	11825
scomparsa	11812
fargli	11810
risposto	11810
condizioni	11794
muoviti	11794
charles	11784
angeles	11783
fiume	11779
schiena	11778
sindaco	11749
nonostante	11744
reso	11725
campagna	11711
andrai	11710
tenuto	11703
paga	11702
seguire	11684
cerchiamo	11679
scott	11679
coglione	11674
rachel	11674
bobby	11670
dettagli	11661
chiaramente	11631
rispondi	11628
capace	11625
distrutto	11615
forze	11614
importanza	11612
debba	11612
importanti	11602
particolare	11593
stanco	11592
piani	11588
mantenere	11583
piaceva	11580
richiesta	11570
parecchio	11561
dando	11559
principale	11550
rose	11527
insegnato	11526
faccenda	11511
vento	11507
immaginare	11493
dimenticare	11479
matto	11478
convinto	11463
rovinato	11459
campione	11446
buonasera	11446
braccia	11443
laggiu	11436
decisamente	11430
washington	11424
usando	11403
provando	11403
momenti	11401
sbagliata	11399
andrò	11378
pensarci	11373
mercato	11363
valore	11332
sbrigati	11313
salire	11300
drink	11298
riuscire	11280
spiegare	11271
principessa	11269
provo	11252
avro	11243
attenta	11239
zitta	11223
eddie	11213
andy	11212
bellezza	11196
prendete	11191
tanta	11190
morendo	11185
rilassati	11182
buco	11181
conversazione	11169
dover	11167
speravo	11165
attesa	11140
pensiero	11135
rimane	11118
benvenuti	11114
conoscenza	11113
ponte	11097
malato	11096
claire	11086
sedia	11086
vedremo	11082
omicidi	11079
walter	11076
finale	11075
impronte	11075
sistemare	11067
pensiamo	11062
emma	11059
succedere	11039
avrò	11036
emily	11031
ghiaccio	11028
tracce	11026
bottiglia	11010
accettato	11004
indagine	11002
pensava	10989
passata	10978
super	10972
eppure	10971
fottuto	10960
propria	10949
tiro	10948
cadere	10945
ll	10944
diversa	10940
sguardo	10940
perdita	10925
milione	10915
camminare	10914
eccoci	10909
dan	10908
pratica	10900
americani	10898
primi	10896
villaggio	10874
scuse	10873
fantasma	10873
trovarlo	10858
potevi	10853
preferisco	10842
scusatemi	10841
ispettore	10834
teoria	10830
chiamami	10828
dovere	10828
camion	10818
parco	10793
palazzo	10790
privato	10781
dovreste	10765
troia	10758
chiede	10753
volessi	10744
purtroppo	10734
eccola	10729
preoccupata	10720
area	10713
aspettavo	10708
prenderti	10697
accusa	10688
crederci	10687
martin	10686
stelle	10681
direttamente	10664
ie	10659
aiuta	10645
esserlo	10642
voler	10641
cento	10634
fidanzata	10631
andarmene	10619
seriamente	10614
pista	10607
terza	10606
desiderio	10600
preoccupi	10576
mentendo	10572
ubriaco	10572
angelo	10560
tradurre	10549
luci	10540
popolo	10538
case	10520
grace	10514
dita	10509
vince	10508
infermiera	10501
altezza	10490
seduta	10489
minaccia	10484
età	10481
controlla	10476
nazionale	10470
genio	10466
caduto	10464
corri	10449
cinema	10448
t	10445
passati	10443
tetto	10438
alcuna	10423
stella	10423
josh	10419
media	10416
politica	10411
voci	10407
suono	10405
to	10402
copertura	10401
conosciamo	10401
vissuto	10399
piaci	10385
internet	10377
eric	10371
lettere	10368
occupato	10367
sposata	10365
cancro	10360
numeri	10356
diamo	10349
credimi	10346
compagno	10338
merito	10333
società	10326
quand'	10314
nient'	10313
spada	10312
vedermi	10308
scendere	10300
pazienti	10299
kim	10296
dirgli	10291
leggi	10267
cambia	10261
facevo	10260
pete	10258
sentita	10256
diventata	10253
perfettamente	10251
ragazzina	10249
bicchiere	10249
autobus	10237
dargli	10235
vuoto	10234
porte	10228
animale	10217
jason	10211
azienda	10211
sabato	10206
pollo	10198
spiaggia	10196
ordinato	10187
rotta	10179
dovesse	10157
telefonata	10157
thomas	10156
completo	10155
lasciamo	10153
entri	10139
liceo	10127
rosa	10124
mezza	10124
innamorato	10120
doccia	10104
guardato	10104
matt	10101
stanca	10099
arrestato	10099
esce	10094
date	10093
venduto	10092
gara	10084
comincia	10082
orologio	10080
eravate	10064
fan	10061
erba	10060
viso	10058
bevi	10055
metta	10037
fece	10037
ascoltate	10026
distanza	10023
alice	10022
maledetto	10004
chiamarmi	10003
magnifico	10002
universo	9989
esame	9984
quartiere	9982
uccidermi	9976
andarsene	9974
sposa	9973
partito	9971
lascialo	9969
strade	9965
cappello	9964
pagina	9961
mostra	9959
giardino	9951
intendevo	9946
testimoni	9942
nera	9928
taglio	9927
velocemente	9917
potente	9911
killer	9907
potrà	9906
muore	9901
segni	9900
paradiso	9888
rabbia	9876
fuga	9864
biglietti	9863
s'	9855
toccare	9854
termine	9849
collega	9836
vittoria	9832
assurdo	9832
mr	9829
giornale	9829
dimmelo	9821
insegnante	9820
annie	9818
talento	9804
o'	9803
spaventato	9801
naturale	9793
vicina	9789
coinvolto	9786
immagini	9784
figo	9784
grossa	9779
umana	9779
amiche	9778
girare	9776
seria	9775
corrente	9770
libertà	9763
rubare	9759
venendo	9742
doppio	9736
immagine	9735
certe	9729
conoscerti	9719
tantissimo	9702
allarme	9696
ultime	9692
militare	9686
padrone	9684
prenderlo	9679
arrivano	9679
azioni	9673
tipi	9672
sveglio	9671
mr.	9670
amor	9667
potremo	9657
preparato	9633
direzione	9631
gratis	9618
dito	9617
vendetta	9591
cantare	9567
distruggere	9561
lasciata	9559
funzionare	9557
invitato	9556
chuck	9555
regola	9553
servizi	9545
luke	9544
zero	9543
ruolo	9522
cavalli	9520
c	9515
mattino	9513
pazzi	9498
funerale	9489
dallo	9479
ospiti	9478
ministro	9477
venti	9473
ottenuto	9472
intende	9468
simon	9468
abbiate	9452
domenica	9443
tette	9442
sig.	9440
vorrà	9439
ted	9437
spia	9436
manda	9433
rimani	9427
partner	9407
dritto	9393
presenza	9392
eta	9389
abby	9387
succedera	9386
son	9386
offerto	9378
atto	9374
apprezzo	9368
discutere	9368
mentire	9364
gestire	9362
chilometri	9347
migliaia	9332
sugli	9330
lasciarmi	9322
volevano	9313
street	9307
guardati	9306
domattina	9294
lasciatemi	9293
pensavi	9292
vacanza	9290
nemici	9278
medicina	9273
speriamo	9266
sali	9262
tira	9260
scappato	9244
pur	9243
informazione	9234
lucy	9227
sposare	9226
andarcene	9225
est	9216
accaduto	9213
violenza	9210
articolo	9209
crescere	9208
suonare	9200
forti	9195
caduta	9194
calmo	9192
presi	9186
parlarle	9180
cugino	9177
fossimo	9160
messaggi	9157
famiglie	9138
povera	9131
danni	9129
sentivo	9128
sospetto	9128
guardie	9126
gira	9125
trappola	9122
dirai	9122
starai	9121
attenti	9120
diventando	9116
criminale	9110
lady	9108
giacca	9106
unita	9103
rossa	9100
dormito	9099
scomparso	9087
modi	9082
entrate	9081
sarete	9081
commesso	9078
pugno	9049
opinione	9039
chiamava	9034
cresciuto	9017
mal	9004
interesse	9004
laura	8997
mettiamo	8995
bell'	8993
sig	8992
francia	8982
ossa	8973
roma	8971
carico	8969
fastidio	8953
lisa	8952
premio	8951
fermato	8944
sopravvivere	8940
studenti	8918
battuta	8908
dappertutto	8907
dave	8907
tè	8898
hank	8895
profondo	8887
arrivi	8884
cella	8879
finora	8876
membro	8867
lupo	8865
gas	8863
macchine	8863
risposte	8858
lotta	8847
presento	8834
piccole	8834
mostri	8827
moto	8818
percento	8815
jeff	8809
vorra	8806
carl	8802
colpi	8801
amicizia	8792
diritti	8780
pulito	8780
protezione	8780
disturbo	8773
avranno	8770
assieme	8765
dicevo	8758
diretto	8745
pane	8739
pesante	8736
city	8732
park	8725
aeroporto	8725
gloria	8720
scusarmi	8717
creduto	8709
risponde	8706
terapia	8705
santa	8704
dirci	8701
disastro	8697
uova	8693
tirato	8684
tenga	8677
sedere	8673
veri	8671
preparare	8668
versione	8662
costruire	8660
rete	8657
sean	8654
potra	8650
guardo	8648
puzza	8646
ricco	8643
ali	8638
sposati	8631
gola	8629
fumo	8627
crisi	8620
dirmelo	8614
raggiungere	8610
nervoso	8607
minimo	8606
persa	8605
traccia	8605
inghilterra	8602
albergo	8600
tornate	8587
incendio	8586
falso	8585
dirglielo	8578
ucciderlo	8569
polvere	8566
chicago	8563
gioia	8556
fucile	8527
maniera	8524
william	8523
sessuale	8508
orecchie	8508
privata	8508
tentativo	8498
weekend	8488
totale	8481
poche	8479
sicuri	8479
sentirmi	8478
aspettiamo	8478
svegliati	8474
parlano	8472
scherzi	8469
trucco	8448
lord	8444
trovate	8443
t'	8438
dovevamo	8428
nascondere	8426
aiutarci	8421
succederà	8421
rendere	8417
urla	8417
larry	8415
calda	8412
aspettato	8409
dovessi	8408
ambulanza	8401
superiore	8397
m	8391
dean	8379
volare	8363
mancato	8363
perdono	8362
errori	8346
proprietario	8339
piaccia	8333
raccontato	8332
ospite	8330
dovro	8330
dovrò	8318
dillo	8316
poteri	8314
credito	8313
recente	8309
dovrà	8306
pizza	8306
fatemi	8304
amato	8293
kyle	8289
telecamere	8286
quarto	8275
bravi	8272
avessero	8272
movimento	8270
regno	8268
volevamo	8263
stomaco	8260
membri	8254
licenziato	8252
preferirei	8241
tirare	8241
chiedevo	8230
analisi	8228
muoversi	8223
merita	8223
volesse	8222
promessa	8221
capita	8220
farvi	8219
credete	8218
sissignore	8216
dannato	8214
phil	8210
baby	8206
bei	8205
assicuro	8204
abbandonato	8203
facilmente	8203
scale	8198
attorno	8189
darò	8170
smetterla	8169
corpi	8167
sospettato	8167
mettendo	8163
puo'	8163
cinese	8161
verranno	8150
imbarazzante	8150
fonte	8141
mancano	8139
perdendo	8137
studiare	8133
divano	8131
amante	8130
risultato	8127
accuse	8125
jerry	8114
societa	8112
neppure	8107
bloccato	8103
avessimo	8097
tornati	8095
scrivania	8093
complicato	8082
louis	8080
pavimento	8076
tolto	8076
mila	8071
famoso	8064
desideri	8055
lily	8050
traffico	8049
avrete	8031
eccoti	8027
contare	8023
cia	8021
prestito	8018
potreste	8018
solamente	8017
chissà	8017
sorriso	8015
sentiamo	8015
lavorava	8011
ferite	7999
proiettile	7984
motore	7973
specialmente	7971
posta	7969
darle	7966
lontana	7959
file	7955
ingresso	7954
riuscivo	7947
respira	7946
mettiti	7943
fido	7935
nate	7934
roger	7933
lasciati	7931
piatto	7928
folle	7927
proposta	7925
rapporti	7925
tuttavia	7916
cazzate	7909
affascinante	7904
virus	7901
liberta	7901
simili	7900
jenny	7893
carter	7890
prenderla	7885
bugie	7881
clark	7880
prese	7870
sterline	7867
trovarmi	7862
frattempo	7852
leo	7847
banda	7847
esplosione	7840
alan	7836
calcio	7835
ricerche	7822
lago	7813
barry	7811
ascolto	7811
teatro	7809
riusciamo	7809
ladro	7800
spaventata	7796
compagni	7795
facciamolo	7794
tentato	7790
sorpreso	7787
pioggia	7785
debito	7782
occhiali	7773
conoscete	7753
taglia	7747
gary	7743
resynch	7734
pietra	7732
uccello	7732
sito	7731
maiale	7730
dubito	7726
parcheggio	7723
serviva	7721
camicia	7720
comportamento	7720
comodo	7720
montagna	7718
respirare	7714
uccisi	7712
bianchi	7710
seguendo	7697
costruito	7679
formaggio	7679
kelly	7675
sparo	7670
assunto	7669
uscite	7663
sapessi	7655
facevi	7647
diretta	7646
averne	7640
spazzatura	7638
divorzio	7631
innamorata	7626
tagliato	7626
maggie	7620
possano	7609
fatte	7602
tazza	7601
agenzia	7601
volto	7600
morgan	7600
intervento	7599
creda	7599
mucchio	7598
permettere	7598
salto	7596
team	7592
rimasti	7589
puntate	7587
pensieri	7586
taylor	7579
soccorso	7574
respiro	7571
giuria	7571
modello	7571
panico	7570
darci	7561
giornali	7559
ombra	7559
piscina	7554
marina	7548
ricordate	7545
portate	7541
tavola	7538
mezz'	7537
trovarla	7535
carica	7532
salta	7532
pensione	7532
copia	7531
pilota	7528
sorveglianza	7527
dichiarazione	7524
costretto	7518
smetti	7515
neri	7506
limite	7506
portarlo	7494
bugia	7491
mettermi	7490
elizabeth	7488
centinaia	7483
affitto	7480
appartiene	7474
idioti	7473
evento	7472
bugiardo	7469
governatore	7468
riusciti	7466
venne	7465
sé	7454
daro	7453
dono	7451
amanda	7450
moda	7447
petto	7445
custodia	7434
dovra	7428
farne	7424
impressione	7412
strega	7412
jackson	7409
coso	7407
malata	7405
dimostrare	7404
terreno	7404
tradito	7397
neve	7391
veniva	7390
impegnato	7389
portando	7387
interessi	7378
vorrai	7371
speciali	7371
odia	7364
molly	7362
portarti	7349
ragioni	7347
gelato	7342
perfino	7339
spara	7335
lentamente	7335
metterti	7326
vergogna	7319
adorabile	7319
iniziamo	7316
chloe	7310
castello	7309
medici	7309
pazienza	7308
organizzato	7302
sonno	7300
trovati	7291
colleghi	7290
toccato	7289
malapena	7280
nota	7279
tornando	7279
conoscerla	7275
maschio	7275
ascoltando	7270
mostrato	7270
karen	7263
festeggiare	7249
indovinare	7247
liberi	7245
attaccato	7239
togliere	7236
risolto	7233
sporco	7231
pari	7230
passate	7230
sentirti	7222
voti	7215
passando	7212
complimenti	7210
nathan	7207
miracolo	7205
epoca	7204
vicenda	7201
divertimento	7198
meriti	7197
volere	7196
troppe	7185
anticipo	7182
lezioni	7181
giocando	7177
rapina	7176
cercavo	7172
parlava	7171
nazione	7171
band	7169
argomento	7165
sbagli	7164
artista	7163
california	7158
pillole	7151
facessi	7146
firmato	7141
alba	7140
telecamera	7130
auguri	7122
stupidi	7120
fase	7118
abito	7114
suicidio	7113
uguale	7112
julia	7111
preoccupa	7099
meravigliosa	7098
ginocchio	7095
galera	7092
ride	7092
alberi	7091
veloci	7088
familiare	7088
interessato	7085
feste	7084
troppi	7081
positivo	7079
muovetevi	7078
andiamocene	7075
diamine	7071
sparire	7071
invito	7065
onesto	7063
fuggire	7057
portami	7057
punta	7054
victor	7053
tenerlo	7051
università	7041
fortunata	7040
usciamo	7037
stara	7033
patrick	7032
provarci	7028
bosco	7025
patto	7024
sale	7023
ovest	7021
bestia	7019
presenta	7017
socio	7013
susan	7011
personalmente	7010
magazzino	7009
b	7007
commissione	6998
coloro	6995
sullo	6994
coach	6993
bastardi	6989
vantaggio	6984
spese	6978
mezzanotte	6978
contanti	6978
morale	6977
avvocati	6977
caspita	6976
tim	6976
fallito	6968
indossare	6968
occupo	6960
esperto	6957
pensaci	6956
onda	6953
rendi	6952
preciso	6949
andrebbe	6945
saltato	6945
fondi	6945
firmare	6941
totalmente	6940
incubo	6935
babbo	6929
fattoria	6929
presenti	6921
senatore	6916
conosciuti	6906
tasca	6905
secolo	6904
cima	6903
avendo	6896
corridoio	6896
bersaglio	6894
parlarmi	6892
vedono	6889
sorelle	6889
chili	6886
superare	6883
esistono	6882
eccellente	6879
originale	6876
muoverti	6876
stammi	6871
sopportare	6866
sparito	6866
probabile	6860
lasciala	6857
credono	6854
jones	6852
km	6850
n	6849
greg	6849
riposo	6844
indovina	6841
diverte	6841
esterno	6834
stan	6832
muovere	6829
smith	6822
concerto	6821
yo	6816
buttato	6813
clinica	6807
champagne	6786
maestà	6786
episodi	6783
sir	6783
troverai	6782
tecnologia	6782
scappa	6781
firma	6780
americana	6778
oliver	6776
calmi	6776
riposare	6775
furto	6772
vendita	6770
togliti	6769
dormi	6765
criminali	6763
carcere	6762
voto	6754
rock	6742
tyler	6738
arthur	6734
tomba	6733
legame	6732
mostrare	6731
mancanza	6726
single	6720
materiale	6719
facesse	6715
ln	6709
superato	6705
passeggiata	6702
impazzire	6698
amen	6695
lasciarlo	6689
opportunità	6684
causato	6683
lasciarti	6682
follia	6680
attività	6670
dirvi	6665
messi	6662
trovarti	6661
divertiti	6659
leader	6659
football	6658
unità	6646
personali	6644
charlotte	6644
supporto	6644
tratti	6639
medicine	6637
derek	6635
giornalista	6628
dorme	6627
scala	6627
aiutarvi	6623
opportunita	6623
scienza	6622
costume	6619
rompere	6616
pò	6614
scendi	6613
episode	6604
sembro	6601
uccide	6593
rischi	6593
conseguenze	6589
passione	6584
cercate	6579
olivia	6577
autista	6577
d	6574
essermi	6573
terry	6571
coscienza	6569
discussione	6567
beccato	6565
profilo	6565
prete	6563
sinceramente	6563
vorremmo	6561
elena	6558
gusto	6557
compiti	6552
ross	6549
europa	6548
esca	6544
tunnel	6534
attivita	6531
season	6531
cercano	6531
assicurazione	6530
foresta	6530
robin	6527
ucciderti	6521
permette	6515
mappa	6515
palco	6508
lieto	6504
confuso	6502
manchi	6498
filo	6497
ripeto	6485
portarla	6482
howard	6475
trattato	6473
certi	6471
gioca	6470
figurati	6470
helen	6465
fabbrica	6465
federale	6462
cieco	6459
responsabilità	6458
messico	6445
lancio	6443
titolo	6437
motivi	6437
assegno	6437
tornerà	6434
tizi	6432
belli	6432
van	6427
grazia	6424
red	6422
dicessi	6421
conosceva	6419
sufficiente	6419
oscar	6418
farete	6417
calci	6417
egli	6416
istante	6416
pene	6415
amare	6415
lasciar	6413
sorta	6412
sincero	6412
ammettere	6408
retta	6407
veda	6402
pulire	6400
uscendo	6399
tempesta	6395
penny	6394
chiamiamo	6394
vice	6394
rebecca	6389
trovano	6384
difficili	6383
crediamo	6381
jeremy	6377
maschera	6375
visione	6374
cominciamo	6371
nata	6371
jo	6369
reazione	6367
cattivi	6363
dormendo	6361
eccomi	6360
regali	6359
sapesse	6355
oggetto	6353
jay	6351
vivono	6349
esco	6345
jordan	6342
west	6339
sport	6334
vederci	6331
sfortunatamente	6329
contatti	6319
prendono	6318
sezione	6318
my	6317
onestamente	6317
segreta	6312
ascensore	6307
furono	6297
miglia	6295
rifugio	6294
casey	6289
fiero	6289
spalla	6287
all	6281
rischiare	6279
profumo	6271
coincidenza	6269
portarmi	6269
alcol	6268
ricevere	6265
inventato	6265
impegno	6256
brutte	6255
zucchero	6252
chiedermi	6251
giudizio	6249
spari	6249
pochino	6245
personaggio	6242
lacrime	6242
esami	6240
conoscevo	6239
crimini	6230
usi	6229
scemo	6222
reparto	6218
usata	6216
pazzesco	6214
corda	6213
benzina	6211
dissi	6207
rick	6205
creatura	6205
fumare	6202
pulita	6199
king	6194
vincent	6193
raccontare	6192
ambiente	6190
beth	6189
fidi	6189
capite	6185
canzoni	6185
quant'	6183
garage	6170
spiegazione	6169
disposto	6168
lascero	6167
andrew	6166
proviamo	6161
sara'	6160
confine	6156
propri	6153
significato	6150
letteralmente	6146
oggetti	6146
ione	6142
televisione	6140
frankie	6137
baseball	6137
sociale	6137
professor	6137
struttura	6134
accusato	6133
prendero	6132
disgustoso	6131
specchio	6127
venerdi	6127
butta	6126
perdonami	6121
dosso	6120
cambiamento	6106
svegliato	6105
proprieta	6104
venisse	6103
reputazione	6100
partenza	6099
hannah	6099
punizione	6098
conviene	6097
jamie	6097
navi	6097
organizzare	6096
portiamo	6095
uccelli	6094
fico	6091
influenza	6085
tedesco	6083
dodici	6082
marcus	6081
joey	6080
nascita	6077
scambio	6077
distretto	6074
fiera	6070
incontri	6069
palestra	6068
direbbe	6068
inviato	6058
universita	6058
angela	6054
illegale	6053
man	6053
on	6051
big	6051
bruce	6047
starà	6039
perde	6039
piacevole	6035
oceano	6032
tagliare	6027
servire	6026
chiederle	6023
cioccolato	6022
farli	6021
seduti	6019
preferita	6015
rovinare	6011
decisioni	6010
previsto	6009
talmente	6009
ricky	6008
urlare	6002
dolcezza	6000
pubblica	5999
esserne	5998
huh	5998
documento	5988
desidera	5988
um	5987
ricchi	5983
soffrire	5981
labbra	5979
controlli	5977
stronzi	5972
mangi	5971
superiori	5969
potrò	5962
risorse	5960
ethan	5959
jackie	5956
biblioteca	5955
tornerò	5952
settore	5952
robot	5948
canta	5948
cooper	5945
portano	5943
veleno	5942
ufficialmente	5940
diario	5938
continuate	5935
proprietà	5935
uguali	5933
spiega	5930
adulti	5928
aprite	5925
stiano	5922
salvo	5921
jesse	5919
studi	5919
offesa	5913
online	5912
legato	5910
fred	5910
metterci	5910
incontrati	5910
incarico	5909
ricominciare	5904
troppa	5904
inverno	5899
agio	5899
maglietta	5893
facevano	5892
orgoglioso	5889
impazzito	5882
recuperare	5880
organizzazione	5879
frase	5876
emozioni	5874
jessica	5872
esplodere	5867
civile	5867
betty	5867
biscotti	5863
julie	5862
guadagnare	5860
attore	5858
vecchie	5855
aiutatemi	5854
sigaretta	5853
grasso	5853
gradi	5852
amava	5851
pago	5849
verrai	5849
umore	5846
mondiale	5843
rapito	5843
ragazzini	5842
avreste	5837
parlargli	5836
accada	5835
levati	5834
convincere	5832
condividere	5830
riso	5830
russo	5828
consegna	5828
finiti	5822
relazioni	5816
colpire	5816
legno	5814
doc	5813
eventi	5812
cercava	5811
ferro	5810
dolci	5809
abiti	5807
studente	5806
dottori	5803
mac	5802
aiutarlo	5801
poveri	5800
divertendo	5798
raggio	5795
scientifica	5786
marty	5785
raggiunto	5783
resistenza	5783
partecipare	5783
disponibile	5779
estremamente	5777
aspettano	5771
richiamo	5770
agire	5769
cerimonia	5768
fegato	5768
stretto	5767
torre	5761
pessima	5761
imbarazzo	5761
todd	5760
sfida	5760
aiutando	5752
fermata	5752
prenderemo	5744
cole	5744
indagini	5740
porno	5736
professionale	5736
stop	5734
doug	5733
fredda	5733
adatto	5726
prime	5724
dille	5722
strane	5721
brillante	5710
potevamo	5710
droghe	5706
sieda	5704
grida	5703
orso	5703
darsi	5702
istinto	5700
vegas	5699
dubbi	5698
lascerò	5698
harvey	5697
dì	5693
eva	5691
tornera	5687
chiacchiere	5679
figura	5677
scoprirlo	5676
maledetta	5674
deserto	5672
golf	5670
mando	5669
ringraziamento	5668
ricordati	5667
fantasmi	5666
staro	5666
blocco	5664
considerato	5664
dovrete	5660
metro	5658
inizi	5651
splendida	5651
gliene	5650
intanto	5646
dovuta	5642
diventi	5640
cio'	5639
cammina	5639
prenderò	5638
alti	5635
progetti	5634
zombie	5622
grossi	5615
ammazzo	5614
prodotto	5608
pensavamo	5607
fingere	5594
prendilo	5588
succeda	5587
quadro	5586
circostanze	5585
lassù	5578
benvenuta	5578
las	5577
presentato	5576
aperti	5574
preside	5572
crudele	5568
becco	5565
parleremo	5556
esseri	5555
delitto	5546
catherine	5545
linda	5545
febbre	5540
owen	5540
rossi	5539
sentirlo	5538
averci	5536
spinto	5533
armadio	5533
battere	5532
olio	5529
it	5529
mutande	5527
gordon	5524
sally	5520
professionista	5519
arriviamo	5519
rinforzi	5519
notti	5518
parlate	5514
katie	5510
capirlo	5509
cina	5507
aggressione	5507
mangio	5504
vetro	5502
falla	5501
sistemato	5500
miller	5498
lucas	5497
racconti	5495
stupendo	5487
elicottero	5485
consigli	5483
mistero	5481
cadaveri	5479
nastro	5472
black	5468
gigante	5464
datemi	5462
negativo	5453
resistere	5451
giocato	5447
chiara	5445
penna	5443
johnson	5443
jess	5441
parker	5439
prenditi	5436
cameriera	5435
dannata	5432
teste	5430
viviamo	5429
condizione	5429
miliardi	5427
alibi	5426
assassini	5425
fortunati	5423
poterlo	5422
u	5421
disco	5418
shawn	5416
moltissimo	5416
prendersi	5413
offro	5413
cresciuta	5412
tornero	5411
caroline	5406
valigia	5405
smettetela	5401
house	5400
coda	5398
fidarti	5396
urgente	5395
el	5395
pistole	5393
potro	5393
rifiutato	5392
funzioni	5391
corretto	5389
tratto	5388
rivederti	5384
cassetta	5382
improvvisamente	5380
chieda	5377
sottofondo	5375
sistemi	5372
mettono	5368
russi	5366
splendido	5361
giri	5361
lontani	5360
tedeschi	5360
normali	5351
litigare	5348
percorso	5345
battute	5342
confronti	5340
prigionieri	5340
germania	5339
vere	5338
carlos	5337
synch	5337
connor	5336
tour	5329
puttane	5329
giovanotto	5326
velocità	5325
marcia	5323
orario	5323
steven	5321
commissario	5318
scappata	5318
deluso	5318
ditemi	5314
ian	5311
federali	5310
completa	5305
saggio	5304
avevate	5304
antonio	5302
wilson	5301
sposarmi	5300
miele	5298
romantico	5298
fregato	5294
marco	5292
texas	5292
conferenza	5291
straordinario	5289
sciocco	5285
tecnicamente	5283
prigioniero	5283
finto	5282
noioso	5279
accetto	5278
justin	5271
folla	5269
stress	5268
trasferito	5267
piantala	5267
segretario	5265
gia'	5262
demone	5256
gus	5255
bevo	5254
junior	5253
sciocchezze	5250
julian	5250
buffo	5248
tenuta	5246
occupata	5246
cucinare	5245
pericolosa	5239
destro	5238
eroina	5237
oscuro	5236
scritta	5235
serva	5232
gang	5229
mira	5228
salsa	5224
torto	5222
geniale	5220
nervosa	5220
zoe	5217
fiamme	5216
chiamarti	5214
montagne	5212
conferma	5212
cari	5208
teddy	5208
extra	5206
sapevamo	5206
studiato	5205
preparando	5204
orecchio	5202
campi	5198
assicurati	5198
precedente	5198
innocenti	5197
anne	5196
nudo	5193
fermarlo	5192
parenti	5187
ascoltato	5185
tragedia	5185
figlie	5183
ritornare	5183
responsabilita	5182
preoccuparsi	5179
richiesto	5174
servito	5170
disposizione	5170
mettilo	5163
pesci	5159
roy	5159
andar	5156
bassa	5155
territorio	5154
raccogliere	5153
chef	5152
combattimento	5150
bruciato	5148
larga	5148
morso	5145
usano	5144
piatti	5143
incastrato	5142
nina	5141
finn	5139
realmente	5138
by	5137
cretino	5135
vasca	5134
contea	5133
fottuta	5130
stronzata	5129
arrabbiare	5129
limiti	5128
entriamo	5127
andasse	5127
ron	5122
simpatico	5118
portati	5117
delizioso	5116
fottiti	5115
coraggioso	5114
ricordato	5110
registrato	5109
assicurarmi	5108
cittadini	5106
africa	5101
potenza	5099
costo	5092
onesta	5091
canale	5090
uniforme	5088
barba	5088
tramite	5086
e-mail	5085
quanta	5084
gibbs	5081
mezzi	5081
primavera	5081
sophie	5078
boston	5072
visite	5069
alza	5069
lasciarla	5068
dylan	5057
salutare	5056
vuota	5055
preferisci	5051
dirà	5050
figa	5046
staremo	5046
nancy	5043
apre	5043
kenny	5041
sconosciuto	5040
ebbene	5037
dennis	5031
stanze	5030
argento	5028
liam	5028
geloso	5027
randy	5026
incantesimo	5026
maesta	5025
arriverà	5022
colloquio	5016
udienza	5013
inglesi	5011
dicevi	5011
presentare	5009
fisica	5009
tappeto	5008
eccitante	5006
miseria	5006
accadere	5005
han	5005
cognome	5004
esser	5001
corto	5001
dacci	5001
conosciuta	4999
commerciale	4997
lavorano	4997
esistenza	4995
furbo	4993
giocatore	4992
set	4989
lasciando	4987
manager	4986
offre	4984
chiamando	4984
novità	4983
vampiro	4982
davis	4981
soggetto	4981
chissa	4973
chiamarlo	4971
grant	4969
odi	4969
muove	4967
rivista	4967
cattive	4966
museo	4966
troverò	4964
marshall	4964
appassiona	4962
brav'	4962
vedevo	4962
virginia	4961
passiamo	4961
pessimo	4960
credeva	4957
prossimi	4956
uccido	4955
trovero	4952
amano	4950
mmm	4940
servira	4939
equipaggio	4939
cassa	4938
diglielo	4934
tenete	4933
essersi	4931
minima	4928
zuppa	4926
metterlo	4923
lottare	4921
immaginavo	4919
matematica	4915
orgoglio	4915
volontà	4908
succo	4908
restate	4906
massa	4905
patatine	4901
scelte	4900
cintura	4898
lavoriamo	4896
traditore	4896
ebrei	4891
sigarette	4890
andranno	4888
brown	4886
adora	4883
guardarmi	4879
procedura	4878
cavo	4877
mentale	4877
offrire	4874
collegamento	4871
capi	4869
aggiungere	4867
immaginato	4866
peggiori	4866
party	4865
quindici	4863
spencer	4856
annuncio	4856
panino	4856
attraente	4851
sospetti	4850
dira	4847
tradimento	4846
accorto	4846
cartello	4845
mosca	4845
fisico	4842
ripreso	4841
madame	4840
carol	4840
divisione	4839
pancia	4839
veicolo	4839
raccolto	4839
rinunciare	4839
proiettili	4838
facciano	4837
autorità	4837
vergine	4837
ubriaca	4836
litigato	4835
usciti	4835
vacanze	4833
gesto	4830
dopotutto	4830
conoscono	4827
email	4827
pura	4825
meraviglia	4824
fatelo	4823
arrestare	4822
largo	4822
miami	4822
adulto	4820
colori	4818
auguro	4814
infanzia	4814
jacob	4814
scegli	4814
gabbia	4810
sognato	4809
cambiata	4807
bambine	4806
avventura	4804
vorranno	4803
intervista	4802
fidarmi	4798
resa	4798
pianto	4797
nascosta	4797
attacchi	4794
serpente	4790
appunto	4788
piange	4788
combinato	4788
gioielli	4785
tornerai	4785
fiato	4784
sabbia	4784
margaret	4780
gatti	4779
locali	4778
wayne	4777
possesso	4775
capitolo	4770
scrive	4770
osso	4768
jules	4766
italia	4764
foste	4762
piangendo	4762
notare	4761
indossa	4761
vampiri	4759
giapponese	4759
evan	4753
frutta	4749
viveva	4746
mettete	4746
spagnolo	4746
apposta	4743
segui	4740
bla	4740
superficie	4739
ufficiali	4736
nascondendo	4735
istruzioni	4733
motel	4733
eli	4732
sin	4729
volentieri	4729
continuiamo	4729
curioso	4728
hollywood	4728
girato	4727
felicità	4725
fresca	4725
album	4724
pasto	4723
comincio	4721
abbi	4721
nozze	4721
giurato	4718
chiusi	4717
farmaci	4717
denuncia	4717
novita	4717
picchiato	4715
uccidendo	4714
sospeso	4714
canto	4712
pacco	4712
toby	4709
riserva	4707
coperta	4706
cammino	4703
registrazione	4701
incredibilmente	4697
concentrati	4697
strani	4697
leggenda	4696
amavo	4691
eccezionale	4690
telefilm	4689
egoista	4687
sano	4687
identita	4683
busta	4683
barbara	4683
femminile	4683
occupa	4680
alzare	4679
grato	4679
catturato	4676
scopare	4675
danza	4674
arrivera	4668
scorta	4667
parto	4667
cancello	4667
riley	4667
riprendere	4667
chiamarla	4664
martha	4660
viaggiare	4660
anime	4660
richiede	4657
na	4654
ipotesi	4652
battuto	4651
giudicare	4650
preparati	4648
bombe	4648
spetta	4646
bibbia	4645
potevano	4642
conte	4641
bici	4640
perdonare	4638
confessione	4634
singolo	4633
persi	4629
russia	4629
piaccio	4628
sapevano	4628
cavaliere	4628
aula	4624
burro	4623
venerdì	4623
italiano	4622
mettersi	4620
top	4620
produzione	4612
abbandonare	4609
impresa	4608
ringraziare	4608
programmi	4607
bonnie	4607
whoa	4605
love	4605
scrittore	4603
velocita	4600
addirittura	4598
poesia	4595
marie	4594
intenzioni	4593
sinistro	4593
riescono	4592
veniamo	4590
croce	4589
calore	4589
deposito	4587
dr.	4585
riesca	4579
walker	4579
buttare	4578
darà	4578
truppe	4578
nobile	4577
sposo	4577
spieghi	4575
impegnata	4567
funzionano	4567
comporta	4566
confermato	4566
booth	4565
torneremo	4564
travis	4559
pesca	4559
muori	4558
reverendo	4555
elezioni	4552
possibilita'	4550
bagagli	4549
successa	4544
minacciato	4543
menti	4543
creature	4540
lauren	4539
fresco	4538
tasse	4537
holly	4536
attrice	4535
brad	4533
scrivi	4533
jenna	4531
campioni	4530
stavate	4527
militari	4526
plastica	4525
verrò	4524
dispositivo	4522
edward	4521
giappone	4519
salva	4518
finestre	4515
ellen	4514
riconosciuto	4513
espressione	4512
sapore	4510
starò	4508
potessimo	4507
versi	4507
branco	4503
tocco	4503
florida	4502
conosca	4501
mister	4501
disagio	4500
parlami	4498
ken	4497
coma	4497
inquietante	4496
disegno	4495
tenerla	4493
atmosfera	4491
spostati	4491
fatica	4489
volante	4488
chance	4484
saluti	4483
dritta	4483
cancellato	4483
hill	4480
esagerato	4480
impero	4479
temperatura	4479
immagina	4477
scimmia	4476
dimentica	4469
servirà	4465
topo	4464
bimbo	4464
andatevene	4461
secoli	4461
catena	4460
elegante	4459
quinn	4458
femmina	4457
sete	4446
racconto	4445
coglioni	4445
fermarmi	4444
liz	4444
regista	4436
dell	4434
ruota	4433
spiegato	4432
rifiuto	4431
battito	4430
lou	4427
ammazzare	4426
audrey	4426
civili	4425
flotta	4422
uccidi	4422
rivedere	4421
ahi	4416
spostare	4414
imbecille	4413
attaccare	4413
allenamento	4413
paghi	4412
sodo	4410
massima	4409
lewis	4407
patate	4403
infarto	4403
casini	4403
ossigeno	4402
sorprende	4402
affetto	4398
convinta	4396
colpita	4396
francis	4396
buca	4395
combattuto	4394
leslie	4394
questioni	4390
testimoniare	4389
dispiacerebbe	4386
fermarti	4386
ladri	4386
trauma	4384
rimanga	4383
russell	4382
riportato	4380
indizio	4380
x	4379
spezzato	4373
dl	4372
sessuali	4372
aaron	4370
tiri	4369
ann	4368
vent'	4367
shock	4367
migliorare	4366
lunedi	4366
ucciderla	4364
subspedia	4364
condannato	4363
nasconde	4362
miles	4360
pagano	4360
significhi	4360
perdoni	4359
sentirsi	4358
identità	4357
cure	4354
go	4353
potrete	4353
ministero	4353
sensi	4350
morirai	4350
tubo	4348
badare	4348
cabina	4348
jennifer	4346
cacciato	4346
semplici	4345
vedervi	4345
gliela	4344
soci	4341
pietà	4341
acque	4341
demoni	4338
accompagno	4336
tempio	4335
trenta	4333
mortale	4333
mago	4331
pugni	4331
carro	4328
tema	4327
francisco	4326
riportare	4325
fiore	4325
st.	4324
occupi	4323
esperimento	4323
dimenticata	4321
gomma	4321
muoviamoci	4321
tatuaggio	4320
whisky	4318
qualità	4316
dollaro	4313
reato	4312
investito	4309
dipinto	4309
carrie	4309
qual'	4308
white	4308
vicolo	4308
capacità	4307
noto	4306
dott.	4302
patente	4301
riuscirai	4300
villa	4300
giochiamo	4296
anniversario	4296
finisci	4294
sapendo	4293
trovava	4292
pieni	4291
stupro	4291
potenziale	4289
parlavo	4288
scrivendo	4287
cuori	4284
coinvolta	4284
testimonianza	4283
standard	4282
tienilo	4281
dovevano	4281
nuotare	4278
premi	4277
tende	4277
guadagnato	4276
cortesia	4272
scoperta	4271
comitato	4271
strategia	4269
cultura	4266
harris	4263
leonard	4263
diversamente	4260
confusione	4259
obiezione	4256
april	4256
iniziando	4251
cavoli	4251
mangiamo	4250
simbolo	4249
linguaggio	4249
tradizione	4248
minore	4247
schermo	4244
cameriere	4244
fantasia	4243
mason	4243
bastone	4243
francesi	4242
portatelo	4242
polso	4241
dicevano	4239
possiede	4239
earl	4238
armato	4237
j	4231
settembre	4230
mancata	4230
sostegno	4229
bloccata	4229
neanch'	4228
sbagliate	4227
controllando	4227
gentiluomo	4226
dara	4226
classico	4225
chirurgo	4225
istituto	4223
progressi	4223
magico	4223
informato	4221
eliminare	4221
pagine	4215
clay	4214
sembrato	4213
collegato	4211
segue	4210
fedele	4210
vacci	4209
ripetere	4207
viaggi	4206
natalie	4205
spiego	4205
trovarci	4203
mandi	4202
accetta	4202
matthew	4202
spinta	4201
difficoltà	4200
taci	4198
licenza	4198
diane	4198
profondamente	4198
cappotto	4196
funzionera	4195
staff	4194
caos	4192
rubata	4187
dichiarato	4185
stephen	4184
evviva	4182
finchè	4177
finirà	4177
identificato	4175
tono	4173
spesa	4172
nuda	4171
puro	4168
togli	4167
insegnare	4162
prostituta	4160
coprire	4159
rapimento	4159
collezione	4157
trattamento	4157
brucia	4156
preparo	4153
sopravvissuto	4151
entrati	4150
aumento	4150
debiti	4149
cassaforte	4149
targa	4148
tenendo	4148
sparisci	4147
sperare	4146
sintomi	4145
comporti	4142
janet	4141
prepara	4141
coperto	4141
saluto	4140
riavere	4140
brindisi	4140
famosa	4138
piaciuta	4138
porterò	4138
temporale	4137
sparita	4136
considerazione	4134
ringraziarti	4134
riusciremo	4133
scopri	4132
ricca	4131
dana	4131
finche'	4131
ebreo	4130
ammetterlo	4129
lana	4129
seno	4129
mangiando	4123
cade	4122
violento	4120
isolato	4119
ritrovato	4118
beve	4115
atteggiamento	4115
frigo	4113
grae'	4110
distrutta	4107
chiederlo	4107
megan	4107
rovina	4107
popolare	4106
logan	4106
dispiaciuto	4104
accade	4104
leone	4104
operazioni	4103
scuole	4103
corona	4102
young	4101
restano	4100
occupati	4100
comunicazione	4099
insalata	4098
tengono	4097
boom	4097
segreteria	4096
coca	4095
unione	4094
fidare	4093
scatole	4093
spiacente	4093
ideale	4092
resisti	4089
batteria	4087
occuparmi	4085
continuamente	4084
portalo	4082
termini	4081
uccideranno	4078
uovo	4078
ritmo	4078
polmoni	4077
evidente	4076
armata	4075
amata	4073
impatto	4073
consulente	4071
accento	4071
allison	4070
eccome	4068
condanna	4065
baci	4062
filmato	4061
ricompensa	4061
alicia	4060
speranze	4059
storto	4059
desidero	4057
fotografia	4057
sms	4057
stipendio	4056
rappresenta	4056
esserti	4054
svegliata	4053
spento	4053
appuntamenti	4053
albert	4052
pazzia	4052
ellie	4051
spaventoso	4051
addestramento	4051
walt	4051
diamanti	4046
tecnica	4046
nucleare	4045
crema	4044
antica	4044
facevamo	4041
acceso	4040
dammelo	4039
sparatoria	4039
verro	4037
teniamo	4037
angeli	4035
dettaglio	4035
sbirri	4034
botte	4034
politico	4032
cambi	4029
attentamente	4029
notevole	4026
colui	4025
segretaria	4021
tocchi	4020
india	4020
scherzare	4019
aggredito	4019
tumore	4019
daremo	4019
complice	4018
proteggerti	4018
assumere	4017
boss	4017
telefonate	4016
hanna	4016
procedere	4014
interessata	4014
e'o	4010
halloween	4006
cancellare	4004
immaginazione	4003
metodo	4003
sopporto	4003
suoni	4002
capisca	4001
stretta	4001
tenda	4000
diventano	3999
raccolta	3999
viste	3997
trasferimento	3995
tenerti	3994
cugina	3993
pastore	3991
attraversare	3990
andavo	3990
wendy	3989
dimostrato	3988
misura	3988
finisca	3988
trasformato	3985
scrivo	3985
eroi	3983
joseph	3981
autorita	3980
usiamo	3980
sederti	3980
consegnare	3979
pregare	3979
rifiuti	3978
coniglio	3978
serial	3978
confronto	3977
unici	3977
assistenza	3976
metterla	3974
benedica	3974
telefoni	3973
roccia	3970
cravatta	3968
stupide	3966
sapremo	3965
tal	3965
spagna	3964
movente	3961
fottuti	3960
difendere	3957
little	3957
speso	3955
abbassa	3954
keith	3953
spaziale	3952
cocaina	3950
portava	3949
unghie	3949
chiamero	3946
cantina	3945
medica	3944
continuano	3944
livelli	3943
porterà	3942
lois	3941
normalmente	3940
fallimento	3939
aerei	3939
temere	3938
liberare	3937
interrogatorio	3937
felix	3936
liberato	3936
registri	3934
gruppi	3934
appunti	3933
carattere	3932
stando	3930
vincitore	3929
dose	3928
abita	3926
curare	3926
mollare	3925
cerchio	3924
trattare	3923
catturare	3920
ragionevole	3918
terroristi	3917
prodotti	3916
altrove	3916
assomiglia	3916
ammetto	3915
finira	3914
cimitero	3914
abitudine	3914
considerando	3912
cauzione	3912
mandata	3911
campeggio	3910
banco	3909
michelle	3907
euro	3907
victoria	3906
possibili	3906
patetico	3906
monte	3906
ritorna	3904
matta	3903
elettrica	3902
ostaggio	3902
asta	3902
lassu	3902
costi	3902
hitler	3901
tina	3901
sofferenza	3900
seguo	3899
considerare	3899
attuale	3899
vestita	3898
riusciva	3898
squadre	3895
contattare	3894
chiediamo	3894
armati	3893
successe	3890
cambiamenti	3890
peggior	3889
registro	3887
cortile	3886
brutti	3886
mettila	3885
mestiere	3884
terribili	3883
bionda	3883
qualcuna	3881
maya	3881
mogli	3881
vomitare	3880
sforzo	3879
sebbene	3879
sparate	3876
interni	3876
cowboy	3876
sesto	3875
emorragia	3873
preoccupati	3872
protocollo	3871
teneva	3871
williams	3866
rintracciare	3863
imperatore	3862
stivali	3861
gentili	3861
joan	3861
feci	3860
sacrificio	3860
perdi	3860
jonathan	3859
educazione	3858
piacerà	3858
rivoluzione	3855
compagna	3854
vodka	3854
arriveranno	3853
licenziata	3853
potermi	3853
uhm	3852
grilletto	3851
eccoli	3850
eccetto	3849
risate	3849
malattie	3847
portero	3846
sociali	3846
lanciato	3845
tensione	3844
avvicina	3844
elliot	3843
rilasciato	3843
uccidera	3839
collana	3839
distintivo	3836
operatoria	3835
peccati	3833
erica	3833
negro	3833
indagare	3831
capacita	3831
giallo	3830
internazionale	3830
fatevi	3829
chiudo	3826
ashley	3826
one	3825
chitarra	3824
generazione	3823
lasciano	3823
onde	3822
shane	3821
neil	3819
invitati	3819
linee	3818
castle	3817
alzato	3816
distruzione	3815
dovranno	3815
reali	3813
piazza	3811
autopsia	3811
confusa	3810
sentirai	3810
potranno	3808
protetto	3807
cotta	3807
volerlo	3807
tutt'	3806
dormo	3805
rottura	3804
monica	3803
blake	3800
rispettare	3800
ansia	3799
diventati	3799
toccarmi	3797
usate	3796
secco	3795
dick	3795
svegli	3793
rimediare	3793
topi	3792
citta'	3791
bambola	3790
hamburger	3789
presumo	3789
avviso	3788
dea	3788
piacera	3787
cittadino	3786
qualita	3786
muoiono	3785
green	3784
portafoglio	3783
siccome	3781
iscrew	3781
comunità	3780
entrano	3777
comunicare	3775
stupenda	3775
mitchell	3774
beneficenza	3773
getta	3770
ordinare	3769
warren	3765
dimentichi	3765
complesso	3763
genitore	3762
bruciare	3761
balla	3760
lieta	3759
altrettanto	3759
infelice	3757
tenermi	3757
giocatori	3755
mezzogiorno	3752
alison	3752
romanzo	3752
dar	3749
usarlo	3745
ambasciatore	3743
fermatevi	3743
cambiano	3742
baciato	3739
smetta	3739
condotto	3738
neal	3738
giunto	3738
yeah	3738
prezioso	3736
orgogliosa	3735
anziani	3734
religione	3732
murphy	3732
harold	3732
promozione	3732
merce	3731
pensassi	3730
bo	3728
apra	3727
chiedono	3726
riuscite	3726
salvi	3726
passaporto	3726
vanessa	3725
zitti	3725
pubblicita	3721
sareste	3720
cacca	3720
infermiere	3719
gabriel	3718
disperato	3718
richieste	3715
servi	3714
mickey	3714
particolarmente	3714
serena	3713
regalato	3713
continuato	3710
riconosco	3709
gemelli	3709
comunita	3708
consegnato	3708
trono	3708
privacy	3706
racconta	3705
spaventa	3703
fratellino	3702
abbraccio	3702
figata	3701
vedova	3698
tagli	3696
lincoln	3695
lanciare	3694
straordinaria	3690
sincera	3689
wade	3689
pipi	3688
falsa	3688
jill	3687
senz'	3684
contenti	3683
undici	3682
tipa	3679
mammina	3678
accendere	3678
guanti	3676
sedetevi	3675
adrian	3674
poterti	3673
sofferto	3673
consigliere	3673
feriti	3669
sacro	3667
moriremo	3667
partiamo	3666
tranquilli	3666
restiamo	3665
fascicolo	3662
prenderci	3662
interrompere	3661
girati	3660
cinesi	3659
raccomando	3657
bandiera	3657
spiriti	3656
chip	3656
malcolm	3655
stabile	3654
autorizzazione	3654
separati	3654
pubblicità	3651
crea	3650
eccellenza	3650
ostaggi	3648
caramelle	3648
facce	3647
riconoscere	3645
sbaglia	3644
tracy	3644
trasmissione	3644
record	3644
lusso	3643
trattava	3641
jean	3641
sfortuna	3640
morirà	3640
tentare	3639
mobili	3639
ammesso	3636
apertura	3636
spegni	3636
spina	3636
troveranno	3634
visitare	3634
damon	3627
fango	3627
schiavi	3627
leggendo	3626
capitato	3625
anthony	3624
ehila	3624
infezione	3624
valigie	3623
compra	3618
impronta	3618
isolati	3616
rientrare	3615
gelosa	3614
parlero	3614
impegni	3613
sporca	3612
congresso	3610
accomodi	3607
ford	3606
economia	3604
entusiasta	3603
prendila	3603
matti	3602
violazione	3601
controllate	3601
metallo	3600
pronte	3600
lunghi	3600
pelo	3598
amiamo	3598
rallenta	3597
scopre	3597
scommettere	3596
opzione	3596
trasporto	3596
asilo	3596
ronnie	3594
drago	3594
is	3592
ammiraglio	3592
ammazzato	3591
lane	3590
acciaio	3590
parere	3588
amministrazione	3586
pietre	3584
guidato	3582
suolo	3577
nora	3577
sentono	3576
associazione	3574
vedrà	3573
shh	3573
impedire	3572
alieni	3571
riprese	3571
cucciolo	3571
morira	3570
bentornato	3569
diego	3569
barney	3567
mollato	3567
capitale	3566
pacchetto	3565
macchia	3565
marine	3565
perduto	3564
guido	3563
motori	3562
uccise	3562
streghe	3560
codardo	3558
volonta	3558
vende	3557
principio	3557
aiutera	3556
abituato	3555
preferisce	3555
your	3554
produttore	3554
scommessa	3553
dale	3553
imputato	3553
bus	3553
luglio	3550
abilita	3548
amber	3548
candidato	3544
subsfactory	3543
certezza	3543
cifra	3542
out	3535
duramente	3534
appello	3533
noah	3532
kit	3532
dozzina	3529
sammy	3528
confessato	3527
puntata	3527
heather	3526
tipico	3525
lama	3522
magnifica	3522
origine	3521
colin	3520
lupi	3520
nelson	3518
isolamento	3517
chiese	3517
lunedì	3516
profonda	3516
hmm	3513
entrando	3513
lancia	3512
dava	3511
cacciatore	3511
sollievo	3509
eun	3508
schifoso	3508
saprai	3506
mo	3505
armadietto	3505
proprie	3505
vidi	3505
porco	3504
tramonto	3501
facebook	3499
paige	3499
saprà	3498
b.	3498
impiegato	3498
connessione	3497
tecnico	3496
segnali	3494
ridotto	3493
leggo	3493
miniera	3493
promesse	3492
fidanzamento	3491
cominci	3488
spegnere	3486
quarta	3484
lega	3481
nervi	3480
cercarlo	3480
raymond	3479
daranno	3479
cameron	3479
continuava	3479
stadio	3479
baciare	3478
sensibile	3477
familiari	3476
contattato	3476
paesi	3475
chiacchierata	3474
parlerò	3473
cam	3472
li'	3472
rita	3470
aiuterà	3469
appetito	3469
scappando	3467
pasta	3466
bang	3462
sede	3462
cavi	3461
pam	3458
sembrerebbe	3458
dipendenti	3456
cantante	3452
giornalisti	3451
invisibile	3450
schema	3447
darvi	3447
posteriore	3446
jersey	3445
batte	3444
estero	3443
concesso	3441
centesimi	3440
opzioni	3440
norman	3439
rosie	3439
accadra	3438
hong	3438
guardalo	3438
rendo	3437
diretti	3436
collina	3435
craig	3435
risulta	3433
portera	3432
esso	3432
leon	3428
babysitter	3428
scene	3428
indossi	3427
mitch	3426
forno	3425
passeggeri	3424
saluta	3424
allontanati	3424
dog	3423
cartella	3423
sorridere	3422
indica	3422
sbirro	3420
partite	3416
lance	3415
discorsi	3415
quinto	3415
avvertito	3411
tigre	3410
corrisponde	3408
deboli	3406
manette	3406
essendo	3404
averle	3404
cronaca	3401
drew	3399
sí	3399
attori	3396
vengano	3396
time	3396
averli	3395
assoluto	3395
servo	3394
capirai	3393
ridicola	3393
essa	3392
datti	3391
hunter	3390
trasferita	3389
girl	3389
preghiera	3387
diana	3387
tuta	3386
manuale	3385
attrezzi	3385
allenatore	3384
materia	3383
servirebbe	3382
scavare	3381
stefan	3381
compreso	3378
philip	3378
password	3377
martedi	3376
ridendo	3376
fantastici	3375
alternativa	3375
dannatamente	3375
avervi	3375
terribilmente	3375
berlino	3374
aspettami	3374
sposi	3372
essi	3371
daisy	3370
leggero	3370
abitanti	3370
desiderato	3369
valle	3368
boy	3366
hall	3366
insegna	3366
prenotato	3366
bugiarda	3365
stufo	3365
parente	3364
realizzato	3364
lasciarci	3364
passano	3363
assenza	3362
avvertimento	3359
hot	3359
trevor	3358
for	3357
klaus	3356
identificare	3356
sviluppo	3354
bara	3352
basket	3351
tristezza	3351
mela	3351
osservazione	3350
russa	3349
vedrò	3348
contiene	3344
troverete	3343
debbie	3343
stone	3342
incazzare	3341
ricetta	3341
lento	3341
umanità	3340
hector	3337
ucciderò	3337
indossava	3337
minacce	3336
cazzata	3334
doppia	3334
christopher	3331
maggio	3331
road	3330
mario	3329
grata	3329
fascino	3328
blue	3328
iniziata	3328
recitare	3327
tessuto	3326
orribili	3326
francamente	3324
accademia	3323
dir	3321
risponda	3321
diresti	3320
infine	3320
antico	3319
passami	3319
sconvolto	3314
gravidanza	3314
malati	3313
interessano	3313
maledetti	3312
portatile	3312
ucciderà	3311
leggera	3309
guardiamo	3308
cazzone	3307
suggerisco	3307
ruth	3307
guerriero	3306
quartier	3305
mettero	3305
database	3303
corre	3302
nicole	3299
costretta	3299
investigatore	3298
avverto	3297
funzionerà	3297
vola	3296
karl	3296
luoghi	3295
clara	3295
verdi	3292
ella	3291
guardano	3291
somma	3291
osi	3290
pagamento	3289
venissi	3288
coinvolgere	3287
sposarti	3286
indipendente	3286
spingi	3286
esecuzione	3285
organi	3284
abbandonata	3284
arti	3283
cellule	3283
maschi	3283
riparare	3281
sentiva	3279
potenti	3279
responsabili	3278
enormi	3277
sbattuto	3276
impara	3275
kurt	3272
guadagno	3272
vedendo	3271
irruzione	3270
mel	3270
scienziati	3268
rinunciato	3267
politici	3266
onesti	3265
accadrà	3264
bravissimo	3264
island	3263
ambasciata	3263
strumento	3262
impianto	3260
movimenti	3259
medaglia	3259
terre	3259
flash	3258
madri	3258
terrore	3257
troverà	3257
ala	3257
rapita	3255
pattuglia	3255
modulo	3254
innamorati	3253
manhattan	3251
recupero	3250
videocamera	3250
cardiaco	3248
bicicletta	3246
salvarti	3245
facili	3244
confessare	3241
chiamerò	3241
spostato	3240
perdente	3240
esercizio	3238
complicata	3238
perdiamo	3238
metterò	3238
seguitemi	3237
drogato	3237
giuste	3236
melissa	3234
bloccati	3233
lydia	3232
coordinate	3231
shaw	3231
intelligenza	3230
chimica	3229
mandati	3228
spacciatore	3228
giovedi	3228
east	3227
dwight	3227
centimetri	3226
munizioni	3226
meredith	3225
impressionante	3225
solare	3224
ribelli	3224
norma	3223
marte	3222
gettato	3221
laser	3220
scuso	3220
circolo	3219
scontro	3216
sedile	3215
ndt	3214
gonna	3213
sorridi	3213
sposarsi	3211
vedro	3210
lasciatelo	3210
ragae'	3209
solita	3209
personaggi	3208
cambiando	3206
presentazione	3206
magica	3206
cranio	3205
accomodati	3205
legali	3204
descrizione	3204
pallottola	3204
sapra	3204
gita	3204
seth	3203
indiano	3202
riservato	3202
ritiro	3201
katherine	3201
bailey	3199
tara	3199
serviranno	3198
cuscino	3198
piante	3197
passera	3197
cause	3196
laurea	3194
indiani	3193
blair	3193
gps	3192
domestica	3191
mafia	3190
difficolta	3190
scarpa	3189
trascorso	3187
giugno	3187
christine	3187
uscirne	3186
abbassare	3186
malissimo	3185
robbie	3185
carmen	3184
strumenti	3184
cerebrale	3184
tregua	3183
franklin	3183
carini	3181
salvatore	3181
ottobre	3181
situazioni	3180
nascere	3178
lesbica	3178
bishop	3177
sconvolta	3176
perdo	3176
aspettava	3174
autorizzato	3172
spasso	3171
giuramento	3169
terrorista	3169
seguimi	3167
popolazione	3167
nascosti	3166
riconosce	3165
ooh	3164
lunghe	3163
vedrete	3163
barista	3162
mangiano	3162
negozi	3160
preoccuparmi	3159
cellulari	3156
padri	3156
andre	3155
vic	3155
kong	3154
brooke	3154
stuart	3153
vari	3153
interessanti	3152
invitata	3152
scaricato	3151
jung	3151
brooklyn	3151
angel	3151
scordato	3150
insetti	3149
circo	3149
spedito	3149
sepolto	3148
sana	3148
scopriremo	3147
miranda	3145
chase	3145
alzi	3144
correte	3144
coppie	3144
testamento	3143
doyle	3143
moneta	3142
arrivate	3141
stabilire	3139
sebastian	3139
giapponesi	3139
post	3138
cleveland	3137
seminterrato	3137
iraq	3136
afghanistan	3136
won	3136
beviamo	3136
muscoli	3135
poker	3135
ascoltatemi	3134
preda	3134
mancava	3133
petrolio	3133
valentino	3131
chiappe	3131
chiude	3130
rissa	3129
stufa	3129
uccidero	3129
rivolta	3129
adatta	3127
muoio	3127
campanello	3126
monsieur	3125
felicita	3125
teresa	3124
zoo	3124
camere	3122
fondamentale	3121
turner	3120
soffre	3117
stabilito	3116
obbligato	3116
conclusione	3113
logica	3113
pat	3112
sopravvissuti	3112
meg	3112
guardarti	3111
lavare	3111
presentano	3111
svelta	3107
gene	3106
cinquanta	3106
boschi	3104
sorellina	3104
falsi	3104
parecchi	3103
aprile	3103
gina	3102
flynn	3101
informatore	3100
volume	3100
gravi	3098
generoso	3098
franca	3097
veronica	3097
day	3097
galleria	3097
beach	3095
brandon	3094
interrotto	3093
straniero	3092
misterioso	3091
duri	3091
zone	3091
squalo	3090
spingere	3089
muoia	3086
mura	3086
elementi	3086
martello	3085
mele	3085
scandalo	3084
graham	3082
occuparsi	3082
sere	3081
reid	3078
mazza	3077
chiuse	3077
ruote	3076
viola	3075
avery	3075
custode	3073
sostanza	3072
principi	3072
varie	3072
lutto	3072
pillola	3071
campus	3070
riflettere	3069
umane	3069
ralph	3067
confermare	3067
bevendo	3067
medio	3066
pablo	3065
allen	3065
prometti	3063
divertirsi	3062
cocktail	3062
scontato	3061
cassetto	3059
permetti	3059
accadendo	3059
causare	3058
concetto	3056
diede	3056
presso	3055
psicopatico	3054
lavoravo	3053
sostenere	3052
cenare	3052
sheldon	3051
sbrigatevi	3050
dovunque	3050
leva	3048
equilibrio	3048
abilità	3046
tacchino	3046
mulder	3045
pub	3045
aumentare	3045
dicci	3042
svelto	3041
incontrarci	3039
compro	3038
rimangono	3037
rimango	3037
risparmiare	3036
malvagio	3035
bellissimi	3034
vagina	3033
zaino	3033
umorismo	3032
accordi	3031
prenderli	3030
jen	3030
tac	3030
sciocca	3029
microfono	3029
consapevole	3029
attrezzatura	3029
spendere	3026
colpisce	3026
telefonato	3026
sprecare	3024
sentiti	3024
chiusura	3023
provarlo	3022
intelligenti	3022
industria	3022
mcgee	3022
chiamati	3021
preoccupatevi	3021
vederli	3020
sorte	3020
ni	3019
incluso	3018
funzione	3018
grayson	3018
eterno	3017
ciclo	3016
opposto	3015
fottere	3014
sentiero	3013
arriveremo	3013
collins	3012
preoccupazione	3011
scotch	3010
muova	3009
insegnanti	3009
vedeva	3009
mostrarti	3007
bagagliaio	3006
incidenti	3005
lire	3005
ripresa	3004
supermercato	3002
pulizie	3002
acido	3002
interna	3002
coraggiosa	3001
accedere	3001
attirare	3000
mori	3000
evvai	2999
inutili	2999
alcool	2998
benedizione	2997
cassie	2992
kent	2992
senzatetto	2992
adolescente	2991
copione	2991
sostiene	2991
tortura	2991
talpa	2990
sandy	2990
eccezione	2990
maglia	2990
h	2989
prega	2988
aiutata	2988
andassi	2988
copie	2988
rivelato	2987
divertitevi	2987
prenderà	2985
sperando	2985
may	2984
positiva	2984
collaborazione	2983
seattle	2983
radiazioni	2983
festival	2982
vacca	2981
soddisfatto	2981
diventerà	2981
banche	2979
pozzo	2978
bay	2976
sindrome	2976
costoso	2975
assegnato	2974
dipendente	2974
bimba	2974
coro	2970
cin	2970
dieta	2970
garcia	2970
becca	2970
debolezza	2969
corea	2969
v	2968
patria	2967
compassione	2966
up	2965
ivan	2961
dimensioni	2960
truffa	2960
that	2958
venivano	2958
ira	2957
pagata	2952
artisti	2951
atti	2950
cacchio	2950
pervertito	2950
funzionando	2949
permettermi	2948
comunicazioni	2947
decidi	2947
metteremo	2946
credevi	2946
parete	2945
cal	2945
liv	2945
divertenti	2945
giunta	2944
repubblica	2943
mucca	2943
ruby	2942
obiettivi	2942
pianta	2941
kitty	2939
corrotto	2939
indagando	2939
dimostra	2938
noia	2937
dee	2937
ando	2936
canada	2935
noiosa	2934
apparire	2933
amanti	2933
sfigato	2931
harper	2930
conflitto	2930
stanley	2929
guarire	2928
jin	2927
crescendo	2927
salvata	2927
ingegnere	2926
finite	2926
brave	2925
realizzare	2923
immobiliare	2923
finirai	2922
cambiate	2922
scopato	2920
provate	2920
diremo	2918
connie	2917
fonti	2917
bada	2916
wallace	2914
madison	2912
giovanni	2912
naomi	2912
quinta	2911
tasche	2911
lindsay	2910
muovi	2910
effettivamente	2909
manny	2909
violet	2909
lascerai	2909
carlo	2908
cesso	2907
licenziare	2907
decide	2905
legati	2904
rob	2904
guaio	2903
romantica	2903
giungla	2902
avuta	2900
importava	2900
bicchieri	2899
unito	2899
cos	2899
gridare	2896
doloroso	2896
andrei	2894
elenco	2892
sopravvivenza	2892
sbagliavo	2890
canna	2890
portala	2889
baffi	2888
detta	2888
tess	2887
calibro	2886
birre	2885
ginocchia	2885
q	2883
salotto	2883
impiegati	2882
disegni	2882
bucato	2880
cacciare	2879
legata	2879
bottiglie	2879
carla	2879
zach	2878
andai	2878
specifico	2877
incontrata	2876
dichiaro	2876
autore	2876
caleb	2876
tucker	2876
fissato	2876
indosso	2874
assurda	2874
padrona	2873
ago	2873
esperimenti	2872
promettimi	2872
benjamin	2871
sperma	2871
prenderai	2870
riconosci	2869
prospettiva	2869
riempire	2869
diventerai	2869
curtis	2869
hope	2868
recentemente	2868
deliziosa	2868
combinazione	2868
usarla	2868
rischioso	2867
sega	2866
antichi	2866
matrimoni	2865
aveste	2864
jeans	2864
conseguenza	2864
troy	2861
tokyo	2860
prossime	2860
muri	2859
phoebe	2859
lettura	2859
farebbero	2857
accetti	2857
molla	2857
condotta	2856
scienziato	2856
finiscono	2856
be0.5	2856
times	2856
vaso	2855
cesare	2855
fagioli	2854
azzardo	2853
articoli	2853
metodi	2853
sforzi	2849
cieca	2849
anziano	2849
assistere	2849
jet	2848
perfezione	2848
opere	2848
soggiorno	2847
garantisco	2847
carburante	2847
giocattoli	2846
decesso	2846
nominato	2844
mrs	2843
anelli	2843
tempismo	2843
trasformare	2842
offrirti	2841
esprimere	2840
clown	2840
rifiuta	2840
verme	2840
piene	2839
centesimo	2837
occupando	2837
rotelle	2836
soldo	2836
nè	2834
fagli	2833
partiti	2833
guardarlo	2833
autostrada	2832
joel	2832
complimento	2832
riuscirci	2831
bingo	2831
darai	2831
seri	2831
tieniti	2831
andavano	2829
vivendo	2829
chiarire	2828
concluso	2827
sorprese	2827
duca	2826
fortunatamente	2825
lasceremo	2825
poiché	2824
peli	2824
preghiere	2824
riceve	2824
elementare	2823
grey	2823
singola	2822
basi	2821
fida	2820
addormentato	2820
statua	2820
confini	2818
frequenza	2818
darei	2818
andrea	2817
biancheria	2816
sporchi	2816
ricevuta	2815
odiano	2815
assassina	2814
massaggio	2814
rapidamente	2812
liquido	2812
crederai	2812
fotografie	2811
comanda	2811
gusti	2809
fermate	2809
r	2808
novembre	2807
clyde	2807
amministratore	2806
segua	2802
ra	2802
donald	2800
mensa	2799
burke	2798
rory	2797
grosse	2797
von	2796
mail	2796
ispirazione	2796
chirurgia	2796
impazzita	2795
ana	2794
esaminare	2794
pierce	2794
agito	2794
succedesse	2793
sentenza	2792
nascondi	2791
aperte	2791
marchio	2791
chiedero	2790
scopa	2790
vomito	2790
incazzato	2789
collaborare	2789
sfuggire	2788
mettetevi	2788
annullare	2787
sappi	2787
duke	2787
rifiutare	2787
vietato	2786
shopping	2785
beni	2784
formazione	2784
torneo	2783
papino	2783
continuazione	2782
parlarci	2782
svolta	2782
juan	2781
maniere	2781
alieno	2781
monroe	2781
fossa	2781
pericolosi	2780
g	2779
evidentemente	2778
indizi	2777
benny	2775
coinvolti	2773
conoscevi	2773
premere	2773
valigetta	2772
affidamento	2772
copertina	2772
sorprendente	2771
sharon	2770
scopata	2770
assassinato	2769
quaggiu	2767
nido	2767
proteggendo	2767
guidi	2766
condoglianze	2765
finisco	2765
esperti	2765
prestato	2765
portafogli	2764
saperne	2763
spie	2763
fuggito	2763
divorziato	2762
night	2762
world	2760
attraversato	2759
raro	2759
rosse	2758
cioccolata	2757
valga	2756
cazzi	2756
valori	2755
valutazione	2754
rumori	2754
misure	2753
roman	2753
nascondersi	2751
vorrebbero	2750
mandando	2749
angie	2748
obitorio	2748
disposta	2748
kang	2747
pigiama	2747
iniziano	2746
spera	2746
pianificato	2746
trascinato	2746
corsi	2745
sedermi	2745
sire	2744
carrozza	2742
riunioni	2741
preferiti	2740
prendera	2740
dente	2740
fiona	2739
pulsante	2739
kennedy	2738
scopi	2738
portarci	2738
andò	2738
vietnam	2737
trovera	2734
certificato	2734
dentista	2733
duncan	2733
routine	2733
detesto	2732
porre	2732
guardava	2730
facci	2729
monaco	2728
avversario	2728
psichiatra	2727
parliamone	2727
bell	2726
attivo	2726
coperte	2726
escono	2724
anderson	2723
ritirare	2722
lex	2722
perse	2721
girando	2721
agosto	2721
irlandese	2721
appoggio	2721
forme	2721
lavoratori	2720
quota	2719
perimetro	2719
menu	2718
toro	2717
cercherò	2717
frutto	2717
lloyd	2715
costumi	2715
boyd	2714
schiavo	2714
urlando	2711
studentessa	2711
mick	2711
lemon	2711
fermarci	2711
oscurità	2710
grassa	2707
ned	2706
temevo	2706
brennan	2705
vivente	2705
recita	2705
autunno	2705
preoccupo	2704
bravissima	2700
tali	2698
passerà	2698
arco	2698
patty	2697
finiamo	2697
denise	2696
affrontato	2696
mandate	2695
riparo	2695
ebbe	2694
accesa	2694
incubi	2694
depressione	2693
pieta	2693
joy	2692
consenso	2691
false	2690
nuovamente	2690
bassi	2689
aspettavi	2688
long	2688
sid	2688
chiederò	2688
fidarsi	2687
rene	2687
rappresentante	2687
divisa	2686
tennis	2686
porteremo	2686
discusso	2684
vadano	2683
tornano	2683
compromesso	2683
concordo	2681
regolare	2681
proibito	2680
investimento	2679
concorso	2679
terro	2679
claudia	2677
vitale	2677
bagni	2677
chiudete	2677
degno	2676
utili	2676
reed	2675
eve	2674
presentarti	2673
leggermente	2673
fermarsi	2673
potessero	2673
sconfiggere	2672
clan	2671
louise	2670
quì	2670
avenue	2669
indiana	2668
morì	2668
salvezza	2666
pa	2666
programmato	2666
sun	2664
satellite	2663
marzo	2663
uffici	2663
salito	2662
ancor	2662
giovedì	2662
alec	2661
dvd	2660
rinchiuso	2660
bastare	2659
rivoglio	2659
ovvero	2657
maestra	2657
capra	2655
giocattolo	2655
brick	2654
rimanete	2654
scimmie	2654
perfetti	2653
accorta	2653
isaac	2649
simpatica	2648
infranto	2648
corruzione	2647
lenzuola	2647
scout	2647
a.	2646
torneranno	2646
credermi	2645
fissare	2645
provaci	2645
strappato	2645
sentimento	2645
atterraggio	2643
dimenticavo	2642
suonato	2642
raggi	2642
diranno	2642
solitario	2640
fisicamente	2640
renda	2640
alquanto	2640
manco	2639
penale	2638
sembrate	2637
staranno	2636
divertito	2636
cresce	2634
proviene	2634
favola	2634
torte	2634
winston	2633
messe	2633
becky	2633
server	2632
salvarlo	2632
diamante	2632
risparmi	2631
gemma	2631
fiamma	2630
beckett	2630
uccida	2629
adorano	2628
color	2628
mosse	2627
orleans	2627
togliermi	2626
concludere	2626
diploma	2625
contenuto	2623
guadagni	2623
riga	2622
professionisti	2622
comprendere	2622
martedì	2622
prendetelo	2621
prenderanno	2620
denunciato	2620
divento	2620
botta	2618
puntato	2618
adulta	2617
preparatevi	2617
bruno	2617
avvicinando	2616
goccia	2615
chfbede3	2615
insolito	2614
vena	2613
tagliata	2613
alfa	2612
fidanzati	2608
foglie	2606
ciascuno	2605
lampada	2603
fama	2603
prendeva	2601
panini	2601
sconfitta	2600
durata	2599
salvataggio	2599
scortese	2599
lavanderia	2599
attendere	2598
vedra	2598
dicembre	2598
attacca	2598
competizione	2597
selvaggio	2597
compri	2596
vernice	2595
round	2595
freccia	2595
gentilezza	2594
rispondo	2593
spreco	2593
modella	2590
svelti	2589
commercio	2589
puntare	2589
commettere	2589
comportato	2588
paraggi	2588
osservare	2587
assassinio	2586
miguel	2586
suite	2583
mancherai	2583
vendite	2583
pensavano	2582
riabilitazione	2582
rancore	2581
bones	2581
flusso	2581
musicale	2579
insistito	2579
guy	2579
quantità	2578
scusarti	2578
ottime	2577
cercarla	2577
comprata	2576
mm	2576
foglio	2574
griffin	2574
calmata	2574
votare	2573
vinci	2572
lizzie	2571
amelia	2571
siti	2571
don'	2571
sedersi	2570
note	2570
arresti	2570
maiali	2569
succedono	2568
glenn	2568
watson	2567
tentando	2567
diagnosi	2566
sospettati	2566
chiedete	2566
nazioni	2565
sappiate	2565
sydney	2564
rimuovere	2564
rimettere	2562
harrison	2562
diamoci	2562
queen	2561
correndo	2560
perry	2560
titoli	2560
parecchie	2559
fornito	2559
quadri	2556
codici	2556
muoverci	2555
satana	2555
cercata	2555
esagerando	2554
nessun'	2554
ucciderci	2552
astronave	2550
abituata	2550
conoscerlo	2548
vie	2548
tacere	2547
mediche	2547
verdetto	2547
saggezza	2546
approvazione	2545
ritratto	2545
controlliamo	2544
romeo	2544
guerre	2543
nuvole	2543
fox	2543
fuochi	2541
uccidono	2541
riporta	2541
unite	2540
web	2539
tosta	2539
candele	2539
scaricare	2539
bistecca	2538
fissa	2537
orari	2537
necessaria	2536
diventera	2535
recuperato	2535
buchi	2535
dedicato	2532
alexander	2531
stranieri	2530
scaduto	2530
leale	2530
registrare	2529
disperata	2529
letti	2529
telefonica	2528
riscontro	2528
gil	2527
stiate	2527
palmer	2527
nausea	2527
cristallo	2524
chiari	2523
applauso	2522
toc	2521
curiosa	2521
cicatrice	2520
dallas	2520
eterna	2519
riferimento	2518
infermeria	2517
riconoscimento	2516
bastano	2516
molo	2516
erede	2514
apro	2514
legami	2513
barnes	2513
divenne	2512
invitare	2512
farmaco	2511
ritengo	2511
meccanico	2511
cominciando	2510
protagonista	2510
letale	2510
circondato	2510
permetta	2510
force	2510
importi	2509
animo	2508
pesanti	2507
arrogante	2506
impazzendo	2505
impulso	2505
alleati	2504
ottimi	2503
scomparsi	2503
unirsi	2503
maggiori	2503
oscurita	2502
fili	2502
costante	2502
tristi	2501
assegni	2500
ascoltarmi	2500
perderai	2499
lena	2499
alcolici	2499
sapranno	2499
compiere	2498
intervenire	2496
commenti	2496
sensori	2496
river	2495
pareti	2495
sconfitto	2495
scienze	2495
chad	2495
sceso	2495
salvarla	2494
harvard	2494
dissero	2493
volevate	2493
we	2492
seguirmi	2491
andavamo	2491
fermiamo	2491
dividere	2491
svenuto	2490
ego	2490
madonna	2489
andarvene	2489
judy	2489
moon	2489
curriculum	2488
rendono	2488
budget	2488
priorita	2487
nerd	2486
wells	2485
sindacato	2485
haley	2484
vide	2483
dimissioni	2482
spedizione	2482
rispondete	2481
multa	2481
rischiato	2481
probabilita	2480
with	2478
solitudine	2478
mento	2477
istruzione	2477
paolo	2477
sofia	2477
avvelenato	2477
cat	2476
gentilmente	2476
elvis	2476
successivo	2476
nolan	2476
permetterò	2474
andrete	2474
improbabile	2474
professione	2474
commedia	2473
cava	2473
pregato	2473
scacchi	2472
allah	2471
compiuto	2471
calzini	2471
costato	2471
reagito	2471
scordatelo	2470
assicurato	2470
detenuti	2469
yang	2469
omar	2469
ossessionato	2468
lawrence	2467
mamme	2467
zack	2467
valido	2467
ignorare	2466
business	2466
somiglia	2465
salite	2465
tremendo	2465
ari	2464
f	2464
quantita	2464
condurre	2463
presentarvi	2463
accettarlo	2463
randall	2463
sconosciuta	2462
campionato	2462
prepari	2462
dawn	2461
siedi	2461
nicky	2459
esperienze	2458
mostrano	2458
volontario	2455
innanzitutto	2455
cindy	2455
professoressa	2454
impegnati	2453
raccontami	2452
cambierà	2452
wes	2452
ginnastica	2451
spaventare	2451
sognare	2451
yoga	2451
pipì	2450
guidando	2450
pisciare	2450
particolari	2450
christian	2449
verificare	2448
ranger	2448
ulteriori	2447
colonna	2445
principali	2444
terrò	2444
conforto	2443
preferite	2443
vicepresidente	2442
wyatt	2442
emozionante	2442
caporale	2440
nell	2440
distrettuale	2439
mangiate	2438
bollente	2437
michele	2436
sgualdrina	2436
eliminato	2435
supervisore	2434
fui	2434
vergogno	2433
amichevole	2433
ninja	2432
gwen	2432
avvisato	2431
lati	2431
cereali	2431
assistito	2431
comportarti	2429
restituire	2428
delicato	2428
fisso	2426
campbell	2426
espresso	2426
uniche	2424
missili	2423
elemento	2422
gennaio	2422
capaci	2421
razzista	2421
riuscissi	2421
affamato	2421
cambiera	2420
rispondimi	2420
emozione	2419
saint	2418
maddie	2418
infinito	2418
beverly	2417
sprecato	2416
conoscervi	2416
procede	2416
famosi	2416
dimenticati	2415
cd	2414
crescita	2414
jan	2412
radar	2411
curva	2411
trovarsi	2410
aggiustare	2409
nebbia	2407
maschile	2407
sconto	2406
metropolitana	2406
portale	2405
proverò	2404
rimandare	2404
etichetta	2403
qualcun'	2403
preziosa	2402
indicano	2402
entusiasmo	2402
dicesse	2401
classica	2401
e'a	2400
progettato	2400
miracoli	2400
occasioni	2400
contano	2400
probabilità	2399
comportando	2398
comuni	2398
incontriamo	2398
salti	2398
fisher	2398
regione	2397
tolga	2397
appropriato	2397
holmes	2397
iniezione	2396
sconosciuti	2396
woo	2395
grano	2395
ridi	2395
happy	2394
richiamato	2393
lola	2393
ritorni	2393
riviste	2393
stevie	2392
turni	2392
deposizione	2392
galassia	2391
economico	2391
deb	2391
assicurarsi	2390
stark	2390
avvicinare	2388
borse	2388
nikki	2388
ubriachi	2387
barbecue	2387
archivio	2385
scolastico	2384
freddy	2383
jared	2383
intesi	2382
xena	2382
soffrendo	2382
bagnato	2382
hamilton	2382
frequentare	2381
bianche	2381
cercarti	2380
shelby	2380
monete	2380
overdose	2380
guardavo	2379
sequenza	2379
colonia	2379
sedici	2379
esplosivo	2379
alleanza	2378
fenomeno	2378
south	2378
colto	2378
pop	2376
ruba	2376
ava	2376
fetta	2376
obbligo	2376
artie	2375
cuoco	2375
mondi	2375
testo	2374
incolpare	2373
panni	2372
ehilà	2372
gabinetto	2372
cresciuti	2372
rubati	2372
hammond	2371
carine	2371
incontrarti	2370
moriranno	2368
provero	2368
ingannato	2368
scully	2368
trucchi	2367
hawaii	2366
eccitato	2366
perdonatemi	2366
circuito	2366
sappiano	2366
thompson	2366
pianoforte	2365
orbita	2365
smette	2365
pubblicato	2364
spirituale	2364
sol	2363
preavviso	2363
sbattere	2363
pescare	2359
adolescenti	2359
formula	2358
laurel	2358
guadagna	2357
douglas	2356
delicata	2355
costruzione	2354
cody	2354
riuscirò	2354
guerrieri	2354
casco	2354
edifici	2353
pirata	2353
richie	2352
scudo	2352
usati	2350
jeffrey	2350
freddie	2349
ordino	2349
carson	2348
lottato	2348
austin	2348
samantha	2347
mikey	2347
pianeti	2347
tata	2346
biscotto	2346
willie	2346
scarica	2345
combattendo	2345
costruita	2345
poca	2344
riva	2344
brody	2344
prato	2342
assalto	2342
nudi	2342
salvarmi	2340
finiscila	2339
butto	2339
guardiano	2339
australia	2339
private	2338
stellare	2338
tesi	2337
orrore	2336
scattare	2336
urlo	2335
stranamente	2335
bowling	2334
vulnerabile	2334
muovendo	2334
conoscenze	2334
addormentata	2333
incapace	2332
cecchino	2332
messicano	2331
affidabile	2331
ottiene	2330
chiedergli	2330
scarico	2330
vuote	2330
tolgo	2330
negare	2329
barone	2329
occorre	2328
seguita	2327
mercoledi	2326
pallone	2325
ricercato	2322
reggiseno	2322
perdite	2321
hobby	2321
calcoli	2320
capiamo	2320
accompagni	2319
ranch	2318
preoccupazioni	2317
prenderne	2317
jazz	2316
dischi	2316
asso	2315
peggy	2315
omaggio	2315
piacesse	2315
lotteria	2315
bottone	2314
favoloso	2314
accendi	2313
sottile	2313
partecipato	2313
callie	2313
disturbare	2312
ingannare	2312
moderna	2312
liscia	2312
puliti	2312
oscura	2312
kira	2311
considera	2311
starei	2310
ncis	2310
resterà	2309
dramma	2309
serratura	2308
dannati	2308
attentato	2308
raggiungo	2308
zampe	2307
latino	2307
incasinato	2307
hockey	2307
candela	2306
concentrato	2306
umanita	2306
bancone	2306
look	2305
ospedali	2305
grand	2304
infinite	2304
tae	2304
pro	2302
verbale	2302
innocenza	2301
inferiore	2299
pensai	2298
rilascio	2298
quaggiù	2297
catene	2297
dovuti	2296
marta	2296
scomparse	2296
serpenti	2295
archer	2295
cieli	2295
ritirata	2294
prudente	2294
analizzare	2293
supplico	2293
sordo	2293
girano	2293
scende	2293
destinazione	2293
comoda	2293
rotte	2292
alte	2290
rivelare	2290
paparino	2290
risata	2289
lester	2288
curato	2288
abigail	2288
postale	2288
poterla	2287
prostitute	2287
maniaco	2286
adams	2285
baker	2284
iris	2283
jae	2282
italian	2282
dammela	2282
gestisce	2282
venduta	2282
soffitto	2281
statale	2281
rituale	2281
colpisci	2281
senato	2280
schmidt	2280
brividi	2279
dritti	2279
permettero	2278
banana	2276
fermarli	2276
venditore	2276
valere	2275
trasportare	2275
esatta	2275
mattinata	2275
cittadina	2274
riscatto	2274
capiscono	2273
esaminato	2273
aiuterai	2273
comandi	2272
hard	2272
sapevate	2272
soffiata	2272
penseranno	2272
cha	2271
ferire	2271
sasha	2271
starebbe	2271
ritiene	2270
respiri	2270
menzogna	2270
domando	2270
foster	2269
fotografo	2269
fulmine	2269
centinaio	2268
corse	2268
ripulire	2268
porter	2268
detenuto	2268
paula	2266
calmatevi	2266
mandarmi	2265
hal	2265
marijuana	2265
vogliano	2265
manicomio	2264
pompieri	2261
unirti	2261
decente	2260
aggiunto	2259
verrebbe	2259
apparentemente	2259
illusione	2259
conquistare	2258
costretti	2258
vedranno	2257
scorre	2256
eccetera	2256
agitato	2255
grigio	2255
kay	2255
interrogato	2253
iniziate	2253
avvenuto	2252
perdonato	2252
sandra	2252
demonio	2251
asciugamano	2251
meritano	2250
sentirla	2250
tienila	2250
shakespeare	2249
bestie	2248
segnato	2248
fucili	2248
frattura	2248
risorsa	2248
penserai	2246
stephanie	2246
ricevi	2246
ridono	2246
em	2246
proteggerla	2246
negri	2245
esista	2245
estranei	2245
appare	2245
etero	2245
garantire	2244
apprezzato	2243
roulotte	2243
p	2243
ammiro	2243
bellissime	2243
riscaldamento	2242
meritava	2241
nominare	2240
inviare	2240
sosta	2240
cannone	2240
proseguire	2240
allucinazioni	2239
samuel	2238
comportarsi	2238
desiderare	2237
prepararsi	2237
personalità	2237
dipendenza	2236
ridurre	2236
it'	2236
inevitabile	2236
uccellino	2236
matty	2235
efficace	2235
cacciatori	2235
trasferire	2235
theo	2235
reggie	2235
batman	2233
drake	2233
campana	2232
sullivan	2232
sollevato	2232
sciopero	2231
bussare	2230
toast	2230
negato	2230
canti	2229
bennett	2229
ingiusto	2229
pesi	2228
secca	2228
rivedremo	2228
votato	2228
gabe	2228
operai	2227
min	2227
attaccata	2227
giudici	2227
lenny	2227
murray	2227
agenda	2226
blog	2225
registrazioni	2225
proprietari	2224
kara	2223
jonah	2223
aspettarti	2223
donato	2223
valida	2222
offerte	2222
peggiorare	2222
morirò	2220
generazioni	2220
goditi	2220
gavin	2220
occupero	2218
google	2218
rocce	2218
salita	2215
rintracciato	2214
negoziare	2214
provino	2214
femminuccia	2213
alternative	2213
prenderle	2213
sheila	2213
conrad	2213
precisione	2213
dirige	2211
dj	2210
preghiamo	2210
trovarli	2210
possiate	2209
melanie	2209
costruendo	2209
ellis	2209
anton	2208
central	2208
corde	2208
estratto	2208
karma	2208
provocato	2208
proteggermi	2207
ossessione	2207
dimenticarti	2207
chiamavano	2207
usava	2207
sirena	2207
trasferiti	2206
aspettarmi	2205
sandwich	2205
versato	2205
concentrarmi	2205
delusa	2204
reynolds	2204
ritrovare	2204
vermi	2204
silenzioso	2204
affinché	2203
dipingere	2202
potuta	2202
impari	2202
simpson	2202
juliette	2201
philadelphia	2201
comprensione	2200
vendo	2200
dexter	2200
sfruttare	2199
mobile	2199
dimostrazione	2199
colpevoli	2199
tasso	2198
axl	2198
gangster	2197
erin	2197
boris	2197
pirati	2196
vogliate	2196
ribelle	2196
avvicinati	2196
palo	2195
tattica	2195
ricevo	2195
fregare	2194
val	2194
aiuterò	2193
finendo	2193
ritirato	2193
fidarci	2192
incontrarla	2191
mantenuto	2191
convincente	2190
brenda	2190
api	2189
marinaio	2189
gomme	2188
cavalieri	2187
esperta	2186
darebbe	2185
intimo	2185
fata	2185
cifre	2185
eseguire	2184
creando	2184
fantastiche	2183
morisse	2183
sacchetto	2183
penserò	2182
morris	2181
garanzia	2181
proposto	2181
mona	2181
approccio	2180
ragno	2180
combatti	2180
ivy	2180
cathy	2180
spiegarmi	2179
direttrice	2179
spiegazioni	2179
attenzioni	2178
atterrare	2178
papi	2177
cyrus	2177
fotografica	2177
pierre	2177
legalmente	2176
salone	2176
chiedervi	2176
cercarmi	2176
omicida	2175
massacro	2174
ballerina	2174
stessero	2174
grandiosa	2174
semi	2174
june	2173
sherlock	2173
piangi	2173
gestione	2172
toglierti	2172
torcia	2171
aspetterò	2171
marea	2171
legittima	2171
piper	2171
marrone	2171
milano	2170
costole	2169
disgrazia	2169
renderlo	2169
hacker	2168
finiremo	2168
dolori	2167
sbagliando	2167
sviluppato	2167
bisogni	2166
funghi	2166
sfuggito	2165
rex	2165
riusciro	2165
valley	2165
nati	2164
reese	2163
valgono	2162
antenati	2162
cagare	2162
silver	2162
portiere	2161
carità	2161
leggerlo	2161
esagerare	2160
reagire	2160
interessati	2160
get	2160
greco	2157
arrivarci	2157
down	2157
ragionare	2156
software	2156
hei	2156
fragile	2155
elefante	2155
perderemo	2155
scheda	2155
spariti	2155
audizione	2155
legate	2154
compare	2154
sembravano	2154
houston	2154
esistere	2154
mostrami	2153
commento	2153
rimosso	2152
nipoti	2152
donovan	2151
georgia	2150
epidemia	2150
volerci	2150
rospo	2149
j.	2149
partendo	2147
onorato	2147
fecero	2146
trent'	2146
comportati	2144
visuale	2144
sinceri	2144
pompa	2144
poiche	2144
dixon	2143
volti	2143
ombre	2143
sadie	2143
vene	2143
prezzi	2143
terminato	2142
intelligence	2141
ash	2140
discuterne	2140
giochetti	2140
disordine	2138
priorità	2138
saper	2138
instabile	2137
gettare	2137
aiutero	2137
clarke	2136
dispiaciuta	2136
picchiare	2135
nere	2135
mandano	2135
you'	2134
limousine	2133
appeso	2132
lascerà	2131
d.	2130
precisamente	2129
rimarrà	2129
cheerleader	2128
sospetta	2128
piccoletto	2127
carbone	2126
pugnale	2126
bart	2126
sapone	2126
gin	2126
cattura	2126
fallire	2125
parlavi	2125
posa	2125
compagnie	2125
chen	2125
settimo	2125
hugh	2124
inserito	2124
venute	2124
scozia	2122
teso	2121
ripeti	2121
arnold	2121
valerie	2121
italiani	2120
progresso	2120
rapido	2120
dibattito	2119
buddy	2118
ring	2118
occidentale	2118
valeva	2115
spaghetti	2115
annullato	2114
terremo	2112
rivederla	2112
north	2111
candidati	2111
ward	2110
stanchi	2110
cerchero	2110
creazione	2109
sceneggiatura	2109
sedie	2109
opinioni	2109
nazisti	2107
offrendo	2106
esplosivi	2106
sanguinando	2104
crane	2104
ohio	2104
riuscirà	2103
bloccare	2103
are	2103
parlavamo	2103
delusione	2103
mettiamoci	2102
scossa	2102
scappi	2102
disperazione	2101
distante	2101
voluti	2101
digitali	2101
raffreddore	2101
permanente	2100
schianto	2100
stretti	2099
mancare	2099
scelgo	2099
naturali	2098
barche	2097
disturbi	2097
categoria	2096
arrestata	2096
filosofia	2096
riferito	2096
chang	2095
co	2095
intrappolato	2095
visioni	2094
protetta	2093
viaggiato	2092
sig.ra	2091
sopportarlo	2091
falli	2091
estraneo	2091
urlato	2091
piove	2091
firmi	2090
tacchi	2090
ricordarti	2090
scopriamo	2089
dominio	2089
accadesse	2089
invasione	2088
attualmente	2088
vedesse	2087
dirla	2087
impedito	2087
calvin	2086
dimensione	2086
hans	2086
democrazia	2085
trapianto	2085
moore	2084
guardala	2084
dimenticate	2083
scommesse	2083
volpe	2082
dossier	2082
altamente	2081
peste	2080
y	2080
seguente	2080
inchiesta	2079
burt	2079
soprannome	2079
recenti	2078
geni	2077
sobrio	2077
mh	2076
musical	2076
elettrico	2076
monk	2076
produrre	2076
paure	2075
destinato	2074
cemento	2074
prendimi	2074
frode	2074
attaccati	2074
dovessimo	2073
inganno	2073
finanziario	2072
organizzando	2072
venir	2072
sung	2071
bernie	2071
renderti	2071
yen	2069
globale	2069
permetterci	2068
orsi	2068
radici	2068
rara	2068
pagati	2068
fusione	2067
vigilata	2067
generatore	2067
daphne	2067
terrorizzato	2066
alpha	2065
consideri	2065
yoon	2065
liscio	2064
sognando	2064
milo	2063
vendendo	2063
delta	2063
mise	2063
tequila	2063
squali	2062
sposarci	2061
acquisto	2060
aerea	2060
dichiarazioni	2059
economica	2059
minori	2059
jasper	2058
scappati	2058
comunicato	2058
tirate	2058
ciambelle	2057
stupidaggini	2057
alfred	2057
prosciutto	2057
edizione	2056
eleanor	2056
cenere	2056
iniziativa	2055
mindy	2055
porterai	2055
useremo	2054
bernard	2054
divertirci	2054
inserire	2053
alimentare	2053
contessa	2053
onorevole	2053
treni	2051
irene	2050
danneggiato	2050
mancia	2049
assoluta	2049
febbraio	2049
donnie	2049
nascondiglio	2048
violato	2048
fermarla	2048
penserà	2048
incontrarlo	2048
limone	2047
barriera	2046
finestrino	2046
collegati	2046
perderti	2045
impedisce	2044
piloti	2044
presentimento	2044
gratitudine	2044
suprema	2043
apparecchio	2043
avvicinarsi	2043
registrata	2043
panchina	2043
wolf	2043
accompagnato	2042
isabel	2042
ji	2041
lascera	2041
contadino	2041
incontreremo	2041
fondazione	2041
sbarre	2040
missile	2040
edgar	2039
mito	2039
suggerisce	2039
end	2038
giusti	2038
adozione	2038
usciva	2038
garrett	2037
spade	2037
filmati	2037
operare	2036
seta	2036
ditta	2036
rusty	2035
rifare	2035
abitudini	2034
riporto	2034
liberarsi	2034
tatuaggi	2033
studiando	2033
tecnici	2032
ritardato	2031
credetemi	2031
accomodatevi	2031
sbagliare	2031
stradale	2031
chelsea	2030
santi	2030
arrabbiati	2030
jun	2029
vendono	2029
coltelli	2029
parlarvi	2029
allerta	2029
volgare	2029
basato	2029
israele	2029
rilasciare	2028
protegge	2028
spiegarti	2027
cancelli	2027
jon	2027
superman	2026
ceneri	2026
sostanze	2026
suggerito	2026
pollice	2024
ostacolo	2023
scudi	2023
timido	2022
giocano	2022
deriva	2022
finch	2022
quassu	2021
insistere	2020
malinteso	2020
chiederglielo	2020
avvertire	2020
veste	2019
poeta	2019
high	2018
polo	2018
porteranno	2018
mutandine	2017
luca	2017
know	2017
incantevole	2016
violenta	2016
imboscata	2016
can	2015
mercoledì	2014
faccende	2014
resterai	2013
divertita	2013
servisse	2013
piccolina	2011
casse	2011
ammazza	2011
necessariamente	2010
squillo	2010
piccante	2010
country	2008
quassù	2008
bunker	2008
bevuta	2007
incontra	2007
franco	2007
taco	2006
alloggio	2005
vitali	2005
poltrona	2005
fingendo	2005
ritrovo	2005
this	2004
caduti	2004
tredici	2004
saltata	2003
sufficienza	2003
gray	2003
sposta	2002
american	2002
combinando	2002
grandezza	2002
percy	2001
tenerli	2001
rocky	2001
ammettilo	2001
definizione	2001
osare	2000
sudore	2000
bud	2000
alzarsi	2000
tradire	2000
shepherd	1999
pancake	1999
c.	1999
gelosia	1999
gallina	1998
aquila	1998
bestiame	1998
riservata	1998
lite	1998
furba	1998
like	1998
ometto	1997
svizzera	1997
riuniti	1997
muso	1997
approvato	1997
teorie	1996
marc	1995
bè	1995
benone	1995
esclusiva	1995
broadway	1995
infantile	1994
pacifico	1994
butti	1994
caviglia	1993
presentata	1992
hudson	1992
enterprise	1992
giubbotto	1992
marilyn	1990
frocio	1990
piccolino	1990
costano	1989
residenza	1989
pesa	1989
rossetto	1988
poesie	1988
aspettative	1987
giganti	1987
iniziale	1987
pecore	1986
marvin	1985
kirk	1985
eletto	1984
fuma	1984
frena	1984
scritte	1983
servivano	1982
emotivo	1981
or	1980
cervo	1980
rimarra	1980
frutti	1980
attivato	1979
incredibili	1979
toccata	1978
fica	1978
scambiato	1977
dirigere	1977
pensero	1976
maglione	1976
sponsor	1975
stima	1975
bacon	1975
rimesso	1974
offeso	1974
rivisto	1974
sentimentale	1973
tana	1973
seo	1973
cedere	1973
convincerlo	1972
franchi	1972
sputa	1972
disegnare	1972
punteggio	1971
toccarlo	1970
soo	1970
vigilia	1970
disponibili	1970
sasso	1969
iscritto	1969
sottomarino	1968
umile	1968
keller	1968
cuba	1967
vescovo	1967
stufato	1967
lupin	1967
fottutamente	1966
disperatamente	1966
sacrifici	1966
accompagnare	1966
interrogare	1966
seme	1966
bruciata	1965
libretto	1964
litri	1964
alzata	1963
farmacia	1963
odiare	1963
determinato	1963
ciccione	1963
toglie	1962
politiche	1962
cognato	1962
rallentare	1962
fornire	1961
portarli	1961
liberarmi	1961
bridget	1960
piega	1960
discrezione	1960
propongo	1959
chiudiamo	1959
woody	1959
macchie	1959
frequentato	1959
nasconderti	1959
maurice	1959
gemella	1958
condiviso	1957
dozzine	1956
amarti	1956
voluta	1956
scrittura	1955
nadia	1955
orchestra	1954
enrico	1954
scambiare	1954
imparando	1954
tonnellate	1954
mini	1954
scherza	1953
ucciderai	1952
spettacolare	1952
lake	1952
tirarti	1950
senno	1950
contadini	1949
rilassarti	1949
riposati	1949
aah	1949
dispiaccia	1949
immediato	1949
notiziario	1948
riempito	1948
bambole	1947
impiccato	1947
procurato	1947
decido	1946
altare	1946
divertirti	1946
esposizione	1945
tecniche	1944
scomparire	1944
news	1944
disposti	1943
des	1943
provano	1943
tavoli	1943
depresso	1943
lenti	1943
decise	1942
pubblici	1942
composto	1942
dawson	1942
stessimo	1941
pan	1941
vorreste	1941
occuperò	1941
guarigione	1941
spot	1940
scotty	1940
air	1939
precisa	1939
buttata	1939
ringrazia	1938
ascia	1938
disegnato	1937
aiutarli	1937
vigliacco	1936
kansas	1936
moriro	1935
olive	1935
avvicini	1935
cestino	1935
distratto	1935
metterai	1934
intenso	1934
circolazione	1933
rimaste	1932
cambiati	1931
calendario	1931
insegno	1931
differenti	1930
capiti	1930
valsa	1930
soddisfazione	1929
claude	1929
caverna	1929
rovinando	1929
ognuna	1928
paranoico	1928
completato	1927
vomitato	1926
sorso	1926
simone	1926
frontiera	1925
jedi	1925
defunto	1925
profitti	1925
profitto	1925
perdonarmi	1925
rompe	1924
confraternita	1924
portatemi	1924
semestre	1923
accadde	1923
mosso	1923
elettorale	1922
ioni	1920
pugnalato	1920
razzo	1920
intendeva	1919
sfigati	1918
psicologo	1918
jessie	1918
volontari	1918
scendo	1918
scadenza	1917
bong	1917
chiedertelo	1917
oriente	1917
gold	1916
dimenticarlo	1916
addestrato	1916
nicholas	1916
estremo	1915
rapida	1914
ricchezza	1914
homer	1914
spiacevole	1914
afferrato	1914
procediamo	1914
comunista	1913
spaventati	1913
tenero	1913
sophia	1913
avvicinarti	1913
turisti	1912
terrestre	1911
inseguendo	1911
t.	1911
aziende	1911
balle	1910
mortali	1910
permettersi	1909
digitale	1909
kenneth	1909
scherzavo	1908
cavata	1907
luis	1907
rudy	1906
glieli	1906
dimentico	1906
macellaio	1906
what	1906
batterie	1905
significare	1905
conoscessi	1905
intimi	1905
capanno	1905
punito	1905
donatore	1904
biologico	1904
cospirazione	1903
shin	1903
lacey	1903
picnic	1902
barattolo	1901
no.	1901
attiva	1900
pallida	1900
saul	1900
wall	1900
contratti	1899
conduce	1898
trovavo	1898
negativa	1898
ricominciamo	1897
mettimi	1897
nsa	1897
futura	1897
cuccioli	1896
derubato	1895
khan	1894
riferisci	1894
sopravvissuta	1893
balli	1893
manica	1893
piacevano	1893
mentirmi	1892
vicine	1892
critica	1892
miglio	1892
nucleo	1891
faremmo	1891
aumenta	1891
app	1890
verremo	1890
chiamalo	1890
freno	1890
lingue	1890
staccato	1889
rubando	1889
storico	1889
side	1889
inviti	1889
sostituire	1889
vivian	1888
illegali	1888
passava	1888
morfina	1887
misteriosa	1886
crociera	1886
arabo	1885
immondizia	1884
corrispondenza	1884
benedetto	1883
cercavi	1883
prepararmi	1883
divina	1883
vedessi	1882
ristoranti	1882
rodney	1881
rischia	1881
falco	1881
bonus	1879
legna	1879
sembravi	1879
twitter	1878
usciremo	1878
arrendo	1877
monitor	1877
operativo	1876
basa	1876
toglimi	1876
feccia	1876
fort	1875
chandler	1875
braccialetto	1874
pulizia	1874
audio	1874
privati	1874
trasforma	1874
esposto	1873
odiava	1873
sidney	1873
baciami	1873
mercedes	1873
aggredita	1872
occuparti	1872
cristiano	1871
nude	1871
privilegio	1871
attraversando	1870
ironia	1869
smoking	1869
manzo	1868
song	1868
hugo	1868
ricevimento	1867
gemelle	1867
cocco	1866
mandiamo	1866
preparate	1866
abuso	1866
sciocchezza	1865
straordinari	1865
ferie	1865
posizioni	1864
affinche	1864
freni	1864
papa'	1864
protesta	1864
cagnolino	1863
telefonare	1863
quaranta	1863
legga	1863
cantiere	1862
tradizionale	1862
tradita	1862
secchio	1862
s.	1861
assunta	1861
finirla	1861
bauer	1861
toglietevi	1861
frammenti	1861
creata	1860
lasceranno	1860
forbici	1860
batti	1860
vaccino	1859
individuo	1858
segrete	1857
hills	1857
applausi	1857
insetto	1857
ucciderli	1856
pope	1856
fammelo	1856
bum	1856
palude	1855
scusare	1855
zucca	1855
carrello	1854
scuro	1854
esibizione	1854
mais	1854
investire	1854
ezra	1854
continueremo	1853
fitz	1853
strip	1852
creatore	1852
ringraziarmi	1852
benessere	1852
raramente	1852
lava	1852
estrema	1852
armate	1851
life	1850
completare	1850
interruzione	1850
crescono	1848
conclusioni	1847
sposarlo	1847
arancia	1847
coppa	1845
giornate	1845
celebrare	1844
disciplina	1844
schifosa	1844
fedeli	1843
alberto	1842
seguiamo	1842
risparmiato	1842
fran	1842
particelle	1842
kathy	1841
terrorismo	1841
marca	1841
dessert	1840
tedesca	1840
cass	1840
terrificante	1839
guardarla	1839
men	1838
costantemente	1838
sonny	1838
venivo	1838
mandy	1838
richiamare	1838
nucleari	1838
riguardano	1837
quarantena	1837
evitarlo	1837
gi	1836
mina	1835
premuto	1835
modelli	1835
condizionata	1835
terapista	1834
visitatori	1834
violenti	1833
just	1833
indossando	1833
facessimo	1832
onnipotente	1832
federazione	1831
baxter	1831
favori	1830
durare	1830
attende	1830
merlino	1829
osservando	1829
concentrazione	1829
voli	1828
insopportabile	1828
essenziale	1827
incrocio	1827
crollare	1827
damien	1827
glen	1827
chan	1827
menta	1826
joshua	1826
rilevato	1826
tranquillamente	1826
sal	1826
caserma	1826
ahia	1826
dorothy	1825
camminando	1825
attrazione	1825
scesa	1825
briggs	1825
patti	1825
tessera	1825
bert	1825
peyton	1824
apparteneva	1824
metteranno	1824
darren	1823
terrorizzata	1822
shirley	1822
vederle	1821
cosciente	1821
utilizzare	1820
descrivere	1820
portarle	1820
marciapiede	1819
maleducato	1819
facciate	1819
rientra	1819
tenersi	1818
spinge	1818
divertirmi	1817
steso	1817
proteggerlo	1817
arrivasse	1817
hee	1816
furia	1816
ferrovia	1816
afferma	1816
chiuda	1816
jj	1816
assicurarci	1815
domicilio	1814
kat	1814
tartaruga	1814
rovinata	1813
sushi	1813
evitando	1813
casinò	1813
oz	1813
pericolose	1812
apocalisse	1812
corriere	1812
shelly	1812
sacchi	1811
diecimila	1811
uccidilo	1811
schemi	1811
risonanza	1810
pietro	1810
provviste	1810
voltare	1810
pos	1810
mandero	1810
valutare	1810
frasi	1810
brendan	1809
uva	1809
curiosità	1809
lotto	1809
parata	1809
passeggero	1808
vincente	1808
svenuta	1808
seguono	1808
sbrigare	1807
price	1806
materiali	1806
dí	1806
immigrazione	1805
pubbliche	1805
appartengono	1805
brandy	1805
letteratura	1805
hart	1805
immaginate	1804
marcel	1804
archivi	1804
eternità	1803
addetto	1803
k	1803
vantaggi	1803
sparano	1802
gialla	1802
hayley	1802
guarito	1801
shannon	1801
vendi	1801
salvati	1801
medicinali	1801
ucciderebbe	1800
fazzoletto	1800
rafael	1800
bond	1800
maresciallo	1800
crack	1800
consegne	1800
evans	1799
doverlo	1799
verdure	1799
chiedermelo	1798
dani	1798
cynthia	1797
fritto	1797
stevens	1797
noti	1796
mentali	1796
siedo	1796
personalita	1796
scopra	1796
convivere	1796
generosa	1796
aids	1796
lori	1795
perquisizione	1795
mariti	1795
good	1795
critico	1794
rendendo	1794
water	1794
stewart	1794
now	1794
cera	1793
delinquente	1793
divino	1792
piattaforma	1792
riuscira	1792
pagherai	1791
conversazioni	1791
lavorate	1791
lividi	1791
pullman	1791
stronzetto	1791
muovermi	1790
signorine	1790
phoenix	1790
sostituto	1789
fumetti	1789
dovessero	1789
graffio	1788
isole	1787
sceglie	1787
missioni	1787
donazione	1787
griglia	1787
lasciaci	1787
fascicoli	1787
prestare	1787
strappo	1786
ops	1786
christina	1786
pressioni	1785
spiegherebbe	1784
selvaggi	1784
percentuale	1783
succederebbe	1783
gravemente	1783
suggerimento	1783
bennet	1783
definire	1782
roberts	1782
manderò	1782
odiato	1782
fienile	1782
competere	1781
thor	1781
choi	1781
facciamola	1781
granché	1781
nonni	1780
litigio	1780
tubi	1780
ripulito	1779
camille	1779
preparazione	1779
brasile	1779
chiameremo	1779
colpiti	1779
difetti	1778
avergli	1778
americane	1777
sufficienti	1777
inventata	1777
fi	1777
arizona	1777
editore	1776
provocare	1775
drogata	1775
cominciano	1775
musicista	1775
lavorarci	1775
lasciarli	1774
crollo	1774
scoppiare	1774
granche	1774
prendertela	1773
seguite	1773
evoluzione	1773
mills	1773
esther	1773
picchiata	1773
soddisfare	1772
ragazzine	1772
cambiarmi	1772
osserva	1772
dante	1772
risalire	1772
pasticcio	1771
tirati	1771
libreria	1771
aspettero	1771
nobili	1770
aggressivo	1770
chilo	1769
perla	1769
einstein	1768
restera	1768
legare	1768
bastava	1768
manutenzione	1767
rimase	1767
portarvi	1767
notturno	1767
nascoste	1767
whiskey	1767
definito	1767
armatura	1766
agnello	1766
bordello	1766
farsa	1765
mantieni	1765
maggioranza	1765
mama	1765
sott'	1765
arteria	1764
necessita	1764
sedute	1764
brutale	1763
pulite	1763
convincermi	1763
tirarlo	1762
capitan	1762
alloggi	1762
scommetterci	1761
capirà	1761
permettimi	1760
anonima	1759
baracca	1759
arachidi	1758
chiacchierare	1758
cadendo	1758
panna	1758
patetica	1758
sutton	1757
gail	1756
art	1756
ricordarmi	1756
anatra	1756
kg	1756
orientale	1756
femmine	1756
descritto	1754
tenetevi	1754
terremoto	1754
samurai	1754
occupiamo	1754
ringraziarla	1753
scommesso	1753
blocca	1753
mantiene	1753
indovinate	1752
ispirato	1752
rilevante	1752
vip	1752
orgogliosi	1751
rimaniamo	1751
tossico	1751
alzarti	1751
escluso	1751
reati	1750
vennero	1750
significava	1750
fareste	1749
udito	1749
kane	1749
ubriacone	1749
pranzare	1748
sballo	1748
brien	1747
doris	1747
scopro	1747
metterli	1747
artificio	1746
clacson	1746
clima	1746
decisi	1745
contemporaneamente	1745
rovini	1745
seppellire	1745
suv	1744
pepe	1744
sacra	1744
soggetti	1744
cugini	1744
fastidioso	1743
inchiostro	1743
energie	1743
cruz	1742
tantissime	1742
gorilla	1741
pentirai	1741
vicinanze	1741
metterà	1740
infilato	1739
combatte	1739
considero	1738
he	1738
avventure	1738
parcheggiato	1738
romani	1738
spiegarlo	1738
rispettato	1738
florrick	1737
pensera	1737
trish	1737
saggia	1737
riferisce	1737
assicurare	1736
delegato	1736
ceduto	1736
psichiatrico	1736
vega	1735
agnes	1735
brindiamo	1735
correttamente	1735
nuoto	1734
si'	1733
gabrielle	1733
spiritoso	1733
merci	1732
deputato	1732
lavoretto	1732
avvisare	1731
martini	1731
more	1731
puttanella	1730
fini	1730
comprensibile	1730
eccitata	1730
richiamami	1730
affidato	1729
lenta	1729
dovevate	1729
bush	1728
trofeo	1728
pagando	1727
nash	1726
meritato	1726
privo	1725
cicatrici	1725
reporter	1725
aiutano	1723
architetto	1723
spararmi	1722
dance	1722
fidato	1722
ramo	1722
darcy	1722
dong	1721
vuoti	1721
brett	1721
passeremo	1720
calze	1720
gossip	1720
precisi	1719
detroit	1719
deprimente	1719
scartoffie	1718
rimorso	1717
stacy	1717
celeste	1717
klingon	1717
portland	1716
suicida	1716
telegramma	1716
chilometro	1716
successiva	1715
italiana	1715
fumi	1714
alzate	1713
educato	1712
gestito	1712
profondità	1712
muffin	1712
assaggiare	1712
tessa	1711
spogliarellista	1711
ipocrita	1711
dimenticherò	1711
lesbiche	1710
hood	1710
tolta	1710
account	1710
viaggia	1709
lealta	1709
difetto	1709
hunt	1709
contabile	1709
roberto	1708
navetta	1708
dolcetto	1708
arrivò	1707
seppellito	1707
yogurt	1707
jonas	1706
lampo	1705
furioso	1704
resterò	1704
tenevo	1701
spaventosa	1701
aggressore	1699
collaterali	1698
fantasie	1698
occupare	1698
grotta	1698
tosse	1698
stu	1698
sospensione	1697
intima	1696
tate	1696
pasqua	1696
cantando	1696
rimedio	1696
wheeler	1696
sessualmente	1695
cambiamo	1695
midollo	1695
setta	1694
folli	1694
telegiornale	1694
carri	1694
tirar	1693
javier	1693
eredità	1693
svegliare	1693
ordina	1693
piombo	1693
procura	1693
anziana	1693
doveri	1692
allegro	1692
scorte	1691
riferisco	1691
avvicinato	1690
irrilevante	1690
tosto	1690
resi	1690
volato	1690
immortale	1689
salendo	1689
egitto	1688
ricostruire	1688
ratti	1688
cantano	1688
sessione	1687
arrosto	1687
dignità	1686
reagan	1685
sfera	1685
tribù	1685
lealtà	1684
azzurro	1684
critiche	1683
poterci	1683
rich	1683
dichiara	1683
but	1682
falle	1682
miserabile	1682
neonato	1681
passero	1681
seung	1681
mandarlo	1680
liberamente	1680
oca	1680
aspettavamo	1680
evitato	1680
adrenalina	1680
roland	1680
ty	1680
alt	1679
tenebre	1679
maschere	1679
laurie	1679
capsula	1678
colline	1678
phillip	1677
automatico	1677
disturbato	1676
psicologia	1676
pagherò	1675
antidoto	1674
muovono	1674
ammissione	1673
abe	1673
scriva	1673
polly	1673
torace	1673
spostatevi	1673
isabelle	1672
moderno	1672
sennò	1672
spaccio	1672
furti	1671
crystal	1670
powell	1670
marmellata	1670
scema	1670
tirando	1670
pagate	1670
divertiremo	1670
rispettabile	1670
miliardo	1670
genetica	1669
incastrare	1669
surf	1669
beneficio	1669
abbattere	1669
fattore	1667
emozionata	1667
cross	1667
distruggendo	1667
joyce	1667
cercheremo	1666
minacciando	1666
peggiorando	1666
promettere	1665
preservativo	1665
esaurito	1665
moduli	1664
canali	1664
occuperemo	1664
cantato	1664
lavato	1663
ms	1663
civiltà	1663
baia	1662
aggiornamento	1662
gates	1661
tanner	1661
ridotta	1661
nasce	1661
diciotto	1660
risale	1660
unire	1660
evacuare	1660
wu	1659
sporche	1659
parlavano	1659
bridge	1659
assaggio	1659
first	1659
secret	1658
nascondermi	1658
violino	1658
z	1658
rubate	1657
holden	1657
separazione	1657
splendore	1657
pony	1657
tirarmi	1657
cappella	1656
perdenti	1656
liberarti	1656
considerata	1656
menzionato	1656
amavi	1655
cristina	1655
sistemo	1655
turbato	1655
riflesso	1654
aggiornato	1653
atleta	1653
stringere	1652
cupcake	1651
dichiarare	1650
regolamento	1650
sfugge	1649
task	1649
beccati	1649
bacino	1649
torres	1649
litigando	1649
scattato	1648
fatale	1648
sfondo	1648
ragazzone	1647
marcio	1647
cartelle	1647
jefferson	1647
apriamo	1647
scappate	1646
antoine	1646
comico	1644
insignificante	1644
aziendale	1644
vinco	1644
straccio	1643
obama	1643
caricare	1643
lynn	1643
interrogatori	1643
dormono	1643
seminario	1643
casuale	1642
selvaggia	1642
uscirai	1641
lesioni	1641
e.	1641
sapersi	1641
trent	1640
contributo	1640
when	1639
aiuterebbe	1638
grati	1638
disturbarti	1638
indicazioni	1638
spike	1638
sbagliati	1638
evelyn	1637
esplorare	1637
farmelo	1637
sella	1637
narcotici	1636
grassi	1636
tienimi	1636
pettegolezzi	1636
cliff	1636
zecca	1635
pazzesca	1635
mucche	1635
galla	1634
autentico	1634
ritrovata	1633
incontrarmi	1633
trascorrere	1632
pompino	1632
interruttore	1632
specialista	1632
rum	1631
ca	1631
cristiani	1631
ponti	1630
sparargli	1630
barzelletta	1630
divertire	1630
mari	1630
cardinale	1630
uccidiamo	1630
officina	1630
pearl	1629
bentornata	1629
jude	1628
obbligata	1628
municipio	1628
scappiamo	1628
cercavano	1628
ritornato	1628
doni	1627
nah	1627
mae	1627
e'i	1625
prigioniera	1625
pisello	1625
appartamenti	1625
capira	1625
allontanare	1625
aree	1625
resteremo	1624
ostacoli	1624
stalker	1624
cinture	1624
eseguito	1624
decine	1624
bam	1624
vapore	1624
et	1624
curvatura	1623
archie	1623
insisto	1623
collegio	1623
buck	1623
joon	1623
adorato	1622
battaglie	1622
accusata	1622
campane	1622
irritante	1622
esercizi	1622
puzzle	1621
solite	1621
ingaggiato	1621
zoey	1621
offrirle	1621
perda	1621
difensore	1621
popcorn	1620
cucchiaio	1619
trattata	1619
jenkins	1619
parrucca	1619
corretta	1619
costosa	1619
giuseppe	1619
andavi	1618
romano	1618
gamma	1617
righe	1617
solitamente	1617
fara'	1617
got	1616
patrimonio	1616
jamal	1616
bimbi	1616
povere	1615
bates	1615
materasso	1615
capitare	1614
dona	1613
distrutti	1613
frigorifero	1613
pedro	1613
brady	1613
vicinato	1613
mrs.	1613
veterinario	1613
vigili	1613
scoprirai	1612
informata	1612
tenerci	1612
postazione	1612
distributore	1611
garantito	1611
bollette	1610
liberati	1610
wally	1610
facessero	1610
talvolta	1610
sigillo	1610
annuale	1609
polli	1609
ratto	1609
check	1609
pallottole	1609
rilassi	1609
riflettuto	1609
staccare	1608
offri	1608
duecento	1607
suora	1607
s.i.	1606
trasporti	1606
orlo	1606
degna	1605
uscira	1605
aborto	1605
arancione	1604
rio	1604
rana	1604
noci	1604
complotto	1603
paghiamo	1603
dipinti	1603
stuprata	1603
trattenuto	1603
atlanta	1603
scendete	1602
rimarrai	1601
hayes	1601
infernale	1601
autografo	1601
duello	1601
provincia	1600
spray	1600
tragico	1600
irlanda	1600
ispezione	1600
allegra	1599
imminente	1599
ri	1599
opportunita'	1598
nazista	1598
veicoli	1598
uccidimi	1598
camminato	1598
grido	1598
odiavo	1597
soda	1597
nano	1597
gideon	1596
menzogne	1596
banale	1596
uscirà	1596
preparata	1596
uragano	1595
dirvelo	1595
rovescia	1595
sonia	1594
temporanea	1594
sacrificare	1594
industriale	1594
accosta	1594
quattordici	1593
streaming	1592
janice	1592
metteva	1591
bea	1591
bandito	1591
bradley	1591
anomalia	1591
fogna	1590
fc	1590
convinti	1590
drive	1590
costituzione	1590
mentore	1589
portatela	1588
riposa	1588
atrio	1588
signoria	1588
vendicarsi	1588
ripartire	1588
ignorato	1587
fissando	1587
orologi	1586
mosche	1586
alzo	1586
festeggiamo	1586
suicidato	1585
oxford	1585
creativo	1585
poster	1585
regolarmente	1585
reggere	1585
deficiente	1584
back	1584
caveau	1584
helena	1584
marge	1584
sparando	1584
dre	1584
furgoncino	1584
insinuando	1583
accennato	1583
fartelo	1583
spazi	1583
principalmente	1582
mettera	1582
invenzione	1582
lorenzo	1582
immaginarlo	1581
guidava	1580
balena	1580
profondi	1580
origini	1580
contenitore	1580
fumato	1580
vabbe	1580
apprezzare	1579
leoni	1579
lavandino	1578
padroni	1578
lionel	1578
drone	1578
buonissimo	1578
terrà	1578
precedenza	1577
saprebbe	1577
impaziente	1577
operato	1577
fontana	1577
vivevo	1577
pasti	1576
nastri	1576
chiamatemi	1576
documentario	1576
asciugamani	1575
deeks	1575
doverti	1575
rifarlo	1575
rispetti	1574
care	1574
elsa	1574
anonimo	1574
gardner	1574
edwards	1574
perlomeno	1573
audace	1573
napoli	1572
lamenti	1572
eredita	1572
periferia	1572
produttori	1572
tirata	1571
capodanno	1571
chiedeva	1571
malvagia	1571
torturato	1570
cagna	1570
montgomery	1570
restero	1570
respinta	1570
calmarti	1569
abbigliamento	1569
scientifico	1568
beccare	1568
pecora	1568
alzarmi	1568
prendine	1567
bruciando	1567
scendendo	1566
riprendendo	1566
clive	1566
corna	1566
emozionato	1566
edith	1566
ferrari	1566
asino	1566
mantello	1565
yacht	1565
credibile	1565
differente	1564
misero	1564
frost	1564
permetto	1564
strizzacervelli	1564
puzzi	1564
maxine	1564
piazzato	1564
coinvolgimento	1564
marion	1563
primario	1563
offensivo	1563
etica	1562
robinson	1561
altrui	1561
mandami	1561
pisolino	1561
parlerà	1561
figuri	1560
toccarla	1560
eugene	1560
avanzata	1559
holt	1559
sportivo	1559
square	1558
banchetto	1558
malgrado	1558
contesto	1558
giurare	1558
analizzato	1558
spaccato	1557
fortezza	1557
dormitorio	1557
sofferenze	1557
buffa	1557
elijah	1556
meraviglie	1556
interferire	1556
bancarotta	1556
originali	1556
nazionali	1556
morsi	1556
artificiale	1555
aidan	1555
mostrarmi	1555
determinare	1555
sembrera	1555
presentarmi	1555
suonava	1555
sciarpa	1555
affittato	1554
traditori	1554
oppa	1554
bottino	1554
preoccupate	1554
conferenze	1553
colla	1553
verita'	1553
elaine	1553
starmi	1552
cammini	1552
dom	1552
verrete	1552
rendermi	1552
piacerti	1552
balliamo	1552
starete	1552
sembrerà	1551
fortemente	1551
essenza	1551
mutuo	1551
abbracci	1551
diversivo	1551
scritti	1550
trattenere	1550
timmy	1550
promosso	1550
patrigno	1550
darryl	1550
chimico	1549
brusio	1549
gallo	1549
controllano	1549
magliette	1548
logico	1548
definitiva	1548
appassionato	1548
evacuazione	1548
cadono	1547
national	1547
svedese	1547
sacrificato	1547
adottato	1546
solletico	1546
farina	1546
buzz	1546
accampamento	1545
sistemata	1545
bevete	1545
temporaneo	1545
ringraziarvi	1545
adesivo	1545
cancelliere	1544
bagnata	1544
way	1544
medie	1543
strette	1543
sani	1543
network	1543
orgasmo	1542
ritrovi	1542
voltato	1541
orfanotrofio	1541
balcone	1541
laureato	1541
sollevare	1540
mazzo	1540
capello	1540
piovere	1540
cae'	1539
agitata	1539
controllata	1539
plotone	1539
inizieremo	1538
fregati	1538
grembo	1538
fore'	1538
teme	1538
incaricato	1538
ostile	1538
salsiccia	1538
presentati	1537
diventerò	1537
soffro	1537
cervelli	1536
superficiale	1536
g.	1535
esse	1534
studia	1534
ringraziamo	1534
spavento	1533
affrontando	1533
barbie	1533
cannoni	1533
rapire	1533
susie	1533
adori	1533
social	1532
ridammi	1532
lasciali	1532
bryce	1532
gocce	1532
sloan	1532
circolare	1532
pertanto	1532
tammy	1532
perderlo	1531
sirene	1531
carolina	1531
svegliarmi	1531
identificazione	1530
sylvia	1529
levi	1529
hughes	1528
preservativi	1528
restituito	1528
siede	1527
sino	1527
violentata	1527
conigli	1526
recinto	1526
ottimista	1525
necessità	1525
du	1525
liberazione	1525
perduta	1524
distrugge	1524
720p	1524
concorrenza	1524
incirca	1523
messicani	1523
callen	1523
camper	1523
gregory	1523
ugualmente	1522
facciamoci	1522
migliorando	1522
avermelo	1521
respinto	1521
eccone	1520
kung	1520
dawero	1520
dateci	1520
tessuti	1520
rispetta	1520
indossato	1520
amate	1519
figuriamoci	1519
pentagono	1519
molestie	1519
farfalla	1518
cucinato	1518
concedo	1518
frequenti	1517
banconote	1517
inseguire	1517
produce	1517
metafora	1517
ormoni	1517
fianchi	1516
perdona	1516
erik	1516
scherzetto	1514
emotivamente	1514
master	1514
discarica	1514
disprezzo	1514
tiriamo	1514
nanna	1514
permetterti	1514
gilbert	1513
que	1513
confidenza	1513
paramedici	1513
gliele	1513
vediamoci	1512
tenuti	1512
comandare	1512
spacca	1512
erezione	1511
joo	1511
buttati	1511
vedano	1511
ricordavo	1510
incastrata	1510
falls	1510
ingrid	1510
rientro	1510
lin	1509
magro	1508
spacco	1508
wesley	1508
cancella	1508
necessari	1507
caricato	1507
cellula	1507
allontanatevi	1506
caverai	1506
estrazione	1505
perle	1505
luigi	1505
cavalcare	1505
rinchiusa	1505
bolle	1505
spionaggio	1504
home	1504
roll	1504
stregone	1503
ingenuo	1503
scoprisse	1503
interpretare	1502
iniziali	1502
elettronica	1502
esserle	1502
servita	1501
libere	1501
schiaffo	1501
prepararti	1501
baciata	1501
soliti	1500
attivare	1500
pagliaccio	1500
investitori	1500
orecchini	1499
bizzarro	1499
dama	1499
pupazzo	1498
turco	1498
corno	1498
fieri	1497
abbattuto	1497
necessarie	1497
spacciatori	1497
estrarre	1497
incazzata	1497
corti	1497
riportarlo	1496
comprendo	1496
tabacco	1496
gu	1496
cattolica	1496
camino	1496
point	1496
riuscirei	1495
madrid	1495
pollici	1495
yi	1495
beccata	1494
vaga	1494
giorgio	1494
idraulico	1494
procedure	1494
toni	1494
coraggiosi	1494
difese	1494
tic	1493
fedina	1493
formare	1493
gerald	1493
denunciare	1492
portiera	1492
dormiva	1491
sfilata	1491
diviso	1491
sentirà	1491
formale	1490
prescindere	1490
trasferirsi	1489
migliaio	1489
serviti	1489
pericoli	1488
cece	1487
sapro	1486
capezzoli	1486
immobile	1486
cartone	1486
ricevute	1486
ottieni	1486
verifica	1485
ripulita	1485
diaz	1485
umiliante	1485
reni	1485
durato	1484
veglia	1484
ironico	1484
sviluppare	1484
biliardo	1484
indipendenza	1484
center	1483
sparite	1483
definitivamente	1483
comunisti	1483
renee	1483
inaugurazione	1483
intensiva	1482
guanto	1482
aprirla	1482
tremenda	1482
tantino	1481
allontanato	1481
boxe	1481
cho	1481
eccovi	1480
osa	1480
tifo	1480
link	1480
piantato	1480
straniera	1480
addison	1479
danielle	1479
la'	1479
traguardo	1479
orrendo	1478
dorsale	1478
sparagli	1477
aliena	1477
consigliato	1477
abusi	1477
vulcano	1476
soffitta	1475
scusarsi	1475
abile	1474
scoprono	1474
portaci	1474
ch'	1474
iniziò	1474
aspetteremo	1473
benefici	1473
affrontarlo	1472
impiego	1472
improvvisa	1472
infinita	1472
ciccio	1471
assemblea	1471
inappropriato	1471
guasto	1471
bree	1471
accettate	1470
trattasse	1470
lasciatela	1470
baciarmi	1470
pittore	1470
monty	1469
escludere	1469
disturba	1469
spugna	1469
coinquilino	1469
naruto	1469
attratto	1469
alito	1469
tradotto	1469
stupisce	1468
dimora	1468
ghost	1468
metterei	1468
vetri	1468
stupidaggine	1467
maturo	1467
celebrita	1467
celia	1466
willy	1466
scoperte	1466
chiare	1466
presentarsi	1466
intendete	1466
testardo	1466
decenni	1465
cast	1465
prevedere	1465
pass	1464
assistenti	1464
nuvola	1464
espulso	1464
marshal	1464
cavalleria	1463
distrazione	1463
saprò	1463
compenso	1463
frequenta	1463
balletto	1463
lontanamente	1462
ebrea	1462
trasformata	1462
richiedere	1462
cogliere	1461
bancomat	1461
profeta	1461
vendiamo	1461
chiudendo	1461
capanna	1460
comprati	1460
valeria	1459
inclusa	1459
sciroppo	1459
pagherà	1459
facciale	1458
riposi	1458
chiesi	1458
scrisse	1458
allergico	1458
gravità	1458
apparso	1458
ricordano	1457
favolosa	1457
riporti	1457
denver	1457
comprende	1457
pellicola	1457
osato	1457
manuel	1456
rivediamo	1456
dominic	1456
fotta	1456
annunciare	1455
contenere	1455
pochissimo	1455
parlamento	1454
muovo	1454
capolavoro	1454
rapinato	1454
provengono	1454
frankenstein	1453
dirsi	1453
suzanne	1452
v'	1452
tiffany	1452
solido	1452
pubblicare	1452
intrappolati	1452
kid	1452
cylon	1452
vabbè	1451
scenario	1451
sapessero	1451
velo	1451
ambizione	1451
banditi	1450
culla	1450
finisse	1450
compresa	1450
trattano	1450
convincerla	1450
pomodori	1449
maura	1449
spettacoli	1449
lucido	1449
sabrina	1448
calmare	1448
modesto	1447
teletrasporto	1447
canyon	1447
popolari	1447
passaporti	1446
sottovoce	1446
informare	1446
turbata	1446
glee	1446
levatevi	1446
timore	1446
conquista	1446
fanciulla	1446
chiodo	1445
noccioline	1445
sbrigarci	1445
juliet	1445
mentono	1445
funzionava	1444
tabulati	1444
flebo	1444
corrispondono	1443
regge	1443
bip	1442
capitata	1442
pareva	1442
nascondono	1442
stamani	1441
entrarci	1441
ricordata	1441
scattata	1441
disgustosa	1440
abbandono	1440
serbatoio	1440
bagaglio	1439
borsetta	1438
giudicato	1438
profezia	1438
notturna	1438
timothy	1438
dategli	1437
magnus	1437
aiden	1437
foro	1436
supponiamo	1436
trascinare	1436
eddai	1436
sprecando	1436
sensazioni	1436
dubitare	1436
formato	1435
insensibile	1435
sorride	1435
complicate	1435
separate	1435
ansioso	1435
durerà	1434
baltimora	1434
diciassette	1434
comprate	1434
ascoltarlo	1434
antincendio	1433
battesimo	1433
cupola	1432
devon	1432
raccontando	1432
concentrarti	1432
cuscini	1432
sanitaria	1431
dividiamo	1431
wa	1431
darlo	1431
panorama	1431
culi	1431
assomigli	1430
diventate	1430
discutendo	1430
sapresti	1430
distinguere	1429
vergogni	1429
anonimi	1429
ricognizione	1429
vali	1428
sostituito	1428
cappelli	1427
abituati	1427
old	1427
tanya	1427
analista	1426
copre	1426
trovarne	1426
cominciata	1425
tornado	1425
container	1425
confesso	1425
meccanismo	1425
knox	1425
poliziotta	1424
georgie	1424
telecomando	1424
guancia	1424
opportuno	1424
alexis	1423
eternita	1423
scoprira	1423
tonno	1423
urgenza	1423
temi	1423
evita	1423
nasa	1423
valvola	1423
ricatto	1422
signorino	1422
pestato	1422
combattiamo	1421
godere	1421
milady	1421
perfette	1421
pratico	1420
affar	1420
guardata	1420
mandarti	1420
steroidi	1420
concentrarci	1420
vialetto	1420
rasoio	1420
vorrete	1419
pienamente	1419
cm	1419
lavaggio	1419
equipaggiamento	1419
haven	1419
colorado	1419
bull	1419
emotiva	1419
frainteso	1419
possiedo	1419
tentativi	1419
parlera	1419
summer	1418
at	1418
trovasse	1418
visivo	1418
spettatori	1418
gare	1418
capii	1418
divorziare	1418
reggimento	1417
solitaria	1417
caitlin	1417
siero	1417
controllarlo	1417
identico	1416
significano	1415
incendi	1415
riguardi	1415
corro	1414
credevano	1414
harriet	1414
ergastolo	1414
performance	1414
potenziali	1413
donare	1413
preoccuparci	1413
venezia	1413
succedeva	1412
navicella	1412
gotham	1412
worf	1412
ginger	1411
rito	1411
intensa	1411
passerai	1411
avanguardia	1411
sicure	1410
potter	1410
collegata	1410
chiederei	1409
permettete	1409
coprifuoco	1409
bretagna	1408
marcire	1408
consiste	1408
inventare	1407
pulisci	1407
spedire	1407
sene'	1407
ciotola	1406
tromba	1406
gomito	1406
richiami	1405
lucia	1405
rotoli	1405
damigella	1405
legittimo	1405
pelliccia	1404
grecia	1404
dr	1404
insiste	1404
insulto	1404
sentii	1404
negativi	1404
raccontarmi	1404
patata	1404
aprila	1404
ave	1404
trovassi	1403
tentazione	1403
attraversa	1403
grammi	1403
religioso	1403
autostima	1403
resoconto	1403
basata	1403
eden	1402
squilla	1402
alzatevi	1402
accusare	1402
soffia	1402
ballando	1402
lunghezza	1402
supera	1401
inaccettabile	1401
mara	1401
depressa	1401
íl	1400
aprilo	1400
ciechi	1400
binari	1400
comodi	1400
prendili	1399
guardatemi	1399
strike	1399
motto	1398
biologia	1398
insegni	1398
brooks	1398
esservi	1398
finanziaria	1398
dintorni	1398
plasma	1398
prevede	1397
sigaro	1397
pancetta	1396
arbitro	1396
magra	1396
britannico	1396
giu'	1396
silas	1395
estivo	1395
rivale	1395
visitato	1394
complicazioni	1394
robaccia	1394
lottando	1394
celle	1394
sacca	1393
accolta	1393
fuso	1393
elettricità	1393
schiava	1393
avuti	1392
bourbon	1392
faro'	1392
week-end	1391
hodgins	1391
jacques	1390
operativa	1390
ictus	1390
tiralo	1390
arrivino	1390
if	1390
subire	1390
maratona	1390
rico	1389
comportarmi	1389
padrino	1389
parlerai	1389
difeso	1388
acconsentito	1388
margot	1388
corta	1388
ereditato	1388
fischio	1388
realta'	1387
senatrice	1387
youtube	1387
muoviamo	1387
scoperti	1387
assente	1386
pannolini	1386
nico	1386
sentira	1386
chiedigli	1386
baule	1386
chiesta	1386
pagarmi	1386
pittura	1385
cola	1385
vinceremo	1385
mine	1385
iran	1385
dirigente	1385
scarlett	1385
battaglione	1384
elicotteri	1384
inseguito	1384
nam	1384
svegliarti	1383
incrociato	1383
citazione	1383
musicisti	1382
svezia	1382
giovinezza	1382
pubblicamente	1382
migliorato	1381
jesus	1381
continente	1381
labirinto	1381
traghetto	1381
cap	1381
cassonetto	1380
accompagna	1380
teschio	1380
laboratori	1380
nottata	1380
indagato	1380
copro	1380
amarmi	1380
esercitazione	1379
sfidare	1379
allontani	1379
quentin	1379
rappresentare	1379
giurisdizione	1379
pasquale	1379
ta	1378
profondita	1377
basse	1377
gentiluomini	1377
riprendersi	1377
sgradevole	1377
courtney	1377
affamati	1377
desiderate	1377
allergica	1376
jose	1376
curiosita	1376
funebre	1376
salga	1375
facoltà	1375
jeannie	1375
recitazione	1375
kai	1374
lucky	1374
renderebbe	1374
an	1374
speravamo	1373
ollie	1373
horror	1373
guscio	1373
ignoto	1373
venirmi	1373
osservato	1373
convento	1372
formidabile	1372
barbiere	1372
carly	1372
chiarezza	1372
intestino	1371
ingenua	1371
deacon	1371
coreano	1371
calo	1370
prendervi	1370
casetta	1369
wo	1369
sfortunato	1369
esemplare	1369
piste	1369
dinozzo	1368
hyun	1368
salvarci	1368
peterson	1368
discesa	1368
mar	1368
granata	1367
sembrata	1367
centimetro	1367
religiosa	1367
sonda	1367
reception	1367
prenotazione	1367
strisce	1366
investimenti	1366
montare	1366
simmons	1366
misteri	1366
nostalgia	1365
entrava	1365
francine	1364
tornasse	1364
marines	1364
dette	1364
stoffa	1364
ombrello	1363
occupazione	1363
domestico	1363
francesca	1363
box	1363
mostrando	1363
nodo	1363
utero	1363
astuto	1363
comunale	1362
generali	1362
aiutiamo	1362
meravigliosi	1362
tesori	1362
nikita	1361
pentola	1361
accompagnarmi	1361
cyril	1361
game	1360
costerà	1360
giura	1360
avanzato	1360
sotterraneo	1360
bloccate	1360
artu	1360
automobile	1359
goku	1359
facolta	1359
candy	1359
grana	1359
cartolina	1359
provoca	1359
scompare	1359
paghero	1359
centri	1359
salgo	1359
riconosciuta	1359
rendera	1359
denny	1358
argomenti	1358
mack	1358
contrabbando	1358
cominciate	1358
pensasse	1358
veterani	1358
spazzolino	1357
venticinque	1357
eccole	1356
aiutaci	1356
assai	1356
alaska	1355
sanguigno	1355
localizzare	1355
silenziosa	1355
meyer	1355
ape	1355
portò	1355
daccordo	1355
poverino	1355
preferiresti	1354
mimi	1354
biasimo	1354
disturbarla	1354
tondo	1353
andiate	1353
rimetti	1353
foglia	1353
sig.na	1353
troll	1352
resistito	1352
coinquilina	1352
rifiutata	1352
corsia	1352
competenza	1351
delinquenti	1351
onorare	1351
manchester	1351
gibson	1351
crawford	1351
dopodomani	1351
accusando	1351
accendino	1351
starmene	1351
pallido	1350
organo	1350
attirato	1350
cimice	1350
arrendersi	1349
lasciava	1349
stalla	1349
documentazione	1349
intendevi	1349
matita	1348
olimpiadi	1348
dicesti	1348
quadra	1348
organismo	1348
addome	1348
detenzione	1347
abbandonati	1347
karate	1347
manovra	1347
scintilla	1347
assicurarti	1347
rivolto	1347
antidolorifici	1346
occuparci	1346
significherebbe	1346
ammetti	1345
cassette	1345
giocava	1345
truffatore	1344
tiratore	1344
proprietaria	1344
sherman	1344
granchio	1344
pensarlo	1344
vernon	1344
kev	1344
dimostrarlo	1343
promette	1343
maureen	1343
lasciateci	1343
bacia	1342
burns	1342
rufus	1342
giardiniere	1342
bibita	1342
baciarti	1342
riprendermi	1341
gretchen	1341
finocchio	1341
bande	1341
presti	1341
fuggita	1341
hulk	1341
crederti	1341
izzie	1340
microonde	1340
michigan	1339
celibato	1339
avvicinamento	1339
raggiunge	1339
possedere	1339
julio	1339
riccardo	1338
viventi	1338
empire	1338
sepolta	1338
bryan	1338
maggiordomo	1337
nuziale	1336
mascalzone	1336
louie	1336
bon	1336
istruttore	1336
premuroso	1336
igienica	1336
dessi	1335
yuri	1335
trasferirmi	1335
liberata	1335
usero	1335
pc	1335
arrabbiarti	1334
toccate	1334
congelato	1334
scopriranno	1334
tornarci	1333
sposiamo	1333
sbrighiamoci	1333
scendiamo	1333
annunciato	1333
venere	1332
rogers	1332
nasconderlo	1332
mozione	1332
eco	1331
tipica	1331
dircelo	1330
esploso	1330
pennsylvania	1330
mettici	1330
bersagli	1330
stanne	1330
elezione	1330
tatto	1329
vizio	1329
cuoca	1329
grigia	1329
nigel	1329
ernie	1329
prenderei	1329
celebrità	1328
judith	1328
avvicinatevi	1328
segnalato	1328
internazionali	1328
recinzione	1328
biologica	1328
modus	1327
esplosa	1327
salutarti	1327
les	1327
svenire	1326
tradizioni	1326
bacchetta	1326
girls	1326
sbronza	1326
scoiattolo	1326
corrono	1326
soddisfatta	1326
scatenato	1326
kappa	1325
gelatina	1325
guardaroba	1325
pompiere	1325
rayna	1325
unisciti	1325
ronald	1325
starti	1325
marinai	1325
oggigiorno	1324
maledettamente	1323
spezzare	1323
combini	1323
predica	1323
godetevi	1322
trascorsi	1322
indicare	1322
spontanea	1322
vivete	1322
perfavore	1321
metal	1321
tenta	1321
fritte	1321
anteriore	1321
noleggio	1321
gravita	1320
mah	1320
sparisce	1320
congedo	1320
tener	1320
schifezza	1320
ciambella	1320
vinta	1319
imbroglione	1318
valentine	1318
mm-hmm	1318
chiedilo	1318
modificato	1317
finali	1317
ordinanza	1317
brillanti	1317
anita	1317
perdero	1317
teatrale	1316
discreto	1316
erbe	1316
stazioni	1316
am	1316
armonia	1316
arrestati	1316
fascia	1316
eccessivo	1315
spiando	1315
vicky	1315
gialli	1315
group	1315
finanziari	1315
preliminare	1314
svolgere	1314
buster	1314
amichetto	1314
cheryl	1314
javawarrior2003	1314
conservare	1313
dammene	1313
invidio	1313
avanzi	1313
distribuzione	1313
er	1313
salsicce	1313
omosessuale	1313
boccone	1313
volando	1313
continuerò	1312
buffet	1312
duemila	1312
comportata	1312
trappole	1311
uniformi	1311
userò	1310
jeep	1310
unirmi	1310
bank	1310
nicola	1310
sottoterra	1310
macello	1310
rispondono	1310
trasmesso	1309
daniels	1309
giacomo	1309
urina	1309
piacermi	1309
indicato	1308
individuato	1308
ricevendo	1308
ingegneria	1308
timida	1308
capiranno	1308
condotti	1307
suonano	1307
stento	1307
risveglio	1307
passavo	1307
operandi	1307
droni	1307
vivevano	1307
gioiello	1306
lamentele	1306
accoltellato	1305
troupe	1305
cotone	1305
grandissimo	1305
adorava	1305
cassandra	1305
trasmettere	1305
interiore	1305
rabbino	1305
conservato	1304
hetty	1304
paulie	1304
pratiche	1304
scatto	1304
dimostri	1304
credevamo	1304
snack	1303
ditegli	1303
golden	1303
cacciata	1303
rigido	1303
rame	1303
lamentarti	1303
manchera	1302
beatrice	1302
marziali	1302
adorabili	1302
soglia	1302
sanchez	1302
sync	1302
firenze	1301
assicuratevi	1301
togliersi	1301
commissioni	1301
brent	1301
aprendo	1300
guardatevi	1300
fato	1300
misericordia	1300
sbrighi	1300
indirizzi	1300
nodi	1300
aglio	1300
agitare	1299
vocale	1299
ga	1299
stupratore	1299
vaughn	1299
ahh	1299
rapine	1299
comprarmi	1298
ignorante	1298
decida	1298
patricia	1298
risiamo	1298
suonando	1298
marketing	1298
spaziali	1297
dinosauri	1297
localizzato	1297
puntuale	1297
trovai	1297
culturale	1297
sospira	1297
discoteca	1297
speri	1297
katrina	1297
scuri	1296
frances	1296
tassista	1296
petra	1296
roosevelt	1296
vincono	1296
intrappolata	1296
insegnarmi	1296
ripeterlo	1296
televisivo	1295
carbonio	1295
prudenza	1295
puzzolente	1295
investigatori	1294
destinati	1294
abbracciare	1294
cotto	1293
invio	1293
attaccano	1293
interessava	1293
tutore	1292
imprese	1292
giudiziario	1292
riprendiamo	1292
alleato	1292
pila	1292
conquistato	1292
tesa	1291
frecce	1291
commissariato	1291
organizza	1291
impulsi	1291
serbo	1290
triangolo	1290
volantini	1290
alfredo	1290
emendamento	1290
videogiochi	1290
giulietta	1290
vagabondo	1289
antibiotici	1289
risparmia	1289
metterle	1288
infrangere	1288
cesto	1288
identica	1288
interpretazione	1288
accidentalmente	1288
registratore	1287
renderà	1287
penseremo	1287
agisce	1287
giove	1287
scenda	1287
fax	1287
ladra	1287
afferra	1287
scadente	1287
corvo	1286
durera	1286
canadese	1286
preston	1286
proteggerci	1286
utilizzato	1285
residui	1285
montaggio	1285
mastro	1285
affamata	1285
yankee	1285
razionale	1285
sportiva	1284
volano	1284
intuito	1283
imprevedibile	1283
conoscermi	1283
bevono	1283
segnalazione	1283
complici	1283
atterrato	1283
astronauta	1283
messaggero	1282
accadono	1282
accompagnatore	1282
smetto	1282
incontriamoci	1282
renderla	1282
corridoi	1281
ricordatevi	1281
inventario	1281
avra'	1281
marziale	1281
sollevata	1281
hale	1281
causata	1281
allenamenti	1280
flora	1280
fidatevi	1280
collegare	1280
royal	1280
spietato	1280
presidenza	1280
henderson	1280
cavando	1279
supereroe	1279
emergenze	1279
dalton	1278
pronunciare	1278
liquore	1278
esausta	1278
regime	1278
giuda	1277
giulia	1277
aiuteremo	1277
umiliazione	1277
cartelli	1277
rush	1276
sostenuto	1276
prendesse	1276
marchese	1276
continuavo	1276
mostrerò	1276
conoscevano	1276
rispose	1275
imparerai	1275
piú	1275
starci	1275
taglie	1275
portar	1275
beva	1274
punire	1274
trasformazione	1274
ja	1274
spiegami	1274
concentrata	1273
mostrarle	1273
tossicologico	1273
portali	1273
edie	1273
segna	1273
costringermi	1273
us	1273
caldi	1272
gracie	1272
university	1272
perderla	1272
pronuncia	1272
specialità	1271
stargate	1271
mattoni	1271
postino	1271
dirigendo	1271
ginevra	1270
parcheggiare	1270
lilly	1270
chiamala	1270
caratteristiche	1270
invidia	1270
trattarmi	1270
filippo	1270
statistiche	1270
darius	1270
efficiente	1269
separare	1269
indovinato	1269
limonata	1269
sans	1269
pamela	1269
sbornia	1268
modificare	1268
arrenderti	1268
bastato	1267
individui	1267
lara	1267
flint	1267
seguirlo	1267
light	1267
scrittrice	1267
sè	1266
poverina	1266
sequestro	1266
considerati	1266
julien	1266
forzato	1265
ulteriore	1265
ricominciato	1265
mappe	1265
riportarla	1265
preparativi	1265
limitato	1265
cristiana	1264
attrezzature	1264
scelti	1264
souvenir	1264
amaro	1264
circondati	1264
stressante	1264
avvenuta	1264
yale	1264
comprando	1263
formiche	1263
partorire	1263
riserve	1263
risarcimento	1263
elementari	1263
rilassarmi	1263
angoli	1263
domestici	1263
felpa	1263
intento	1263
sdraiati	1263
cary	1262
schiuma	1262
chimiche	1262
tantissimi	1262
arcobaleno	1261
matteo	1261
fletcher	1261
trattarsi	1261
crowley	1261
trama	1261
ricomincia	1261
scrittori	1261
continuerà	1260
ciglio	1260
spezza	1260
basterà	1260
scolastica	1260
ei	1260
donny	1260
buffone	1260
prue	1259
insegnarti	1259
feloreena	1259
serate	1259
alimenti	1259
cerasa	1258
selezione	1258
fish	1257
svegliarsi	1257
godendo	1257
accese	1257
cappuccio	1257
dinamite	1257
numerosi	1257
tardis	1256
fingi	1256
luminoso	1256
blackout	1256
cattolico	1256
colpe	1255
vivrai	1255
dillon	1255
accettabile	1255
concentrarsi	1255
immenso	1255
cominciò	1255
russe	1255
picco	1255
queens	1255
simboli	1255
quarterback	1255
affido	1254
brunch	1254
diventero	1254
spuntino	1254
fermera	1254
sentirei	1254
oswald	1254
ribellione	1254
massaggi	1254
budino	1254
permettetemi	1254
togliamo	1254
scia	1253
clarence	1253
who	1253
vesti	1253
romanzi	1253
ritenuto	1252
mangiarlo	1252
smettete	1252
darla	1252
bussola	1252
piangeva	1252
frammento	1251
decollo	1251
lyon	1251
striscia	1251
sanguinare	1251
imperiale	1251
operatore	1250
agenzie	1250
tornassi	1250
sorridendo	1250
binario	1250
ruoli	1250
lamenta	1249
muto	1249
eccesso	1249
irlandesi	1249
lamento	1249
vincitori	1249
addominali	1249
artigli	1249
allontanarsi	1249
ammalato	1249
reazioni	1249
abbassate	1248
simulazione	1247
scozzese	1247
condizionale	1247
onestà	1246
impostore	1246
sposate	1246
disgraziato	1246
rimessa	1246
quartieri	1245
ricostruzione	1245
pomodoro	1245
accolto	1245
fogli	1244
riggs	1244
trafficante	1244
carlton	1244
arrabbi	1243
individuare	1243
rotti	1242
gridando	1242
spaventarti	1242
introdotto	1241
provavo	1241
matricola	1241
prostituzione	1241
piacciano	1240
avanza	1240
convocato	1240
right	1239
lamentarsi	1239
sposarla	1239
sportello	1239
piccioni	1239
isabella	1239
cenato	1239
rima	1239
detti	1238
polonia	1238
difendersi	1238
mancherà	1238
raduno	1238
aprirlo	1238
rompi	1238
proveniente	1238
uccisione	1237
graziosa	1237
masticare	1237
insulti	1237
rivelazione	1237
ricorderai	1237
interi	1237
ossessionata	1237
cerebrali	1237
herr	1237
sconvolgente	1237
costata	1237
tradisce	1237
scivolare	1236
canaglia	1236
promettente	1236
venissero	1236
tango	1236
nevada	1235
turk	1235
stressato	1235
amatoriale	1235
strambo	1235
esecutivo	1235
rami	1234
see	1234
distanze	1234
acquisti	1234
atteso	1234
theresa	1234
artiglieria	1234
preti	1233
fissata	1233
luther	1233
pugile	1233
yu	1233
antiche	1233
pompe	1232
positivi	1232
vicki	1232
lavagna	1232
mettetelo	1232
suicidi	1232
fermerà	1232
discussioni	1231
davano	1231
seguaci	1231
furbi	1231
aspirina	1231
cassidy	1231
invano	1230
piscio	1230
scoprirà	1230
pakistan	1230
covo	1229
lieve	1229
sacerdote	1229
ow	1229
picchia	1228
rivela	1228
emmett	1228
vassoio	1228
attico	1227
lasciassi	1227
modelle	1227
parassita	1227
continuerai	1227
muscolo	1227
inseguimento	1226
scanner	1226
tornava	1226
interpretato	1226
aiutati	1226
rimpianto	1226
bigliettoni	1226
minimamente	1226
ingredienti	1226
avversari	1225
fatela	1225
spa	1225
diffuso	1225
spaventi	1225
fedeltà	1225
priva	1225
colpirmi	1224
baita	1224
passerò	1224
sawyer	1224
izzy	1224
dadi	1224
prestiti	1224
from	1224
controllati	1223
barbone	1223
andassimo	1223
fratture	1223
debbano	1223
giustificare	1223
fighi	1223
aggeggio	1223
differenze	1223
paracadute	1222
abbandona	1222
cook	1222
sopracciglia	1222
tenetelo	1222
dimentichiamo	1222
ade	1221
sicario	1221
ballerino	1221
piume	1221
christy	1221
obbedire	1221
lila	1221
mance	1220
richiedono	1220
how	1220
gatta	1220
catastrofe	1220
biondo	1220
m.	1220
palm	1220
include	1219
umiliato	1219
langley	1219
lavatrice	1219
clinton	1219
satellitare	1218
commerciali	1218
rintracciarlo	1218
ondata	1218
affronta	1218
governare	1218
tombe	1218
arena	1218
autorizzata	1218
shield	1218
salvando	1218
concerti	1217
gabi	1217
culetto	1217
prof	1217
talenti	1217
reattore	1217
immediata	1217
saliva	1217
nani	1216
conoscesse	1216
riferire	1216
sergio	1216
prendano	1216
informati	1216
tasto	1216
assicurero	1216
guardatelo	1216
limitata	1215
intruso	1215
goccio	1215
salmone	1214
sorgente	1214
importasse	1214
lattina	1214
costiera	1214
dignita	1214
psicologico	1213
scopriro	1213
sfogo	1213
esausto	1212
en	1212
amsterdam	1212
league	1212
interamente	1212
fiumi	1212
sperato	1212
pensateci	1212
drogati	1212
proteine	1212
viscido	1212
bugiardi	1212
genetico	1211
tela	1211
bevande	1211
colloqui	1211
destinata	1210
dialogo	1210
frego	1210
telefonici	1210
suocera	1210
esistesse	1210
santiago	1210
cadde	1209
raccogliendo	1209
minestra	1209
hassan	1209
compilare	1209
blocchi	1209
bussato	1209
daresti	1209
minacciata	1208
we'	1208
commovente	1208
rapitori	1208
'e	1207
preliminari	1207
suvvia	1207
pianti	1206
zampa	1206
profonde	1206
tribu	1206
whitney	1205
l.a.	1205
testi	1205
vivace	1205
aumentato	1205
guinzaglio	1205
tendenza	1205
crollato	1205
dure	1205
orizzonte	1205
completi	1204
yard	1204
sottosopra	1204
adottare	1204
virtù	1203
fibre	1203
ip	1203
cascata	1202
acquistare	1202
kensi	1202
conoscerci	1202
armstrong	1201
meravigliose	1201
abraham	1201
accettiamo	1201
locanda	1201
polsi	1200
spegnete	1200
county	1200
illegalmente	1200
recluta	1200
freezer	1200
heart	1200
fesso	1200
cognata	1199
venderla	1199
ricordami	1198
minorenne	1198
sookie	1198
scavato	1197
was	1197
finiranno	1197
ritirarsi	1196
tronco	1196
nixon	1196
acceleratore	1196
elettricita	1196
mentalmente	1196
ballato	1196
spettro	1196
checca	1195
matthews	1195
miniere	1194
dead	1194
lisbon	1194
sterling	1194
rubi	1194
potevate	1194
alimentari	1194
stallone	1194
sub	1194
sentirci	1194
lawson	1194
pregando	1194
chiarito	1193
scenata	1193
vaniglia	1193
sospesa	1193
corriamo	1192
bevanda	1192
mannaro	1192
incisione	1192
volontariamente	1192
infiltrato	1191
radice	1191
circondata	1191
mars	1191
town	1190
lode	1190
professori	1190
alias	1190
senior	1190
pantaloncini	1190
sederci	1190
decimo	1190
bisturi	1189
concorrenti	1189
dott.ssa	1189
sovrintendente	1189
salario	1189
piango	1189
matrimoniale	1188
diffondere	1188
organizzata	1188
ziva	1188
terminare	1188
scansione	1188
vincendo	1188
rilassarsi	1188
spaventando	1188
duchessa	1188
serra	1188
dispositivi	1188
lontane	1188
russ	1188
morirete	1188
posticino	1188
telefonico	1187
snob	1187
catering	1187
disk	1187
reclamo	1187
atomica	1187
lasciarsi	1187
sfuggita	1187
lavoreremo	1186
napoleone	1186
dopodiche	1186
guidatore	1186
condannati	1185
figure	1185
soia	1185
burton	1185
sedili	1185
coroner	1185
pento	1185
schiacciato	1185
gemello	1184
storiella	1184
esito	1184
genero	1184
tirarla	1184
diga	1184
ascoltarti	1184
specchi	1183
lasciò	1183
venduti	1183
forchetta	1183
not	1183
palloncini	1182
sorvegliare	1182
manderanno	1182
artistico	1182
parlassi	1182
strato	1182
sistemiamo	1182
aiuteranno	1182
chiedessi	1182
pargolo	1181
sanguina	1181
spiare	1181
penitenziario	1181
tossici	1181
previsioni	1181
esplosioni	1181
seal	1181
rimpianti	1181
interpol	1180
combattente	1180
scorrere	1180
riservate	1180
bloom	1180
karaoke	1180
bilancio	1179
aggiunta	1179
freghi	1179
take	1179
risolveremo	1179
perderò	1179
pneumatici	1178
skipper	1178
diabete	1178
gigantesco	1178
universale	1178
liberate	1178
lina	1178
felicity	1177
prendetevi	1177
mascella	1177
draghi	1177
vestire	1177
piselli	1177
orfani	1177
apollo	1177
sopporta	1176
tobias	1176
aghi	1176
creek	1176
lucious	1176
triplo	1176
millimetri	1176
slogan	1175
eccita	1175
beck	1175
diventeremo	1175
apertamente	1175
cambiarlo	1175
rendiamo	1175
comportano	1175
indossano	1174
aurora	1174
poteste	1174
calde	1174
connesso	1174
live	1174
polmone	1174
console	1174
finanze	1174
feroce	1174
stagno	1174
pigro	1173
malvagi	1172
jax	1172
evasione	1172
buddha	1172
sposti	1172
penne	1172
raccogli	1171
funzionario	1171
morbido	1171
cercavamo	1171
influenzare	1171
ko	1171
ariel	1170
basti	1170
abbondanza	1170
rubrica	1170
cambiarti	1170
specialita	1170
cercheranno	1169
rimorchiare	1169
mostrarvi	1169
vinciamo	1169
traiettoria	1169
richmond	1169
motivazione	1169
bikini	1169
pozione	1168
reality	1168
bontà	1168
cruciale	1168
gradirei	1168
mangeremo	1168
caramella	1168
confidenziale	1168
proporre	1168
bussa	1168
chiavetta	1167
manderemo	1167
spiccioli	1167
aprono	1167
societa'	1167
indice	1167
subs	1166
fs30	1166
risolviamo	1166
poveretto	1166
consentito	1166
attaccando	1166
musulmani	1165
lanci	1165
moriamo	1165
dimesso	1165
prototipo	1165
desolato	1165
volessero	1165
chemio	1165
tuono	1165
ricoperto	1164
facevate	1164
aiutante	1164
invia	1164
informatico	1163
cosce	1163
walsh	1163
permessi	1163
liza	1163
prevenire	1163
fiocchi	1163
baciati	1162
risolve	1162
contribuito	1162
imbecilli	1162
ragiona	1162
startene	1161
scheletro	1161
specifica	1161
elettori	1161
nascondo	1160
fuggitivo	1160
fire	1160
cipolle	1160
bottoni	1160
continuero	1159
sigari	1159
dogana	1159
banane	1159
ethel	1159
carote	1159
maniche	1159
accorga	1158
cofano	1158
mancante	1158
riuscissimo	1158
respirazione	1158
riuscirete	1158
prendessi	1158
cometa	1158
yoo	1157
riformatorio	1157
pagamenti	1157
scantinato	1157
insegnano	1156
fotocamera	1156
urlano	1156
fondamentalmente	1156
trionfo	1156
tormento	1155
lascerei	1155
part-time	1155
frustrante	1155
vivremo	1155
jr	1155
golfo	1154
comprarti	1154
manipolare	1154
passarmi	1154
galline	1154
dottorato	1154
meta'	1154
capivo	1153
lu	1153
precauzione	1153
fateci	1153
effrazione	1152
colpevolezza	1152
seol	1152
gallagher	1152
muta	1152
cambieranno	1152
anders	1152
risparmio	1152
goblin	1151
caffetteria	1151
riferivo	1151
intuizione	1151
stiles	1151
procedi	1151
wright	1150
mettervi	1150
pannello	1150
sovietica	1150
aragosta	1150
avviare	1150
mantenete	1150
vago	1150
furiosa	1150
palcoscenico	1150
cibi	1149
design	1149
strutture	1149
fondato	1149
vargas	1149
arrestarlo	1149
permettono	1149
esterna	1149
fncomic	1149
successi	1149
usarli	1149
trovino	1149
brodo	1148
penelope	1148
matura	1148
uccidersi	1148
presuntuoso	1148
scura	1147
trovarvi	1147
butler	1147
shelley	1147
have	1146
stanford	1146
bidone	1146
here	1146
clone	1146
asia	1146
camminata	1146
aspettatemi	1146
scappo	1145
hospital	1145
accompagnata	1145
chiamerai	1145
cookie	1145
riempie	1145
secchi	1144
columbia	1144
marino	1144
seguiti	1143
femminili	1143
rappresentano	1143
ecografia	1143
esplode	1143
andammo	1143
pensavate	1143
accelerare	1143
riposarti	1142
lavoratore	1142
atleti	1142
proceda	1142
modifiche	1142
tragica	1142
proveremo	1142
crederà	1142
leggende	1142
omega	1142
uccideremo	1141
provenienti	1141
milton	1141
gattino	1141
otis	1140
convincerti	1140
orrenda	1140
riparato	1140
week	1140
evadere	1140
polpette	1140
sky	1139
sobria	1139
trump	1139
informatica	1138
avanzare	1138
trey	1138
lettore	1138
scorciatoia	1138
ottengo	1138
tragitto	1138
innocuo	1138
fotografico	1137
compromessi	1137
jody	1137
regia	1137
codardi	1137
arturo	1137
diventasse	1137
dolcetti	1137
joanna	1137
mettiamola	1136
chanel	1136
lockhart	1136
martinez	1136
nomina	1136
stupefacente	1136
school	1136
percepisco	1135
camice	1135
rivivere	1135
impazziti	1135
videocamere	1135
hawkins	1135
stanton	1135
evie	1135
paris	1134
ragni	1134
visibile	1134
forense	1133
lavoravano	1133
fattorino	1133
succhiare	1133
camerino	1133
verificato	1133
fiammiferi	1133
consapevolezza	1132
aubrey	1132
pazze	1132
imbarazzato	1132
brilla	1132
michel	1132
industrie	1132
riuscisse	1132
gong	1131
perquisire	1131
uccidete	1131
mandarla	1131
ricevete	1131
hastings	1131
calcolo	1131
comportamenti	1131
w	1131
leah	1131
crichton	1130
voltati	1130
bin	1130
cora	1130
magnetica	1130
sessanta	1130
convinzione	1130
patterson	1130
svolto	1129
disney	1129
insisti	1129
soccorsi	1129
tori	1129
quotidiano	1129
barb	1128
reddington	1128
decina	1128
nasconderci	1128
esaurimento	1127
zoccola	1127
astinenza	1127
over	1127
barrett	1127
marchi	1127
assaggiato	1127
sposerai	1127
testare	1126
ascoltarla	1126
scusarci	1126
coscia	1126
arriverai	1126
acquistato	1125
sentirtelo	1125
problemino	1125
ferirti	1125
saprete	1124
promemoria	1124
dormivo	1124
weaver	1124
diventiamo	1123
convince	1123
pannolino	1123
mississippi	1123
sissignora	1123
eliot	1123
stacey	1122
incasinata	1122
occuparmene	1122
buste	1122
mettili	1122
vinca	1122
sogna	1122
gioventù	1121
parassiti	1121
stringi	1121
statemi	1121
notiziari	1121
spenta	1121
registrando	1121
finirò	1120
tremare	1120
fast	1120
accende	1120
affermativo	1120
orientamento	1120
ripostiglio	1120
sentendo	1119
bolla	1119
natasha	1119
mateo	1119
parrucchiere	1119
chet	1119
installato	1119
diamond	1119
ideali	1118
diverti	1118
billie	1118
voialtri	1118
lecca	1118
cresci	1118
status	1118
distruggerlo	1118
ball	1118
tornò	1118
giuri	1118
colpirlo	1118
rischiando	1118
mangiati	1117
blues	1117
prelevato	1117
cessate	1116
causando	1116
supremo	1116
shot	1116
two	1116
sci	1116
provava	1115
sì.	1115
riconoscente	1115
liquori	1115
fisici	1115
scotta	1114
gerry	1114
superata	1114
diamogli	1114
vociare	1114
montana	1113
can'	1113
stereo	1113
porsche	1112
alcolizzato	1112
illuminazione	1112
impotente	1112
rientrato	1111
frederick	1111
portiamolo	1111
ottanta	1111
quinte	1111
macchiato	1111
approfittare	1111
eduardo	1111
camicie	1111
botto	1111
prestarmi	1110
indistinto	1110
hm	1110
avercela	1110
odino	1110
vestirmi	1110
veder	1110
crepa	1110
lasciarvi	1110
divisi	1109
fregatura	1109
dotato	1109
benson	1109
bussano	1109
piantare	1109
severo	1109
morty	1109
novellino	1109
volontariato	1109
costosi	1108
groot	1108
protegga	1108
riguardava	1108
dolorosa	1108
sbarazzarsi	1108
giocate	1107
riusciranno	1107
dimentichero	1107
balia	1107
manifestazione	1107
filmare	1107
în	1107
ferguson	1107
decisa	1107
stimato	1107
disarmato	1107
vetrina	1106
bird	1106
tagliati	1106
miglioramento	1106
cautela	1106
beta	1106
portavoce	1105
incosciente	1105
offrirvi	1105
riceviamo	1105
vigile	1104
raj	1104
oregon	1104
luisa	1104
p.	1104
attratta	1104
paghera	1104
dilettante	1104
marianne	1104
oscuri	1104
benedetta	1103
inaspettato	1103
pazzoide	1103
polizza	1103
dolly	1103
pappagallo	1102
oltrepassato	1102
decorazioni	1102
cappuccino	1102
linus	1102
volermi	1101
vertigini	1101
tendono	1101
fornisce	1101
diarrea	1101
terreni	1100
direte	1100
gettate	1100
ernesto	1100
justine	1100
avvelenamento	1100
boyle	1099
impressionato	1099
qualificato	1099
fondatore	1099
presunto	1099
sully	1099
rapitore	1099
giurati	1098
casalinga	1098
affittare	1098
richiama	1098
ketchup	1098
portafortuna	1098
jerome	1098
pi	1098
prigioni	1098
tradendo	1097
spaccare	1097
proteggi	1097
daffodils	1097
parcheggiata	1097
rifornimento	1097
accogliente	1096
addice	1096
accoglienza	1096
esteri	1096
drammatico	1096
lindsey	1096
interviste	1096
drammatica	1096
concorrente	1096
sang	1096
betsy	1095
qualcosina	1095
concentriamoci	1095
infilare	1095
matrigna	1095
iii	1095
pentito	1095
pallina	1095
nervosi	1095
collera	1094
lennox	1094
london	1094
spogliatoio	1094
collare	1094
uscivo	1094
fregata	1094
reagisce	1094
imbrogliato	1093
es	1093
pizzico	1093
prince	1093
suore	1093
sposeremo	1093
commozione	1092
monti	1092
imitazione	1092
iron	1092
comprano	1092
clayton	1092
dark	1091
adele	1091
arca	1091
apprendista	1091
urli	1091
divertiamo	1091
dirigenti	1091
eleganti	1091
sviluppi	1091
opposta	1091
avvicinarmi	1091
rap	1091
chimici	1091
sierra	1091
general	1090
rinuncia	1090
spence	1090
volontaria	1090
detonatore	1090
gradito	1090
incontrano	1089
ventre	1089
mercurio	1089
hipopo	1089
mon	1089
irresponsabile	1089
ignoranza	1088
disperati	1088
fornitore	1088
josie	1088
alma	1088
shampoo	1088
illinois	1088
inciso	1088
ricordava	1087
prepariamo	1087
combinare	1087
operaio	1087
cartoni	1087
componenti	1087
chiamerà	1086
sentissi	1086
segretamente	1086
parametri	1086
processi	1086
cristalli	1086
rover	1086
ucciderei	1086
borghese	1086
tasha	1085
spaventarmi	1085
make	1085
plausibile	1085
televisore	1085
deliziosi	1085
sesta	1085
wanda	1085
implica	1085
bleah	1085
accorti	1085
assurde	1084
pala	1084
sfido	1084
gamberi	1084
sti	1084
butch	1083
jasmine	1083
coyote	1083
prendevo	1083
divieto	1083
condividiamo	1083
continuera	1082
polie'	1082
stewie	1082
combacia	1082
saltiamo	1082
prenotare	1082
desideravo	1082
arrivassi	1082
vance	1081
calmarmi	1081
riservatezza	1081
vitamine	1081
panda	1081
davo	1081
nova	1081
sovrano	1081
magistrato	1080
giriamo	1080
assicurazioni	1080
terrence	1080
pacchi	1080
stà	1080
consideralo	1080
finge	1079
kentucky	1079
giulio	1079
onu	1079
esistito	1079
creati	1079
carogna	1079
costera	1079
scordare	1079
station	1079
concreto	1079
protettore	1079
demgirl	1079
protocolli	1078
vergognarsi	1078
siringa	1078
flirtare	1078
compatibile	1078
scarafaggi	1078
call	1078
geme	1078
confezione	1077
travestito	1077
olandese	1077
woods	1077
imbattuto	1077
conosciute	1077
determinazione	1077
sex	1077
combattono	1076
forzare	1076
temporaneamente	1076
mollo	1076
sant'	1076
attira	1076
migliora	1076
potersi	1076
invita	1075
negligenza	1075
pescatore	1075
dude	1075
colpiscilo	1075
scampo	1075
messicana	1075
fuorilegge	1075
lars	1075
ginny	1075
scriverò	1074
ducky	1074
diplomatico	1074
tazze	1074
interventi	1074
want	1074
union	1074
boo	1073
arreso	1073
approfittato	1073
fotte	1073
compriamo	1073
cricket	1073
attenda	1072
riprendi	1072
negarlo	1072
solida	1072
sintomo	1072
brivido	1072
orlando	1072
satelliti	1071
ambizioso	1071
sudare	1071
giustiziato	1071
avviene	1071
citato	1071
desse	1071
aldo	1071
margine	1070
effettuare	1070
cariche	1070
indispensabile	1070
cimici	1070
farglielo	1070
warner	1070
tomas	1070
dolcemente	1070
sputare	1070
compratore	1070
sottoposto	1070
urlava	1069
oculare	1069
rubo	1069
metterebbe	1069
gestisco	1069
responsabilita'	1068
phyllis	1068
annunci	1067
bruciati	1067
chiamerei	1067
partecipazione	1067
ingiustizia	1067
antidroga	1066
ripete	1066
apparenza	1066
paranoia	1066
intellettuale	1066
futuri	1066
ditelo	1066
never	1066
assume	1065
tonto	1065
miliardario	1065
banks	1065
licenzio	1065
arrenditi	1065
colpiscimi	1065
dimenticando	1065
consolato	1065
intere	1065
faith	1064
terminale	1064
fissi	1064
lavati	1064
miriam	1064
fratellanza	1064
preziosi	1064
atlantic	1064
ampio	1064
hola	1064
aspirapolvere	1063
parolacce	1063
calcolato	1063
scoparti	1063
stronze	1063
kyung	1063
barella	1063
power	1062
nega	1062
fiscale	1062
riuscirebbe	1062
fuller	1062
grady	1061
cottage	1061
assurdità	1061
distrarre	1061
grimm	1061
cavarsela	1061
henri	1061
mangiata	1060
rendete	1060
testicoli	1060
cene	1060
corone	1060
fardello	1060
specializzato	1060
ottavo	1060
fondamenta	1060
giovanile	1060
bad	1059
disturbata	1059
figliola	1059
sediamo	1059
lavo	1059
trasferirti	1059
letta	1059
dannate	1059
sabine	1059
freschi	1058
circonda	1058
timone	1058
spine	1058
scriverlo	1058
spagnola	1057
stagista	1057
toilette	1057
chiamera	1057
newton	1057
andarono	1057
camelot	1057
funerali	1056
potervi	1056
stancato	1056
let	1056
barile	1056
schiaffi	1056
arrivava	1056
ferri	1056
marcy	1055
lente	1055
cochrane	1055
selfridge	1055
iscrizione	1055
fonda	1055
francesco	1055
equivoco	1054
testata	1054
perbacco	1054
greci	1054
veranda	1054
rae	1054
pagarti	1054
solleva	1054
connecticut	1054
abbaia	1053
vendicare	1053
fae	1053
offriamo	1053
precauzioni	1053
fanny	1052
incontrerai	1052
unisce	1052
giretto	1052
volle	1052
scivolato	1051
comprerò	1051
fidavo	1051
fragole	1051
potercela	1051
vasta	1051
dora	1051
assicuri	1051
spegnilo	1051
lobo	1051
preoccupano	1051
fuggiti	1051
riportata	1051
rifornimenti	1050
picard	1050
cespugli	1050
nadine	1050
oltrepassare	1050
abbassato	1050
casella	1049
wi-fi	1049
monta	1049
spiegherò	1049
molli	1049
chester	1049
dino	1049
annoiato	1049
riprende	1049
oltretutto	1048
torri	1048
muovete	1048
trasmettitore	1048
intrusione	1048
guardiani	1048
stargli	1048
porci	1048
offrirmi	1047
magici	1047
leila	1047
blaine	1047
tormenta	1047
bistecche	1047
enigma	1047
angoscia	1046
wraith	1046
normalita	1046
fattura	1046
dwayne	1046
esterni	1046
parlasse	1046
hyung	1045
venderlo	1045
sanders	1045
ridammelo	1045
rappresento	1045
pianificare	1045
gesso	1045
scoprirò	1045
stampato	1044
delia	1044
intervallo	1044
partorito	1044
fondamentali	1044
rese	1044
torti	1044
gelati	1044
buffy	1043
inventando	1043
perdermi	1043
rimarro	1043
spacciato	1043
posseduto	1043
fighetta	1043
cenno	1043
blur	1043
gala	1043
investigare	1043
vestirti	1042
buttarmi	1042
sistemazione	1042
morde	1042
fermeremo	1042
fermatelo	1042
istinti	1042
norvegia	1041
prevedibile	1041
winter	1041
esaminando	1041
troietta	1041
definitivo	1041
pride	1041
sentir	1041
affezionato	1040
andresti	1040
viaggiatore	1040
gratuito	1040
procedimento	1040
mariana	1040
seanma	1040
inclusi	1040
classifica	1040
facemmo	1040
dividerci	1039
berretto	1039
off	1039
budella	1039
riflettori	1039
recitato	1039
precise	1039
separato	1039
cannella	1039
bmw	1039
perkins	1039
spostata	1038
sfide	1038
ramon	1038
accettata	1038
dormiamo	1038
spararti	1038
tappo	1038
socia	1037
chiamarli	1037
coop	1037
dosi	1037
hara	1037
liberarci	1037
adorata	1037
vagone	1037
wong	1037
filtro	1037
cipolla	1037
cioccolatini	1036
intralcio	1036
altoparlante	1036
guardali	1036
karev	1036
suicidarsi	1036
frequenze	1035
aviazione	1035
manifesto	1035
confessa	1035
imploro	1035
sottufficiale	1035
trattiene	1034
illusioni	1034
sopportato	1034
seccatura	1034
fratellone	1034
esclusivamente	1034
andrews	1034
rocco	1034
phillips	1033
sedativo	1033
fregarmi	1033
aggiungi	1033
giardini	1033
centomila	1033
ghetto	1032
versare	1032
dovermi	1032
wrestling	1032
difensiva	1031
finiro	1031
trovarono	1031
distratta	1031
lucifero	1031
mirtilli	1030
minacciare	1030
favole	1030
occuperà	1030
ricardo	1030
vela	1030
vienna	1030
sbatte	1030
vivrà	1030
trucchetto	1030
allie	1030
riusciresti	1030
trovò	1029
colleen	1029
testimoniato	1029
noiosi	1029
immaginario	1029
servitore	1029
prepotente	1029
scelga	1028
grassone	1028
reti	1028
saliamo	1028
sentivi	1028
mackenzie	1028
vasi	1028
consegni	1027
creano	1027
alleluia	1027
meritiamo	1027
rimandato	1027
arruolato	1027
damian	1027
dinosauro	1027
navale	1027
apprezziamo	1026
bethany	1026
liquidi	1026
scioccante	1026
schizzi	1026
morse	1026
considerate	1026
catturati	1026
affondare	1026
villaggi	1025
trasformando	1025
giovanna	1025
lang	1025
fartela	1024
frontale	1024
kirsten	1024
amnesia	1024
spilla	1024
pagheranno	1024
gerusalemme	1024
avvolto	1024
toccherà	1024
tesserino	1024
au	1024
proposte	1023
sdraiato	1023
quadrante	1023
compresi	1023
asse	1022
sherry	1022
iniziarono	1022
verra'	1022
asiatico	1022
venirci	1021
vibrazioni	1021
sostengono	1021
parziale	1020
attivi	1020
nasconditi	1020
lesione	1020
stressata	1020
barra	1020
springfield	1020
correva	1019
conducente	1019
importato	1019
morirono	1019
chin	1019
cresta	1018
consulenza	1018
rilassato	1018
orme	1018
ammiratore	1017
fateli	1017
calcagna	1017
lucille	1017
trattenermi	1016
scesi	1016
ada	1016
quadrato	1016
pressi	1016
argo	1016
rimettiti	1016
scatta	1016
ecstasy	1015
lizzy	1015
portateli	1015
bibite	1015
bicchierino	1015
controllarmi	1015
bisognerebbe	1015
greta	1015
abed	1015
coniglietto	1014
suocero	1014
propaganda	1014
melodia	1014
neo	1014
kimmy	1014
combattimenti	1014
isubs	1013
drama	1013
font	1013
capiva	1013
jensen	1013
portavo	1013
cosmo	1013
dote	1013
estinzione	1013
squilli	1013
fiasco	1013
raven	1013
resistente	1012
rilassante	1012
totò	1012
gate	1012
movies	1012
leonardo	1012
ex-moglie	1011
rubinetto	1011
edmund	1011
multe	1011
nossignore	1011
supervisione	1011
zane	1011
cardiaca	1011
scatti	1011
stringe	1011
sbatto	1010
guarita	1010
disperso	1010
said	1010
corrotti	1010
pappa	1009
diverto	1009
ay	1009
felicemente	1009
spiacerebbe	1009
prepararci	1009
aiutate	1009
prelevare	1009
gerard	1009
maledette	1009
semaforo	1009
provalo	1009
scapolo	1008
delfino	1008
aggressiva	1008
allergia	1008
finzione	1008
spagnoli	1008
cory	1008
travaglio	1008
festeggiando	1008
rifatto	1007
scosso	1007
peggiorato	1007
famose	1007
colombia	1007
proiezione	1007
haskell	1007
calligrafia	1007
ammirare	1007
food	1007
attaccate	1006
umido	1006
determinata	1006
melinda	1006
k.	1006
ammalata	1006
poveraccio	1006
abbassati	1006
guastafeste	1006
predatore	1006
addestrati	1006
staresti	1005
beveva	1005
bass	1005
regalino	1005
salvate	1005
allontana	1004
repubblicani	1004
lisina	1004
nono	1004
festeggiato	1003
oltraggio	1003
significativo	1003
hangar	1003
sofisticato	1003
cash	1003
paesaggio	1002
indifferente	1002
benda	1002
cancellata	1002
residenti	1002
tornai	1002
portassi	1002
universitario	1002
suggerire	1002
datevi	1002
balene	1001
dopodiché	1001
tavoletta	1001
asma	1001
sopravvive	1001
contraria	1001
amicizie	1000
esilio	1000
terminata	1000
puntura	1000
camilla	1000
smarrito	1000
strappare	1000
assi	1000
nat	999
spostiamo	999
incantesimi	999
trascinata	999
sepolti	999
elias	999
jorge	998
novanta	998
frusta	998
harley	998
occuparsene	998
concentri	998
allan	998
cinquemila	998
licenziarmi	998
ricordatelo	998
sistemeremo	997
offrono	997
scaricata	997
orsacchiotto	997
trimestre	997
danneggiare	997
invisibili	997
gancio	996
luminosa	996
vini	996
batteri	996
lasciarle	996
elettrici	996
coinvolte	996
jed	995
sfamare	995
trudy	995
kristen	995
quaderno	995
orfano	995
scacco	995
ammette	995
curry	994
bottega	994
lieti	994
rango	994
pulisco	994
donazioni	994
rubano	994
orale	994
farfalle	994
carichi	993
skye	993
convulsioni	993
espansione	993
ohh	993
oprah	993
doti	993
magazzini	993
devozione	993
meschino	992
scopando	992
sensibili	992
ugh	992
caviglie	992
razzi	992
boone	992
funzionerebbe	992
lampadina	991
rilevare	991
angus	991
puntando	991
fighe	991
tremando	991
disoccupato	991
sorprendentemente	991
hyde	991
ferme	991
jd	991
strettamente	991
scriveva	991
mattine	991
siobhan	990
intrattenimento	990
vulnerabili	990
riteniamo	990
cantava	990
trovami	990
rapinare	990
beatles	990
raccolti	990
riprenderti	990
cantiamo	990
avvenire	989
playboy	989
sciocchi	989
azzardare	989
card	989
gru	989
poppy	989
raylan	989
diventeranno	989
rompo	988
deduco	988
savannah	988
frullato	988
rivali	988
reclute	988
credera	988
imbarazzata	988
parrocchia	987
piaga	987
inizialmente	987
raccontarti	987
interrompo	987
riprendera	987
abel	987
riparazioni	986
acustico	986
equo	986
vestirsi	986
rod	986
fernando	986
plancia	986
invecchiare	986
seguiva	986
spesi	986
morsa	986
culto	985
winchester	985
percepire	985
accompagnarti	985
maschietto	985
imprenditore	985
shay	985
churchill	985
adriana	985
sfondato	985
bullo	985
cobra	984
starne	984
credessi	984
definisce	984
somiglianza	984
spock	984
carmela	984
buttalo	984
margarita	984
tarda	984
percorrere	984
liberta'	983
saro'	983
tattiche	983
ripensato	983
smetterai	983
eccitazione	983
toglierlo	983
leccare	983
insultato	983
penserebbe	983
kayla	982
hostess	982
sereno	982
mei	982
pregiudizi	982
dicevamo	982
lurido	982
combattenti	982
be1	982
squartatore	981
genitali	981
bambolina	981
trarre	981
rampa	981
thea	981
allenato	981
sospettata	981
maghi	981
facciata	981
tute	981
suggerendo	981
sarcasmo	980
numerose	980
crediti	980
confusi	980
spregevole	980
dimostrano	980
ascoltiamo	979
integrita	979
fluido	979
pipistrello	979
say	979
hazel	979
sugar	979
riprendo	978
scalare	978
verdura	978
sorda	978
timer	978
mountain	978
ss	978
kono	978
sepoltura	978
finanziare	978
boys	978
riprenditi	978
mannaggia	977
convoglio	977
maryland	977
trattati	977
cercatore	977
ebbi	976
katy	976
boia	976
mulo	976
nemica	976
polacco	976
heidi	976
associato	976
sensitivo	976
simpatia	976
oui	976
inno	976
otterrai	976
tappa	975
caterina	975
hawk	975
emesso	975
lavarti	975
finti	975
dax	975
giunti	975
dutch	975
best	975
fibra	975
eileen	975
ricoverato	975
enzo	975
pisciato	975
consulto	975
guidata	975
innumerevoli	975
creativa	975
trovarle	974
lusingato	974
lavoravi	974
quarti	974
occupate	974
st	974
sposerò	973
rischiamo	973
igiene	973
riportarti	973
talbot	973
fermano	973
marjorie	973
rovinarmi	973
romanticismo	973
funebri	973
sistemarlo	973
chiodi	973
appartieni	972
sciolto	972
caveremo	972
assassinata	972
allegria	972
cattiveria	972
monastero	972
dicano	972
continuando	971
remoto	971
'giorno	971
veterano	971
riceverai	971
decker	971
springs	971
crederanno	971
testarda	970
ritrovati	970
magiche	970
eminenza	970
salvarsi	970
sharpe	970
vitello	970
quiz	969
spente	969
circuiti	969
procedete	969
ripagare	969
paralizzato	969
parchi	969
contato	969
lopez	969
acquario	969
emilio	968
apple	968
carver	968
canestro	968
riparliamo	968
menù	968
buttate	967
immobili	967
brevi	967
girava	967
coprendo	967
confido	967
sistemando	967
privilegi	967
ignora	967
apprezza	967
anestesia	966
frequentando	966
lavarmi	966
v.	966
sondaggi	966
collaterale	966
saggi	966
moya	966
vagamente	965
ringraziato	965
recensione	965
minatori	965
presumibilmente	964
cox	964
passeggiare	964
noce	964
rinuncio	964
lettori	963
sinclair	963
rimarremo	963
anticipato	963
palazzi	963
scioccato	963
traumi	963
ice	963
rappresentanti	963
len	963
protetti	963
rimarrò	963
sbagliano	962
amorevole	962
pauline	962
basterebbe	962
hillary	961
scoprite	961
delirio	961
nuca	961
chat	961
inversione	961
canne	961
vele	961
consumato	961
lorraine	961
effettuato	961
violare	961
firmo	960
agonia	960
poterle	960
pinguino	960
funzionasse	960
protesi	960
potenzialmente	960
marsh	960
palline	960
chambers	960
intercettato	960
soluzioni	959
bruciate	959
asciutto	959
insegnando	959
tram	959
trasferisco	959
chiarachi	959
confondere	959
licenziamento	958
raffinato	958
alunni	958
correggere	958
fresche	958
appesa	958
ste	958
pianificando	958
sentisse	958
incoraggiamento	958
portarono	958
pensino	957
autentica	957
severa	957
lux	957
ufo	957
condominio	957
sediamoci	957
dilettanti	957
fredde	957
ricette	957
abbracciami	957
perdera	957
capricci	957
away	957
patteggiamento	957
elmo	956
grove	956
tagliate	956
agitazione	956
ryder	956
alimentazione	956
coulson	956
ustioni	956
automaticamente	956
volanti	956
tirami	956
bis	955
minuscolo	955
cate	955
floyd	955
fluidi	955
arroganza	955
arrabbia	955
chiamavo	955
compiuta	955
montato	955
sperava	955
mattone	955
retto	954
ampia	954
possiedi	954
ike	954
conciato	954
aeroplano	954
sciogliere	954
preoccupante	954
break	954
abbassi	954
dicendomi	954
adeguato	954
convention	954
transizione	954
hackerato	953
mix	953
iniziai	953
altronde	953
favorevole	953
rhonda	953
meteo	953
insolita	953
avvelenata	953
perderà	953
stalin	953
jang	953
comprarlo	953
occupano	953
stacco	953
perquisito	952
economici	952
cliniche	952
pappone	952
disattivato	952
sistemati	952
ripensarci	952
deceduto	952
sintonia	952
piaciuti	952
peccatori	951
soddisfatti	951
vestaglia	951
lodato	951
vendicatori	951
somigli	951
trafficanti	951
navigazione	951
alabama	951
dormita	951
freya	951
sudato	950
ficcare	950
geoffrey	950
company	950
fabbro	950
picchi	950
stregoneria	950
oklahoma	950
luthor	950
picchiava	950
cretini	950
uni	949
cortese	949
maddy	949
sauna	949
pensata	949
girate	948
distribuire	948
nutre	948
referenze	948
truman	948
richards	948
scoparmi	948
people	948
copri	948
marissa	947
radicale	947
dov	947
interessare	947
pe	947
interne	947
candidatura	947
spunta	947
adatti	947
tagliamo	947
tree	947
sergei	947
compromessa	946
ingegneri	946
sguardi	946
evaso	946
fargo	946
giace	946
argentina	946
agguato	946
governante	946
indipendentemente	946
predatori	946
virtuale	946
contati	946
pipa	946
mulino	945
turista	945
praga	945
aiutino	945
rivedrai	945
philippe	945
crederesti	945
esclusivo	945
reno	945
stamane	945
muffa	945
yuan	945
margherita	945
julius	944
freddi	944
monaci	944
allontanarti	944
ammasso	944
dame	944
harbor	944
nascondeva	944
bono	944
tenera	944
tirocinante	944
suggerimenti	944
palmo	943
chiederanno	943
conoscevamo	943
alleviare	943
dakota	943
scasso	943
succhia	943
kgb	943
hardy	942
composta	942
condannata	942
testimonianze	942
usavano	942
contenimento	942
vito	942
shaun	942
daryl	942
cucire	942
millie	942
taverna	942
giocavo	942
distrutte	942
santuario	941
chiederà	941
snow	941
nino	941
labbro	941
elite	940
adoravo	940
swat	940
ripeta	940
guardaci	940
tesorino	940
catalogo	939
tracciato	939
coltivare	939
prodigio	939
invaso	939
stand	939
elise	939
odori	939
humphrey	939
passaggi	938
mediocre	938
cuffie	938
raggiungerlo	938
intermediario	938
marcello	938
aggiornamenti	938
peperoncino	938
buckley	937
infastidisce	937
specifiche	937
ristretto	937
repubblicano	937
sputato	937
lavata	937
iniziera	937
tramando	937
manning	937
finiamola	937
geoff	937
space	936
dissanguato	936
contribuire	936
mascotte	936
avvistato	936
ulteriormente	936
orson	936
schifezze	936
soffocare	936
layla	936
inserviente	936
piazzare	936
fitzgerald	936
fidata	936
padella	935
estiva	935
luciano	935
obbiettivo	935
biondi	935
mostrero	935
olga	935
multiple	935
bluffando	934
vile	934
incontrate	934
classici	934
moccioso	934
esercitare	934
rifugiati	934
resurrezione	934
manoscritto	934
terrai	934
major	933
teppista	933
grandissima	933
gi0v3	933
scrivero	933
marley	933
settima	933
presidenziale	933
preferirebbe	933
scellini	933
brothers	932
chirurghi	932
keen	932
superarlo	932
aura	932
cadillac	932
permetterlo	932
percezione	932
difendendo	932
vendeva	932
consolazione	932
wang	932
mccarthy	932
stabili	932
aiutateci	932
bette	932
curve	932
ascoltata	931
bri	931
por	931
scrivono	931
dispensa	931
scongiuro	931
arrivarono	931
nutrire	931
ctu	931
contatta	931
hydra	931
fraintendermi	931
mirino	931
bronx	931
strafatto	930
rollins	930
isolata	930
chiediglielo	930
bastoni	930
insufficienza	930
affermare	930
gamberetti	930
scatenare	930
burrito	930
tirocinio	930
riunire	929
ricche	929
tetta	929
sbarra	929
fà	929
amati	929
dirigo	929
nashville	929
stein	928
lotte	928
inviata	928
fedelta	928
resteranno	928
trattative	928
stronzetta	928
vittorie	928
attivita'	928
intendere	928
volerti	927
herb	927
portello	927
tossica	927
shanghai	927
cohen	927
preferiscono	927
tagliando	927
penali	927
cinquecento	926
obbligati	926
bolletta	926
ricovero	926
carolyn	926
televisiva	926
vincerà	926
garza	925
decollare	925
ragioniere	925
motivazioni	925
sperimentale	925
stuprato	925
rettore	925
psicopatica	925
offendere	925
cracker	925
appendere	924
carota	924
commessi	924
salutato	924
mordere	924
eventuali	924
tubature	923
buttando	923
sottovalutato	923
nervo	923
graffi	923
fisiche	922
ricorderò	922
partiremo	922
fragola	922
missy	922
sheppard	922
monumento	922
masters	922
andassero	922
allontanarmi	922
pugnalata	922
aigoo	922
appartengo	921
guardavi	921
spegne	921
seoul	921
gracias	921
caffeina	921
capre	921
landry	921
interrogando	921
pessime	921
gaby	921
promuovere	920
vocazione	920
giostra	920
fantascienza	920
cloud	920
eleganza	920
riduce	920
distruggi	920
khaled	920
cominceremo	920
gufo	920
seni	919
risentimento	919
perverso	919
immunita	919
devoto	919
riceverà	919
buttarti	918
scaffale	918
grand'	918
potra'	918
salutami	918
complessa	917
intatto	917
alcolista	917
aggiornata	917
rivincita	917
herman	917
felicissima	917
village	917
fallita	917
lavon	917
vescica	916
aneurisma	916
wars	916
milionario	916
sailor	916
esisteva	916
maligno	916
riparazione	916
broncio	916
tutor	916
dubitato	916
trattenendo	916
schifosi	916
bancari	915
sognavo	915
sparami	915
camminiamo	915
dall	915
malik	915
mercenari	915
r.	915
autorizzati	915
wagner	915
lillian	914
conveniente	914
raccomandazione	914
quote	914
biopsia	914
comparsa	914
corrompere	914
trofei	914
instagram	913
morrison	913
gesti	913
apprezzerei	913
risoluzione	913
bunny	913
modifica	913
vin	913
alcolisti	912
permetterà	912
vota	912
skinner	912
auggie	912
promettimelo	912
chiudono	911
colposo	911
rimetto	911
liste	911
impianti	911
uncino	911
alzheimer	911
toccano	910
fategli	910
soffrono	910
calzino	910
ventiquattro	910
barre	910
assaggia	909
scoppia	909
palloncino	909
gel	909
bettaro	909
sveglierai	909
subtitles	909
litighiamo	909
algoritmo	909
sfondare	909
margo	909
litigano	908
interferenza	908
riprenderà	908
reginetta	908
sorpresi	908
fottute	908
sassi	908
bowl	908
porterebbe	907
centralino	907
porzione	907
yun	907
martire	907
scrupoli	907
informatori	907
inizierà	907
riposando	907
affermazione	907
brine-chan	907
rosen	907
allettante	907
musa	907
parecchia	906
impedirlo	906
pepper	906
sembriamo	906
garden	906
ainhoa	906
cavera	906
ping	906
passeranno	906
congegno	906
portasse	906
piccione	906
procurarmi	906
dedizione	906
ascoltano	906
moe	905
mayday	905
assedio	905
disonore	905
yakuza	905
anca	905
registrati	905
confonde	905
controllarti	905
whoo	905
echo	905
predicatore	904
quercia	904
metanfetamina	904
pidocchi	904
turba	904
polare	904
lucida	904
robbins	904
caverà	903
tito	903
peggiora	903
camp	903
maine	903
britannica	903
alfie	903
cenerentola	903
iniezioni	902
progettando	902
fargliela	902
uccidervi	902
funzionari	902
follemente	902
fumetto	902
cor	902
rovesciato	902
equazione	901
controllarla	901
rivedervi	901
laureata	901
eliza	901
salvarli	901
hobbs	901
sunbae	901
elefanti	901
riflessi	901
apparenze	901
zeus	900
cacciando	900
sospettare	900
locke	900
hoffman	900
willis	900
place	900
trecento	899
offensiva	899
gino	899
nonnina	899
cotton	899
aye	899
convincerli	899
godermi	899
funzionante	899
suicidata	898
marnie	898
x.	898
pawnee	898
vaticano	898
votazione	898
infettato	898
security	898
colombo	898
talin68	898
chiameranno	897
sbronzo	897
crudeli	897
walden	897
cadute	897
insegnamento	897
firmata	897
tirano	897
imbrogliare	897
autori	897
idromassaggio	896
avviato	896
annoio	896
accensione	896
weston	896
silvia	896
composizione	896
localizzatore	896
anomalie	896
astronauti	896
traditrice	896
sanitario	896
suor	896
aspettassi	895
mangiava	895
pulci	895
terranno	895
impeccabile	895
estremi	895
pittsburgh	895
conor	895
tenerle	894
l.	894
chiamarsi	894
bazgaz	894
punk	894
seghe	894
piuma	894
avvicinano	894
topolino	894
alvin	894
sterile	894
coccodrillo	894
capirebbe	894
allievo	894
foreman	893
annegato	893
dewey	893
caratteristica	893
shea	893
onorata	893
mabel	893
vecchietto	893
felicia	893
sfidato	893
scambi	893
ovvia	893
collasso	893
ringrazi	893
esilarante	893
deviazione	892
rendeva	892
thatcher	892
erta	892
calorie	892
dracula	892
tabella	892
mondiali	892
salviamo	892
feto	892
fasi	892
rari	892
global	891
apparizione	891
saldo	891
trattando	891
franky	891
louisiana	891
pennello	891
uscirò	891
cercherà	891
as	891
cherry	891
fermalo	891
impiegata	891
line	891
lascerebbe	891
prevista	890
byron	890
stefano	890
starsene	890
escort	890
schiacciare	890
perdonate	890
cuor	890
scoppiata	889
plaza	889
prendeteli	889
vivevamo	889
strati	889
accogliere	889
turtle	889
obiezioni	889
sbagliava	889
imbarco	888
ingoiato	888
music	888
chiedersi	888
detriti	888
commettendo	888
direbbero	888
terroristico	888
emerson	888
seguirla	888
pedofilo	888
franz	888
buttarlo	888
piegare	887
robe	887
faccino	887
fidava	887
cascato	887
sfiga	887
richiedo	887
perderei	887
buia	887
ju	887
antenna	887
mckay	887
registra	886
gabby	886
azzurri	886
carroll	886
disaccordo	886
ritrova	885
caffe'	885
cretina	885
semmai	885
logo	885
spirale	885
dilemma	885
ambito	885
proprieta'	885
death	885
amarlo	885
difendermi	884
realistico	884
decennio	884
apprezzi	884
forrest	884
normalità	884
cavolate	884
cubo	884
considerano	883
parabrezza	883
fastidiosa	883
micah	883
accendo	883
ritira	883
guance	883
affollato	883
udibili	883
collegate	883
trip	883
osate	883
ebbrezza	882
povertà	882
moschea	882
esporre	882
presta	882
loft	882
toppeddu85	882
cosetta	882
iniziero	882
ricevono	882
wilfred	882
natalizio	882
rimarranno	882
seguenti	882
fungo	882
eccezionali	882
postato	882
castro	882
vivrò	882
spingendo	882
nascono	882
percepito	882
moss	882
riaverti	881
prescrizione	881
arabi	881
supporre	881
mangerò	881
iowa	881
a.j.	881
cambridge	881
lego	881
bureau	881
netto	881
herpes	881
dex	881
chiederai	881
polmonite	881
florence	881
paranoica	881
yoko	880
wild	880
cerotto	880
saltate	880
accelera	880
decifrare	880
identificata	880
meccanica	880
ficcanaso	880
future	880
emmy	880
neutrale	880
gillian	880
direzioni	879
ciccia	879
stabilita	879
proverai	879
cheese	879
room	879
sweets	879
stagioni	879
paralisi	879
serrature	879
riaprire	879
sylvester	879
colt	879
dunham	878
code	878
annalise	878
teppisti	878
contattarlo	878
ostriche	878
herbert	878
bastoncini	878
preoccuperei	878
candidata	878
mellie	878
viaggiatori	878
usciro	878
perdete	877
combatto	877
laterale	877
webster	877
eyes	877
razzismo	877
odo	877
tracciare	877
analizzando	877
eserciti	877
debolezze	876
cucino	876
sudando	876
concordato	876
fry	876
crei	876
alterato	876
stiva	876
inferiori	876
portavano	876
farmela	875
scherziamo	875
chun	875
portico	875
tagliarmi	875
noel	875
rane	875
lavorerò	875
spingete	875
aspettarci	875
scivola	874
they	874
hicks	874
combatteremo	874
bancario	874
morbida	874
gregge	874
ambientale	874
rappresentazione	873
marisa	873
tamara	873
peppino	873
fumando	873
kathryn	873
scappano	873
mercante	873
fogne	873
il.busto	872
rombo	872
barton	872
deborah	872
soffri	872
spostarsi	872
rimasi	872
boccata	872
elettronico	872
pasticceria	871
pino	871
diverta	871
pagarlo	871
terrazza	871
apposto	871
fulmini	871
bender	871
annuario	871
bruciano	871
norris	871
commosso	871
arrestarmi	871
storica	871
pretty	871
'il	870
misto	870
avute	870
territori	870
immigrati	870
precipitato	870
eggy02	870
ricavato	869
turchi	869
trovalo	869
vergognarti	869
luc	869
citare	869
rivolgermi	869
lontananza	869
omosessuali	869
angelina	869
risvegliato	869
moran	869
leri	869
western	869
traditi	868
united	868
sorridete	868
parta	868
maestri	868
lavorerai	868
separi	868
winnie	868
turchia	868
cespuglio	868
temono	867
d.c.	867
ammenda	867
cattolici	867
accorgi	867
law	867
ingoiare	867
cascate	867
manico	867
accorge	866
swan	866
medaglie	866
anti	866
scafo	866
ciglia	866
deludere	866
amigo	866
carita	866
balistica	866
malley	866
elaborare	866
lavorero	866
capro	866
danimarca	866
sacramento	866
ridato	866
buttiamo	865
underwood	865
dispetto	865
investigando	865
allarmi	865
preziose	865
trasloco	865
democratico	865
lyla	865
finte	865
zombi	865
reciproco	865
cigno	865
professionali	865
applicazione	865
ricordiamo	865
milizia	864
manciata	864
fondatori	864
prendetela	864
livido	864
ricorso	864
stimolante	864
crycra	864
confermano	864
obblighi	864
interprete	864
ordinario	864
pagheremo	864
preservare	864
incontrarsi	864
congrega	863
conner	863
usb	863
dickie	863
interrogarlo	863
acuto	863
pattuglie	863
pinze	863
blood	862
bug	862
avvertita	862
conclusa	862
gigi	862
milord	862
critici	862
raccomandato	862
real	861
petizione	861
diano	861
unisci	861
sarto	861
leggete	861
riuscivi	861
lexi	861
ripugnante	861
oso	860
tariffa	860
bende	860
licenziati	860
reddito	860
vano	859
pacchetti	859
bing	859
cuccia	859
nativi	859
affanculo	859
riprovare	859
memphis	859
abisso	859
forum	859
squisito	859
tremendamente	859
campanella	859
talk	858
inizieranno	858
prendiamoci	858
circostanza	858
togliete	858
strisciare	858
vecchiaia	858
taser	858
decomposizione	858
improvvisare	858
baek	858
ida	858
procione	858
libby	858
alvarez	857
pizze	857
dovute	857
mancavano	857
farmene	857
boccaccia	857
invincibile	857
frittelle	857
esposti	857
governi	857
bullock	857
tempeste	856
briciolo	856
fotografare	856
espiatorio	856
chiedile	856
peloso	856
scarsa	856
strappata	855
fattori	855
felicissimo	855
prurito	855
proseguiamo	855
ricordarlo	855
rinchiudere	855
faticoso	855
passionale	855
lavanda	855
decidiamo	854
rappresenti	854
imputata	854
lorelai	854
macchinetta	854
rimborso	854
specializzazione	854
prelievo	854
ignorando	854
massacrato	854
rigida	854
competenze	854
intatta	854
quantico	853
sequestrato	853
nuotata	853
castigo	853
volantino	853
zefram	853
tributo	853
fritz	853
amarla	853
palpebre	853
acuta	853
acquirente	852
urrà	852
modalita	852
waffle	852
capirmi	852
occidente	852
costruzioni	852
letture	852
incarichi	852
magnetico	852
sound	852
oppio	852
rotazione	852
gigantesca	852
neonati	851
je	851
associati	851
soffriva	851
separarci	851
tamburi	851
prudenti	851
appropriata	851
brezza	850
occupava	850
invecchiando	850
soffio	850
spinale	850
fortissimo	850
santos	850
granate	850
navigatore	849
memorial	849
f.	849
mangero	849
rhodes	849
sentiranno	849
abbasso	849
mandalo	849
declan	849
pretendere	849
europea	849
fátima	849
stirpe	849
assalito	849
esatte	848
piangono	848
that'	848
camioncino	848
corteccia	848
venirti	848
completata	848
splendente	848
rupert	848
automobili	848
consumo	848
amichetta	847
catturarlo	847
comportava	847
conoscendo	847
banchiere	847
open	847
artistica	847
battermi	847
ripetutamente	847
inventati	847
controlleremo	847
interrotta	847
vortice	847
fune	846
sincerità	846
crederlo	846
ricambio	846
arrestate	846
utilizzando	846
inquadratura	846
virale	846
ansiosa	846
bue	846
unirvi	846
fabbriche	845
constance	845
bagel	845
jarvis	845
compleanni	845
salame	845
grigi	845
cinepresa	845
pick-up	845
chiedera	845
boxer	845
acquisito	845
entusiasti	845
collegamenti	845
spostando	844
gradino	844
subconscio	844
palace	844
tormentato	844
bisognava	844
ingiustamente	844
dev	844
cartellino	844
caviale	844
woman	844
lyle	844
temeva	844
panama	844
messinscena	844
polmonare	843
danneggiata	843
azionisti	843
relax	843
riattaccato	843
processato	843
torrente	843
posteriori	843
dalek	843
goda	842
passarci	842
scimmietta	842
prestigio	842
accettano	842
pranzato	842
riprova	842
mancherebbe	842
lnvece	842
wisconsin	842
architettura	842
bear	842
der	842
rapinatori	842
definirei	842
scambiati	842
aspettarsi	842
coprimi	841
anatre	841
candace	841
frustrazione	841
pike	841
madeline	841
eccessiva	841
tweet	841
impegnativo	841
violentato	841
coincidenze	841
scoop	841
nacque	840
yes	840
virgil	840
doe	840
webber	840
rodriguez	840
ananas	840
elettriche	840
sunny	840
spedizioni	840
capiresti	840
difficilmente	840
chiosco	839
piaceri	839
vinnie	839
cecchini	839
intenzionalmente	839
parentesi	839
elevato	839
thailandia	839
compie	839
schede	839
com	839
conflitti	839
bruto	839
huck	839
hip	838
beccano	838
noiose	838
gianni	838
ridete	838
potuti	838
squallido	838
vincerai	838
insultare	838
chic	838
wood	838
mexico	838
tolleranza	838
kiki	837
briciole	837
mummia	837
amerò	837
comprarne	837
adeguata	837
fenomenale	837
vergini	837
fiocco	837
musulmano	837
scarafaggio	836
manipolato	836
antiproiettile	836
limitare	836
credenziali	836
riduzione	836
cerchera	836
continueranno	836
strauss	835
tacos	835
opposizione	835
permanenza	835
comprero	835
soffocando	835
poldark	835
seymour	835
stalle	835
dyson	835
sommato	834
purezza	834
posare	834
tripp	834
conviverci	834
gettata	834
recitando	834
metter	834
rovine	834
criticare	834
trasformarsi	834
nobel	834
intime	834
rand	833
granger	833
isterica	833
troie	833
mozart	833
jennings	833
integrità	833
materno	833
dovro'	833
desiderano	832
cloni	832
riprenderemo	832
riscuotere	832
periodi	832
mettessi	832
mad	832
scavando	832
savage	832
devastante	832
equivalente	832
cognac	832
comunione	832
gunnar	832
aeree	832
promettermi	831
consegno	831
willow	831
ale	831
princeton	831
riker	830
yates	830
'la	830
pagava	830
succhi	830
paglia	830
insegue	830
appreso	830
infetto	830
toccando	830
fieno	830
rimettermi	830
terrestri	830
tavolino	830
gridato	830
significasse	829
tornerete	829
trovassimo	829
cavarmela	829
nona	829
utilizzo	829
raccoglie	829
sentirvi	829
condivido	829
ente	828
assumo	828
aggiustato	828
adamo	828
fissarmi	828
channel	828
aeronautica	827
confermata	827
esattezza	827
scemi	827
fermamente	827
costringere	827
jeremiah	827
hitchcock	827
superstar	827
atlantico	827
riempi	826
salverà	826
risolverlo	826
tao	826
contando	826
cancellati	826
coccole	826
verticale	826
clandestino	826
danese	826
zuccherino	826
uccidetelo	826
accettazione	826
royce	826
esigo	825
odiarmi	825
pulendo	825
lynette	825
collaboratori	825
mutaforma	825
tornino	825
avviciniamo	825
rido	825
imbroglio	825
rompermi	825
lucascorso	824
crush	824
falsificato	824
rimetterti	824
greene	824
donatori	824
picchiarmi	824
riguardanti	824
drammi	824
appoggiato	824
pechino	824
chakra	824
innamorarsi	824
baldoria	824
ubriacare	824
incontrai	824
desiderava	824
tenevano	824
h.	824
mitzvah	824
im	824
immune	824
pegni	824
heights	824
contattarla	823
maniglia	823
iniettato	823
hit	823
buttala	822
quarant'	822
estorsione	822
pilotare	822
valgo	822
cuoio	822
arrivai	822
previdenza	822
ricercati	822
holland	822
delfini	821
moltissime	821
coinquilini	821
innervosire	821
dunn	821
trasferisce	821
lucchetto	821
salvami	821
firme	821
ingrato	821
occupera	821
tienili	821
concedere	821
newman	821
esposta	821
ferisce	820
spedita	820
august	820
pratt	820
sospendere	820
zar	820
cisco	820
giornalismo	820
confortevole	820
axel	820
litro	820
bye	819
scusato	819
saga	819
caffrey	819
stupito	819
ricorderà	819
unicorno	819
meteorite	819
sonya	819
clary	819
studentesco	819
scegliete	819
fari	819
stoccolma	819
chiedimi	819
restituisco	818
fratellastro	818
bastera	818
desmond	818
zoom	818
bentornati	818
ragazzaccio	818
coming	818
manicure	817
pivello	817
provassi	817
rianimazione	817
vasto	817
bhe	817
venivi	817
prendersela	817
sketch	817
approvare	816
fidano	816
viaggiando	816
express	816
piacevi	816
cacciatrice	816
aspettarlo	816
leigh	816
infelici	816
toronto	816
divertiamoci	816
incassare	816
sweet	815
ventilazione	815
mademoiselle	815
spenga	815
robusto	815
coperti	815
provata	815
raccontano	815
furgoni	815
brutalmente	815
ruiz	815
segnare	815
slitta	815
festeggiamenti	815
servirti	815
svuotato	814
versioni	814
entreremo	814
dialetto	814
there	814
ceniamo	814
penserei	814
orgia	814
contengono	814
zii	814
tuffo	814
sceicco	814
attuali	814
capone	814
marroni	813
church	813
capirci	813
vedersi	813
profumi	813
cheeseburger	813
arance	813
prendevano	813
bentley	813
investita	813
sostenitori	813
beau	813
ripensandoci	812
ripetuto	812
mali	812
assicurativa	812
vigilanza	812
riportiamo	812
rompendo	812
trasparente	812
touchdown	812
fori	812
avertelo	812
fosso	812
immorale	812
giudicando	812
ventina	812
conducendo	812
slade	812
dispiacere	811
greer	811
tireremo	811
accusati	811
punte	811
idiozia	811
derby	811
simpatici	811
titus	811
rottame	811
identificarlo	811
stacca	811
timbro	811
deliberatamente	811
señor	811
correnti	810
bozza	810
varco	810
crosby	810
macché	810
sopravvento	810
copiato	810
redenzione	810
estasi	810
orto	810
infame	810
webb	810
lavi	810
lasciasse	809
godersi	809
ano	809
avido	809
suppone	809
crosta	809
marmo	809
onizuka20	809
sincerita	809
brindare	809
shuttle	809
abortire	808
partono	808
morali	808
disparte	808
soffra	808
cordone	808
ridicoli	808
maionese	808
suggerisci	808
romana	807
ammirevole	807
localizzazione	807
thorne	807
malibu	807
segretezza	807
allenarmi	807
espulsione	807
bagnati	807
batter	807
spogliati	807
cattedrale	807
3d	807
brillare	807
condannare	807
farabutto	807
devastato	807
debutto	807
josé	807
swift	807
giudicarmi	807
suonate	806
dirk	806
rivoluzionario	806
telescopio	806
comment	806
presero	806
she	806
dougie	806
annegare	806
dominare	806
chissene	805
doctor	805
meritare	805
scusateci	805
riservati	805
venditori	805
titolare	805
sugo	805
ding	805
chiuderla	805
cecilia	805
affascinanti	804
trasmette	804
datore	804
atroce	804
ambizioni	804
chapman	804
dizionario	804
conoscerai	804
gnocca	804
tostapane	804
cagato	804
angolazione	804
charley	803
pong	803
schiavitù	803
costolette	803
colonie	803
leggendario	803
velluto	803
bigliettino	803
friends	803
getti	803
tonnellata	803
skip	802
divya	802
defunta	802
lise	802
boulevard	802
elle	802
fanatico	802
vissuta	802
vedevamo	802
organizzazioni	802
addetti	802
scooter	801
coincide	801
pacifica	801
bbc	801
culture	801
steph	801
seguiranno	801
rj	801
marks	801
ospizio	801
prenderebbe	801
gestirlo	801
desolata	801
dorato	801
massachusetts	801
next	801
ragnar	801
aspettavano	800
pae'	800
piramide	800
guardarci	800
successore	800
ballerine	800
nicki	800
racconterò	800
traduttori	800
concede	800
postumi	799
dinastia	799
impossibili	799
sentiresti	799
guardiamarina	799
programmazione	799
glorioso	799
ahmed	799
aldilà	798
parare	798
scomparve	798
sybil	798
'non	798
caricatore	798
pedina	798
flauto	798
infedele	798
nun	797
solomon	797
ciel	797
osservatore	797
saltano	797
gradevole	797
garantisce	797
ingiusta	797
tocchera	796
ritornata	796
impermeabile	796
rassicurante	796
inviando	796
arsenale	796
europeo	796
baby-sitter	796
concessione	796
cada	796
daccapo	796
investigazione	796
perez	796
compromettere	796
pezzetto	795
sentirete	795
andiamoci	795
yvonne	795
marce	795
psicologa	795
virile	795
ally	795
disordini	795
perdonarti	795
rapinatore	795
afferrare	794
irresistibile	794
compatibili	794
pacific	794
tyson	794
frittata	794
mercy	794
sportivi	794
musicali	794
raoul	794
sonja	793
accompagnarla	793
minnie	793
guardarli	793
cartina	793
becchi	793
joss	793
poppa	793
syd	793
hopkins	792
clint	792
senor	792
gol	792
sporgere	792
arredamento	792
frequento	792
parlaci	792
affermato	792
fleming	792
sottovalutare	792
divergenze	792
cercarli	792
tappeti	791
diffusione	791
divorziati	791
punch	791
prescelto	791
oleg	791
dorata	791
amara	791
spiegarle	791
piantatela	791
puntini	791
onori	790
autodifesa	790
begli	790
memorie	790
uh-huh	790
tendenze	790
rilasciata	790
tennessee	790
zen	790
pen	790
fiammifero	790
influenzato	790
descrive	790
frate	790
contiamo	789
marian	789
colei	789
rivederlo	789
vallo	789
charleston	789
diagnosticato	789
anteprima	789
malkavian	789
siria	789
corvi	789
viaggiano	789
strone'	789
hello	789
arriverò	789
alveare	788
heil	788
psicologica	788
trasformi	788
reich	788
quiete	788
xavier	788
macerie	788
radiografia	788
evgenij	788
amleto	788
pelato	788
gemiti	788
sedurre	787
identikit	787
rapiti	787
biancaneve	787
bracciale	787
cabe	787
purché	787
hamptons	787
special	787
spostamenti	787
pupa	787
avvicino	787
connessi	787
imprevisto	787
viale	787
abbandoni	786
principiante	786
divise	786
girata	786
paddy	786
chiederemo	786
trasmissioni	786
distruggerla	786
immensa	786
costringe	786
angelica	786
mercer	785
componente	785
toccava	785
dividiamoci	785
vocali	785
tristan	785
everett	785
anziche	785
riprenda	785
tai	785
sinatra	785
misurare	785
ficcato	785
nathaniel	785
pavimenti	784
ambulatorio	784
obbligatorio	784
abbandonate	784
cheyenne	784
scava	784
cripta	784
dovra'	784
sorgere	784
gradisce	783
patologia	783
barbari	783
caverne	783
iv	783
istituzione	783
mega	783
cool	783
saliti	783
pretesto	783
sigillato	783
gonfia	783
tecnologie	782
fascista	782
sipario	782
cucinando	782
goldberg	782
orrori	782
riproviamo	782
diciannove	782
tiger	782
ammazzano	782
reilly	782
manderà	781
gladys	781
alghe	781
classi	781
toccarti	781
odioso	781
elliott	781
olanda	781
serale	781
organizzo	780
maialino	780
delicatamente	780
chiamassi	780
fiduciario	780
dream	780
lexie	780
insinuare	780
nuota	780
amassi	779
salvera	779
ardente	779
loretta	779
pubblicitaria	779
land	779
sem	779
m.scofield	779
christie	779
gratuita	779
straordinarie	779
muscolare	779
mccoy	779
ricchezze	778
peters	778
dedicata	778
licisca	778
versa	778
tell	778
riproduzione	778
ulquiorra	778
aceto	778
universita'	778
grazioso	778
tovagliolo	778
cdc	778
micio	778
arrendi	778
mettile	778
costola	778
irving	778
norme	778
aeryn	778
wendell	778
trattamenti	778
dolores	778
uranio	777
democratici	777
staremmo	777
camicetta	777
sposero	777
riprovarci	777
daitarn	777
minnesota	777
sanguigna	777
visitatore	777
splendidi	777
abu	777
coast	777
temuto	777
ambulante	777
crederebbe	777
kendra	776
leggerla	776
etico	776
positive	776
vedevi	776
userai	776
inquilini	776
religiosi	776
meritate	776
mania	776
calvo	776
psicopatici	776
tan	776
fansub	775
camminava	775
moretti	775
perduti	775
entrasse	775
zeke	775
pupille	775
seguirti	775
sottili	775
mancate	775
maleducata	775
quark	775
danzare	775
allucinazione	775
lottatore	775
spargere	774
hanson	774
crederete	774
grembiule	774
infetta	774
annoiando	774
intesa	774
costose	774
affronteremo	774
arie	774
malone	774
idrogeno	774
badge	774
warwick	774
garanzie	773
fanatici	773
eroico	773
candeggina	773
rosario	773
finanza	773
adoriamo	773
forzata	773
succhiacazzi	773
ricorrere	773
chiamasse	773
regolari	773
accidentale	773
immaginando	773
aspettativa	772
europei	772
oramai	772
fette	772
indipendenti	772
portino	772
elaborato	772
carnevale	772
harlem	772
strangolato	772
scordata	772
concentrare	772
mostrargli	771
imbarazzanti	771
ridare	771
trasportato	771
referto	771
paramedico	771
pensiate	771
abbracciato	771
pensarla	771
atlantide	771
rinchiusi	771
neville	771
pervertiti	771
pilar	771
finirlo	770
harlan	770
dot	770
abituale	770
affrontiamo	770
scivolo	770
arden	770
finì	770
depositi	770
morgana	770
bizzarra	770
giocata	769
controllero	769
uccellini	769
rottami	769
allevamento	769
iddio	769
abitazione	769
bilancia	769
rivelata	769
meditazione	769
docce	769
sorge	769
goal	769
migliorata	769
sloane	768
asteroide	768
rispondermi	768
part	768
calice	768
neurale	768
allenando	768
last	768
aggiungo	768
agitarti	768
nana	768
abbey	768
ewing	768
tartarughe	767
cucito	767
marocco	767
eufemismo	767
tornavo	767
unitevi	767
sing	767
bohannon	767
apparsa	767
svuotare	767
altitudine	767
vegetale	766
conserva	766
pagarla	766
modalità	766
rip	766
darby	766
contabili	766
stig	766
motocicletta	766
astrid	766
alexandra	766
mollata	766
diari	766
apice	766
froci	766
lucertola	765
sorridente	765
spaventano	765
miao	765
misi	765
venni	765
torture	765
tassa	765
terraferma	765
invecchiato	765
ming	765
soddisfacente	765
appiccato	765
hop	765
clausola	765
osservate	765
cito	765
strangolata	765
estranea	765
protestare	765
rituali	764
chiamò	764
seguiremo	764
rimettiamo	764
piovendo	764
jace	764
sciare	764
discreta	763
viziata	763
raul	763
lavoravamo	763
tranquillità	763
page	763
sperimentare	763
combina	763
sparsi	763
arrivero	763
hollis	762
scontrino	762
becker	762
emicrania	762
letali	762
esitare	762
didietro	762
oi	762
permettera	762
mettiamolo	762
scarso	762
riavuto	762
affronto	761
gomez	761
davide	761
hye	761
farrell	761
solari	761
magazine	761
eleucalypthus	761
kathleen	761
cinico	761
deserta	761
omelette	760
madam	760
inn	760
quadrati	760
affascinato	760
rimpatriata	760
greca	760
head	760
sensazionale	760
macchinari	760
pasticci	760
ingrediente	760
inquietanti	760
bojack	760
reclutato	760
definita	760
transazione	760
iceblue	760
tenessi	760
french	760
bronzo	760
channing	759
ricaduta	759
imperdonabile	759
isolare	759
bacche	759
raid	759
collaborato	759
trucchetti	759
storici	759
iniziati	759
elfo	759
scorpione	759
esigenze	759
scoppiato	759
diedero	759
prescritto	759
sonnellino	759
lunare	759
fatina	758
strategie	758
psichiatrica	758
formano	758
consegnata	758
adottata	758
dritte	758
claudio	758
mee'	758
unni	758
colon	758
giochetto	757
door	757
cacciavite	757
edoardo	757
sorrisi	757
giustifica	757
esigente	757
impalato	757
saldare	757
traumatico	757
cavero	757
fuggi	757
fanteria	757
servite	757
vermont	757
infila	757
temperature	757
intimita	757
bluff	757
travestimento	757
selfie	757
legione	756
milza	756
amichevoli	756
sensuale	756
danze	756
vo	756
agganci	756
spieghero	756
rivolte	756
elimina	756
aj	756
ripercussioni	756
consideriamo	756
cadi	756
salem	756
nasconda	756
unghia	756
africano	755
addormentare	755
chiasso	755
medaglione	755
hopper	755
generalmente	755
lost	755
sperimentazione	755
germi	755
rice	755
pulisce	755
rilassatevi	755
spariamo	754
contante	754
negative	754
pyo	754
tower	754
zingari	754
approvo	754
decenza	754
hut	754
inutilmente	754
vecchietta	753
fradicio	753
rabb	753
riciclaggio	753
abitava	753
rude	753
organizziamo	753
gradini	753
ospitalità	753
perbene	753
ruben	753
jekyll	753
powers	753
dentifricio	753
proponi	752
coleman	752
britta	752
peck	752
rate	752
boh	752
tenevi	752
suggeriscono	752
inchino	752
sfere	752
anale	752
accelerato	752
durano	751
partecipanti	751
smettiamo	751
rumoroso	751
motorizzazione	751
hoyt	751
orsetto	751
reggiti	751
sporcizia	751
rosemary	750
notturni	750
matrix	750
ricordarsi	750
penetrare	750
delicatezza	750
fenomeni	750
gonfio	750
istanbul	750
scontri	750
contenitori	750
aiutava	750
chiamavamo	750
scontare	750
selina	749
geneticamente	749
ronzio	749
statue	749
spezie	749
vlad	749
incontrarvi	749
trasferendo	749
curata	749
barretta	749
affettuoso	749
leland	749
doppi	749
bulli	749
vincitrice	749
posseduta	749
credenza	749
etichette	748
scoppio	748
chirurgico	748
anto	748
lil	748
meeting	748
klein	748
diffusa	747
diventassi	747
cosette	747
istanza	747
memorabile	747
ucraina	747
illuminato	747
preoccuparvi	747
hiro	747
ammirazione	747
catturata	747
'fanculo	747
cambierebbe	747
regionale	746
filiale	746
ciecamente	746
trascurato	746
ebraico	746
camionista	746
getto	746
asiatica	746
informale	746
essenzialmente	746
kalinda	746
paia	746
paradise	746
cantate	746
punita	746
angioletto	746
vincera	745
ciondolo	745
crampi	745
daily	745
parlartene	745
giardinaggio	745
giocavamo	745
sposto	745
incantato	745
chinatown	745
oserei	745
tiratelo	745
testate	745
idolo	745
sultano	745
vagare	744
prospettive	744
trans	744
svitato	744
alessandro	744
sposano	744
insonnia	744
islam	744
her	744
confermarlo	744
dormite	744
verginita	744
puzzano	744
rivolgersi	744
risolta	744
disattivare	743
preparano	743
maddox	743
jade	743
prenderete	743
planet	743
tornatene	743
guardavano	743
eta'	743
hotch	743
sparso	743
nemiche	743
relativamente	742
smalto	742
resiste	742
otterremo	742
valuta	742
intraprendere	742
montreal	742
sisko	742
losco	742
raccapricciante	742
contrasto	742
ragionamento	742
galactica	742
moderni	741
provvedere	741
gradimento	741
affronti	741
ricevera	741
marshmallow	741
dash	741
storta	741
rodeo	741
scavi	741
stendere	741
johan	741
innamorare	741
utah	741
educata	741
stracci	741
vivavoce	741
fowler	741
rispettano	741
draper	741
mustang	740
schiantato	740
pescatori	740
invitarti	740
medium	740
brittany	740
reciproca	740
click	740
davies	740
dragon	740
empatia	740
festeggia	740
riparleremo	740
prigionia	740
intenda	740
strage	739
orco	739
risparmiami	739
utilizzate	739
bonta	739
ossia	739
usarle	739
ran	739
ricordero	739
torce	739
rovinarti	738
belgio	738
subs4you	738
riceva	738
spiagge	738
senape	738
lastre	738
sensore	738
immunità	738
ritrovamento	738
lattine	738
toccante	738
attrezzo	738
avatar	738
pianista	738
borsone	737
hippy	737
gridano	737
sonora	737
verresti	737
ulises	737
cavartela	737
reg	737
risolvi	737
where	737
torturare	737
teen	737
rimetta	737
bene.	737
clare	737
baronessa	737
guardero	737
riforma	737
supereremo	737
orecchi	737
voila	737
rifletti	737
posate	736
alberghi	736
chizpurfle	736
mallory	736
smettero	736
milligrammi	736
liberami	736
dormivi	735
conteneva	735
annoiata	735
distruggerà	735
nascondino	735
gestirla	735
efficienza	735
dobbiate	735
rare	734
siam	734
ricevitore	734
spengo	734
hannibal	734
calmarsi	734
perte	734
rilevo	734
fornitori	734
buenos	734
automatica	734
diplomatica	734
telefona	734
assicurerò	734
collezionista	734
perseguire	734
puniti	734
mandarci	734
diabolico	734
body	734
cazzoni	734
fermeranno	734
ballard	734
stampante	733
trek	733
manteniamo	733
bash	733
fermiamoci	733
liberty	733
insegnerò	733
marylena	733
run	733
irregolare	733
temete	733
colta	733
dispiaceva	733
stivale	733
jag	732
settimanale	732
urra	732
remi	732
convinzioni	732
ling	732
talent	732
dista	732
stupendi	732
tastiera	732
conway	732
filo28	732
gnam	732
spingermi	732
vigilante	732
rogo	732
sprovvista	732
bloccando	731
scivolata	731
cappio	731
barlow	731
congedato	731
ideato	731
abitare	731
zenzero	731
imprigionato	731
sweeney	731
popoli	731
vegeta	731
crescente	731
dorma	731
marko988	731
immersione	731
sentiremo	731
mutazione	731
accettero	731
viaggetto	731
erotico	731
ruscello	731
buffalo	730
rosewood	730
waters	730
norvegese	730
alluminio	730
mancino	730
piercing	730
corey	730
viktor	730
intrusi	730
turbo	730
sedervi	730
rodrigo	730
bambi	730
cartoline	729
cucini	729
magic	729
ricoperta	729
spontaneamente	729
ultra	729
sfortunata	729
tremila	729
chae	729
mantengo	729
let'	729
vladimir	729
trovando	729
distanti	729
dedicare	729
storpio	729
lascerete	729
spinti	729
sordi	729
missouri	729
và	729
minoranza	728
centrali	728
aumentando	728
butters	728
rivedrò	728
hippie	728
kirby	728
coste	728
dovette	728
avvenimenti	728
caricate	728
equivale	727
derrick	727
tetti	727
chiedesse	727
horatio	727
comparire	727
castani	727
bocciato	727
minchia	727
maxwell	727
rendersi	727
accostare	727
ipad	726
bowie	726
discutiamo	726
always	726
praticare	726
arrugginito	726
blah	726
gob	726
retorica	726
urgenti	726
gela	726
requisiti	726
gaia	726
distrazioni	726
coerente	726
bow	725
bernadette	725
scogliera	725
combattete	725
free	725
janine	725
nego	725
attendo	725
vedevano	725
segnalare	725
poterli	725
match	724
antiquariato	724
picasso	724
raquel	724
minuscola	724
parlarmene	724
lapide	724
bastasse	724
richiamarti	724
operativi	723
roberta	723
ritroviamo	723
scheggia	723
parsons	723
hermann	723
infetti	723
corporation	723
pattini	723
hayden	723
scavo	723
diesel	723
licenziarti	723
sl	723
sfigata	723
retata	722
frequentava	722
paragrafo	722
collabora	722
fermerò	722
riconoscerlo	722
consultare	721
mettano	721
stampare	721
pessimi	721
chitarrista	721
miscela	721
batterista	721
kristina	721
francobolli	721
ingaggio	721
sentirò	721
diva	721
sopporti	721
concepito	721
corrotta	721
building	720
identici	720
assurdita	720
comprensivo	720
guadagnati	720
remy	720
beep	720
darwin	720
divorziando	720
mostrate	720
escursione	720
lorna	720
generare	720
otteniamo	719
ascensori	719
comodino	719
accordato	719
intensamente	719
ammazzi	719
oh-oh	719
jolly	719
protettiva	719
prendile	719
lasciargli	719
foreste	719
cavare	719
cambierai	719
qi	719
eddy	719
raccontava	718
uscisse	718
bollire	718
telefoniche	718
portatore	718
amavano	718
aperitivo	718
salutarla	718
ibrido	718
giocarci	718
scegliamo	718
serviamo	718
stravagante	718
spuntato	718
imparo	718
fischietto	718
buttano	717
inquilino	717
confermo	717
zuccheri	717
inaspettata	717
guerriera	717
odiamo	717
family	717
comprarla	717
deluderti	717
verbali	717
clandestini	717
spegnerlo	717
togliendo	717
portarsi	717
cranico	717
ordiniamo	716
burattino	716
proteggono	716
interessarti	716
supereroi	716
filadelfia	716
tenerezza	716
incrociate	716
ascesa	716
diventò	716
pipistrelli	716
cronologia	716
divertentissimo	716
quotidiana	716
oscure	716
incinte	716
bui	716
immerso	716
austria	716
mettesse	715
asporto	715
sprecata	715
mazze	715
politicamente	715
lime	715
baldwin	715
guardarsi	715
trattenerlo	715
mischia	715
medusa	715
morton	714
jeong	714
gioielleria	714
tenervi	714
finiva	714
masse	714
contaminato	714
marsiglia	714
wonder	714
creo	714
kip	714
installare	714
annullamento	714
recensioni	714
manomesso	713
perseguita	713
acquisizione	713
freud	713
ipnosi	713
portone	713
abituarmi	713
divertono	713
infermieri	713
emette	713
riprenderci	713
kyo	713
dustin	713
chiedevamo	713
tiranno	713
clientela	713
spontaneo	712
ori	712
infestata	712
venirne	712
crudeltà	712
navigare	712
riattaccare	712
mcnally	712
domino	712
mount	712
panoramica	712
pandora	712
zac	712
trattativa	712
berkeley	712
lanciata	712
mercati	712
gialle	712
casualmente	712
bruciature	712
sigla	711
jethro	711
cosmico	711
riuscì	711
pregati	711
fermero	711
avanzate	711
entrerà	710
annoia	710
sensitiva	710
decidono	710
o.	710
uccideteli	710
barare	710
successivi	710
fattibile	710
ames	710
comporto	710
scrivete	710
adattarsi	710
fatture	709
riuscii	709
consapevoli	709
schizzo	709
favorito	709
botola	709
galles	709
dorian	709
deciderlo	709
accetterò	709
splendide	709
monitorare	709
elemosina	709
assegnata	709
leda	709
governativo	709
ospitare	708
svizzero	708
rivelarsi	708
elisabetta	708
invidioso	708
trattenerti	708
peluche	708
nominata	708
machine	708
doloso	708
eagle	708
arrende	708
buttafuori	707
notaio	707
odora	707
herisson	707
giudica	707
deliziose	707
lusingata	707
approvata	707
divide	707
georges	706
fattene	706
cilindro	706
carissimo	706
vendute	706
sentirne	706
barrow	706
faraone	706
iceberg	706
amasse	706
domestiche	706
insulina	706
imperatrice	706
pompini	706
madeleine	706
lussuria	706
confuse	705
jeanne	705
morissi	705
gaio	705
imputati	705
serpat88	705
pubblicitario	705
pesantemente	705
sostanzialmente	705
lettino	705
capirete	705
morning	705
catetere	705
sociopatico	705
interferenze	704
passatempo	704
attraenti	704
rivuole	704
giurata	704
squadrone	704
concessa	704
insolente	704
tutela	704
litigate	704
summers	704
pagliacci	704
play	704
cruscotto	704
terzi	703
moltissimi	703
lasciai	703
qualificata	703
spezzo	703
scultura	703
respingere	703
ottava	703
sutura	703
rovinati	703
darete	703
umiliata	703
siluri	703
spazzola	703
andré	703
accidente	703
yossarian	703
u.s.a.	703
plastico	703
sensei	703
concrete	703
lacrima	702
tagliano	702
crudo	702
provarla	702
divorziata	702
eccitare	702
morirei	702
rabbit	702
conduttore	702
janie	702
teenager	702
melody	702
presentarle	702
demo	702
bandiere	702
andrebbero	702
scoiattoli	702
signorsì	702
islanda	702
muoveva	701
staffe	701
guadagnarsi	701
strange	701
cammello	701
verdoni	701
buche	701
dunbar	701
lima	701
talebani	701
tuttofare	701
notifica	701
allievi	701
soffice	700
adulterio	700
lasagne	700
parlante	700
ohi	700
raccontarlo	700
utenti	700
skateboard	700
consente	700
implorato	700
sodio	700
lasciamolo	700
deporre	700
purche	700
truccato	700
esagerata	700
vibrazione	700
lasciateli	700
ferramenta	700
viscere	699
possedeva	699
cameraman	699
convegno	699
separa	699
burocrazia	699
informarla	699
zelanda	699
sabotare	699
abusato	699
scioccata	698
orecchino	698
montata	698
compilato	698
eur	698
formalità	698
dina	698
mentirti	698
chung	698
cosiddetto	698
bombardamento	698
vivesse	698
investitore	698
slater	698
androide	698
compensare	698
reyes	698
intitola	698
virgola	697
applicare	697
allenare	697
ricordera	697
chiamarci	697
vegetariano	697
vettura	697
laden	697
kaylie	697
impegnarsi	697
mandera	697
piacergli	697
progettata	697
coperchio	697
unita'	697
rilassare	697
lamentarmi	697
combustibile	697
durant	697
gloriosa	697
saltando	696
fallisce	696
sotterranei	696
raggiungi	696
reggi	696
accetterà	696
cobb	696
scagnozzi	696
cominciarono	696
santità	696
lenzuolo	696
eviti	696
battendo	696
intimità	696
separata	696
finanziamenti	695
bionde	695
impegnativa	695
sasuke	695
volendo	695
colpite	695
settanta	695
tombola	695
rientrata	695
agricoltura	695
occidentali	695
bouquet	695
bangkok	695
elfi	695
fottano	695
starle	695
producono	695
voodoo	695
fattorie	695
denunce	695
sbatti	695
act	694
mafioso	694
bruci	694
topaia	694
ramsey	694
batterti	694
minato	694
allontanata	694
ceppo	694
nicolas	694
simms	693
rispondendo	693
penitenza	693
par	693
causati	693
irrazionale	693
ricreare	693
gestita	693
ubriacato	693
moira	693
oceani	693
farmacista	693
baccano	693
bryant	692
capacita'	692
risse	692
finestrini	692
vendicarti	692
finitela	692
avverti	692
lavoretti	692
bowman	692
scintille	692
casuali	692
darnell	692
raccontaci	692
gonfiore	692
cooperazione	692
contate	692
dò	692
avvicinarci	691
regalare	691
avventato	691
avvicinata	691
provenire	691
mantenga	691
occhiolino	691
honey	691
t.j.	691
remo	691
coco	691
distruggera	691
ya	691
rinunci	691
rubarmi	691
bigfoot	691
louisa	691
paco	691
reclutamento	691
china	691
burger	691
giornataccia	690
roth	690
scoreggia	690
infastidito	690
saturazione	690
dipendono	690
obbliga	690
bonjour	689
colpisca	689
ssh	689
patriota	689
oliva	689
elmetto	689
temple	689
frustrato	689
nuora	689
berry	689
ryo	689
prua	689
shiva	689
economiche	688
parroco	688
innamorarmi	688
tirala	688
incompetente	688
restrittivo	688
specchietto	688
caffé	688
iscritta	688
leucemia	688
ciascuna	688
marcos	688
buttarla	688
investigativo	688
radunare	688
batterlo	688
myka	688
programmata	688
vivra	688
nubile	688
granaio	687
rientri	687
puma	687
sottotitolati	687
bau	687
charlene	687
generosità	687
trasferirci	687
voleste	687
parrish	687
ignori	687
varietà	687
ballano	687
jillian	687
scaffali	686
mascherato	686
contagioso	686
accessori	686
eccellenti	686
mettergli	686
argilla	686
affogare	686
discuteremo	686
abbraccia	686
diminuire	686
spinga	686
gode	686
oretta	686
grasse	686
lulu	686
indubbiamente	685
incline	685
entità	685
avena	685
residuo	685
congelatore	685
agita	685
fischia	685
australiano	685
sorvegliato	685
discorsetto	685
tagliarti	685
entrera	685
appaiono	685
trambusto	685
disastri	685
ltalia	685
deodorante	685
bjorn	685
riassunto	685
bevute	685
trema	684
lurida	684
identiche	684
glutine	684
anormale	684
morente	684
vergognoso	684
giada	684
lame	684
servirmi	684
schiaccia	684
agganciato	684
leggeri	684
ae	684
modesta	684
adattamento	684
singapore	684
bocche	684
picchio	684
assicurata	683
tizia	683
seguirò	683
avro'	683
immunitario	683
rilassata	683
sud-est	683
procurarti	683
capriccio	683
esprimi	683
cominciai	683
cacciati	683
motociclisti	683
perdonata	683
camerieri	683
rivera	683
ditemelo	683
spogliarelliste	683
attivazione	683
rifiutano	682
delizia	682
marciare	682
sfacciato	682
soul	682
amuleto	682
targhe	682
kelsey	682
videogioco	682
die	682
fintanto	682
raggiunga	682
calza	682
gattina	682
difende	682
stabilimento	681
consiglieri	681
avvisarti	681
illumina	681
crediate	681
lampade	681
costare	681
svanito	681
svolge	681
energetica	681
cullen	681
morbo	681
appoggia	681
dimitri	681
dragone	680
indovini	680
o.j.	680
lucien	680
avvoltoi	680
incoraggiato	680
risolverà	680
proctor	680
compere	680
barcellona	680
cuddy	680
liu	680
occupartene	680
salvarvi	680
imparano	680
lassie	680
spostarlo	680
demenza	680
scofield	679
mostriamo	679
upper	679
vigore	679
sedete	679
idiozie	679
great	679
acri	679
esposito	679
civilta	679
falcon	679
destiny	679
phaser	679
pone	678
giacche	678
cape	678
entusiasmante	678
ricordarmelo	678
jaime	678
fallimenti	678
alcuno	678
aspirante	678
mercenario	678
epinefrina	678
esterne	678
creiamo	678
copriti	678
firewall	678
cesar	678
tenesse	678
derubare	677
aggiornare	677
steele	677
berlo	677
urine	677
fotografi	677
allenarti	677
andra'	677
adottiva	677
rizzoli	677
aumentano	677
benedict	677
raccolte	677
ricattando	677
appoggiare	677
piantagione	676
salutate	676
scheletri	676
solista	676
vacche	676
sponda	676
tenute	676
proteggerli	676
shepard	676
escobar	676
badi	676
hour	676
stenditi	676
milly	676
latta	676
proteggervi	676
tariq	676
granchi	675
evitiamo	675
sovietici	675
ciurma	675
mensile	675
incognito	675
vicedirettore	675
bocconcino	675
pause	675
digerire	675
abbandonando	675
soprano	675
psichiatria	675
collisione	675
cosí	675
noleggiato	675
contattarti	675
sincere	675
intoppo	675
vascello	675
trapano	675
preghi	675
pasticche	674
scoprii	674
think	674
cadrà	674
aiutalo	674
tech	674
rahl	674
sopraffatto	674
cosiddetta	674
preme	674
ragionevoli	674
jt	673
buttarsi	673
difendi	673
lavorassi	673
breccia	673
tollerare	673
restava	673
merde	673
tau	673
matrice	673
infezioni	673
bu	673
ingannata	673
cercasse	673
rompiscatole	673
violente	673
imitare	673
passamelo	673
approfittarne	673
ossicodone	673
dimostrarti	673
restringere	672
udite	672
erika	672
inie'	672
isis	672
accadrebbe	672
aprirsi	672
sovraccarico	672
jaguar	672
debbo	672
kendall	672
prematrimoniale	672
create	672
aggressioni	672
jacobs	671
contattata	671
fazzoletti	671
regni	671
incastrarmi	671
pearson	671
basandomi	671
parlavate	671
azoto	671
finanziarie	671
rimpiazzare	671
menzionare	670
decreto	670
ritardare	670
interpreta	670
collier	670
profeti	670
minerale	670
zymil	670
imposto	670
scadere	670
arrivederla	670
howie	670
essercene	670
tacco	670
buonissima	670
temporali	670
ripristinare	670
kikka	669
molle	669
rompono	669
trincea	669
attrici	669
presidenti	669
provini	669
corra	669
ridge	669
ace	669
trattenuta	669
parleranno	669
richiamata	669
proveniva	669
giungere	669
benji	669
oculari	669
partecipi	669
aprirà	669
avvio	669
guarderò	669
verrei	669
diventava	669
vintage	669
rimettersi	668
cutler	668
flirtando	668
ordinata	668
esorcismo	668
emil	668
portargli	668
sicilia	668
manifesti	668
piegato	668
carenza	668
rapimenti	668
parks	667
galassie	667
gallerie	667
esteso	667
abbonamento	667
four	667
annulla	667
presumere	667
assicura	667
restassi	667
trasferiamo	667
goldman	667
sermone	667
viv	667
osservazioni	667
avvertirti	666
sentirli	666
princess	666
britannici	666
ritroveremo	666
ottimismo	666
melone	666
lavorasse	666
spartaco	666
achille	666
theodore	666
voilà	666
credendo	666
varsavia	666
sprechi	666
intendiamo	666
quill	666
litigi	666
consulenti	666
blindata	666
asiatici	666
scovare	666
nada	666
vigliacchi	666
moquette	666
discute	666
borg	665
mitragliatrice	665
blanche	665
gonfiato	665
orange	665
sistemera	665
krista	665
benvenute	665
sfruttato	665
guadagnata	665
hodges	665
fichi	665
campagne	665
stampo	665
juice	665
annabelle	665
impegnando	665
guadagnano	665
inganni	665
ghiacciato	664
caraibi	664
ram	664
inopportuno	664
giocheremo	664
busto	664
servano	664
occasionale	664
feel	664
dormirai	664
dominante	664
pantera	664
puramente	664
sposerà	664
kenzi	664
piatta	664
aggirare	663
maleducati	663
wilkes	663
navid	663
yeon	663
biologici	663
rovescio	663
swanson	663
disneyland	663
pozza	663
urto	663
mitra	663
trasfusione	663
supergirl	663
jutsu	663
seriale	663
prenderesti	663
tonight	663
incapaci	663
disteso	663
doveste	662
rimanesse	662
sedativi	662
mit	662
gale	662
tank	662
commerciante	662
quest	662
sim	662
dedica	662
peccatore	662
mancanti	662
antares57	662
accaduta	661
sconfitti	661
sifilide	661
magnifici	661
identita'	661
proibisco	661
dobbs	661
tofu	661
facendomi	661
complessi	661
crollando	661
zelda	661
camminano	661
raggiungerla	661
termina	660
embolo	660
patton	660
contorno	660
arrow	660
joanie	660
moses	660
cerchia	660
servitori	660
fanne	660
insegnargli	660
nube	660
riconsiderare	660
piccioncini	660
fighissimo	660
debra	660
raccontata	660
dovetti	660
salutarlo	660
lynch	660
tandy	660
sottratto	659
stanchezza	659
ritornerà	659
pareggio	659
riuscendo	659
linden	659
affezionata	659
quantomeno	659
mentiva	659
scelgono	659
definisci	659
trascina	659
ministri	659
disabili	659
puzzo	659
elisabeth	659
negata	659
jacqueline	658
sensibilità	658
about	658
gun	658
pornografia	658
ottengono	658
insegnamenti	658
furfante	658
sparse	658
congratularmi	658
svelare	658
sfacciata	658
esitazione	658
razziale	658
mettevo	658
compagne	658
genevieve	658
ghiacciata	658
ripieno	658
irina	658
appartenere	657
edison	657
soprannaturale	657
contrazioni	657
saldi	657
scaletta	657
basteranno	657
ordinaria	657
cairo	657
cabaret	657
diccelo	657
pannelli	657
scatoloni	657
crociata	657
identificati	657
procurare	657
crucchi	657
salvador	657
esplorazione	657
jocelyn	656
vergognare	656
como	656
esplosiva	656
batto	656
emettere	656
alfabeto	656
cardassiani	656
risiede	656
costruisce	656
ristrutturazione	656
beato	656
dichiarata	656
infuriato	656
rimozione	656
fragolina	656
comportarci	656
sistemero	656
scientifiche	656
ripagato	656
richiamero	655
richiamarmi	655
altalena	655
give	655
sfiorato	655
brownie	655
uscì	655
sottaceti	655
darglielo	655
caldaia	655
hakeem	655
laccio	655
poligono	655
continuavano	654
scaricando	654
divertimenti	654
esitato	654
vesto	654
vorremo	654
aspettata	654
riporteremo	654
riguardante	654
mala	654
pr	654
riposino	654
umili	654
pronunciato	654
ostili	654
levare	654
ain'	654
impegnarti	654
trovavano	654
assolo	654
riuscivamo	654
harmon	654
valentina	654
gettala	654
inviati	654
sadico	653
permetterebbe	653
tirero	653
mouse	653
statunitense	653
armeria	653
valzer	653
spezzata	653
spegnila	653
sottotitolato	653
artificieri	653
chow	653
entrò	653
vatti	653
tigri	653
machete	653
campionessa	653
trattore	653
arnie	652
macho	652
implorare	652
telaio	652
diedi	652
dubois	652
obsidian	652
ravioli	652
ricordarvi	652
ammessi	652
freeman	652
marlene	652
leela	652
portaerei	652
mmh	652
bypass	652
dimenticarmi	652
raccontarci	651
piacevo	651
facendolo	651
spariscono	651
barili	651
cappellino	651
repentaglio	651
morales	651
incolpato	651
ripensamenti	651
ne'	651
viverci	651
passeggiate	651
jogging	651
aldila	651
ahm	650
corrispondente	650
lanciatore	650
rivers	650
bare	650
istruito	650
keating	650
irrisolti	650
inciampato	650
porcellana	650
zed	650
ham	650
sven	650
smettono	650
spietata	650
brano	650
secondaria	649
lasciapassare	649
hoover	649
apriremo	649
animazione	649
arrabbio	649
allontanando	649
disciplinare	649
abitano	649
story	649
procurarsi	649
colletto	649
ridacchia	649
costruite	649
roxy	648
sindacati	648
cornuto	648
respirando	648
lap	648
rispondeva	648
wolfe	648
sacre	648
salata	648
sentano	648
combaciano	648
morirebbe	648
ricci	648
barriere	648
shark	648
coloni	648
avi	648
assomigliano	647
respiratore	647
ricoverata	647
sabotaggio	647
ritorniamo	647
why	647
ventimila	647
titanic	647
esisto	647
invadere	647
conobbi	647
ercole	647
puntati	647
tc	647
decima	647
pretendo	647
guadagnarci	647
rimorchio	647
pritchard	647
apache	646
ventidue	646
benché	646
pilot	646
confortante	646
integrale	646
eliminazione	646
artefatto	646
audizioni	646
stradali	646
utente	646
oracolo	646
cafe	646
genera	646
matricole	645
volute	645
caminetto	645
serecea	645
stupefacenti	645
considerevole	645
soffocato	645
impiccare	645
cavia	645
ritieni	645
sgabello	645
regan	644
mercatino	644
femminucce	644
ammanettato	644
proteste	644
trovatelo	644
ritengono	644
infrarossi	644
w.	644
microfoni	644
mitico	644
percorsi	644
riavrai	644
bebe	644
crash	644
beethoven	644
tranquille	644
inginocchiati	644
josephine	644
parso	644
uccisioni	643
three	643
valige	643
ridotti	643
alistair	643
trovavi	643
omaggi	643
irritabile	643
costruttore	643
pin	643
addicted	643
ipod	643
accendete	643
sacchetti	643
mandava	643
inconveniente	643
caposquadra	643
curiosi	643
cono	643
baghdad	643
debitore	643
hugin	643
ordigno	643
ernest	643
delusi	643
barzellette	642
rinascita	642
cornice	642
langston	642
compari	642
trasferisci	642
brigata	642
lamentato	642
tesoruccio	642
ramona	642
rain	642
astuzia	642
cambierò	642
epatite	642
eccezioni	642
kitt	642
madrina	642
storm	642
passioni	642
leggono	642
scotland	641
riportate	641
banconota	641
esteban	641
baciando	641
trapelare	641
pantofole	641
credente	641
ciliegia	641
valutando	641
pagherete	640
fisco	640
full	640
kimi	640
fischer	640
pesos	640
j.j.	640
pezzetti	640
pesche	640
eureka	640
dispersi	640
assolto	640
sbarazzati	640
da'	640
copiare	640
colpiscono	640
offende	640
affonda	640
rue	639
bernardo	639
retromarcia	639
introduzione	639
sbarco	639
brock	639
incolpa	639
permettergli	639
caratteri	639
raggiungiamo	639
esistita	639
indurre	639
dispiacerti	639
minorile	639
secondario	639
bastarda	638
cittadinanza	638
fondata	638
mancati	638
impedirmi	638
ricambiare	638
pia	638
raggiungendo	638
melvin	638
nascondiamo	638
bossoli	638
dotata	638
sondaggio	638
iniziava	638
invertire	638
fiala	638
stallo	638
lumaca	638
ruxin	638
terrorizza	638
approfondire	638
disoccupazione	637
fartene	637
lasceresti	637
dimenticherai	637
commentare	637
spider	637
edwin	637
abituarsi	637
mode	637
mossad	637
prostata	637
rivedro	637
caramello	636
ro	636
stordito	636
amichetti	636
gon	636
specializzando	636
sottolineare	636
finanziato	636
renderai	636
helene	636
filippine	636
esclusa	635
johnnie	635
dormirò	635
ispira	635
caverò	635
tommaso	635
indovino	635
sposami	635
arrendermi	635
indossavo	635
rebekah	635
scomodo	635
bacheca	635
zip	635
dodge	635
discendente	635
presunta	635
accurato	634
sfumature	634
leggeva	634
kemp	634
arrapato	634
sapessimo	634
smamma	634
kristin	634
penseresti	634
spiegartelo	634
testato	633
lucifer	633
diffondendo	633
facciamogli	633
bluebell	633
salato	633
ridire	633
ipoteticamente	633
cazzeggiare	633
aggancio	633
pip	633
pinguini	633
oltreoceano	633
riusci	633
hilda	633
divinità	633
elisa	633
troviate	632
franny	632
flessibile	632
indovinello	632
becchiamo	632
assumendo	632
rubino	632
riportarmi	632
rappresentato	632
dirette	632
sbarazzarmi	632
commendatore	632
passò	632
sbrigarti	632
banchieri	631
cadra	631
teri	631
amero	631
calcolare	631
sands	631
divertirvi	631
discografica	631
piacevoli	631
servirebbero	631
terminal	631
stupore	631
hilton	631
bullismo	631
tirarci	631
patatina	631
gonfie	631
useranno	631
lip	630
sigillata	630
sdraiata	630
pseudonimo	630
vetta	630
leroy	630
asfalto	630
tragedie	630
negoziazione	630
parcheggi	630
decisivo	630
redini	630
kieran	630
gestiva	630
graal	630
taccuino	630
eliminati	630
margini	630
chiedendomi	630
registrate	630
gestendo	630
impertinente	630
fraser	629
lukas	629
arabia	629
gergo	629
graffiti	629
introdurre	629
ichi	629
registi	629
epico	629
firmate	629
accusarmi	629
annullata	629
starling	629
puzzava	629
userei	629
scordati	629
lowell	629
sentiro	628
scusaci	628
garth	628
dipendere	628
avvisata	628
deludente	628
purgatorio	628
nubilato	628
liberiamo	628
rado	628
diffonde	628
deep	628
raggiungeremo	628
dettagliato	628
avvisa	628
remota	628
egoisti	628
troverebbe	627
cappellano	627
softball	627
vendicarmi	627
pescato	627
fortunate	627
contabilita	627
rilassa	627
ì	627
noh	627
hiv	627
five	627
distrarmi	627
filosofo	627
macchinario	627
condivide	627
sykes	627
spaventarla	627
prenditela	627
ritiri	627
michaels	627
giochino	627
scintillante	626
zhang	626
rimaneva	626
yankees	626
ramirez	626
piacerle	626
eccentrico	626
tenti	626
scialuppa	626
yolanda	626
infilo	626
sapeste	626
meridionale	626
sporto	626
bruxelles	626
fummo	626
ingegnoso	626
campidoglio	625
uccidila	625
porteresti	625
smetterò	625
brewster	625
condanne	625
insaputa	625
distesa	625
canadesi	625
sheva	625
fronti	625
fragili	625
guarderemo	625
metallico	625
sostenitore	625
amir	625
minorenni	625
camminate	624
mentirei	624
pegno	624
spacciati	624
imparziale	624
peri	624
ritornerò	624
lotti	624
forge	624
scriviamo	624
ailish85	624
tattico	624
rimpiazzo	624
cosina	624
biografia	623
buonsenso	623
benche	623
importare	623
larsen	623
cold	623
violando	623
risultare	623
microscopio	623
portabagagli	623
estratti	623
joanne	623
too	623
perizia	623
aspirare	623
ripetermi	623
leali	623
tip	623
davey	623
condividono	622
chiacchierone	622
spazzato	622
tovaglioli	622
intendesse	622
martina	622
presentazioni	622
action	622
capsule	622
designer	622
amerai	622
kerry	622
bastoncino	622
trattate	622
susanna	621
somme	621
ovuli	621
rompipalle	621
sposarvi	621
comprarle	621
atene	621
cercapersone	621
enrique	621
santita	621
fields	621
raccolgo	621
collettivo	621
gim	621
sparatorie	621
sembrarti	621
allenarsi	621
velenoso	621
mao	621
bee	621
paragone	621
tamburo	621
perdersi	621
hi	620
trovammo	620
stage	620
esisti	620
entrerai	620
provvedimenti	620
tossine	620
highway	620
attentatore	620
supposizione	620
universitaria	620
crollata	620
benton	620
prestazioni	620
oo	620
anatomia	620
fat	620
prepariamoci	620
trattieni	619
hardison	619
sbattuta	619
crolla	619
impressionare	619
decidemmo	619
vous	619
ramen	619
rifugi	619
replica	619
series	619
lahey	619
dispiaciuti	619
originario	619
devil	619
offra	618
barrette	618
liverpool	618
strisciando	618
inviate	618
lubrificante	618
intrigante	618
abboccato	618
meschina	618
viziato	618
mangiarla	618
andie	618
ladymildred	618
guardatela	618
essergli	618
riflette	618
tossicodipendente	617
rhe	617
vederne	617
rapper	617
affidabili	617
mandibola	617
grafico	617
duane	617
disgustosi	617
parallelo	617
proteggo	617
tossisce	617
distrugga	617
misera	616
estenuante	616
risolvera	616
casanova	616
solennemente	616
weiss	616
cancellate	616
pastiglie	616
manichino	616
pasticcino	616
sudditi	616
sosia	616
giurisprudenza	616
sbirciare	616
sospettavo	616
sofisticata	616
tutorgirl	616
ka	615
emergere	615
ciuzza	615
prefetto	615
socialmente	615
rispondero	615
amori	615
speed	615
assunzione	615
rideva	615
glassa	615
sensato	615
falliti	615
lavarsi	615
manuliga	615
nutrito	615
mostrarci	615
giudico	615
olaf	615
inferi	615
stern	615
ritroverai	615
federico	615
uscivamo	614
mezze	614
sentirebbe	614
bassifondi	614
cagata	614
sparisca	614
giustificazione	614
parlagli	614
contabilità	614
successione	614
pettegolezzo	614
gertrude	614
tavole	614
contattarmi	614
gunther	614
passeggio	614
insediamento	614
rilevatore	614
anziché	613
affilato	613
n.	613
patteggiare	613
goodwin	613
innamora	613
perseguitato	613
well	613
mangerai	613
molecolare	613
inaffidabile	613
gattini	612
scattate	612
alzando	612
proteggersi	612
berta	612
aw	612
piantarla	612
pregiudizio	612
sottotenente	612
cruise	612
esclude	612
polpettone	612
pilø	612
f.c.	612
annusare	612
diavoli	612
arrestiamo	612
credici	612
ferengi	612
suoneria	612
separatamente	611
razzisti	611
adios	611
sveglierà	611
alfonso	611
scarabeo	611
vedove	611
barker	611
battiti	611
navy	611
leeds	611
willa	611
tirarsi	611
mora	611
scopriamolo	611
brevetto	611
socializzare	611
carboidrati	610
limitati	610
autisti	610
griffith	610
hwa	610
svegliera	610
ebay	610
higgins	610
ignoranti	610
tea	610
j.r.	610
nubi	610
matite	610
fidiamo	610
generatori	610
inizierai	610
lobos	609
messia	609
amorosa	609
hwan	609
mosè	609
vergognati	609
baba	609
magie	609
prendiamolo	609
presentiamo	609
saudita	609
disperate	609
carretto	609
indossarlo	609
sabotato	609
disonesto	609
prosegui	609
splende	609
clemente	609
concreta	609
protettivo	608
osservo	608
yuki	608
senatori	608
sciolta	608
addominale	608
poveretta	608
zanzare	608
concedermi	608
schwartz	608
adeguatamente	608
misteriosi	608
delaney	608
sistemarmi	608
schegge	608
pink	608
roscoe	608
zoppo	608
nimueh	607
walters	607
droidi	607
zolfo	607
saiyan	607
quagmire	607
spring	607
propone	607
nord-est	607
vedessero	607
ingiunzione	607
principianti	607
trinity	607
inventa	606
mandarli	606
larson	606
disgusto	606
votate	606
frizzante	606
licenzi	606
studentesse	606
shy	606
contenuti	606
fuggitivi	606
josef	606
informo	606
vinse	606
immobiliari	606
accappatoio	606
reggente	606
aggiunge	606
importerebbe	606
tesla	606
chico	606
riporterò	606
disintossicazione	606
ignorarlo	605
guide	605
poe	605
federal	605
cantanti	605
chiederci	605
alce	605
mckinley	605
carissima	605
opporsi	605
tg	605
malia	605
esistano	605
sfruttando	605
pentita	605
ulcera	605
invernale	605
portiamola	605
correzione	605
been	604
vaiolo	604
houdini	604
cinghiale	604
misericordioso	604
volerla	604
estensione	604
anticipare	604
poeti	604
hubert	604
reuben	604
mayer	604
pinocchio	604
regale	604
seguirci	604
connessioni	603
vitamina	603
curando	603
pj	603
intitolato	603
impedirgli	603
commessa	603
avvisi	603
insistente	603
organizzati	603
fujiko	603
e'e	603
porterei	603
cadetto	603
razze	603
permetteremo	603
tirapiedi	603
spostate	602
cassetti	602
capezzolo	602
sconosciute	602
misteriose	602
lune	602
brand	602
sistemerà	602
ebbero	602
knight	602
ridicole	602
liberale	602
mogliettina	602
mu	602
partecipa	602
radiografie	602
elastico	602
ingannati	602
assomigliare	602
riferisca	602
foley	601
attente	601
whitman	601
romantici	601
cianuro	601
graffiato	601
uffa	601
leggilo	601
pinta	601
dc	601
celebrazione	601
preferiamo	601
godfrey	601
ricavare	601
rischiosa	601
talia	601
fotografa	601
regolata	601
mak	601
formica	600
stupirsi	600
lavastoviglie	600
cinghia	600
velocita'	600
neill	600
moro	600
cenetta	600
scioglie	600
sputo	600
cala	600
davenport	600
sveltina	600
provera	600
negazione	600
minacciarmi	600
smallville	600
zeta	600
hampshire	599
procurarci	599
fascisti	599
usera	599
contagiosa	599
vincenzo	599
costerebbe	599
riescano	599
ripensare	599
sery51	599
precipitare	599
pile	599
comparso	599
eccitati	599
pitt	599
dolcissimo	599
ricordassi	599
tinta	599
parzialmente	599
inusuale	599
cisterna	599
intersect	599
predetto	599
sportive	599
cercarci	599
atletica	599
potassio	599
sbrigarsi	598
bah	598
passasse	598
zattera	598
avvertiti	598
avvoltoio	598
moreno	598
ologrammi	598
jp	598
straziante	598
toledo	598
terrorizzati	598
consegnarlo	598
hap	598
valesse	598
lacci	598
evidenza	598
presentate	598
intossicazione	598
sbagliarmi	598
invitarla	598
babe	597
tipe	597
dimessa	597
callahan	597
risparmiati	597
rughe	597
programmare	597
cactus	597
an8	597
essenziali	597
dinamica	597
indifeso	597
catalina	597
guru	597
pubblicazione	597
cortesemente	597
xander	597
accurata	597
god	597
stellari	597
affermano	597
caldwell	597
only	597
discriminazione	597
wing	597
tedesche	597
tradizionali	596
ospitalita	596
tonic	596
investigativa	596
finirete	596
aspirazione	596
din	596
piccanti	596
hackerare	596
mattutina	596
bartowski	596
risponderò	596
bach	596
contundente	596
esploratori	596
trixie	596
infili	596
gustav	596
itinerario	596
eruzione	596
profili	596
nicissimo97	596
incontrero	596
prede	596
sitter	596
herrmann	595
volessimo	595
rogelio	595
lambert	595
festicciola	595
scaldare	595
rimorsi	595
acida	595
biondina	595
stilista	595
riaverla	595
skype	595
buttar	595
redattore	595
calpestato	595
valanga	595
servigi	595
relativo	595
ballerini	595
organizzi	595
esatti	595
contribuenti	595
azzurra	595
ate	595
bajor	595
consiglia	595
intromettermi	594
waldorf	594
saddam	594
bobo	594
sussidio	594
commemorazione	594
edilizia	594
issa	594
punendo	594
larghe	594
inserita	594
cratere	594
rubarti	594
rhys	594
patsy	593
elton	593
alterare	593
rinvio	593
possiedono	593
dialoghi	593
eclissi	593
affidare	593
heck	593
novak	593
katya	592
sviluppando	592
valutazioni	592
tuoni	592
singolare	592
cervella	592
segugio	592
watts	592
contava	592
provenienza	592
fuggendo	592
licantropo	592
barattoli	592
natalia	592
moralmente	592
mittente	592
ovale	592
auschwitz	592
bev	592
clemenza	592
scendono	592
delitti	592
harm	591
myers	591
agendo	591
allargare	591
annusa	591
tablet	591
maschili	591
calmiamoci	591
fortune	591
westen	591
nan	591
espellere	591
manipolazione	591
congelando	591
combutta	591
violenze	591
ammira	591
scoprì	591
utilizza	591
oblio	591
gioie	591
mandarino	591
fune'	591
trattiamo	591
confessi	591
yong	591
ronny	590
opposti	590
specializzata	590
ritirati	590
smettessi	590
discendenti	590
ultimatum	590
acquisire	590
fidanzate	590
ziggy	590
inspira	590
pascal	590
cubano	590
venivamo	590
marlon	590
coreana	590
proteggerò	590
liquidazione	590
estradizione	590
esageriamo	589
probabilita'	589
abbandonarmi	589
ammazzati	589
sopravvivera	589
rosalie	589
selvatico	589
scenate	589
massiccio	589
imbranato	589
tracey	589
rilascia	589
costruiamo	589
risalgono	589
lodi	589
amethyst	589
nbc	589
knock	589
dimenticano	589
piagnucolare	589
branch	588
dirigono	588
fotografato	588
rinnovare	588
coreani	588
pranzi	588
razioni	588
raja	588
notata	588
interessamento	588
merenda	588
irascibile	588
attivista	588
babbeo	588
malfunzionamento	588
jakob	588
cromwell	588
appassionata	588
prentiss	588
chaplin	588
distruggono	588
edna	587
innesco	587
faye	587
abramo	587
canoa	587
spazzare	587
accorgerà	587
kramer	587
glory	587
denuncio	587
incasinare	587
fesserie	587
gridava	587
difenderti	587
successivamente	587
ba	587
rivedo	587
solenne	587
accettera	587
pensassimo	587
ingaggiare	586
ricezione	586
ombelico	586
piscia	586
vagabondi	586
lanterna	586
mortificato	586
alternativo	586
conducono	586
ritardi	586
zebra	586
indolore	586
religiose	586
colette	586
spinato	586
fe	586
ahimè	585
agiti	585
governativa	585
controllerò	585
provocando	585
vipera	585
kings	585
proverbio	585
svegliatevi	585
adolf	585
penn	585
scontata	585
posato	585
svedesi	585
stramba	585
anziane	585
provasse	585
vorra'	585
rintracciarla	585
fatele	585
becchino	585
lanciando	585
strategica	585
zoccoli	585
deviato	584
entita	584
telefonino	584
armando	584
françois	584
spiegati	584
matilda	584
primitivo	584
ceretta	584
lastra	584
raggiungibile	584
salutiamo	584
perdessi	584
stupende	584
corteo	584
shhh	584
immortali	583
convenzionale	583
trapianti	583
scegliendo	583
bret	583
sospettoso	583
candice	583
diventarlo	583
attacchiamo	583
incanto	583
atf	583
specializzandi	583
paranormale	583
basil	583
intercettazione	583
adolescenza	582
riposarsi	582
regine	582
sgattaiolare	582
vizi	582
mill	582
osseo	582
speravi	582
vaccini	582
invitarmi	582
universi	582
percio'	582
mandarle	582
se'	582
chiariamo	582
brandi	582
our	582
mannari	582
lacerazione	582
indichi	582
viceversa	582
vomita	582
tang	582
elevata	582
trazione	582
tossina	581
cornell	581
cc	581
ripetilo	581
voyager	581
rave	581
levami	581
svegliarlo	581
biasimare	581
vincero	581
toglierla	581
pretzel	581
cambiero	581
generato	581
blunt	581
indossate	581
core	581
colpirti	581
coniugale	581
indaga	581
rimetterci	581
infallibile	581
finanziamento	581
interfaccia	581
commercialista	580
congelati	580
leggevo	580
need	580
sistemate	580
psicotico	580
mantenendo	580
ferirmi	580
superbiagi	580
fritti	580
pensionamento	580
tropicale	580
accontentare	580
assomigliava	580
cospetto	580
killian	580
indifesa	580
i.	580
noleggiare	580
preoccupando	579
ricordarle	579
alligatore	579
cinquant'	579
accorgo	579
colomba	579
fammici	579
guadagnarmi	579
latina	579
patetici	579
irrompere	579
tampa	579
scordi	579
car	579
palese	579
sovietico	579
declino	579
poste	579
decorato	579
ingelosire	579
approva	579
discutibile	578
ritornano	578
divideremo	578
alziamo	578
saturno	578
comunismo	578
port	578
wyoming	578
difettoso	578
distruggeremo	578
avverrà	577
prematuro	577
gestapo	577
sicurissimo	577
tolgono	577
confrontare	577
intercettare	577
reeves	577
uccidano	577
concedi	577
regionali	577
portai	577
clifford	577
matters	577
voight	576
broccoli	576
mami	576
sostituzione	576
rolling	576
edo	576
improvvisazione	576
causate	576
moriva	576
pomiciare	576
supportare	576
mío	576
assorbenti	576
agatha	576
mandria	576
tsunami	576
gilet	576
marisol	576
leanne	576
merdoso	576
riuscivano	576
cutter	576
buchanan	576
raina	576
provvisorio	576
facilissimo	576
suzie	576
bordi	576
finley	576
conoscevate	575
mirare	575
hollow	575
seminato	575
uccidesse	575
astuta	575
aspetterà	575
puntino	575
altissimo	575
toglietemi	575
cupido	575
giudizi	575
comici	575
monsignore	575
jfk	575
curarlo	574
teopas	574
führer	574
gelo	574
cadranno	574
oakland	574
gabbie	574
paletto	574
rozzo	574
globo	574
pine	574
hewes	574
pizzeria	574
sorveglia	574
rugby	574
tradiva	574
fammela	574
consegnati	574
scopate	574
mitologia	574
inizierò	574
saltati	574
diventerebbe	574
piaciute	574
salvarle	574
verbo	573
hae	573
corinne	573
sommerso	573
sorprenderebbe	573
rivolge	573
stimoli	573
risolverla	573
autorita'	573
gravitazionale	573
affondato	573
fugge	573
guidate	573
mancheranno	573
svelato	573
irrisolto	573
scommettiamo	573
cuocere	573
tag	572
piacessero	572
elogio	572
spende	572
reggo	572
degni	572
trasformati	572
disputa	572
competente	572
abbott	572
sanità	572
spiegando	572
incentivo	572
guarisce	572
ciarlatano	572
rinvenuto	572
riferimenti	572
cominciavo	572
schiacciante	572
plurale	572
leadership	572
felipe	572
harding	571
comincerà	571
scommetterei	571
garrison	571
mi6	571
avidità	571
espressioni	571
impulsivo	571
umida	571
fusto	571
affrontarla	571
gonfiabile	571
circondano	571
giudicata	571
netflix	571
ripassare	571
intenzionale	571
visibili	571
ripley	571
archiviato	570
assorbire	570
stipendi	570
thelma	570
vivamente	570
buy	570
scriverai	570
arrestarla	570
berger	570
moriarty	570
autografi	570
rallentando	570
procuri	570
attivata	570
malloy	570
etere	570
palermo	570
divertite	570
emile	570
bagliore	570
profughi	570
ravi	570
salina	569
proverà	569
accuratamente	569
loop	569
lan	569
danesi	569
coincidono	569
includere	569
incriminato	569
sò	569
cubani	569
starbucks	569
talyn	569
romero	569
smettera	569
postazioni	569
incidere	569
sunshine	569
tampone	569
dichiari	569
proporzioni	569
sommo	569
colesterolo	569
puffo	569
collaborando	569
horace	569
mostruoso	569
impone	569
esprime	568
perspicace	568
sarcastico	568
xx	568
rimandiamo	568
adler	568
illustre	568
frontiere	568
cain	568
riflessione	568
rovinerai	568
transazioni	568
sonar	568
vangelo	568
descriverlo	568
detesta	568
mildred	568
sacri	568
schizzato	568
pesare	568
mortificata	568
blitz	568
galli	567
costruiremo	567
avamposto	567
aaah	567
ostetrica	567
matematico	567
cordiale	567
paradosso	567
usanza	567
scommetti	567
favor	567
garrity	567
regalata	567
duck	567
dudley	567
marx	567
platino	567
burrows	567
subdolo	567
attendono	567
sparati	566
ambienti	566
war	566
davina	566
difficolta'	566
distruggo	566
africani	566
arrestarti	566
arresa	566
centrato	566
impostato	566
molecole	566
contrattempo	566
riaverlo	566
sopratutto	566
ricattare	566
giustamente	566
goderti	566
bitterblue	566
esempi	566
alleno	566
cinematografica	566
caschi	566
diplomato	566
maccheroni	566
caparra	566
main	565
inestimabile	565
succhiato	565
puntano	565
motivato	565
partirà	565
raggiungerà	565
frizione	565
cresca	565
aggiorna	565
rotonda	565
tasti	565
tabellone	565
nightclub	565
esiti	565
windsor	565
asciugare	565
hearst	565
sembrasse	565
tendo	565
nu	565
aggiornati	565
pianificazione	565
paparazzi	564
burgess	564
sterlina	564
direttori	564
compositore	564
tj	564
gilmore	564
tare	564
congregazione	564
congetture	564
vivro	564
ottenerlo	564
celebre	564
addormentarmi	564
cicciona	564
alejandro	564
colossale	564
sostengo	564
trick	564
randolph	564
pozzi	564
nichols	564
thad	563
motosega	563
pestare	563
kimberly	563
cile	563
cage	563
venezuela	563
nooo	563
ignoralo	563
face	563
cooperare	563
sottoscritto	563
assetato	563
appendice	563
mentalità	563
espandere	563
elettronici	563
atterrati	563
piggy	563
lamentando	563
schermi	563
pensò	563
infortunio	563
vincolo	563
sparl	563
autostop	563
porgere	563
gareggiare	563
giraffa	563
conteggio	563
curiosare	563
eletta	563
preoccupava	562
usciranno	562
ceramica	562
zanne	562
accertarmi	562
sandro	562
indimenticabile	562
disobbedito	562
lasciartelo	562
battuti	562
fingiamo	562
capiremo	562
piaceranno	562
primogenito	562
werner	562
true	562
armadi	562
hemingway	561
dimentichiamoci	561
lino	561
virtu	561
sistemarla	561
insignificanti	561
ringraziamenti	561
congelata	561
ah-ah	561
spiritosa	561
schiacciata	561
previsione	561
strappa	561
imparate	561
miti	561
ginecologo	561
valium	561
controllore	561
guadagniamo	560
obbedienza	560
rilancio	560
clarkson	560
religioni	560
pupazzi	560
cargo	560
deciderai	560
topher	560
blaterare	560
creme	560
divorato	560
affermazioni	560
scusati	560
ispirata	560
raccontero	560
bellamy	560
dubai	560
offenderti	560
affondando	560
filato	560
rubava	560
globuli	560
inarrestabile	560
adatte	560
supposizioni	560
reclutare	560
inganna	560
viagra	560
poetico	560
accompagnatrice	560
procuro	560
devota	560
toglilo	560
guarendo	560
informarvi	559
key	559
imponente	559
formalmente	559
valide	559
scarti	559
creativi	559
statali	559
scienziata	559
riunito	559
consuma	559
infinitamente	559
avorio	559
croccante	559
collaboratore	559
dalia	559
otello	558
rotolo	558
melbourne	558
siberia	558
keys	558
habitat	558
pettine	558
ricominci	558
piacimento	558
mí	558
cervi	558
fury	558
allarga	558
rafforzare	558
breakfast	558
accelerazione	558
veggente	558
tolti	558
spillo	558
usalo	558
mangiavo	558
iniziazione	558
accorgera	558
scritture	558
sbarazzarci	558
stesa	558
gear	558
premeditato	557
cent'	557
arrestano	557
glass	557
blindato	557
payson	557
raffinata	557
briga	557
batmarta	557
rowan	557
tirannia	557
malate	557
avvelenare	557
crazy	557
denunciarlo	557
intervistare	557
perdonera	557
conclude	557
allegri	557
distruggerò	557
pardon	557
comunica	557
ennesima	556
some	556
meravigliosamente	556
parlò	556
addestrata	556
narcisista	556
smeraldo	556
gabriella	556
rimanessi	556
montatura	556
restando	556
supponendo	556
paraurti	556
gemme	556
insicuro	556
precoce	556
sensibilita	556
trasformano	556
notevoli	556
fay	556
sentieri	556
haiti	555
cemjey	555
appoggi	555
bivio	555
fertile	555
ilaria	555
intercettazioni	555
disabile	555
superstizione	555
hansen	555
turistica	555
incontrassi	555
mangerei	555
recarsi	555
mignolo	555
gandhi	555
ferrovie	555
rivuoi	555
formaggi	555
ursula	554
trance	554
greendale	554
superstiti	554
caloroso	554
discendenza	554
rimette	554
arrivavano	554
cj	554
scordarti	554
criceto	554
belfast	554
salveremo	554
traslocare	554
ritardati	554
eliminata	554
poverta	554
scandaloso	554
assoluzione	553
redazione	553
soap	553
digiuno	553
stupri	553
ballate	553
furie	553
corporea	553
passerella	553
poichè	553
earp	553
abitui	553
esploderà	553
sistemerò	553
anonimato	553
apparecchi	553
detesti	553
somministrato	553
pesto	553
finiscilo	553
rispettoso	553
cercai	553
consegnate	553
edile	553
dicerie	553
cianfrusaglie	553
istanti	553
forca	553
norton	553
paragonato	553
armadietti	552
moray	552
socialista	552
peggiorata	552
terence	552
selvatici	552
imprudente	552
uscissi	552
svanisce	552
testolina	552
aggiustarlo	552
imporre	552
lacrosse	552
confrontato	552
impiccagione	552
passavano	552
venda	552
summit	552
wilcox	552
precedentemente	552
crocifisso	552
baciarla	552
parlane	552
aiutasse	552
specifici	551
ser	551
schiavitu	551
mcgarrett	551
tuttora	551
liberarlo	551
pioveva	551
guardavamo	551
asher	551
sparerai	551
innamorando	551
orfana	551
maggiormente	551
sicari	551
rendero	551
bisnonno	551
psicosi	551
mandorle	551
governativi	551
tuck	551
bloody	551
aiutassi	550
preferivo	550
yorkshire	550
accesi	550
animato	550
resort	550
thornton	550
teoricamente	550
michelangelo	550
deciderà	550
svantaggio	550
poterne	550
olocausto	550
geografia	550
principesse	550
darli	550
delicati	550
renderò	550
commette	550
verissimo	550
rallo	550
carlisle	550
berlina	550
benefattore	550
superando	550
tanaka	549
lattuga	549
sorellastra	549
penserete	549
primaria	549
resisto	549
restasse	549
sayid	549
socievole	549
dublino	549
levate	549
portavi	549
kyu	549
porgo	549
entreranno	549
six	549
cognizione	549
finirebbe	549
sentivamo	549
avvisati	549
clem	549
sedotto	549
gennaro	548
barato	548
lavorativa	548
unirci	548
anya	548
evidenti	548
risposi	548
tap	548
tremotino	548
donner	548
pezzettini	548
mangiarli	548
rilievo	548
resterete	548
offerti	548
fiuto	548
toglierle	548
grimes	548
cahill	547
rompete	547
ipocrisia	547
maia	547
snake	547
arterie	547
clementinity	547
spelling	547
esotico	547
sudan	547
irragionevole	547
andersen	547
scopami	547
academy	547
dovertelo	547
field	547
ranghi	547
r2	547
piscine	547
inguine	547
altruista	547
assaggi	547
apprendimento	547
dickens	547
seguirà	547
stranissimo	546
ricorderete	546
benedici	546
spuntare	546
schizofrenia	546
ammirato	546
rimettilo	546
mutante	546
vorrò	546
glie	546
pergamena	546
stancata	546
interessate	546
cove	546
sceglierei	546
distacco	546
roulette	546
sistemarti	546
crostata	546
manuali	546
molestato	546
panthers	546
userà	546
toracica	545
crederle	545
motorino	545
mortimer	545
rimpiango	545
rallentato	545
ereditario	545
organico	545
trampolino	545
portoghese	545
aggressivi	545
tessere	545
rivelano	545
tubercolosi	545
spareranno	545
dipenda	545
straniere	545
verginità	545
agricoltori	545
moderne	545
editrice	545
arkady	544
detenuta	544
manovre	544
assurdi	544
pregate	544
tranquillita	544
targhetta	544
cedendo	544
pilates	544
pulce	544
inventore	544
diplomazia	544
infestato	544
artiglio	544
sbarazzarti	544
pagliaio	544
stemma	544
antidepressivi	544
distruggero	544
spears	544
interrogata	544
apparente	544
raduna	544
sciamano	544
cerimonie	544
metano	544
bellezze	544
autodistruzione	544
riportero	543
csi	543
informa	543
grillo	543
shore	543
reclamare	543
tremano	543
vorro	543
accettarla	543
dedurre	543
belga	543
canile	543
muovervi	543
passarla	543
mc	543
romantiche	543
rudolph	543
heath	543
stilly	543
escrementi	543
adalind	543
parcella	542
operando	542
contaci	542
cerniera	542
ripararlo	542
rasato	542
cbi	542
trust	542
ascoltava	542
quattrini	542
dormiro	542
ridammela	542
specialisti	542
games	542
gestore	542
faceste	542
tumori	542
disfare	541
presentatore	541
vieta	541
occuperai	541
riprenderlo	541
fermarvi	541
rimossa	541
condividerlo	541
didi	541
international	541
kabul	541
igor	541
terapeuta	541
limita	541
mercanti	540
peni	540
cartellone	540
premurosa	540
flessioni	540
quell	540
shrek	540
barbaro	540
concepire	540
muriel	540
aeroporti	540
grotte	540
dittatore	540
indy	540
britney	540
contusioni	540
cappie	540
kenya	540
liberali	540
lamentano	540
meade	540
ambrose	540
lilith	540
maneggiare	540
messer	540
capirti	540
asciutta	539
assegnati	539
opossum	539
rinoceronte	539
umilmente	539
infrazione	539
abbracciarti	539
guardai	539
nachos	539
vincita	539
hailey	539
nascessi	539
consultato	539
radioattivo	539
attaccheranno	539
farmaceutica	539
ipoteca	539
capitalismo	539
seppellirlo	539
j'	538
biciclette	538
spione	538
violoncello	538
appesi	538
richiamerò	538
brandelli	538
laurent	538
lowe	538
cleopatra	538
andro'	538
aspetterai	538
asgard	538
lightman	538
aboutagirl	538
autolavaggio	538
odiassi	538
wilder	537
insabbiare	537
terremoti	537
invidiosa	537
armamenti	537
colpendo	537
intestata	537
ciro	537
mozzo	537
guidano	537
noodles	537
estremità	537
fidarvi	537
restrizioni	537
trentina	537
skywalker	537
disdire	537
apriro	537
suoniamo	537
imposta	537
denton	537
reame	537
compratori	537
accumulato	537
assunti	536
cresciute	536
ricordando	536
fitta	536
dok	536
smarriti	536
storybrooke	536
pover'	536
ventilatore	536
scorretto	536
venderemo	536
confiscato	536
progettare	536
accetterai	536
ridley	536
hurley	536
arrivammo	536
bubbles	536
cauto	536
trasportando	536
scoprissi	536
beaumont	536
mentiro	536
occupatene	535
axe	535
sonniferi	535
calzoni	535
cliche	535
letame	535
loco	535
dovervi	535
julianne	535
clandestina	535
brighton	535
metanfetamine	535
riportando	535
ui	535
ritornera	535
unisca	534
appartenga	534
soddisfa	534
paola	534
ammazzarti	534
abbondante	534
sembianze	534
petali	534
cercherai	534
sedeva	534
sfruttamento	534
aggrappati	534
canticchia	534
gotta	534
pareggiare	534
scarichi	534
industriali	534
darlene	534
radiazione	533
trasmettendo	533
trio	533
profuma	533
goldie	533
lasciamelo	533
toccati	533
lumache	533
polacchi	533
bane	533
shik	533
spaventapasseri	533
ansima	533
tralasciato	533
indosserai	533
cessare	533
incazzati	533
annette	533
osborne	533
colonne	533
gestisci	533
indossavi	533
sparizione	533
ordinate	533
terrei	533
carmichael	533
romania	533
motociclista	533
fiducioso	533
iniziasse	533
minaccioso	533
cecil	533
provai	532
crocchette	532
aziendali	532
reperto	532
boogie	532
falegname	532
senna	532
incantata	532
arlo	532
proteggerà	532
sorvegliando	532
mandala	532
sylvie	532
rimetterlo	532
piromane	532
lennon	532
disertore	532
rammarico	532
bed	532
smetterà	532
cesareo	532
risponderà	532
broker	532
trave	532
cartwright	532
trofobico	532
littlebiglove	531
ingrassare	531
segnalazioni	531
egan	531
incontrerò	531
ordinazione	531
pattinaggio	531
trattenerla	531
ostinato	531
riconquistare	531
scagionato	531
incoronazione	531
asciugatrice	531
cruda	531
girarti	531
rambo	531
incoraggiare	531
serge	531
coinvolge	531
ren	531
verrebbero	531
lea	531
superficiali	531
appieno	531
teo	531
pre	530
battersi	530
fottermi	530
valutato	530
binocolo	530
spiegate	530
inteso	530
pediatra	530
alcolismo	530
uccidetemi	530
asteroidi	530
epica	530
restrittiva	530
battono	530
ché	530
mattie	530
cnn	530
delegazione	530
shadow	530
mantenimento	530
permetteranno	530
zie	530
loki	530
lem	530
appiccicoso	530
tirerò	530
squisita	530
svendita	530
joaquin	530
concentratevi	529
sessioni	529
blade	529
antipasto	529
bosch	529
al-qaeda	529
sposando	529
chiesti	529
osceno	529
sostituta	529
perdonerò	529
alcolizzata	529
ronda	529
intendono	529
permettermelo	529
stò	529
rocket	529
diventino	529
renderci	529
winslow	529
olsen	529
frantumi	528
sfrutta	528
cavalca	528
civico	528
aragoste	528
bucky	528
saloon	528
toto	528
tenace	528
toporagna	528
svanire	528
cappotti	528
lol	528
dolcissima	528
scontroso	528
rica	528
detenute	528
negoziato	528
delilah	528
sage	528
contagio	528
filmando	528
ricevuti	528
sensata	528
amos	528
magnate	527
pentire	527
fessura	527
realizzazione	527
uniscono	527
braccialetti	527
protagonisti	527
uscivano	527
terri	527
lottano	527
marini	527
scottie	527
gyeong	527
porcellino	527
incerto	527
varrebbe	527
cayman	527
egoismo	527
superi	527
arresta	527
perversa	527
tappi	527
giocavano	527
solidarietà	527
tong	527
rigore	526
materie	526
crawley	526
risolti	526
validi	526
sperduto	526
assumi	526
uguaglianza	526
urna	526
malora	526
indistruttibile	526
vicodin	526
datele	526
incertezza	526
serpe	526
malaria	526
sacerdoti	526
umidità	526
incluse	526
acero	526
immaturo	526
gruppetto	526
pio	525
bi	525
i0	525
delicate	525
beaver	525
rovesciare	525
kilu	525
contrari	525
colmo	525
horn	525
marziani	525
cannuccia	525
assorbito	525
punirmi	525
scrivimi	525
cartucce	525
nebraska	525
jessi	525
keep	525
puri	525
minimi	525
criptato	525
sporcaccione	525
fazione	525
goderci	524
trovala	524
bidoni	524
mango	524
pacca	524
incassato	524
abbaiare	524
bombola	524
congiunta	524
incomprensibile	524
usci	524
book	524
mischiare	524
addormentati	524
disposizioni	524
guthrie	524
aprira	524
stagli	524
calamita	524
vincerò	524
molteplici	524
costui	524
lasciale	524
scoprissero	524
interrompe	524
limoni	524
damigelle	524
ricostruito	524
ammessa	524
espira	524
avvenuti	524
bipolare	523
irritato	523
appositamente	523
ricreazione	523
cado	523
stecca	523
trattengo	523
met	523
ottica	523
ristabilire	523
assicurarvi	523
mer	523
watch	523
tobin	523
rimettera	523
complicati	523
riportera	523
iphone	523
icona	523
downton	523
fiche	523
leopardo	523
nassau	523
albuquerque	523
spaventarlo	522
delegati	522
winters	522
i1	522
much	522
uber	522
vivevi	522
robertson	522
decidete	522
sospiro	522
again	522
costruiscono	522
bestione	522
occultamento	522
newport	522
sinfonia	522
perforato	522
ambiziosa	522
cucchiai	522
rullo	522
arringa	522
freccette	522
disegna	522
filtri	522
approvi	522
darling	522
comprensiva	522
traverso	522
oskar	522
ye	522
culone	522
ex-marito	522
tentata	521
swing	521
selma	521
rasa	521
ambulanze	521
utilizzata	521
rilasciati	521
sharp	521
potro'	521
cupo	521
fair	521
spaventate	520
pee'	520
huang	520
dimostrando	520
mattatoio	520
goccetto	520
farah	520
vendermi	520
richiesti	520
rimpiazzato	520
bravissimi	520
aisha	520
miserabili	520
casper	520
insicura	520
selezionato	520
ginsberg	520
accendiamo	520
daddy	520
terme	520
ematoma	520
georg	520
scoprendo	520
innanzi	520
lordthul	520
tento	520
accecato	520
mort	520
onorati	520
chiamino	519
gaetano	519
dài	519
geum	519
kaplan	519
weber	519
gradualmente	519
clavicola	519
proviamoci	519
cosiddetti	519
inscenato	519
clinico	519
vu	519
armante	519
violazioni	519
t-shirt	519
frequentiamo	519
rovino	519
coprirti	519
meccanici	519
aggredire	519
renale	519
vocabolario	518
midwest	518
assoldato	518
averi	518
toglierci	518
magicamente	518
reagisci	518
riposarmi	518
affogato	518
vantarmi	518
telo	518
barboni	518
sconvolti	518
austen	518
estreme	518
spiacenti	518
vasquez	518
carmine	518
contaminazione	518
salpare	518
banner	517
rapa	517
giovanotti	517
keaton	517
burrone	517
ammazzata	517
anestetico	517
intimidire	517
piti	517
parlino	517
collabori	517
aprirmi	517
seppellita	517
viper	517
once	517
utopia	517
brucio	516
vegetariana	516
sonnifero	516
diplomatici	516
auguriamo	516
volata	516
adorerai	516
kylie	516
formate	516
proibita	516
fior	516
flagrante	516
cicli	516
kiera	516
frodo	516
deviare	516
definiscono	516
mahoney	516
zurigo	516
there'	516
ucciderebbero	516
limitate	516
zhaan	515
ibridi	515
fight	515
massimi	515
trasporta	515
mccall	515
presidentessa	515
minerali	515
knope	515
mezzora	515
alone	515
comprese	515
pizzo	515
scoparsi	515
direttive	515
relitto	515
fun	515
deficit	515
chiamavi	515
cambieremo	515
gareth	515
interessasse	515
basandosi	515
pubblicitari	515
turistico	515
vongole	515
prude	515
lira	514
healy	514
provocarmi	514
johanna	514
yoda	514
middleton	514
corano	514
pollocombinaguai	514
peralta	514
salutarmi	514
feroci	514
consumare	514
cambiarla	514
uscivi	514
reparti	514
ramos	514
lexington	514
esibirsi	514
resoconti	514
corn	514
beata	513
mutanti	513
capendo	513
restino	513
sandali	513
cinematografico	513
brenner	513
rabbioso	513
rifacciamo	513
ispettori	513
sante	513
proteggero	513
pero'	513
emporio	513
deposizioni	513
suk	513
faruq	513
primarie	513
abbie	513
pellicce	513
femminista	513
allergie	513
coprono	513
spiacevoli	513
sbarazzato	513
myrtle	513
court	513
ammalare	513
succedera'	513
lonnie	513
giamaica	513
narratore	513
annata	513
paterna	512
justice	512
carcassa	512
bieber	512
vien	512
appresso	512
disgrazie	512
hathaway	512
mettevano	512
cercò	512
redditi	512
calmato	512
mangerà	512
rovinate	512
backup	512
stupidità	512
lasso	512
alcolico	512
energetico	512
owens	512
augusto	512
temperamento	512
magda	512
ten	512
vilma	512
brama	512
faccina	511
diametro	511
intervenuto	511
annientare	511
preparerò	511
rubiamo	511
silva	511
guidavo	511
peperoni	511
records	511
improvvisato	511
spacciare	511
danneggiati	511
abbronzatura	511
ricorrente	511
makoto83	511
compreremo	511
costello	511
meghan	511
zingaro	511
randagio	511
pellegrini	511
aspetterei	511
avidita	511
umiliare	510
xalexalex	510
inquinamento	510
commercianti	510
nixxo	510
carreggiata	510
spostarti	510
truffatori	510
videogame	510
usavo	510
udibile	510
capitali	510
distruggiamo	510
caricando	510
regala	510
cavolata	510
ki	510
sud-ovest	510
arrivassero	510
talismano	510
dimostro	510
spezzi	510
beale	510
levo	510
scambiarci	510
devlin	510
ristretta	510
sublime	509
studios	509
allunga	509
prema	509
rivederci	509
gomiti	509
cruciverba	509
ostruzione	509
nba	509
uniamo	509
oppone	509
ceo	509
distruttore	509
gregor	509
incastrati	509
velivolo	509
incursione	509
mostrerà	509
falcone	509
fotto	509
microchip	509
jeuccya	509
dominique	509
distingue	509
accenno	509
conchiglia	509
approfitta	509
cambiò	509
biberon	508
feng	508
vantarsi	508
accademico	508
sgombrare	508
uccideva	508
arrendetevi	508
diro'	508
attrae	508
leggerò	508
paludi	508
could	508
alf	508
ventesimo	508
sentì	508
fisk	508
medioevo	508
panca	508
scompaiono	508
addy	508
scomoda	508
piccina	508
patrioti	508
indie	508
femore	507
forbes	507
massacrati	507
palato	507
raggiungono	507
ritratti	507
ambientali	507
valoroso	507
impedirti	507
scade	507
mostreremo	507
carestia	507
arrabbiarsi	507
rinfresco	507
guadagnando	507
sperano	507
abitato	507
scrivermi	507
restarci	506
estremita	506
cent	506
onorario	506
schere'	506
scientifici	506
through	506
pazzie	506
scettico	506
parish	506
notturne	506
brusco	506
allibratore	506
ramanzina	506
bungalow	506
crowder	506
scure	506
sook	506
conoscerli	506
bart.	506
perderete	506
sfratto	506
nesso	506
sparero	506
intervistato	506
moody	506
avvolta	505
palma	505
murtaugh	505
fighting	505
cincinnati	505
mangiarmi	505
gioventu	505
dinanzi	505
shogun	505
meteoriti	505
rompersi	505
playoff	505
scambiamo	505
quasark	505
lanciate	505
dion	505
piramidi	505
incollato	505
distruggeranno	505
slip	505
grammo	504
orizzontale	504
appassionati	504
porcherie	504
sessista	504
lockwood	504
mendicante	504
vincenti	504
venderli	504
hendricks	504
osservi	504
impegnarmi	504
artificiali	504
ernia	504
animati	504
indifferenza	504
angels	504
ricaricare	504
piacete	504
bean	504
scalata	504
nascondete	504
confessioni	504
adelaide	503
maternita	503
pali	503
guidati	503
brianna	503
testone	503
arbitrio	503
svuota	503
bordeaux	503
discepoli	503
azzardarti	503
arcivescovo	503
chiamai	503
espressamente	503
marionetta	503
infuriare	503
omaha	503
mostragli	503
trota	503
bahamas	503
riccio	503
accoppiamento	503
controllarli	503
esageri	503
ricercatore	502
zachary	502
pallacanestro	502
salt	502
immacolata	502
robby	502
emotivi	502
comprendi	502
abdul	502
protezioni	502
adesivi	502
iniziavo	502
kyoto	502
pattinare	502
coca-cola	502
reagendo	502
marci	502
subbers	502
slim	502
ispezionare	502
ammetta	501
pastori	501
abilita'	501
antipatico	501
lamb	501
comprarsi	501
para	501
moschettieri	501
hammer	501
intrattenere	501
brigadiere	501
risultano	501
battello	501
smise	501
raddoppiare	501
galante	501
elettromagnetico	501
compassionevole	501
involucro	500
carabinieri	500
autocontrollo	500
sil	500
scampata	500
sgabuzzino	500
provinciale	500
richardson	500
maniaci	500
cravatte	500
nonche	500
servirvi	500
markus	500
classificato	500
sfogare	500
estende	500
avvertirmi	500
immaginata	500
sbattono	500
decapitato	500
lasciarono	500
preferibilmente	500
mystic	500
determinati	499
grezzo	499
rimetterà	499
approssimativamente	499
miniatura	499
insultarmi	499
vedovo	499
contarci	499
colpisco	499
rock'	499
mcbride	499
uvetta	499
tifosi	499
frana	499
ta-da	499
dosaggio	499
mangeranno	499
bruna	499
urtato	499
propulsione	499
muoiano	499
gogh	499
backstage	499
dimenticalo	499
salgono	499
maometto	499
nipotino	499
cottura	499
assomiglio	499
carrozzeria	499
fidate	499
fornitura	498
tradirmi	498
laguna	498
innescato	498
emery	498
comincera	498
aires	498
elettricista	498
spiegarci	498
domandavo	498
ebraica	498
cavigliera	498
riluttante	498
assassinare	498
maga	498
lume	498
competitivo	498
riposato	498
interiora	498
capirei	498
nacho	498
cominceranno	498
cessi	498
scopiamo	498
espulsa	498
pasticcini	498
finocchi	498
incendiato	497
atomi	497
vivessi	497
giudichi	497
residenziale	497
precipizio	497
lascino	497
rosalee	497
ripresi	497
guarderai	497
pubblicita'	497
piogge	497
tirava	497
godzilla	497
divertirai	497
credenti	497
sganciare	497
collettiva	497
donnaiolo	497
spaventose	497
capolinea	496
sporcato	496
kruger	496
hester	496
africana	496
kimmie	496
disturbarvi	496
secchione	496
ostilità	496
arresteranno	496
spostarla	496
servitù	496
soffiare	496
bufera	496
generosi	496
fusa	496
invitiamo	496
risponderti	496
griff	496
arlene	496
sfuggendo	496
gently	496
voltarti	496
promossa	496
mads	496
nomino	496
bisognosi	496
firmati	496
entrero	496
chiamali	496
gaga	495
badato	495
dirty	495
lights	495
laghi	495
bingum	495
chiedevano	495
agisci	495
incastrarlo	495
lamentela	495
devastata	495
rimanendo	495
restituisci	495
pongo	495
ingrata	495
comunita'	495
confermate	495
esemplari	495
enormemente	495
arrabbiate	495
rotolare	495
riscrivere	495
materna	494
capitani	494
rinascere	494
nipotina	494
mostrarlo	494
ascoltavo	494
hell	494
cacao	494
inserisci	494
smettesse	494
residente	494
tranquillanti	494
sperimentato	494
preventivo	494
desideriamo	494
anarchia	494
z.	494
tenetela	494
truppa	494
javi	494
rilassarci	494
confessarti	494
commedie	494
crepe	494
innocua	494
maggiorenne	494
cedric	494
sylmaril	494
picche	493
recupera	493
piedistallo	493
dammeli	493
accettalo	493
ocean	493
insegnero	493
frignare	493
gill	493
camden	493
approfittando	493
orizzonti	493
avvenga	493
order	493
insegnava	493
sentimentali	493
amish	493
blackmamba87	493
maniaca	493
sull	493
magnifiche	493
bermuda	493
five-0	493
mcdonald	493
niki	492
laggiu'	492
negoziati	492
disoccupati	492
bevevo	492
toccami	492
ottenuta	492
contrastare	492
bisognerà	492
brillano	492
market	492
fraintendere	492
licantropi	492
togliero	492
valvole	492
sosteneva	492
chino	492
pagani	492
frugare	491
generosita	491
testosterone	491
elio	491
chirurgica	491
andreas	491
hoo	491
ritirarmi	491
godo	491
studioso	491
ciononostante	491
genocidio	491
ribalta	491
follie	491
sunset	491
banshee	491
scolastici	491
riportalo	491
manualmente	491
pere	491
colby	491
indicazione	491
giles	491
rientriamo	491
falsificare	491
confondendo	491
equazioni	491
holloway	491
suscettibile	491
fifone	491
hang	491
racconterai	491
notate	491
manson	490
procurati	490
scoprano	490
composti	490
battista	490
castelli	490
vitto	490
quo	490
mouth	490
privi	490
urlarmi	490
importantissimo	490
avvistamento	490
singh	490
sutter	490
flores	490
sea	490
giunge	490
starcene	490
copra	490
riteneva	490
compiaciuto	490
spediti	490
pneumatico	490
leggiamo	490
difenderci	490
doverla	490
musei	490
annegata	490
trarne	490
prassi	489
intestinale	489
raccontarvi	489
scese	489
decideremo	489
distorsione	489
tatuato	489
rygel	489
defunti	489
aste	489
stratagemma	489
isles	489
cetriolo	489
troverei	489
allevare	489
sembravo	489
mom	489
cheng	489
criminalità	489
spettatore	489
frazione	489
santificato	488
istituzioni	488
mother	488
grafica	488
inventi	488
specializzati	488
roller	488
restituirò	488
osaka	488
lavorativo	488
mettetela	488
mostrava	488
potomac	488
risparmiando	488
imposte	488
rapide	488
attraversano	488
bligh	488
lamborghini	488
santana	488
velenosa	488
lassiter	488
ascelle	488
suzy	488
complicazione	487
credergli	487
parlati	487
dartelo	487
oche	487
gore	487
sbucato	487
porzioni	487
made	487
ringraziarlo	487
orsa	487
cacciano	487
tiratemi	487
farmer	487
problematico	487
svegliarla	487
solitari	487
mansioni	487
marionette	487
compton	487
scroto	487
wanna	487
aspettera	487
controllava	486
straordinariamente	486
impaurito	486
strangolamento	486
moo	486
sane	486
kris	486
formata	486
heh	486
considerarlo	486
operatori	486
ravvicinata	486
incastrando	486
idaho	486
pretende	486
spostano	486
kowalski	486
riti	486
discreti	486
radicali	486
tettuccio	486
ricattato	486
egocentrico	486
rimangano	486
morbide	486
seccato	486
ruggine	486
essex	486
ottenendo	485
salvatrice	485
auricolare	485
hnort	485
combatterlo	485
jodie	485
abituare	485
scandali	485
ifrit	485
dusty	485
riattacca	485
lacerazioni	485
domiciliari	485
ritchie	485
duffy	485
monologo	485
fischi	485
pallavolo	485
consiglierei	485
famigliare	485
ripensando	485
elettroshock	485
terapie	485
rompa	485
ubriacarsi	485
spaventosi	485
lampadine	485
estremisti	485
manderai	485
prendevi	484
moi	484
spingo	484
meritavo	484
pollaio	484
spiegargli	484
falò	484
klonni	484
argenteria	484
falo	484
provenza	484
universitari	484
pancreas	484
minacciava	484
accusano	484
efficaci	484
vedute	484
nemo	484
bolton	484
multipli	484
intensità	484
buoncostume	484
affrontarli	484
metteresti	484
risolvo	484
convenevoli	484
rivede	484
warleggan	484
caino	483
sufficientemente	483
lardo	483
rafe	483
interpreti	483
offerente	483
sistemarsi	483
puzzare	483
addestrare	483
lucrezia	483
scatena	483
pavel	483
intellettuali	483
inchiodato	483
trascrizione	483
festeggeremo	483
truccata	483
cauti	483
benzinaio	483
unicamente	483
citazioni	483
arrendiamo	483
turismo	483
doreen	483
reclami	483
permetterai	483
graced	483
mussolini	483
medicinale	483
crew	483
severide	483
civetta	483
sopravvivono	483
zeri	482
assumono	482
sostituirlo	482
hawthorne	482
esclusi	482
inventate	482
segnata	482
stasi	482
riportano	482
immaginava	482
bacchette	482
pochissimi	482
somigliano	482
stranezze	482
vagante	482
indistinte	482
neghi	482
esplodera	482
antipasti	482
riconoscono	482
gadget	482
causano	482
repertorio	482
tripla	482
nullità	482
capisse	482
appostamento	482
disgustose	482
franks	482
risolva	482
parkinson	482
oltraggioso	482
aggiungiamo	482
aida	482
alain	481
intestato	481
procedendo	481
hobbit	481
divisioni	481
stringimi	481
tresca	481
amburgo	481
diligenza	481
samaritan	481
bashir	481
idem	481
cochran	481
inclinazione	481
location	481
smarrita	481
hogan	481
russel	481
freelance	481
volvo	481
bollettino	481
abominio	481
intrapreso	481
eseguendo	481
sidro	481
zitte	480
variabili	480
distogliere	480
easy	480
distintivi	480
lt	480
march	480
tribeca	480
leggerezza	480
severamente	480
capirla	480
biscottino	480
ciliegie	480
avverra	480
cucine	480
rivolgerti	480
delaware	480
mcgill	480
seminare	480
dialisi	480
staminali	480
odiavi	480
dèi	480
zucche	480
hampton	480
operata	480
addetta	479
trasformarti	479
mattutino	479
multipla	479
aspettarla	479
teiera	479
spostamento	479
dimenticheremo	479
ortiz	479
bristol	479
vestite	479
apprezzano	479
carneficina	479
fertilita	479
dimostrerò	479
sconti	479
scorpion	479
distrae	479
chiuderlo	479
ammae'	479
cavie	479
volgari	479
pessimista	479
casting	479
chemioterapia	479
israeliani	478
mangiarti	478
tormenti	478
scuolabus	478
abbandonarlo	478
nervino	478
anticorpi	478
hartley	478
sottoposti	478
ettari	478
ungherese	478
ricevette	478
trabocchetto	478
ricordartelo	478
orientali	478
mordo	478
riccone	478
fabio	478
comfort	478
lsd	478
emicad	478
tiratori	478
perlustrare	478
avvia	477
condividi	477
disturbando	477
ingranaggi	477
testando	477
aquilone	477
myung	477
assumerti	477
rispondera	477
wickham	477
acconciatura	477
sventura	477
sconsiderato	477
bien	477
algebra	477
georgetown	477
maternità	477
paesino	477
prometta	477
tostato	477
puttanelle	477
gratuitamente	477
sigillate	477
sciolti	477
fermando	477
forniture	477
dargliela	477
informatici	477
piaduz	477
perdonerà	477
unisco	477
terroristica	477
hernandez	477
cervellone	476
stane'	476
gilda	476
costruiti	476
capri	476
pedinando	476
hui	476
artrite	476
ammazzarmi	476
singoli	476
better	476
scoprirete	476
sudata	476
misty	476
statuto	476
tijuana	476
newark	476
mainframe	476
ascoltati	476
leary	476
artù	476
cleo	476
fingo	475
paralizzata	475
pilastro	475
olfatto	475
cavalcata	475
imita	475
hankmed	475
estesa	475
esploratore	475
appiccicosa	475
fornelli	475
sorprenderti	475
premo	475
infantili	475
sst	475
zitella	475
meritata	475
raines	475
rimedi	475
autrice	475
ciliegina	475
mediatore	475
esistente	475
girarci	475
rivolti	475
flashback	475
ansiosi	475
christmas	475
delirando	475
omo	475
alloggia	474
slegami	474
ambasciatrice	474
organica	474
glasgow	474
yeong	474
mitragliatrici	474
decaffeinato	474
reliquia	474
bertie	474
vanità	474
seul	474
permettendo	474
anorexorcist	474
tribunali	474
blanca	474
pu	474
oops	474
macbeth	474
apriti	474
uhtred	474
omino	474
vedrebbe	474
perderci	474
precipitando	474
mantenerla	474
perdeva	474
seguiro	474
carriere	474
affettuosa	474
ammiratori	474
produttrice	474
eccitanti	474
distretti	474
raddoppiato	474
formando	474
alle83	473
culmine	473
crusher	473
perdute	473
setacciato	473
impegna	473
accipicchia	473
prescott	473
pretese	473
cedar	473
aorta	473
dirupo	473
à	473
mirate	473
presume	473
inevitabilmente	473
ricarica	473
gerarchia	473
wellington	473
gelosi	473
tardo	473
cominciava	473
doversi	472
diffamazione	472
risponderai	472
chopper	472
entrai	472
impegnate	472
paternita	472
scrigno	472
steel	472
prendero'	472
sato	472
significativa	472
infilata	472
squilibrato	472
nuocere	472
community	472
miccia	472
duplice	472
kimono	472
france	472
kenji	472
cattivone	472
smash	472
neutralizzare	472
vancouver	472
perdonarlo	472
laghetto	472
dettagliata	472
concentramento	471
finiscano	471
wilhelmina	471
trasformarmi	471
dr.ssa	471
arrenderci	471
emissario	471
chavez	471
servirci	471
puó	471
eliminarlo	471
mg	471
poltiglia	471
possibilmente	471
indotto	471
bibliotecario	471
tris	471
alden	471
inseguono	471
lingerie	471
metalli	471
mendoza	471
irrita	471
amavamo	471
piglia	471
atterra	471
quantistica	471
suzuki	471
bedford	470
frannie	470
rimediato	470
grigliata	470
sterminio	470
aloha	470
ahhh	470
mazzette	470
divennero	470
signorsi	470
jong	470
individuale	470
fagiolo	470
possente	470
anakin	470
realista	470
segnati	470
piovuto	470
borden	470
carlotta	470
conoscente	470
invenzioni	470
ingannando	470
braverman	470
osservatori	470
terrazzo	470
segheria	470
credenze	470
faida	470
metropolis	470
rockstar	469
scappatoia	469
lafayette	469
amabile	469
rendimento	469
slot	469
denunciata	469
sconcertante	469
rigsby	469
lottiamo	469
proiezioni	469
hip-hop	469
rimarrete	469
impressionata	469
accusi	469
trovassero	469
alonso	469
accorgeranno	469
around	469
trunks	469
ricorderanno	469
comportatevi	469
ricontrollare	469
versailles	469
spenti	469
henrik	469
odiarti	469
buckingham	469
dipendesse	469
industries	469
dotati	469
guardò	469
pinza	469
foca	468
ernst	468
promise	468
maturi	468
organismi	468
pippa	468
view	468
eiffel	468
dinah	468
piegati	468
raggiungerci	468
jericho	468
antiterrorismo	468
mind	468
asa	468
congo	468
ottone	468
respiratorie	468
block	468
smontare	468
metallica	468
bufalo	468
milwaukee	468
daniela	468
attendibile	468
ringrazierai	467
hashtag	467
medievale	467
concentrando	467
chul	467
radiologia	467
scacciare	467
wilde	467
davi	467
elettorali	467
tradisci	467
baciano	467
fuhrer	467
persecuzione	467
battitore	467
janis	467
aston	467
pugilato	467
palloni	467
spingerti	467
archi	467
interrompervi	467
clhe	466
frullatore	466
portogallo	466
kebab	466
ostacolare	466
subscloud	466
rin	466
clooney	466
consolare	466
oppressione	466
riscontri	466
operaia	466
macchinista	466
raso	466
rayburn	466
ruppe	466
sospette	466
fregano	466
influente	466
darhk	466
yin	466
pagnotta	466
maligni	466
nikolai	466
route	466
cede	466
allacciate	466
mancasse	466
vespa	466
ricercatori	466
tassi	466
lannister	466
defibrillatore	465
kamikaze	465
e86ce4	465
jojo	465
sos	465
prestazione	465
distinto	465
giratevi	465
marek	465
comporre	465
monetine	465
weir	465
fans	465
danvers	465
spicciolo	465
proteggete	465
volt	465
confermi	465
stokes	465
vendete	465
sparsa	465
dubiti	464
mikhail	464
lavando	464
feeling	464
gabriele	464
decisero	464
accorgerai	464
peg	464
chemicalchiara	464
avvisarmi	464
raggiunta	464
dirigiamo	464
offshore	464
piastra	464
manipolando	464
divulgare	464
sputi	464
sezioni	464
sopravvalutato	464
magnificamente	464
editoriale	464
distribuito	464
intelletto	464
banchi	464
ordinando	464
giocavi	464
vertebrale	464
bevilo	464
bacetto	464
invitate	464
rimasero	464
interagire	464
pegasus	464
democratica	464
geronimo	464
fissava	464
cy	463
malvagità	463
sottoposta	463
lasciarglielo	463
ev	463
tak	463
acquirenti	463
porcheria	463
passivo	463
sussurra	463
cesta	463
sabbie	463
timo	463
donaghy	463
scosse	463
spinello	463
reginald	463
3ch77821b	463
nablavi	463
scolastiche	463
seguira	463
parrucchiera	463
domeniche	463
sindacale	463
put	463
picchiarlo	463
scozzesi	463
comparizione	463
lecter	463
addii	463
mettitelo	463
distruggerti	463
ubriaconi	463
commando	463
delirante	462
querelante	462
torcere	462
pulmino	462
donnelly	462
venderle	462
indecente	462
preoccupartene	462
moz	462
imbattuti	462
norfolk	462
range	462
juanita	462
correro	462
fibrillazione	462
guarirà	462
proteggera	462
coagulo	462
vern	462
antonia	462
madden	462
bruciamo	462
egiziano	462
globe	462
riempiendo	461
shiro	461
tollero	461
irrispettoso	461
visiva	461
apriranno	461
still	461
preparava	461
ritardata	461
furore	461
wireless	461
seconde	461
prateria	461
patologo	461
lamar	461
pericolosamente	461
mose	461
hutch	461
wick	461
scemenze	461
fatemelo	461
yoghurt	461
delphine	461
odiate	460
robyn	460
s.h.i.e.l.d.	460
manifesta	460
magnum	460
infedeli	460
sposera	460
celine	460
ricorderei	460
presagio	460
francois	460
filetto	460
vogel	460
cogli	460
protestanti	460
calare	460
lepre	460
raccogliamo	460
ritirate	460
adorera	460
mcdonald'	460
settori	460
raggiungermi	459
conversione	459
agiscono	459
ingerito	459
bombardamenti	459
tele	459
infastidire	459
ness	459
rimarrebbe	459
biologiche	459
ale'	459
dahlia	459
abitiamo	459
emozionati	459
eros	459
balsamo	459
vandalismo	459
bebè	459
ferroviaria	459
cilindri	459
liberando	459
distributori	459
carpenter	459
padiglione	459
orologeria	459
personal	458
anfetamine	458
accompagnerà	458
condizionatore	458
bozzolo	458
ghiacciolo	458
mensola	458
censura	458
pettinatura	458
regna	458
innesto	458
prendergli	458
cosimo	458
certificati	458
collassato	458
passamela	458
allevato	458
rivestimento	458
proveranno	458
sorprendere	458
thunder	458
credibilita	458
garland	458
riportami	457
handicap	457
favorire	457
ouch	457
comandanti	457
nucky	457
giants	457
libereremo	457
crampo	457
nocciolo	457
hauser	457
tirocinanti	457
punture	457
scrivilo	457
inning	457
padron	457
algeria	457
fed	457
orda	457
carlson	457
sballato	457
videro	457
jabbar	457
mietitore	457
heller	457
berremo	457
annoi	457
addormenta	457
baraccone	457
abituerai	457
capiro	457
riaperto	457
errata	457
rach	457
carrythecan	457
crudelta	457
pungente	457
aiuteresti	457
scaltro	457
hardsub	456
apparato	456
maja	456
superano	456
davy	456
affidata	456
estive	456
mediterraneo	456
colpirà	456
penoso	456
gonzalo	456
morgana983	456
forest	456
frugato	456
eventually	456
sanguinante	456
incatenato	456
solide	456
arrestando	456
buddista	456
capirò	456
demolire	456
svago	456
interrompiamo	456
berrò	456
scalpo	456
fannullone	456
ignorarmi	456
godi	456
dentale	456
salverai	456
predire	456
cameretta	456
chiarissimo	456
gobbo	455
educati	455
chardonnay	455
urgentemente	455
bingley	455
bradford	455
belva	455
violentemente	455
assassinati	455
hokage	455
agitando	455
ubriacarmi	455
consumatori	455
ricercata	455
dune	455
luogotenente	455
lanie	455
invadente	455
yeti	455
corporatura	455
passamontagna	454
alexa	454
sbagliavi	454
riciclare	454
distrarti	454
balzo	454
penetrazione	454
stringa	454
browning	454
sanita	454
ditele	454
paso	454
gettoni	454
wynonna	454
smetteranno	454
teyla	454
matyx	454
distruggermi	454
prosegue	454
scopava	454
pensierino	454
riccioli	454
q.	454
fregando	454
mazzetta	454
spartacus	454
titanio	454
pietoso	454
passavamo	454
sfidarmi	454
cosicche	454
duetto	454
siegfried	453
indirizzata	453
fratturato	453
preferenze	453
fertilizzante	453
nipotini	453
taglierò	453
convinca	453
ole	453
soho	453
money	453
fumava	453
psicologicamente	453
rumorosa	453
gridi	453
hare	452
riempiono	452
sforzarti	452
martine	452
inosservato	452
ricadere	452
andi	452
mostrata	452
step	452
ibm	452
bollitore	452
odessa	452
andateci	452
impenetrabile	452
hilary	452
acidi	452
hwang	452
smettiamola	452
prematura	452
meadow	452
massiccia	452
disonorato	452
enterprises	452
macabro	451
rivoluzionaria	451
cooperativa	451
dorso	451
mettetemi	451
apparve	451
totem	451
limbo	451
pesciolino	451
costituito	451
musi	451
canarino	451
sconfiggerlo	451
walking	451
starebbero	451
resuscitare	451
ignobile	451
farm	451
scontando	451
speaker	451
impariamo	451
punizioni	451
wesen	451
manifestazioni	451
specter	451
svegliando	451
turbolenza	451
abituando	451
attentati	451
parrucche	451
riporterà	451
decidesse	451
ammettiamolo	451
scovato	450
parlar	450
guidarla	450
fda	450
stancante	450
stabilità	450
accetterebbe	450
mandar	450
fraintendimento	450
artagnan	450
spuntano	450
dottie	450
trasformo	450
a.c.	450
libbre	450
porridge	450
candida	450
formalita	450
condanno	450
neon	449
strapazzate	449
flipper	449
scatolone	449
doo	449
ricompensato	449
willem	449
occasionalmente	449
fly	449
itasa	449
riempita	449
fissazione	449
fiscali	449
scriverti	449
minacciano	449
sonoro	449
custodi	449
edmond	449
avvertirla	449
silenziosamente	449
edimburgo	449
ammettiamo	449
pretendi	449
ascolterà	449
scegline	449
marlowe	449
scelse	449
sports	449
provenga	449
xanax	449
meritavi	449
ariete	449
defiance	448
beacon	448
kingsley	448
mostrati	448
consegnarmi	448
ab	448
psicologici	448
koaliller	448
cue	448
geodefender	448
prendessero	448
invasori	448
informi	448
wurstel	448
rapidi	448
curi	448
polacca	448
stancando	448
permetterei	448
attaccarci	448
rispettate	448
larissa	448
innamori	448
conservo	448
provavi	448
permettercelo	448
vietata	448
generi	448
ritrovarsi	448
truffe	448
puzzolenti	448
spunto	448
estati	447
rimorchiato	447
would	447
scompiglio	447
odiosa	447
coalizione	447
acquatico	447
lascero'	447
copenhagen	447
maledizioni	447
meraviglio	447
protestante	447
samson	447
crociate	447
offrirgli	447
trachea	447
interessarmi	447
entrino	447
won'	447
petey	447
mantenerlo	447
emorragie	447
uccidessi	447
accusarlo	447
flacone	447
strabiliante	447
ladruncolo	447
malvagie	447
spoiler	447
taiwan	447
contorto	447
propulsori	447
eletti	447
duo	447
ossessivo	447
servendo	447
fava	447
svignata	447
uss	447
mclaren	447
doverle	447
ipocriti	446
keiko	446
nord-ovest	446
quantita'	446
salazar	446
licenzia	446
stabilisce	446
caccio	446
kaiser	446
tecnologico	446
pearce	446
casomai	446
cosicché	446
maui	446
mercury	446
olly	446
integrazione	446
rappresentava	446
comode	446
lavorerà	446
conquiste	446
ono	446
modificata	446
lyndsey	446
incenso	446
ebola	446
lascito	446
trattarlo	446
allungare	446
starbuck	446
eliminando	445
goduto	445
t.k.	445
portachiavi	445
conosciate	445
materassi	445
birmingham	445
statistica	445
rilevamento	445
convinci	445
crinale	445
porterete	445
avvenne	445
saldato	445
urbana	445
gratificante	445
post-traumatico	445
frenare	445
spirituali	445
darebbero	445
riportati	445
statisticamente	445
scriverci	445
sh	445
gentaglia	445
impasto	445
fottutissimo	445
triade	445
pines	444
misteriosamente	444
toga	444
semplicissimo	444
audi	444
averglielo	444
viti	444
storielle	444
indeciso	444
veniate	444
stacchi	444
condurrà	444
mumbai	444
townsend	444
kiss	444
ventunesimo	444
trace	444
badate	444
raggiante	444
portia	444
vietnamita	444
skyler	444
dipinge	444
retina	444
honda	444
innamorarti	444
mordi	444
costituisce	444
andarlo	444
rifarei	444
sfinito	444
portera'	444
soffoca	444
torturata	444
proponendo	444
scoregge	444
menopausa	444
scaldando	444
ripenso	444
martino	444
rammollito	444
compressione	444
dicendogli	443
squallida	443
luccicante	443
capitoli	443
fregava	443
tarzan	443
pezza	443
surrogato	443
prepararvi	443
strappati	443
vedila	443
scoccia	443
detector	443
citando	443
recuperarlo	443
maglioni	443
sopravviva	443
connors	443
jameson	443
berro	443
lmmagino	443
pit	443
coupon	443
sbattendo	443
larve	442
stars	442
preferiva	442
passeggino	442
svolgendo	442
fumatori	442
scuotere	442
crocker	442
caesar	442
tino	442
originaria	442
accessibile	442
mckenzie	442
raccogliete	442
seccante	442
deceduta	442
costruisci	442
stef	442
relativa	442
consensuale	442
janey	442
attaccheremo	442
spingono	442
bando	442
chicken	442
credibilità	442
augurami	442
confraternite	442
orchidea	442
termica	442
vivranno	442
tachicardia	442
buffoni	442
spinaci	442
lutz	442
cavalla	441
astro	441
parlamentare	441
incoraggiante	441
lattea	441
assegnare	441
pal	441
vergognavo	441
sanderson	441
scaduta	441
taggart	441
tempia	441
poole	441
siluro	441
riguardare	441
pigra	441
miglioramenti	441
coprite	441
mathias	441
distruggerci	441
menomale	441
marmocchio	441
apprendere	441
emissioni	441
karin	441
callum	441
capì	441
staccata	441
riceverete	441
obbligatoria	441
vorads	441
tricia	441
togliergli	441
audacia	441
conoscenti	441
interesserebbe	441
ventricolare	440
esplicitamente	440
sanguisughe	440
manu	440
connessa	440
complicare	440
prodotta	440
veterinaria	440
coinvolgerti	440
controllavo	440
adottivo	440
kingdom	440
smascherare	440
ammazzarlo	440
suspense	440
wakefield	440
demolizione	440
alimenta	440
gradita	440
manie	440
imbarazza	440
navarro	440
please	440
occhioni	440
schneider	440
hand	440
strillare	440
trasformarlo	440
topless	440
accomodare	439
vissero	439
napoletano	439
sigilli	439
liceale	439
riguardati	439
sparategli	439
marchetti	439
stronzetti	439
duran	439
renata	439
xiii	439
ritornati	439
beige	439
brass	439
camminavo	439
suggerirei	439
scientificamente	439
leggendaria	439
sleale	439
nomination	439
ritornerai	439
aumentata	439
restituirlo	439
rimando	439
corridore	439
yan	439
coreografia	438
valencia	438
aprirò	438
pudding	438
combatterò	438
fornirci	438
trasferite	438
pedofili	438
chiamerebbe	438
entrerò	438
sotterranea	438
guiderà	438
darrin	438
greenwich	438
fascio	438
attratti	438
eccessivamente	438
budapest	438
deludero	438
paletta	438
identificativo	438
municipale	438
sconveniente	438
orgasmi	438
maltrattato	438
perfida	438
canaglie	438
prenotazioni	438
impazzisce	438
gelido	438
tex	438
carati	438
tienile	438
ever	438
riferiva	438
preparero	437
televisivi	437
artico	437
castillo	437
epstein	437
detersivo	437
mh-mh	437
applica	437
calando	437
spose	437
seguirli	437
safari	437
gibbons	437
oslo	437
gradite	437
nutro	437
ologramma	437
sceneggiatore	437
frequentano	437
giustiziare	437
disdetto	437
casca	437
zimbello	437
tirchio	437
irraggiungibile	437
fichissimo	437
esercitazioni	437
alexandrad	437
drenaggio	437
presenterò	437
muschio	437
pedicure	437
beyonce	437
nasale	437
schiera	437
vagoni	437
mistico	436
bossolo	436
mostrera	436
goodman	436
atticus	436
uccisero	436
spettava	436
verona	436
amoroso	436
sbloccare	436
illegittimo	436
abbastane'	436
funzionino	436
mandargli	436
cadesse	436
sfidando	436
demon	436
spararle	436
scalo	436
spogliatoi	436
babordo	436
davidson	436
frustrata	436
monetina	436
statura	436
disposte	436
dane	436
pigri	436
dissanguata	436
ispettrice	436
blue.m	436
sentinella	436
ungheria	436
scappava	436
chicco	436
rifletterci	436
dae	436
implicato	435
cassiera	435
sake	435
obbedisci	435
gonfi	435
dipendenze	435
rachael	435
cercassi	435
predecessore	435
weller	435
sottomarini	435
ridarmi	435
scontento	435
inspiegabile	435
chiarettakicca	435
cavita	435
masturbazione	435
sedicenne	435
guardarle	435
xbox	435
ubicazione	435
steste	435
distruggerli	435
indossavano	435
bruciatura	435
ubriachezza	435
sviluppata	435
ragnatela	435
casata	435
chava	435
metterete	434
contaminata	434
scalda	434
thailandese	434
domina	434
chiameresti	434
candeline	434
immaginaria	434
sox	434
vinti	434
moralità	434
fossili	434
airlines	434
ciascun	434
riempio	434
gelida	434
invitante	434
british	434
spettri	434
carr	434
coprirmi	434
rovinera	434
mcqueen	434
tanga	434
impresario	434
ily18	434
arrabbiarmi	434
toyota	433
invecchia	433
esagera	433
madsen	433
umiliarmi	433
spingerlo	433
gordo	433
pera	433
dory	433
gone	433
ridiamo	433
podio	433
metafore	433
cattedra	433
diciate	433
appalto	433
stupita	433
aspettavate	433
joxer	433
english	433
mongolfiera	433
sec	433
goblin'	433
incassi	433
comincero	433
involtini	433
shinobi	433
permetterselo	433
testoni	433
fumante	433
vizioso	433
dirigersi	433
guarderanno	433
kessler	433
avvenimento	433
comportare	432
colorito	432
aggira	432
sacche	432
gaius	432
sfortunati	432
diaframma	432
torino	432
benedetti	432
juarez	432
meditare	432
benestante	432
morite	432
blackcherry	432
fermerai	432
xiao	432
mastica	432
armand	432
ove	432
mace	432
ingannarmi	432
tibet	432
carillon	432
eroismo	432
nevica	432
famigliari	432
vicinanza	432
vestono	432
gaston	432
licenziando	432
salomone	432
tagliero	432
branson	431
marla	431
contatore	431
costruttori	431
strappi	431
kepner	431
tormentata	431
implorando	431
cassiere	431
cortez	431
salma	431
abc	431
iscritti	431
fasullo	431
tensioni	431
marin	431
diciamolo	431
guasta	431
altroché	431
aggeggi	431
incontrerà	431
depositato	431
applem	431
ripetizioni	431
distinti	431
innaturale	430
leggerle	430
acconto	430
commettono	430
spaccia	430
conservatore	430
sforza	430
interazione	430
venice	430
spudoratamente	430
occuperanno	430
immaginiamo	430
pinot	430
seguilo	430
avanzati	430
caprica	430
into	430
fanciulle	430
facciamone	430
nelly	430
scriverle	430
beat	430
tonya	430
fo	430
pertinente	430
divorzi	430
giubbotti	430
lasse	430
coniugali	430
revoir	430
capital	430
salvargli	430
udienze	429
finlandia	429
eredi	429
supersimo	429
sly	429
pedone	429
fenice	429
riconoscenza	429
scambiata	429
estetica	429
asfissia	429
incrociati	429
prevedo	429
definirlo	429
fenrir94	429
atlantis	429
sorellanza	429
trascinarmi	429
curarla	429
cerotti	429
riportala	429
bigliettini	429
ridevano	429
agitarsi	429
impiccati	429
baird	429
rouge	429
evito	429
geordi	429
cafone	429
stevenson	428
'notte	428
muscoloso	428
millennio	428
hmlomi	428
j.d.	428
mass	428
coccodrilli	428
risaputo	428
sanguigni	428
allena	428
briefing	428
fortino	428
georgina	428
memorizzato	428
braddock	428
patito	428
svariati	428
risplende	428
dimenticarla	428
wei	428
ospitato	428
benito	428
krypton	428
traduttore	428
fissano	428
molestatore	428
nonché	428
nevi	428
carcerati	428
aggiusta	428
combattuta	428
oli	428
mostratemi	427
ritornero	427
shaolin	427
categorie	427
chiamarvi	427
deanna	427
kelso	427
tranquillante	427
negligente	427
ch	427
fallon	427
enid	427
aiuterete	427
decidera	427
somigliava	427
illuminare	427
accaduti	427
difensori	427
affondata	427
otterrà	427
chiesero	427
chiana	427
alleni	427
salverò	427
hadar	427
liquida	427
arsenico	427
consorte	427
pale	427
poligrafo	427
eremita	427
tengano	427
sentivano	427
ludwig	426
accontento	426
eleggere	426
milan	426
pulsanti	426
mendez	426
comportate	426
kwon	426
staccionata	426
tendine	426
infrangendo	426
sognatore	426
denari	426
torchwood	426
comprava	426
mista	426
then	426
pryce	426
franchezza	426
lanciano	426
darctico	426
casual	426
sparerò	426
mcmanus	426
copriamo	426
hr	426
colloca	426
emmet	425
esercitando	425
debitori	425
letterario	425
perderanno	425
aroma	425
linc	425
energy	425
produttivo	425
shine	425
educativo	425
pagherebbe	425
agile	425
capissi	425
commossa	425
suicidarmi	425
carole	425
fondamento	425
rispondiamo	425
elevati	425
intoccabile	425
strafatta	425
annuncia	425
murdock	425
zerbino	425
tel	425
canguro	425
svanita	425
azzeccato	425
ahsoka	425
chicchi	425
ringo	425
elvira	425
coral	425
cyborg	425
canterò	425
aspetteranno	424
purcell	424
gohan	424
trentacinque	424
salutando	424
mentalita	424
seon	424
mandò	424
trascinando	424
rispondevi	424
crowe	424
filmino	424
fasce	424
annabel	424
versamento	424
batteva	424
friggere	424
indeterminato	424
calamaro	424
rilasciate	424
ficco	424
miracolosa	424
criteri	424
derubati	424
whitey	424
perfido	424
biggs	424
manufatti	424
visse	424
riordinare	424
facendoti	424
landon	424
cover	424
restauro	423
sudicio	423
varieta	423
gamboa	423
iniziammo	423
dilla	423
list	423
guglielmo	423
abituali	423
colera	423
hold	423
dixie	423
aspira	423
wan	423
ester	423
alimentato	423
placenta	423
tentazioni	423
sorvegliante	423
emisfero	423
sovrappeso	423
nascondetevi	423
osservatorio	423
7aky86	423
model	423
melma	423
rallenti	422
rispettiamo	422
prosciugato	422
cher	422
jihad	422
monarchia	422
ripetizione	422
duole	422
ahjumma	422
papera	422
telegiornali	422
tagliente	422
salome	422
riprenderla	422
aggravata	422
wentworth	422
caposala	422
teller	422
after	422
colorati	422
namaste	422
cardiaci	422
mirtillo	422
caz	422
ignorata	422
decorazione	422
beecher	422
avvincente	422
imprevedibili	422
mescolare	422
tenpeun	422
gustavo	422
sterminare	422
dormiente	422
rinnovo	422
confidato	422
fisioterapia	422
vidal	422
grinfie	422
miracoloso	422
steiner	421
crepuscolo	421
germaine	421
vendicato	421
smetteva	421
ospita	421
khalid	421
incompetenza	421
dodicenne	421
peabody	421
medina	421
cacciarmi	421
decidendo	421
ricoverare	421
anormali	421
cuochi	421
mantengono	421
soprannomi	421
israeliano	421
gunn	421
bagnate	421
corazza	421
qualifica	421
raccomandata	421
suonerà	421
tallone	421
minor	421
arresi	421
salterà	421
castiel	421
scavalcare	421
posacenere	420
mccann	420
nutrono	420
convertito	420
malcom	420
costringerti	420
stregoni	420
noona	420
eseguita	420
ritornando	420
metabolismo	420
polline	420
simbolico	420
permetterle	420
informarti	420
esistessero	420
crown	420
kermit	420
pelli	420
goditela	420
accadeva	420
propriamente	420
elposa	420
pelosa	420
frobisher	420
documentato	420
impedisca	420
deficienti	420
disinfettante	420
mitsuko	420
lucius	420
reincarnazione	420
legname	420
gringo	420
peanutbutter	420
omesso	420
riuniscono	420
variabile	420
jocool	420
crescerà	420
sorellona	420
convenzione	420
relativi	419
carrozzina	419
heinrich	419
kitchen	419
garret	419
affrettate	419
invitarlo	419
burattini	419
hattie	419
pietroburgo	419
galleggiante	419
apparecchiature	419
roxanne	419
insegnate	419
ridai	419
stregata	419
detonazione	419
selvagge	419
lucie	419
sopraffatta	419
marchesa	419
clarice	419
accetteranno	419
sostituita	419
orchi	419
qualora	419
banchina	419
riconoscete	419
patrice	419
continuavi	419
dira'	419
presentarci	419
guardasse	419
cambiasse	419
johann	419
raffreddamento	419
stregato	419
elsie	419
profumino	419
imbrogli	418
michaela	418
walk	418
spacchi	418
quotidiani	418
brandt	418
esplodono	418
picchiano	418
mafiosi	418
soppiatto	418
casalinghe	418
target	418
merendine	418
infiltrati	418
sakura	418
contrattare	418
rovinano	418
cambino	418
trenino	418
evocare	418
atletico	418
santissimo	418
nasconderla	418
recuperando	418
preferisca	418
finanziatori	418
rubarlo	418
euforia	418
manifestanti	418
rangers	418
garante	417
precede	417
pezzente	417
immaginarti	417
esche	417
saltera	417
very	417
commodoro	417
prendiate	417
reclusione	417
akira	417
scartato	417
tonfo	417
raccontate	417
rincresce	417
parati	417
partecipo	417
fielding	417
goo	417
derubando	417
vegeto	417
gradirebbe	417
dancing	417
crepare	417
noble	417
autopsie	417
catastrophe	417
rivendicare	417
stereotipo	417
vertice	417
partirò	417
seduzione	417
osama	417
visiontext	417
incisioni	417
associata	417
k.o.	417
congelare	417
journal	416
altair	416
fall	416
denzel	416
mets	416
direste	416
macarthur	416
eye	416
farnsworth	416
shu	416
prosperità	416
negra	416
giravano	416
sparisse	416
gustoso	416
sentinelle	416
pranziamo	416
ricconi	416
raffica	416
reciti	416
inaspettatamente	416
installazione	416
fuoristrada	416
rimettendo	416
difenderlo	416
abili	416
decidessi	415
píù	415
rispettata	415
costava	415
stupratori	415
basandoci	415
attracco	415
igt	415
grandiosi	415
agnellino	415
mangialo	415
amministrativo	415
hiroshi	415
inalatore	415
preferire	415
interrompi	415
rinnovato	415
tyra	415
scopano	415
goffo	415
scambiate	415
today	415
massaggiatore	415
annegamento	415
dedicarmi	415
mcdeere	415
adottivi	415
glaciale	415
audaci	415
conduca	415
lancaster	415
silenziosi	415
olandesi	415
rainer	414
rubarle	414
branda	414
judd	414
yemen	414
irrilevanti	414
cumulo	414
frequente	414
monster	414
correggo	414
renderemo	414
mandarina	414
abitua	414
incomprensibili	414
interrogarla	414
tobydammit	414
benedire	414
postura	414
locomotiva	414
estera	414
nutrirsi	414
raccontarle	414
fuggite	414
aquile	414
uther	414
gratta	414
serbi	414
ossessionati	414
nak	414
trasparenza	414
riprodurre	414
ehe	413
cambierei	413
trasmettono	413
artefatti	413
svariate	413
contagiato	413
importantissima	413
scatenata	413
mite	413
cercherei	413
sopravviverà	413
includono	413
cetrioli	413
cup	413
scrivevo	413
natalizia	413
pinky	413
reggiseni	413
nocciolina	413
vegano	413
moralista	413
arto	413
usagi	413
jackpot	413
superpoteri	413
sceneggiata	413
scrissi	413
conan	413
implicazioni	413
comprenda	413
suonata	413
bolivia	413
comincerò	413
cinta	413
herald	413
presenterà	413
sconvolge	413
nothing	413
litigavano	413
nonnino	413
sussulta	413
pedine	413
sessualità	412
letterale	412
sardine	412
pas	412
renard	412
hagen	412
passerete	412
ange	412
stadi	412
pennarello	412
kanan	412
credesse	412
merlyn	412
caravan	412
riggins	412
arianna	412
pagherei	412
priscilla	412
ottenga	412
colpì	412
provvidenza	412
modellino	412
facesti	412
piccino	412
seguivo	412
dolorante	412
rolex	412
quincy	412
follower	412
doverci	412
trasmessa	412
immersioni	412
presunzione	412
ostrica	411
frederic	411
lacuna	411
aggiudicato	411
front	411
cali	411
scilla	411
cavanaugh	411
double	411
ammazzando	411
pascoli	411
sculture	411
simulare	411
fantino	411
oh.	411
osservano	411
trascini	411
rom	411
usarmi	411
sviluppa	411
progettazione	411
regioni	411
bologna	411
designato	411
vibratore	410
davanzale	410
nocche	410
pentimento	410
frenata	410
service	410
contributi	410
columbus	410
immortalità	410
lupus	410
riconciliazione	410
tentano	410
rischiano	410
colorato	410
chevrolet	410
cronometro	410
fabian	410
riuscirono	410
pellegrino	410
conciata	410
camila	410
percosse	410
riparata	410
spogli	410
sognano	410
gironzolare	410
tucson	410
ripagarti	410
velocizzare	410
impiccata	410
reggetevi	410
antrace	409
paragonare	409
ulisse	409
terapeutico	409
dos	409
brasiliano	409
contrastanti	409
dimostrero	409
aiutala	409
essermene	409
antartide	409
iona	409
schifose	409
torturando	409
satellitari	409
impazienza	409
minatore	409
siciliano	409
bagnare	409
watkins	409
impiantato	409
problematica	409
cacci	409
esiliato	409
gonne	409
catorcio	409
successive	409
mostraci	409
concordare	409
avverte	409
ispirare	408
duval	408
penetrato	408
incontrammo	408
caviamo	408
aha	408
interrompermi	408
liberaci	408
camomilla	408
lanciamo	408
fingono	408
restringe	408
malefica	408
esecuzioni	408
vicoli	408
patch	408
dividono	408
travers	408
scusata	408
mignotta	408
prendigli	408
britannia	408
markham	408
ricambi	408
scarto	408
gettando	408
ellison	408
atterrata	408
batterio	407
macelleria	407
rime	407
inseparabili	407
conchiglie	407
occuparcene	407
ghinee	407
risvegliare	407
assumermi	407
rimanerci	407
capiscano	407
governa	407
importo	407
cortina	407
calamari	407
cliché	407
maligna	407
battezzato	407
condivisione	407
raptor	407
dormirà	407
epilessia	407
cinquantamila	407
scocciatura	407
raula	407
baratro	407
avvengono	407
ritornate	407
opporre	407
separiamo	407
metteteli	407
francobollo	407
him	407
bollenti	406
renderli	406
scivolando	406
neurochirurgo	406
rivoltante	406
argomentazione	406
tecnologica	406
leccaculo	406
motors	406
odin	406
permanenti	406
raffredda	406
fornello	406
vittorio	406
ar	406
troveresti	406
ingrandimento	406
esaurendo	406
tremo	406
incontrando	406
marziano	406
fattelo	406
concezione	406
frisbee	406
incontrollabile	406
minacci	406
imparata	406
ritagli	406
condurci	406
lampione	406
opuscolo	406
huntley	406
folletto	406
abate	406
entrassi	406
roz	406
dipinta	406
risolvono	406
tappetino	406
mika	406
ingrandire	406
pionieri	405
elica	405
sventola	405
brutali	405
renditi	405
stronzette	405
bmo	405
alfabetico	405
palate	405
mischiato	405
monkey	405
perdonero	405
frida	405
domandando	405
manodopera	405
interdentale	405
his	405
perlustrazione	405
affetti	405
reperti	405
under	405
rilevanza	405
resistenti	405
servitevi	405
urbano	405
ferisci	405
phelps	404
prati	404
argomentazioni	404
thing	404
allontanarci	404
delusioni	404
quattrocchi	404
cotte	404
grinta	404
perderebbe	404
tenetemi	404
halstead	404
riunisce	404
stupidita	404
fazioni	404
becks	404
tragicamente	404
lnfatti	404
storte	404
lottatori	404
spietati	404
monitoraggio	404
calpestare	404
niles	404
trav	404
belinda	404
jam	404
parlerei	404
anson	404
parcheggia	404
benevolenza	404
nullita	404
radioattiva	404
randagi	404
provocazione	404
cadetti	404
tramonta	404
kendrick	404
zietta	404
captain	403
condivisa	403
immischiarti	403
n'roll	403
boa	403
marlo	403
indossero	403
comandamenti	403
fotocopiatrice	403
alluce	403
sedato	403
apparteniamo	403
scimpanze	403
nic	403
cancellarlo	403
informarmi	403
poveracci	403
webcam	403
saganaki	403
fottetevi	403
smaltire	403
chips	403
petrolifera	403
keane	403
cardassiano	403
haddie	403
clarissa	403
seducente	403
bess	403
tornerei	403
mossi	403
distruggerebbe	403
quarantacinque	403
nutrimento	403
rembrandt	403
curarti	403
evoluti	403
restituisca	403
moby	403
alvey	403
illuso	403
sostentamento	403
tosti	403
bicarbonato	403
riprendero	403
esagerazione	402
posizionato	402
decifrato	402
unanime	402
avidi	402
bocce	402
riflettendo	402
connell	402
bombardieri	402
favolosi	402
viaggiamo	402
addormento	402
wray	402
vendero	402
alvaro	402
cu	402
scampi	402
disponibilità	402
timidi	402
modestia	402
cuffia	402
arroganti	402
adrianna	402
archibald	402
attraversi	402
serenità	402
autismo	402
rilevanti	402
giá	402
shalom	402
riconoscerei	402
coat	402
epatica	402
liberarla	402
renderle	402
drag	402
sinist	402
impensabile	402
diagnostica	402
v8	402
cambogia	402
tradimenti	401
pubblicata	401
garfield	401
oneste	401
carisma	401
pensassero	401
blogger	401
arrivera'	401
emittente	401
prevenzione	401
blackjack	401
batterli	401
latitante	401
staten	401
pian	401
anonime	401
creò	401
indovinelli	401
sospesi	401
hashish	401
portellone	401
diplomata	401
tagliargli	401
continuum	401
drill	401
spunti	401
negoziando	401
domandi	401
bulldog	401
descritta	401
buon'	401
ricomincio	401
contegno	401
everest	401
indirizzato	401
esistevano	401
demente	401
ampiamente	401
adduari	401
brocca	401
appoggiati	400
colluttazione	400
rintracciando	400
immensamente	400
delgado	400
notevolmente	400
alligatori	400
forever	400
sceglierne	400
raggiungerò	400
variazioni	400
pensiamoci	400
cronica	400
uccidili	400
internato	400
correrò	400
potabile	400
proiettore	400
resync	400
campionati	400
bagnino	400
rinfrescata	400
navata	400
edema	400
licenziarlo	400
chaney	400
emilia	400
divora	400
mestruazioni	400
daria	400
wagon	400
apprezzamento	400
magnete	400
infrastrutture	400
perderli	399
soffiato	399
fiaba	399
vendicatore	399
strambi	399
meadows	399
superarla	399
guardarvi	399
zeb	399
sopportavo	399
continuò	399
curo	399
riscaldare	399
passarlo	399
vantaggioso	399
flirt	399
proteggiamo	399
olivier	399
ingegno	399
indole	399
d00m	399
spendi	399
porcile	399
dado	399
chick	399
brasiliana	399
vikram	399
eagles	399
tribuna	399
resista	399
efficacia	399
erotica	399
docente	399
addolorato	399
salutarci	398
invernali	398
zorn	398
fondare	398
nik	398
addormentarsi	398
demelza	398
indulgente	398
disegnando	398
pond	398
imbattuta	398
prendevamo	398
imprenditori	398
osservata	398
hawanasee	398
zulu	398
nascerà	398
find	398
dispiacerà	398
e'ato	398
restituiro	398
perdonerai	398
determinate	398
negoziatore	398
vaginale	398
suarez	398
vegemite	398
moreau	398
sostenendo	398
castoro	397
evidenziato	397
sparks	397
fissati	397
fang	397
riceveranno	397
piacendo	397
croissant	397
istantaneo	397
collegarlo	397
comete	397
artigianale	397
lorelei	397
separano	397
maiuscola	397
economicamente	397
pasadena	397
odiata	397
pedale	397
rené	397
placca	397
facchino	397
dimostralo	397
pende	397
had	397
ascoltera	397
vedemmo	397
chiuderemo	397
candidarsi	397
homeland	397
therese	397
spostarci	397
jacuzzi	397
mercantile	397
ballava	397
alpi	397
mozzafiato	397
distaccato	396
gommone	396
baze	396
avocado	396
alter	396
carcerato	396
merluzzo	396
utilità	396
musiche	396
addormentarti	396
comprendiamo	396
ritiratevi	396
robusta	396
mojito	396
uchiha	396
cagate	396
otterra	396
augustus	396
were	396
pentole	396
harrington	396
consegniamo	396
scoprilo	396
realizzata	396
mann	396
honolulu	396
cassio	396
ambiguo	396
virgolette	396
tin	396
contavo	396
obi-wan	396
gigli	396
ammirate	396
obbligazioni	396
bustina	396
anguria	396
wolfgang	395
realizza	395
cenando	395
brook	395
nzt	395
brando	395
escogitare	395
lenin	395
aneddoto	395
caricata	395
rivolgo	395
motoscafo	395
forzati	395
pie	395
proverei	395
ninna	395
cadeva	395
sigillare	395
riconosca	395
mostarda	395
istantanea	395
tornarono	395
lecito	395
trovargli	395
insegnarle	395
liang	395
mangera	395
ascoltarli	394
diventera'	394
brant	394
ritorneremo	394
supplente	394
grover	394
usala	394
jem'	394
riprenderai	394
geniali	394
scarpette	394
oil	394
bradshaw	394
esploda	394
anteprime	394
banali	394
skitter	394
turn	394
nando	394
purosangue	394
esegui	394
fioraio	394
sterno	394
sintetica	394
things	394
burnett	394
oppongo	394
corretti	394
dittatura	394
tirera	394
passarono	394
pellegrinaggio	394
scusiamo	394
appendicite	393
gelata	393
raggiungerti	393
visualizzazioni	393
rimprovero	393
sintetico	393
asciutti	393
zi	393
passeresti	393
korsak	393
faticato	393
interrotti	393
gladiatore	393
paulvarus	393
rise	393
meryjo	393
toglile	393
autonomia	393
riferendo	393
provvisoria	393
schiaccianti	393
cao	393
valli	393
garze	393
sentirle	393
inesistente	393
oooh	393
odiavano	393
pack	393
italiane	393
hana	393
replicare	393
jacky	393
fulminato	393
emorroidi	393
diletto	393
invitando	393
patibolo	393
avana	393
truffato	393
gras	392
ibrahim	392
eternamente	392
collegano	392
maturità	392
calici	392
proteggeremo	392
p.s.	392
dedico	392
aprì	392
ruotare	392
ringhiera	392
rome	392
segnala	392
sorrideva	392
berman	392
neuroni	392
mazel	392
deludermi	392
minuscoli	392
ipotermia	392
joker	392
vasche	392
indigeni	392
rupie	392
birkhoff	392
raddoppia	392
orbite	392
arrampicata	392
lourdes	392
aggressori	392
viveri	392
meningite	392
ventura	392
risorto	392
bora	392
iscrivermi	391
scompartimento	391
interesso	391
diteci	391
neurologico	391
ricordarci	391
emerso	391
cronista	391
aumenti	391
piccolissimo	391
blakely	391
scacchiera	391
alcatraz	391
nilo	391
melodrammatico	391
appropriazione	391
scherma	391
ua	391
ascolterò	391
indicatore	391
requisito	391
ammazziamo	391
relative	391
scadenti	391
incrociare	391
impotenza	391
wind	391
sorrido	391
stimolo	391
rochester	391
vichinghi	391
bravata	391
calder	391
spiegarvi	391
puntiamo	391
balestra	391
trattenga	390
palesemente	390
niko	390
consegnerò	390
procuratori	390
nfl	390
sopportava	390
vinny	390
riceveva	390
chalet	390
piero	390
prestami	390
alzano	390
tinny	390
brodie	390
pini	390
renne	390
monitorando	390
rimpiangere	390
slancio	390
torso	390
sconfitte	390
allentare	390
mouch	390
agiamo	390
insegnami	390
waverly	390
volersi	390
intenti	390
trina	390
siedono	390
stormo	390
favorevoli	390
rovistare	390
ovaie	390
impaurita	390
traffici	390
finanziariamente	390
malinconia	390
placare	390
otterro	390
condimento	390
she'	390
rivelazioni	390
francoforte	389
lamentava	389
cartman	389
cornetta	389
ovvie	389
contattate	389
colpetto	389
dormiremo	389
dentali	389
bettola	389
parlassimo	389
spettacolari	389
penicillina	389
spengono	389
sposiamoci	389
esige	389
sorvegliata	389
conservazione	389
traumatica	389
devil76	389
jing	389
sbalordito	389
convincenti	389
scuderia	389
dimettersi	389
regnare	389
ventuno	389
reagiscono	389
accettando	388
dedotto	388
conservatori	388
croci	388
leopold	388
consegnarla	388
trial	388
incriminare	388
provveduto	388
corteggiamento	388
lombare	388
saigon	388
deke	388
agricoltore	388
caga	388
pianga	388
romulani	388
kobe	388
risotto	388
setacciare	388
nance	388
assicuriamoci	388
accenda	388
sporcacciona	388
fingeva	388
consegnando	388
ripasso	388
child	388
brevemente	388
lowry	388
cbs	388
guardassi	387
glock	387
perch	387
dios	387
inventarsi	387
bowen	387
ricavarne	387
cecile	387
riprenderò	387
devin	387
controparte	387
saunders	387
temiamo	387
england	387
hancock	387
viaggiava	387
muraglia	387
cavarcela	387
anidride	387
indian	387
esta	387
giunse	387
nuziali	387
incasso	387
prender	387
aram	387
insanguinato	387
punteggi	387
funzionamento	387
analogia	387
cannibali	387
mollami	387
presentabile	387
ares	387
stackhouse	387
giradischi	387
rafa	387
lavoratrice	387
disorientato	387
associazioni	387
doggett	387
decenti	387
chiuderanno	387
bertha	386
bonifico	386
apprezzata	386
risparmiarti	386
concittadini	386
dempsey	386
beautiful	386
studiava	386
sospensioni	386
isobel	386
qualita'	386
cucchiaino	386
passassi	386
appartenevano	386
percepisce	386
organizzatore	386
rotaie	386
paxton	386
robotica	386
seppi	386
trattarla	386
somalia	386
seguirai	386
umidita	386
videocassetta	386
difendo	386
stimolare	386
panno	386
decoro	386
divenuto	386
solano	386
guantanamo	386
asini	386
creed	386
prenota	386
olimpico	385
sdolcinato	385
sudafrica	385
orchidee	385
diabolica	385
odiarlo	385
lamentare	385
netta	385
divinita	385
evenienza	385
diventerete	385
manufatto	385
graves	385
dodicesimo	385
keisha	385
applicata	385
oasi	385
interferito	385
hendrix	385
athena	385
lunatico	385
ryu	385
stranezza	385
interrompendo	385
animaletto	385
tangenti	385
geometria	385
attivisti	385
fatima	385
ani	385
shue	385
miscuglio	385
bergman	385
grammatica	385
ammalati	385
breeland	385
decisiva	385
jean-luc	385
dimenticatelo	384
cable	384
maglie	384
hussein	384
caratteraccio	384
domandato	384
tov	384
specificato	384
comportamentale	384
gettati	384
scariche	384
continue	384
fiabe	384
masterson	384
stones	384
attendiamo	384
profezie	384
nonnetto	384
mo.	384
letsmakenumbers	384
incolpando	384
sintonizzati	384
assorbente	384
boomer	384
innervosisce	384
callaghan	384
neuro	384
sheridan	384
solidi	384
arrampicarsi	384
varrà	384
studiavo	384
gufi	384
alonzo	384
voliamo	384
violinista	384
n-non	384
recuperiamo	384
lanciati	384
ripetitore	383
illuminata	383
shen	383
cosmetici	383
procinto	383
scarlet	383
annegando	383
pentirete	383
herriot	383
diabetico	383
musulmana	383
rem	383
rettili	383
curly	383
merrick	383
erbacce	383
controfigura	383
approfondita	383
eventuale	383
arretrato	383
nuotando	383
gonzales	383
ku	383
borghesi	383
fantasy	383
braxton	383
chantal	383
cime	383
enciclopedia	383
rivelando	383
correvo	383
toki	383
pacificamente	383
franz84ts	383
conficcato	383
interruzioni	383
sgomberare	383
impressioni	383
convertire	383
disgraziati	383
maguire	383
sprecate	383
kenobi	383
raggiungerli	382
concetti	382
avvistamenti	382
rivoluzionari	382
culturali	382
funk	382
vasectomia	382
going	382
sagoma	382
ostello	382
guaritore	382
guardera	382
sbalzi	382
ciak	382
paragonabile	382
picchiarti	382
volpi	382
abbandonano	382
fulcro	382
pubici	382
rinunciando	382
pomata	382
sessualita	382
prugne	382
idoneo	382
mammiferi	382
concentra	382
portatori	382
ripaghi	382
sposassi	382
rainbow	382
ferirlo	382
beati	382
infiammazione	382
'che	382
niagara	382
assalitore	382
wikipedia	382
sostituirmi	381
centra	381
bobina	381
capiterà	381
mueller	381
receptionist	381
veleni	381
daniele	381
bisessuale	381
noelle	381
hardware	381
pollastrella	381
incolumità	381
lenore	381
distaccamento	381
worth	381
chevy	381
infiltrarsi	381
niklaus	381
imbrogliando	381
c-4	381
curzio	381
ammutinamento	381
conroy	381
giurerei	381
ritz	381
miahu	381
umiltà	381
yul71	381
estintore	381
immigrato	381
nathalie	381
granello	381
concessionaria	381
boutique	381
kill	381
fong	381
innamorate	381
incolpo	381
lau	380
gestiscono	380
comica	380
spector	380
nuotato	380
intendessi	380
pulisca	380
katniss	380
primordiale	380
joffrey	380
firmarlo	380
scambiano	380
perito	380
comprerei	380
estendere	380
prognosi	380
abrasioni	380
ingrosso	380
sostieni	380
salvero	380
check-in	380
ostilita	380
alexei	380
wen	380
professionalmente	380
umberto	380
trainer	380
festeggiata	380
pacemaker	380
ferroviario	380
illuminante	380
travi	380
bartlett	380
brochure	380
groupie	380
award	380
appiccare	380
alphonse	380
calato	380
impediscono	380
pulsazioni	380
forensi	379
rivoltato	379
vollero	379
larghi	379
kahlan	379
stendi	379
dildo	379
santino	379
dondolo	379
i-io	379
farsela	379
inchiodare	379
credano	379
gnomo	379
sostituisce	379
puzzola	379
rovinerà	379
rovinerebbe	379
bombardare	379
aprirti	379
dara'	379
clip	379
comincerai	379
cubetti	379
allieva	379
pol	379
prenoto	379
condurra	379
leviamo	379
animi	379
riferite	379
kakashi	379
ritrovate	379
debs	379
raccontiamo	379
aprimi	379
renderanno	379
derubata	379
generico	379
kocissina	379
alleata	379
convalescenza	379
leccapiedi	379
usanze	379
ottenne	379
portarmelo	379
shop	379
baciarci	379
fotocopie	379
importera	379
jeanette	378
influenti	378
attraversiamo	378
thai	378
risucchiato	378
dignitoso	378
meyers	378
pelant	378
licenziarla	378
schiarirmi	378
veniste	378
name	378
tory	378
colombe	378
accumulare	378
indebolito	378
morbidi	378
procederemo	378
ru	378
amministratori	378
chiamarono	378
pulcino	378
giudiziaria	378
infuriata	378
alfiere	378
modera	378
capitasse	378
rifletta	378
auditorium	378
linfa	378
ottenerla	378
spore	378
checche	378
usignolo	378
droide	378
piaghe	378
sabina	378
andavate	378
insabbiato	378
supplicato	378
tenne	377
criminalita	377
consigliera	377
titano	377
pensandoci	377
realistica	377
willoughby	377
norm	377
sweeswa	377
estelle	377
gabbiani	377
tournée	377
seven	377
root	377
bidello	377
mordono	377
bona	377
supplemento	377
ritornello	377
agostino	377
revolver	377
sará	377
esercitato	377
babilonia	377
autorizza	377
chiacchierate	377
sopporterei	377
allegato	377
galen	377
bertram	377
rapite	377
beirut	377
chiudila	376
geisha	376
meccanismi	376
occupatevi	376
schultz	376
muco	376
spedite	376
dormirci	376
hear	376
sopravviveremo	376
lasciavano	376
gunter	376
origliare	376
dinamiche	376
dolan	376
abitante	376
eliminiamo	376
cannibale	376
evoluto	376
bassam	376
squillare	376
felicita'	376
nebulosa	376
scolo	376
illustri	376
buonissimi	376
lasciavo	376
indifesi	376
albany	376
ascolterai	376
stalking	375
beer	375
arkansas	375
tormentare	375
ferris	375
wilkins	375
longo	375
cardiff	375
alì	375
organizzate	375
applicato	375
comprarci	375
bambinone	375
something	375
ingoia	375
libano	375
votiamo	375
usavamo	375
scagnozzo	375
obbligarmi	375
sfogati	375
frigg	375
jai	375
appese	375
kryptonite	375
rifiutando	375
fefè	375
earth	375
spifferato	375
camionisti	375
eseguo	375
crescera	375
zanzara	375
rog	375
andaste	375
ennis	374
negoziazioni	374
3chffe118	374
miki	374
cinica	374
riagganciare	374
rotella	374
abortito	374
puntuali	374
jimbo	374
abituarti	374
mancherete	374
toglierò	374
fitness	374
tartufo	374
orrendi	374
colpirla	374
comportiamo	374
richter	374
oratore	374
luminosi	374
radley	374
darkgirl	374
bollicine	374
isolante	374
riferirò	374
anguilla	374
leccato	374
remediosbuendia	374
bloccano	374
ac	374
cheon	374
bernstein	374
ragioniamo	374
prosegua	374
prefisso	374
elaborazione	374
sbattermi	374
twilight	373
facciamoli	373
operano	373
burkhardt	373
he'	373
sonde	373
combatterli	373
sorrida	373
lasciamoli	373
perchã	373
narici	373
supplicare	373
travolgente	373
perdesse	373
tangente	373
seggio	373
kol	373
colpira	373
liberatoria	373
appaltatore	373
every	373
sciogliendo	373
museum	373
cosima	373
spiegarglielo	373
veto	373
tolte	373
implacabile	373
erotici	373
frullati	373
strepitoso	373
nai	373
jolene	373
denso	373
complesse	373
addormenti	373
galleggia	373
codarda	373
antiquato	373
riverside	373
errato	373
villeneuve	373
evo	373
cannon	373
extraterrestre	373
qc	373
muratore	373
pops	373
hubot	373
givens	372
arrendere	372
iome86	372
desert	372
brillantini	372
pestaggio	372
soldatino	372
partecipe	372
stretching	372
incontrarli	372
johns	372
renna	372
kurtz	372
penisola	372
congiunto	372
governative	372
romperti	372
scodella	372
conceda	372
organizzeremo	372
pregano	372
tia	372
pazzesche	372
faglielo	372
poema	372
coprirlo	372
banjo	372
consegnarti	372
rintracciabile	372
assicureremo	372
domandare	372
guardandomi	372
spoglie	372
andromeda	372
candido	372
provocata	372
hallie	372
cristianesimo	372
sgarbato	372
infiammabile	372
scommette	372
liciajoke	372
pugili	372
invischiato	372
inventarmi	371
bit	371
ritirarti	371
frocetto	371
ritrovarti	371
riferiscono	371
gage	371
rallentatore	371
prudence	371
esplose	371
chiedimelo	371
arrugginita	371
litiga	371
scriverla	371
guarisci	371
conduco	371
affrontano	371
chiamiamolo	371
fritta	371
analisti	371
mature	371
rimetterla	371
quahog	371
pavone	371
nottingham	371
asphyxia	371
goemon	371
download	371
guacamole	371
negando	371
revocato	371
mozzie	371
qualificati	371
insensato	371
forniscono	371
ghiaia	371
cioccolatino	371
ressler	371
spargimento	371
oroscopo	371
coloniale	371
spuntata	371
trivella	371
noè	371
madama	371
chissenefrega	370
perù	370
considerava	370
ariankh	370
riveli	370
eichmann	370
arretrati	370
licenze	370
rifiutati	370
marguerite	370
varra	370
minacciati	370
puck	370
pacino	370
prepararlo	370
beowulf	370
quattrocento	370
thorpe	370
cimelio	370
c4	370
bronson	370
provocante	370
ordinati	370
disgustato	370
transito	370
macy	370
curt	370
ritirarci	370
parlale	370
soprabito	370
nellie	370
pisellino	370
spiato	370
iniziassi	370
altissima	370
dougal	370
credevate	370
catechismo	370
manderebbe	370
zorro	369
cazzuto	369
vanta	369
mentine	369
ritirando	369
strategico	369
svitata	369
prolungare	369
ziomele	369
invecchiamento	369
ariana	369
fiale	369
picchiando	369
calcolatrice	369
porvi	369
fregarti	369
pacificatori	369
goran	369
consigliare	369
portarne	369
aspettarselo	369
inventarti	369
marv	369
sr.	369
prestissimo	369
gatsby	369
avvicinate	369
creta	369
antimateria	369
abbracciarmi	369
pancakes	369
evil	368
dimostrata	368
raccoglitore	368
wessex	368
autentici	368
laureati	368
1x02	368
ricevetti	368
danaro	368
giuli23	368
mocciosi	368
sgradevoli	368
affilata	368
ds	368
esercitarmi	368
defiant	368
sarta	368
handydandy	368
valorosi	368
arrestatelo	368
soffocata	368
tintoria	368
hipster	368
infiniti	368
ricordalo	368
hung	368
rispettabili	368
nugent	368
progenie	368
seicento	368
gestiamo	368
oak	368
bustine	368
bobbi	368
piombare	368
scorpius	368
conoscano	368
rigidi	368
prevederlo	367
parry	367
orsetti	367
brontolone	367
ahjussi	367
dispiacera	367
rizzo	367
giustiziati	367
ripiego	367
atwood	367
cercati	367
quindicenne	367
aspettasse	367
fornaio	367
occulto	367
imbrogliona	367
infranti	367
mccord	367
zeppo	367
cadente	367
sollevi	367
benzies	367
posticipare	367
tifoso	367
ascoltatori	367
basate	367
j.t.	367
paulson	367
racket	367
peril	367
continenti	367
bruco	367
freedom	367
monique	367
dichiararsi	367
demoniaco	367
fringe	367
biasimarlo	367
immaginarmi	367
escursioni	366
chiamaci	366
ventisei	366
pancino	366
inconscio	366
terminator	366
dimenticherà	366
touche	366
avanzano	366
deluderò	366
friday	366
trafitto	366
caldamente	366
bravura	366
larkin	366
istruita	366
diffondersi	366
campanile	366
contrabbandieri	366
gladiatori	366
maritino	366
mediazione	366
nim	366
secche	366
riunita	366
dammele	366
malvagita	366
incremento	366
imbroglioni	366
broken	366
scenografia	366
deludi	366
grafici	366
arm	366
trincee	366
cedo	366
zingara	366
circle	366
stringendo	366
rueda	366
misurato	366
malefico	365
altman	365
annabeth	365
aia	365
accorgermene	365
plutonio	365
videoregistratore	365
dimenticatevi	365
whitehall	365
thorn	365
risveglia	365
lecca-lecca	365
borgia	365
priya	365
pernell	365
procurata	365
h.g.	365
beast	365
bobbie	365
'sta	365
dicevate	365
documentari	365
infilati	365
cambiassi	365
figlioli	365
regga	365
giselle	365
costringi	365
elettrizzante	365
lucio	365
idol	365
gonorrea	365
rintraccia	365
aumentate	365
sinonimo	364
jeffersonian	364
abissi	364
tanica	364
maldestro	364
silvana	364
geek	364
scalato	364
bueno	364
variazione	364
starlight	364
deplorevole	364
splendidamente	364
tradotti	364
superstrada	364
rinato	364
torturarmi	364
giglio	364
tiny	364
eui	364
bagnetto	364
mettigli	364
trentasei	364
duce	364
dolente	364
presentera	364
wiley	364
wikileaks	364
richiamarla	364
rat	364
jana	364
fuoriuscita	364
cartelloni	364
montecchi	364
surreale	364
ampliare	364
pinne	364
perversi	364
consistenza	364
partirai	364
sopravviverai	364
malavita	363
faust	363
trasferiremo	363
missionario	363
sanguini	363
stupidamente	363
improvvisata	363
pulitzer	363
normandia	363
ucciderete	363
carotide	363
disgusta	363
suon	363
raccomandazioni	363
mutui	363
pornostar	363
rompicapo	363
driss	363
talentuoso	363
celebrato	363
seong	363
singhiozzo	363
gnomi	363
sapremmo	363
cammelli	363
rifiutate	363
affinche'	363
henrietta	363
fawed	363
ripararla	363
abbandoniamo	363
shana	363
bava	363
vertebra	363
pezzettino	363
cagando	363
ambientato	363
imbarcazione	363
assicurarle	362
'sto	362
nirvana	362
montone	362
baleno	362
razione	362
rigor	362
inscenare	362
ventisette	362
vestitino	362
cresceva	362
pelt	362
stampelle	362
affascina	362
patio	362
scenetta	362
jarl	362
suoceri	362
tatiana	362
armonica	362
producendo	362
unto	362
raphael	362
carmelo	362
nomadi	362
fin'	362
isteria	362
cardassia	362
confezioni	362
scoprirono	362
prendermela	362
genetici	362
raf	362
anemia	362
pippo	362
famigerato	361
tribune	361
ottico	361
trentadue	361
spenderli	361
servissero	361
identifica	361
pascolo	361
siringhe	361
combustione	361
skylar	361
indonesia	361
allenati	361
millimetro	361
prozio	361
anselmo	361
shep	361
martiri	361
perversione	361
asciuga	361
migliorate	361
termometro	361
dominato	361
vendicativo	361
fayed	361
murdoch	361
comprarli	361
ippodromo	361
ruggito	361
strutturale	361
ringrae'	361
disponibilita	361
pagella	361
permetteva	361
hubbard	361
sabbatico	361
platt	361
riportarli	361
digitare	361
sciacallo	361
faraday	361
conquistata	361
faber	361
mantenuta	361
savi	361
ciclone	361
descriva	361
arrossire	361
ripara	361
olimpo	361
aggravato	361
affogando	361
inciampata	360
campodimaggio	360
inciampare	360
irritazione	360
frustate	360
incrocia	360
margie	360
semafori	360
incontrera	360
bibliotecaria	360
wexler	360
cornovaglia	360
birch	360
chiudero	360
pisciando	360
fedi	360
volonta'	360
approfitti	360
kiev	360
pollock	360
selezioni	360
dormitori	360
risatina	360
sciacquone	360
gwintroc	360
bluth	360
mascara	360
polpetta	360
darnley	360
scrooge	360
impresso	360
sbarcare	360
vivrete	359
pensioni	359
utilita	359
clementine	359
tirerà	359
age	359
biancaneve94	359
furetto	359
affollata	359
fausto	359
premonizione	359
accadute	359
nakamura	359
ingiustizie	359
rimanenti	359
cath	359
tradiscono	359
yeo	359
lark	359
milos	359
prepagato	359
universal	359
spiegherà	359
impacchettare	359
osserviamo	359
plus	359
podcast	359
conclave	359
guardale	359
risa	359
fusco	359
separatisti	358
psichiatri	358
rileva	358
prolungato	358
ricreativo	358
petrov	358
rinfrescante	358
cantieri	358
really	358
parolaccia	358
forestale	358
incompleto	358
servira'	358
samaritano	358
sciocche	358
prestate	358
figurine	358
prendessimo	358
affrettato	358
riunite	358
teniamoci	358
rivolgere	358
travestiti	358
piccolissima	358
hanukkah	358
indegno	358
perseguitando	358
evitarmi	358
impazienti	358
ghiandole	358
arriverete	358
ms.	358
obiettare	358
aliene	358
picchiati	358
grantham	358
stuzzichini	358
selena	358
lodge	358
pagarne	358
omissione	358
moralita	358
cavalcato	358
intatti	358
osceni	358
accoltellata	358
vesta	358
combinate	358
rata	358
recessione	358
pistolero	358
mancavi	357
mentirle	357
matte	357
pudore	357
scettro	357
emotive	357
spiegarmelo	357
vedresti	357
willard	357
educare	357
nobiltà	357
mentite	357
sentitevi	357
narcisse	357
piacessi	357
garantita	357
lions	357
comandato	357
predisposto	357
1x01	357
bimbe	357
carbonica	357
vesciche	357
devilmak	357
dorati	357
wilhelm	357
subaru	357
fiorellino	357
accompagnarlo	357
sanguisuga	357
mangiarne	357
sorti	357
hasan	357
salari	357
fumano	357
pori	356
forchette	356
compressa	356
chrissy	356
helga	356
uccideresti	356
arkham	356
aeroplani	356
psiche	356
malachy	356
indovinerai	356
guatemala	356
nervosismo	356
restituirti	356
muy	356
gabbiano	356
kato	356
tagliarla	356
ritenere	356
sposerete	356
sanzioni	356
spessa	356
fossato	356
zod	356
leblanc	356
piastrine	356
radiatore	356
lungi	356
nicotina	356
volate	356
iniziative	356
brace	356
girarmi	356
ottuso	356
muller	356
accordati	356
smascherato	356
scortare	356
programmatore	356
chiudersi	356
press	356
coniglietta	356
sostituirla	356
manipolatore	356
nervose	356
pantere	356
ascolteremo	356
dawes	356
vogue	356
convocata	356
funky	356
risparmiatelo	356
leggerai	356
smuovere	355
partigiani	355
affumicato	355
1x03	355
gengive	355
denis	355
federica.1991	355
puff	355
attrarre	355
visi	355
ugo	355
impegnare	355
pianure	355
sparava	355
suonavo	355
paintball	355
dinamico	355
hermes	355
radiosa	355
assista	355
concime	355
buttarci	355
impedirà	355
espandendo	355
víctor	355
cavità	355
omero	355
marciapiedi	355
incolpi	355
eunice	355
favoreggiamento	355
memorizzare	355
essersene	355
tully	355
possessione	355
bat	355
piantata	355
pesava	355
rey	355
shevatvb	355
interessarsi	355
riceverla	355
contenente	355
trattarti	355
scenari	355
sognava	355
dolls	355
liquirizia	355
primitiva	355
retaggio	355
arpa	355
riscalda	355
togliermelo	355
rimetterai	355
raccontargli	355
giustificato	355
ottimisti	355
rimanda	355
ashton	355
preceduto	354
collant	354
complica	354
rincorrere	354
ville	354
sibley	354
schizofrenico	354
permettiamo	354
costringerlo	354
shell	354
estinto	354
fuoricampo	354
intrometterti	354
molesta	354
supervisionare	354
emissione	354
salvaguardare	354
ritrovarmi	354
cabine	354
terroristici	354
litigavamo	354
fergus	354
shake	354
riscontrato	354
waffles	354
quartetto	354
fabbricare	354
madamenarf	354
reserve	354
svitati	354
guadagnarti	354
studiamo	354
amarezza	354
fasciatura	354
fischiare	354
chamberlain	354
guarira	354
riassumere	354
cheesecake	354
control	354
disfunzione	354
truth	354
contrazione	354
liberarmene	354
mckenna	354
curati	354
spendo	353
grill	353
lasciatevi	353
facilita	353
diluvio	353
costellazione	353
perplesso	353
esaudire	353
campare	353
drax	353
gii	353
vacante	353
luminose	353
klara	353
maleducazione	353
inappropriata	353
ftl	353
esotica	353
bombole	353
silicone	353
contorta	353
grane	353
serbatoi	353
sequenze	353
archiviare	353
antenne	353
brevetti	353
sporcare	353
bubba	353
touch	353
libererò	353
celebriamo	353
piantina	353
rimangio	353
polpo	353
casablanca	353
mandali	353
settentrionale	353
cazzotto	353
desiderata	353
abitazioni	353
ammoniaca	353
disgraziata	353
sbagliamo	353
lavorera	353
importano	353
trasferisca	353
arancio	353
giudicati	353
approfondito	352
risparmiate	352
diffuse	352
brucerà	352
volerne	352
affitti	352
doppiogiochista	352
energetiche	352
zaini	352
tagliarlo	352
carnagione	352
lanterne	352
ragazzacci	352
organizzano	352
abusare	352
gustave	352
ascoltatore	352
adoreranno	352
ìl	352
amera	352
certezze	352
comprerà	352
rally	352
inc	352
registriamo	352
disporre	352
battle	352
madge	352
op	352
destinate	352
tantissima	352
blye	352
bombardato	352
reciso	352
cresceranno	352
secondarie	352
minuscole	352
fauna	352
novella	352
punirti	352
berg	352
riposto	352
samir	352
cocciuto	352
scaricarle	352
spawn	351
spedisco	351
terrificanti	351
accessi	351
indumenti	351
cannabis	351
speculazioni	351
auricolari	351
delhi	351
dimetto	351
arrapata	351
cut	351
rimbalzare	351
puô	351
harmony	351
reece	351
ennesimo	351
kingston	351
manine	351
rinviare	351
deluderla	351
abbassata	351
rimossi	351
pochissime	351
prugna	351
grappa	351
spruzzo	351
passatemi	351
visitarla	351
caine	351
infilarmi	351
inconcepibile	351
pito	351
discutono	351
indomani	351
stay	351
vendette	351
durst	351
corbett	351
leggerti	351
interrogati	350
compi	350
tristemente	350
concorsi	350
parrucchino	350
opprimente	350
ricordino	350
dimagrito	350
saltar	350
institute	350
raggiungera	350
homo	350
hotchner	350
patel	350
jingle	350
spessore	350
arrabbierà	350
rinforzo	350
attendi	350
contemporanea	350
ciocca	350
k9	350
maddalena	350
apriva	350
incrociamo	350
interim	350
sdraio	350
disertato	350
consistente	350
fobia	350
caffellatte	350
superbo	350
jem	350
scivoloso	350
stiro	350
cherie	350
spaventava	350
mathis	350
ignoro	350
comodità	350
riempite	350
nascente	350
purificazione	350
bruciapelo	350
mancini	350
rifatta	350
rive	350
jemma	350
ripetendo	350
seppe	350
conservata	350
rhode	350
meritavano	350
risolvendo	350
shack	349
lotus	349
mein	349
nerone	349
propositi	349
cigni	349
silvio	349
manolo	349
valebi	349
lampi	349
capofitto	349
fedelmente	349
sussidi	349
raccolgono	349
fairfax	349
ryland	349
sottovaluti	349
fitch	349
spasmi	349
candidarmi	349
abbattuta	349
indaghiamo	349
convinse	349
briciola	349
precipita	349
scorsi	349
titan	349
investiti	349
scogli	349
giudicate	349
tahiti	349
dwyer	349
stringo	349
magnolia	349
latimer	349
errol	349
dimenticarsi	349
dannoso	349
sherwood	349
scarsi	349
perlustrato	349
guillermo	349
discepolo	349
contee	349
med	349
pm	349
burlone	349
keltaris	349
distinzione	349
autobiografia	349
ching	349
accorgersene	349
wah	349
adama	348
mettetele	348
guarnigione	348
investigatrice	348
alamo	348
amami	348
farcelo	348
tolse	348
concludiamo	348
ricoperti	348
spassata	348
focus	348
stampe	348
spegnerla	348
creatività	348
strazio	348
sparata	348
inammissibile	348
gratuiti	348
cambiarsi	348
frappe	348
inimmaginabile	348
palio	348
furiosi	348
insisteva	348
palestinesi	348
accosti	348
comunemente	348
guidero	348
stanche	348
dissentire	348
craigslist	348
cacare	348
turbine	348
bessie	348
catrame	348
aranciata	348
heaven	348
aiutatelo	348
airbag	348
nemesi	348
dispone	348
stendermi	348
spacciata	348
scarse	348
pelosi	348
proseguite	348
atomico	348
brindo	348
legioni	348
escogitato	348
interpreto	348
elisir	348
disegnata	348
dimostrarmi	347
sons	347
ahsha	347
accuso	347
leghi	347
svegliai	347
studiosi	347
emozionale	347
dipartimenti	347
tornera'	347
navali	347
arcieri	347
fradicia	347
lattice	347
adoravano	347
lamù	347
forrester	347
imparerà	347
venderò	347
sparirà	347
intervalli	347
confidenziali	347
riparte	347
esibizionista	347
leave	347
convocare	347
fervore	347
rivolga	347
reportage	347
premiazione	347
comportarvi	347
piacque	347
interrogativo	347
bae	347
domenico	347
neptune	347
fessi	347
ripetete	347
pauroso	347
gonfiare	347
telespettatori	347
rothstein	347
sterco	347
ascolteranno	347
degustazione	346
imam	346
spruzzato	346
approverebbe	346
tardare	346
colpiremo	346
mission	346
malloppo	346
priore	346
ezekiel	346
mì	346
believe	346
piastrelle	346
ferirla	346
allungato	346
posi	346
saroyan	346
jerrod	346
beneficienza	346
stecchito	346
job	346
scimmione	346
sostituisco	346
tendone	346
incapacità	346
trascinarti	346
ton	346
parlamene	346
ricoprire	346
immaginari	346
ae'	346
arnese	346
puntava	346
nazir	346
pretore	346
arlington	346
toglila	346
liti	346
sclerosi	346
erich	346
antidolorifico	346
blaterando	346
compiuti	346
trasmittente	346
payne	346
proroga	345
ergo	345
capuleti	345
aereoporto	345
intense	345
appariscente	345
ateo	345
premiere	345
foulard	345
mascherina	345
specificatamente	345
basati	345
arrabbiera	345
richieda	345
verificando	345
esotici	345
theta	345
peru	345
spararci	345
somaro	345
rimandata	345
adulte	345
innescare	345
sussurri	345
diciamocelo	345
pugnalare	345
abbandonarla	345
wilbur	345
accedervi	345
stack	345
impiega	345
ghiaccioli	345
sopraffare	345
hari	345
zoila	345
paghetta	345
cantata	345
xo	345
persuasione	345
breaking	345
insicurezza	345
dirigeva	345
farsene	345
hook	345
ambasciatori	345
aiutanti	345
lagna	345
controspionaggio	345
aspiranti	345
somigliare	345
restituita	345
calmate	345
ufficiosa	345
bisnonna	345
chiacchierando	345
incominciare	344
cercasi	344
radura	344
sapori	344
huntington	344
magnesio	344
larcher	344
dispiaceri	344
contempo	344
lainey	344
ferdinando	344
decompressione	344
carey	344
australiani	344
efficienti	344
lancillotto	344
amnistia	344
partira	344
accumulo	344
seguano	344
attributi	344
suicide	344
spinning	344
mentina	344
commestibile	344
guerrero	344
dag	344
barack	344
mirato	344
dorrit	344
impulsiva	344
sù	344
rourke	344
giustiziere	344
meritarmi	344
id	344
tee	344
dipper	344
tribordo	344
tollerante	344
folk	344
char	344
hawking	344
micky	344
tirarli	344
mistica	344
guarderà	344
pickup	343
midnight	343
spaventarci	343
sottolineato	343
ironicamente	343
rendesse	343
society	343
racchetta	343
giurate	343
voga	343
iperspazio	343
jefe	343
granito	343
welles	343
trasportava	343
dispersa	343
direttiva	343
cabo	343
avvicinava	343
inquisizione	343
popolarità	343
tuvok	343
immuni	343
gandalf	343
'l'	343
premendo	343
management	343
fotogramma	343
imprevisti	343
governato	343
potergli	343
annientato	343
scartare	343
cancellazione	343
babyjenks	343
marchiato	343
usino	343
traslochi	343
coordinare	343
ibiza	343
colonello	343
aziz	343
avvera	343
incuriosito	343
margaux	343
sicurissima	342
class	342
idealista	342
contattati	342
dividetevi	342
barricata	342
evitate	342
giochini	342
godiamoci	342
scansioni	342
praticato	342
insubordinazione	342
affrettare	342
immischiato	342
leggermi	342
demoniaca	342
morbillo	342
augurarti	342
westminster	342
provochi	342
shorty	342
ritrovano	342
insabbiamento	342
sintesi	342
radere	342
consultarmi	342
ardentemente	342
spettegolare	342
insanguinata	342
mangiarle	342
sceriffi	342
entravano	342
sospettava	342
intollerabile	342
stordita	342
sode	342
isa	342
fagliela	342
moloch	342
garrow	342
presuntuosa	342
inseguita	342
bourne	342
abi	342
fermateli	342
ghigliottina	341
acustica	341
cloro	341
vetrine	341
lavorazione	341
opporti	341
prada	341
massacrare	341
giocherai	341
infrange	341
ipelle	341
mormoni	341
rancori	341
pel	341
circostante	341
sobrieta	341
decorare	341
sospettano	341
stupisco	341
indebita	341
kumar	341
esaurita	341
flack	341
amianto	341
invii	341
insaziabile	341
gesta	341
sapientone	341
stampata	341
imitatore	341
tstn431	341
passino	341
espandersi	341
assaporare	341
spingerla	341
deirdre	341
compulsivo	341
mandatemi	341
sculacciata	341
avida	341
snyder	341
spegnendo	341
ricorderemo	341
afferri	341
eloquente	341
seeley	341
meloni	341
diminuzione	341
intrufolato	341
cartellina	341
race	341
atrocità	341
pedinare	341
anatomy	340
barnett	340
userebbe	340
sfidante	340
scellino	340
leggerli	340
trattino	340
attieniti	340
perfezionare	340
timori	340
spaccone	340
antenato	340
usasse	340
saracen	340
traslocato	340
palme	340
iraniano	340
estivi	340
abbazia	340
rubarla	340
maeby	340
presley	340
emerge	340
bozze	340
toy	340
soto	340
ammazzerò	340
insolenza	340
collassare	340
proteina	340
idrante	340
hera	340
sentenze	340
registrano	340
instabili	340
amazzoni	340
bevuti	340
hakim	340
mono	340
unira	340
anticipata	339
toglieranno	339
confessionale	339
saropula	339
nativo	339
burn	339
sperimentando	339
lobby	339
adattare	339
cacciarti	339
nizza	339
racimolare	339
housewives	339
vedrei	339
depositaria	339
tamponi	339
dicessero	339
lyons	339
seamus	339
vegetazione	339
invento	339
ultim'	339
comparse	339
traumatizzato	339
héctor	339
arc	339
allucinante	339
varia	339
monolocale	339
servitu	339
crais	339
vanita	339
scaglie	339
contattarli	339
harem	339
stuzzicadenti	339
ramiro	339
sganciato	339
trae	339
mccain	339
micheal	339
sposerei	339
rigirare	339
marika	339
lussuoso	339
patriottismo	339
spinse	339
telenovela	339
kosher	339
ajumma	338
scorciatoie	338
sorto	338
canning	338
colombiani	338
dent	338
ginnasta	338
impiegare	338
lasciandomi	338
ahime	338
facilità	338
till	338
dovemmo	338
tilly	338
sembrò	338
molestata	338
avercelo	338
ridotte	338
calmante	338
festivita	338
distruttivo	338
vegliare	338
siepe	338
sacerdotessa	338
mtv	338
accattivante	338
pediatria	338
qaeda	338
entravo	338
strangolare	338
trombe	338
bruscamente	338
nascesse	338
aggiungendo	338
did	338
takashi	338
colti	338
indossiamo	338
trade	338
zedd	338
sdraiarmi	338
fei	338
tetro	338
concubina	338
frequentavo	338
esausti	338
ritiriamo	338
raffaele	338
supernatural	338
grandiose	338
consegnero	338
ostinata	337
lennie	337
brusca	337
schiappa	337
buick	337
wormhole	337
vulcani	337
difettosa	337
originariamente	337
bilico	337
esecutore	337
rivedermi	337
occasionali	337
fantoccio	337
teneri	337
trascinati	337
faville	337
sospettiamo	337
jodi	337
ingenui	337
corrieri	337
monopolio	337
élite	337
bussi	337
lampadario	337
visore	337
rifallo	337
te'	337
azionario	337
afferrata	337
abuela	337
walkie-talkie	337
cupa	337
diminutivo	337
concentriamo	337
genealogico	337
proibisce	337
marko	337
buoi	337
ordinazioni	337
aprirai	337
meticoloso	337
mortis	337
boca	337
pagarli	336
necrologio	336
rifaccio	336
augusta	336
manganello	336
stuprare	336
isterico	336
eventualità	336
onora	336
cip	336
pagarle	336
ripetimi	336
affetta	336
basano	336
style	336
scavalcato	336
chihuahua	336
lavapiatti	336
infelicità	336
incontrassimo	336
susannah	336
muli	336
virtuoso	336
nyu	336
depositare	336
invalido	336
desideravi	336
stufi	336
passala	336
comprendono	336
merrin75	336
battiamo	336
alunno	336
mescolato	336
schedato	336
mandorla	336
ritrovarla	336
levarti	336
coltellino	336
tipici	336
esulta	336
nascondevo	336
vertebre	336
annika	336
temperance	336
nasca	336
reggerà	336
woodward	336
demolito	336
reba	336
lozione	336
soffiate	336
bambù	336
scansafatiche	335
sanjay	335
darmelo	335
parlerebbe	335
solidale	335
adozioni	335
pence	335
bombay	335
accompagnami	335
risvegliata	335
escano	335
allarmante	335
ona	335
resuscitato	335
alana	335
stramboide	335
morir	335
macao	335
rashid	335
servirla	335
shauna	335
infettata	335
micidiale	335
bennie	335
grilli	335
everybody	335
vs	335
agos	335
vienimi	335
suola	335
ammontare	335
notarlo	335
katia	335
avvelenati	335
lastrico	335
baciamo	335
kardashian	335
astronavi	335
multinazionali	335
otterrò	335
elettrodomestici	335
poltrone	335
sballare	335
carni	335
metaforicamente	335
alette	335
springer	335
sparrow	335
stirato	335
tormentarmi	335
riconosciuti	335
astronomia	335
disoccupata	335
callisto	334
restituiti	334
prepararla	334
venderti	334
sciocchino	334
deposto	334
barclay	334
parlammo	334
magna	334
rolls	334
berci	334
jeanie	334
endovena	334
consumata	334
subisce	334
ubriacarti	334
fornace	334
possediamo	334
procedono	334
aiutera'	334
draft	334
batteremo	334
accorgono	334
applaudire	334
chiuderò	334
presentero	334
lili	334
sedicesimo	334
galleggiare	334
diablo	334
stolto	334
coney	334
portagli	334
sfuggite	334
a7	334
indetto	334
concedimi	334
prossimamente	334
tenertelo	334
sommersa	334
ammirando	334
gardens	334
sopprimere	334
scoprimmo	334
mostrarsi	333
contrabbandiere	333
migliorano	333
dirigibile	333
messaggeri	333
pollastrelle	333
u.s.	333
esercita	333
ideologia	333
vader	333
arancioni	333
incrementare	333
comprai	333
ammazzeranno	333
ripetersi	333
choe	333
inumani	333
tenore	333
ottocento	333
calzamaglia	333
twain	333
paletti	333
sansone	333
degenerato	333
stime	333
bufala	333
indiziato	333
genesi	333
marti	333
tossire	333
childs	333
fisarmonica	333
ric	333
arcangelo	333
prestigioso	333
biasimarla	333
allontano	333
applicazioni	333
difenderla	333
sedano	332
immersa	332
congelamento	332
liber8	332
millenni	332
scaricate	332
passeggera	332
questionario	332
intensita	332
mutilato	332
inside	332
innamorano	332
amerà	332
acrobat	332
another	332
driscoll	332
esegue	332
shottini	332
prometterti	332
ragazzaccia	332
ubriacata	332
sommossa	332
baz	332
saperla	332
ml	332
tonta	332
barman	332
virtualmente	332
permettertelo	332
attaccarmi	332
orca	332
accontentarti	332
accadano	332
vegana	332
bajorani	332
rivelatore	332
irma	332
conversare	332
pretendente	332
andarla	332
vigneto	332
rider	332
effettivo	331
sofisticati	331
dicendole	331
impostare	331
dartela	331
bone	331
gupta	331
karim	331
superstizioni	331
cantavo	331
piangete	331
ping-pong	331
problem	331
offrirò	331
muhammad	331
jock	331
ritrovarlo	331
cuoia	331
esistenti	331
isolate	331
merle	331
nidge	331
rialzo	331
russare	331
lew	331
barando	331
programmati	331
capiate	331
accarezzare	331
guidera	331
gayle	331
distruggete	331
turca	331
redditizio	331
accettassi	331
bruciava	331
drogheria	331
germain	331
tovaglia	331
winger	331
coffee	331
scomparendo	331
ammiratrice	331
deane	331
stabilizzare	331
perseveranza	331
manna	331
litigata	331
morivano	331
espheni	331
neurologo	331
valletto	330
serali	330
tyrell	330
yusuf	330
dimagrire	330
incesto	330
parabola	330
ristoro	330
successone	330
gisborne	330
blanchard	330
toccarli	330
polari	330
anticrimine	330
twist	330
mariah	330
venus	330
fighette	330
immaginati	330
raffiche	330
subdola	330
lamentata	330
presentava	330
than	330
baciarlo	330
continuino	330
jewel	330
resistete	330
sopportano	330
doppie	330
fighissima	330
confondi	330
rientrando	330
amplificatore	330
fiere	330
moscio	330
beauty	330
conoscessimo	330
ammiri	330
odii	330
riunirsi	330
usassi	330
scalini	330
rendita	330
riesaminare	330
mostruosa	330
occorrono	330
popolarita	330
assuma	330
autorizzare	330
diamole	330
teppistello	329
ucciderle	329
supposto	329
darken	329
luciana	329
filata	329
costringendo	329
camillo	329
mcguire	329
hawks	329
bifolco	329
dmitri	329
venerdi'	329
stafford	329
sampson	329
prodigo	329
post-it	329
cercarvi	329
awards	329
prelievi	329
centauri	329
rivelo	329
mcclaren	329
kobayashi	329
aiutavo	329
killua	329
restanti	329
boden	329
donnell	329
spiegano	329
recuperi	329
trecce	329
sen	329
tribale	329
editori	329
aspetterebbe	329
guerriglieri	329
tempistica	329
togliamoci	329
nottataccia	329
evacuato	329
grattacielo	329
esclusione	329
limpido	329
latticini	329
saw	329
escludendo	329
formulare	329
ficchi	329
colorate	329
convocati	329
mohammed	329
ippopotamo	329
schizzare	329
riflettici	329
affascinata	328
volutamente	328
trading	328
grafia	328
mettevi	328
raggiungeranno	328
norvegesi	328
conobbe	328
ripartiamo	328
consacrato	328
mole	328
vichingo	328
alleggerire	328
ripetiamo	328
bulldozer	328
perdio	328
cori	328
wife	328
spiegata	328
shion	328
intensi	328
crolli	328
patagonia	328
sorprendenti	328
comprò	328
infilarsi	328
distruggerai	328
dipingi	328
allenatori	328
ricordasse	328
nitrato	328
innovazione	328
primati	328
supporti	328
rassegna	328
persiano	328
ostacolato	328
controllarle	328
automatiche	328
registrarsi	328
sfinita	328
pelose	328
corvette	328
funzionale	328
sbagliassi	328
garvey	328
paroloni	328
clancy	328
morelli	328
tunica	328
finga	328
pupilla	328
iato	327
vagine	327
hadley	327
knicks	327
kal-el	327
vanto	327
raggiunti	327
annotato	327
ignorate	327
fashion	327
inghiottito	327
repressa	327
pancione	327
gigolo	327
accetterei	327
orion	327
damasco	327
capannone	327
hardman	327
thanos	327
sfuggente	327
curarmi	327
recuperati	327
trovatela	327
trasferiscono	327
guidarci	327
riavremo	327
destini	327
toglieremo	327
dieter	327
velenosi	327
burbank	327
scatoletta	327
poppins	327
dandomi	327
dirne	327
psycho	327
invitano	327
severi	327
nasi	327
ingrandisci	327
criticato	327
ribellarsi	327
affilati	327
goose	327
stranissima	327
holiday	327
pittori	327
giugulare	327
illumini	326
insurrezione	326
piastre	326
cordiali	326
proporti	326
fermezza	326
affligge	326
evoluta	326
sintie	326
informatrice	326
trasformarla	326
psichica	326
spassando	326
pompare	326
vaughan	326
dodd	326
secondino	326
cornelius	326
casalingo	326
compatrioti	326
stara'	326
tronchi	326
ubriache	326
diminuisce	326
dojo	326
morivo	326
garnet	326
affinchè	326
atomo	326
avanzo	326
rubli	326
dipartita	326
tad	326
rotola	326
combinazioni	326
vinceranno	326
preoccupiamo	326
matrimoniali	326
psicologi	326
pugnali	326
danneggiate	326
mozzarella	326
segretarie	326
sbalorditivo	326
intrighi	326
parcheggiatore	326
sequel	326
speculazione	326
rilevata	326
tesoriere	326
sylar	326
rettile	325
protette	325
anticristo	325
thane	325
darrell	325
sibilo	325
parentela	325
fabrizio	325
costanza	325
lette	325
paesaggi	325
ortega	325
ritmi	325
upon	325
apparizioni	325
offline	325
facendogli	325
archiviazione	325
rigare	325
speedy	325
jumper	325
evacuate	325
sciame	325
ombelicale	325
colletta	325
inserisco	325
sparera	325
rai	325
days	325
sollevati	325
jaffa	325
inventarci	325
ciuffo	325
galoppo	325
sovrannaturale	325
indossarla	325
cessa	325
potendo	325
specializzanda	325
esprimersi	325
visionario	325
ventitre	324
ciclope	324
aeileen	324
disertori	324
fraintenda	324
nomignolo	324
chiacchiera	324
morten	324
spendendo	324
bensì	324
limonare	324
respirava	324
imbottito	324
prole	324
shi	324
esme	324
iraniani	324
microbi	324
start	324
giocatrice	324
bollito	324
strapparti	324
severe	324
running	324
bruciore	324
sollevo	324
violette	324
diate	324
atomiche	324
ventenne	324
jeffries	324
località	324
velvet	324
christa	324
sorridono	324
diagnosticata	324
libia	324
bicchier	324
sottaceto	324
formule	324
impotenti	324
aramis	324
stimolazione	324
stenderti	324
cosmica	324
affidiamo	324
sbrighiamo	324
loomis	324
helle	324
hero	324
imbattibile	324
fondina	324
pipodi	324
capitalista	323
parliamoci	323
indianapolis	323
travolto	323
gite	323
dirottato	323
infastidita	323
confratelli	323
cyber	323
clandestine	323
sopracciglio	323
maree	323
jer	323
tailandese	323
stereotipi	323
spadaccino	323
portatili	323
idris	323
depravato	323
sentilo	323
nine	323
esmeralda	323
nettare	323
tornammo	323
aggressività	323
abbiam	323
conoscerà	323
abilitazione	323
scherzate	323
costanti	323
nascondervi	323
rovente	323
sceneggiatori	323
belmont	323
crasso	323
stuntman	323
lasalle	323
superiora	323
azzardata	323
convivenza	323
ubriacona	323
jukebox	323
milena	323
strong	323
charming	323
silviabbà	323
stellina	322
gruzzolo	322
novellina	322
esercitarti	322
estremista	322
striscione	322
importazione	322
velocissimo	322
mcallister	322
sand	322
divorare	322
coniugi	322
hbo	322
scolpito	322
drogarsi	322
ricavi	322
taschino	322
frequentati	322
lucinda	322
nascite	322
sgualdrine	322
amin	322
emancipazione	322
offrite	322
clinici	322
silo	322
ricambiato	322
impacchettato	322
betlemme	322
sesamo	322
whistler	322
tagliarsi	322
rapha	322
eventualita	322
glí	322
merdosa	322
copioni	322
superfluo	322
spiegamelo	322
peggiorate	322
strilla	322
close	322
predicare	322
supererai	322
dorota	322
spostarmi	322
pontile	322
rifugiato	322
ironica	322
rattrista	322
colture	322
penserebbero	322
insinuazioni	322
spegniamo	322
carrozze	322
provinciali	322
zola	322
sonagli	322
etiopia	322
compimento	321
raffinati	321
simulazioni	321
sayonara	321
procioni	321
ventaglio	321
attivati	321
rollo	321
pirateria	321
funzionanti	321
sussurrando	321
sottoporsi	321
recapito	321
inizino	321
britt	321
bulloni	321
scollatura	321
calli	321
rivelati	321
spaccatura	321
accompagnera	321
utilizzati	321
luz	321
stesi	321
indulgenza	321
fetore	321
sposini	321
indagano	321
row	321
monopoli	321
halo	321
stili	321
rebekah24	321
anteriori	321
squash	321
soffici	321
dipingo	321
rappresentanza	321
smartphone	321
incroci	321
guarisca	321
carnefice	321
andremmo	321
charmaine	321
izumi	321
soqquadro	321
reprimere	321
amigos	321
conservi	321
sfilare	321
mineraria	321
ribaltare	321
taccia	321
finanziatore	321
zelena	321
delinquere	321
monello	321
milk	321
spassoso	321
ge	321
jafar	321
oltretomba	320
tentava	320
birdie	320
sora	320
hiroshima	320
gioiellino	320
fusibili	320
abbattuti	320
ripulendo	320
tollerato	320
compiacere	320
indugi	320
boots	320
ophelia	320
dessero	320
guardone	320
crow	320
creditori	320
une	320
risorgere	320
marvel	320
documentare	320
ammissioni	320
pinkie	320
bali	320
frozen	320
ricattarmi	320
furtivamente	320
stufata	320
radunando	320
scrupoloso	320
iampole	320
approdo	320
chateau	320
hitman	320
enzima	320
cheerios	320
distorta	320
passai	320
heavy	320
sporcarsi	320
aspirazioni	320
incontrerete	320
butterò	320
omone	320
lizza	320
competitiva	320
eterosessuale	320
teatrali	320
datori	320
giocherò	320
pasha	320
isaiah	320
estinti	320
repressione	320
setaccio	320
ojai	320
dargliene	320
commissionato	320
incontrò	320
carburatore	320
nicholson	320
reggera	320
narrativa	319
tiriamolo	319
spettano	319
circolano	319
visitina	319
finissi	319
imitazioni	319
mcc	319
succedermi	319
n.d.t.	319
ground	319
villano	319
brughiera	319
rintocchi	319
agitati	319
eroica	319
stick	319
pesano	319
chaz	319
mata	319
piacciamo	319
spuntini	319
has	319
seppelliti	319
monossido	319
marsupio	319
vomitando	319
mansfield	319
cagasotto	319
orione	319
cialde	319
volava	319
rappresentate	319
scenderà	319
hobson	319
meravigliarsi	319
cacasotto	319
ayachan	319
premura	319
tariffe	319
carinissimo	319
anika	319
sparky	319
processare	319
grizzly	319
perline	319
acchiappa	319
ripari	319
recito	319
murph	319
esplicito	319
angyy88	319
respiratoria	319
lucente	319
risentito	318
levato	318
zhao	318
moriresti	318
rimuginare	318
impeto	318
perfezionato	318
fughe	318
attaccamento	318
regolamenti	318
catastrofico	318
prof.	318
lucidare	318
libererai	318
chiederebbe	318
vasetto	318
nuria	318
sleepy	318
calais	318
architettato	318
sobri	318
rida	318
drive-in	318
rompicoglioni	318
vanvera	318
lisbona	318
blackwell	318
uscii	318
girarsi	318
tacchini	318
sparerà	318
manovrare	318
rockwell	318
tudor	318
ignacio	318
alaric	318
samuels	318
'ma	318
frequentarci	318
mascalzoni	318
colleziona	318
wedding	318
assumersi	318
tosh	318
rifarmi	318
dibattiti	318
combattero	318
golem	318
questura	318
kimchi	318
ossea	318
lacerato	318
tenermelo	318
segaiolo	318
anastasia	318
ritenete	318
momo	318
situae'	318
vecchiette	317
torniate	317
rilasci	317
avverato	317
imprigionata	317
furfanti	317
ignazio	317
legano	317
sorprendermi	317
mangiavano	317
shadowhunter	317
lucidi	317
albo	317
booker	317
suicidarti	317
stimo	317
piangevo	317
avvertimenti	317
maniglie	317
scarface	317
bassista	317
queenie	317
dandogli	317
tuori	317
whale	317
contusione	317
criterio	317
spinte	317
cartuccia	317
cessato	317
chief	317
wook	317
paulanna	317
cranb	317
aspirine	317
loschi	317
guerriglia	317
appoggiata	317
notie'	317
toh	317
miseramente	317
illimitato	317
schiantare	317
ventotto	317
infuori	317
fad	317
quarantotto	317
invertito	317
beviamoci	317
trascrizioni	317
avverta	317
disarmati	317
polverone	317
pick	317
salaam	317
bari	317
tartufi	317
spaccando	316
gongolare	316
sterzo	316
paghino	316
condividerla	316
gesu'	316
rifiutava	316
sceglierai	316
templi	316
gio	316
primitivi	316
rosmarino	316
coni	316
noterà	316
sciò	316
ima	316
ikea	316
ricontrollato	316
provala	316
ascoltalo	316
giralo	316
mortadella	316
spoglio	316
riconoscevo	316
jor-el	316
mantenersi	316
golia	316
accelerando	316
abominevole	316
indigestione	316
regolatore	316
xi	316
ringraziate	316
thank	316
matheson	316
sospiri	316
ichabod	316
equa	316
soccorritori	316
garak	316
ripiegare	316
divenire	316
cardigan	316
teorouge	316
sniffare	316
entertainment	315
ketamina	315
vee	315
wren	315
segnate	315
idraulici	315
watt	315
barbanera	315
mags	315
risparmiata	315
goditelo	315
sciocchina	315
impedirle	315
risaltare	315
fallendo	315
mascherare	315
fiacca	315
canzoncina	315
adescamento	315
mettessimo	315
migliorera	315
sforzando	315
sbruffone	315
cantarla	315
sentore	315
capirne	315
indosserò	315
anch	315
toracico	315
incarnazione	315
pole	315
terrance	315
comprerai	315
attirando	315
stracciato	315
fidanzatina	315
ricucire	315
pinkerton	315
dispari	315
simulato	315
guel27	315
genoma	315
truccare	315
mikael	314
fascismo	314
restituirmi	314
tintura	314
tintinnio	314
sottoporre	314
aritmia	314
batta	314
talpe	314
cardiologia	314
manichini	314
complete	314
downey	314
glucosio	314
attendete	314
teatri	314
surrogata	314
jase	314
clero	314
danneggia	314
aggiusto	314
katz	314
aggrapparsi	314
complicità	314
rudi	314
collocamento	314
soon	314
buttarli	314
troi	314
albanese	314
spigui	314
stagisti	314
realizzando	314
riprendono	314
scusando	314
bruttissimo	314
concorda	314
espande	314
invecchiata	314
fuck	314
paranoici	314
comprera	314
impugnatura	314
automatici	314
riceveremo	314
rintracciarli	314
perder	314
siviglia	314
corps	314
fastidiosi	314
latitudine	314
ardenti	313
paterno	313
incontreranno	313
feldman	313
contarli	313
riusciate	313
rendervi	313
lavorerete	313
cita	313
sorprendi	313
whit	313
simpaticone	313
incrociatore	313
contestare	313
rimuoverlo	313
avvisami	313
allevatore	313
affluenza	313
nigeria	313
ciclista	313
pulpito	313
infernali	313
prosperare	313
kimball	313
human	313
aggiunga	313
orrende	313
seggiolino	313
reggono	313
chiudera	313
pieghi	313
gregson	313
schiacciati	313
tres	313
pil	313
rispettarlo	313
asperger	313
led	313
foods	313
pollastra	313
couwenberg	313
copenaghen	313
barricate	313
operatorio	313
otterrete	313
schiaffeggiato	313
autoritaria	313
gaines	313
kelvin	313
pepsi	313
processione	313
condor	312
sparira	312
sbirciatina	312
pianerottolo	312
creeremo	312
corrette	312
insostenibile	312
boat	312
attene'	312
uri	312
proverebbe	312
innervosendo	312
facilitare	312
catturiamo	312
second	312
ferraglia	312
mecca	312
resterebbe	312
bruta	312
prepareremo	312
immortalita	312
sbrigarmi	312
realizzi	312
autostrade	312
incaricata	312
divorzista	312
napa	312
inventeremo	312
supermercati	312
sposò	312
giostre	312
toglitelo	312
cinghie	312
premiato	312
twister	312
fondoschiena	312
mandarono	312
rune	312
dilaurentis	312
wide	312
loto	312
store	312
d.b.	312
esaudito	312
ortografia	312
ammazzalo	312
nicodio	312
sfinimento	312
uscirebbe	312
passeggiando	312
tappezzeria	312
philly	312
mollando	312
disprezza	311
svegliano	311
entourage	311
astronomi	311
conservatorio	311
colton	311
clouseau	311
accomodarsi	311
whelan	311
psicotica	311
contatterò	311
rigenerazione	311
coraggiose	311
laurence	311
attive	311
suol	311
kensington	311
disidratazione	311
mancherò	311
buonumore	311
combatta	311
spazzino	311
silenziatore	311
ciabatte	311
destare	311
pioniere	311
pregherò	311
being	311
pineja	311
istruttrice	311
pac	311
rivisti	311
vibra	311
pacey	311
miracolosamente	311
amazzonia	311
classiche	311
massaggiatrice	311
assetati	311
preghero	311
volkswagen	311
cervelloni	311
sostenuta	311
pinna	311
attenuanti	310
supremazia	310
prive	310
cercalo	310
mollalo	310
southfork	310
sparrowrulez	310
infastidirmi	310
sigma	310
dichiarano	310
separarsi	310
orazio	310
minoranze	310
versetto	310
dorate	310
nullo	310
monyosy	310
photoshop	310
funzioneranno	310
thom	310
marceline	310
immacolato	310
1x05	310
morey	310
fantasticare	310
davamo	310
spacciava	310
creativita	310
dolorosi	310
spago	310
spariranno	310
socialismo	310
cagnolini	310
ritter	310
firmero	310
hobart	310
calciatore	310
tocchiamo	310
augura	310
diteglielo	310
toccarle	310
krusty	310
shapiro	310
ari1985	310
tornerebbe	310
ciliegio	310
manuela	310
particella	310
loquace	310
lavello	310
subendo	310
fenton	310
gioielliere	310
ripensamento	310
contraddizione	309
fiat	309
e'are	309
assecondare	309
fornita	309
imperiali	309
lucidalabbra	309
semina	309
1x04	309
papillon	309
tentiamo	309
alleanze	309
avverare	309
respiratorio	309
prenotata	309
okinawa	309
vetrata	309
sussurro	309
inversa	309
impazzata	309
lexlex	309
spendono	309
hu	309
lazzaro	309
them	309
numi	309
playlist	309
pluto	309
mulder59	309
pitbull	309
uh-oh	309
gemito	309
cricca	309
ipotetica	309
fosforo	309
underground	309
antropologia	309
before	309
grissom	309
eloise	309
rappresaglia	309
fissate	309
scagionare	309
traduce	309
pensammo	309
sgombrate	309
dentiera	309
staccati	309
riempia	309
ricatti	309
howe	309
connelly	309
cristoforo	309
rimessi	309
ipotetico	309
cittadella	309
fulcrum	309
accorgersi	309
illecito	309
dirigetevi	309
sequestrata	309
respirate	309
fertilità	309
bastata	309
soprannaturali	309
1x06	308
saggiamente	308
stimola	308
vespe	308
localizzarlo	308
inondazione	308
prometheus	308
piedipiatti	308
processore	308
esofago	308
passerotto	308
catturano	308
mandela	308
woodhouse	308
gettalo	308
contrattacco	308
piazzata	308
coordinatore	308
partiva	308
sventolare	308
minimarket	308
soffocamento	308
drummond	308
indicata	308
sorrisetto	308
giochero	308
fraterno	308
cremato	308
lavate	308
poetica	308
felicissimi	308
peschereccio	308
crederei	308
dimenticheranno	308
reperibile	308
venderà	308
grey'	308
salvia	308
chiederete	308
curarsi	308
rossella	308
espulsi	308
ah-ha	308
dickinson	308
olimpica	308
scapoli	308
sax	308
pubblicazioni	308
barboncino	308
ecuador	308
morrow	308
marsha	308
minds	308
natalizie	308
squillando	308
psichico	308
whitechapel	307
gregorio	307
sformato	307
bancarella	307
immaginassi	307
checco	307
fondere	307
risalto	307
cervicale	307
marius	307
memory	307
clover	307
impiccio	307
poniamo	307
tracciando	307
eisenhower	307
segnalatore	307
inflessibile	307
guiderò	307
organizzarci	307
scuoti	307
bb	307
pugnalate	307
tam	307
fresno	307
agnese	307
ahmad	307
mollate	307
conoscersi	307
attitudine	307
avvolge	307
infettati	307
pentirà	307
berla	307
rubargli	307
incurabile	307
lasagna	307
sosteniamo	307
dormivano	307
segnaletica	307
contrariamente	307
firmando	307
pediatrico	307
virgo	307
tí	307
fotografiche	307
eliminate	307
strappate	307
simonemlk	307
3ch8f3bb9	307
anamnesi	307
zbz	307
daglielo	307
lor	307
foche	307
mm-hm	307
soffocante	306
avvisate	306
agganciare	306
tinder	306
struzzo	306
patrizio	306
cribbio	306
imprecare	306
medical	306
violentare	306
toglimelo	306
giordano	306
abrams	306
singole	306
pupe	306
carovana	306
docile	306
trascurare	306
cestini	306
dunphy	306
ascendente	306
preparami	306
dividi	306
udire	306
lentiggini	306
supplica	306
glamour	306
colmare	306
atrian	306
domare	306
pilastri	306
obbligare	306
repubblicana	306
raccontagli	306
irrigazione	306
raggiunse	306
budda	306
comodamente	306
bongo	306
poni	306
granchè	306
smantellare	306
sosplra	306
vedessimo	306
talentuosa	306
teschi	306
impavido	306
fabbricato	306
vascolare	306
giasone	306
sposasse	306
dettato	306
sanguinava	306
impazziscono	306
muirfield	306
riattacco	306
stirare	306
trovatemi	306
rogna	306
resina	305
ristrutturare	305
dimostrarle	305
attiri	305
esaltante	305
gae	305
cambiava	305
architetti	305
palestina	305
noo	305
interrompa	305
affitta	305
termico	305
ilsa	305
catch	305
salvò	305
rifaremo	305
jobs	305
bright	305
schiave	305
krieger	305
vana	305
solidarieta	305
fiatare	305
comunicando	305
chisciotte	305
molliamo	305
indicarmi	305
tenergli	305
interferisce	305
mantenerti	305
sciacalli	305
femorale	305
invoco	305
laverne	305
pensionato	305
beffa	305
mantra	305
pose	305
stockton	305
scrofa	305
scavate	305
continuasse	305
alleate	305
bannon	305
copilota	305
doppiamente	305
inquieta	305
assumiamo	305
bela	305
truffare	305
sgombro	305
cercarle	305
sonnambulo	305
coccinella	305
impalati	305
electric	305
illusorio	305
inconsciamente	305
tibia	304
egregio	304
malinconica	304
divertiva	304
perizoma	304
spaccano	304
lorne	304
accordarci	304
aggiorniamo	304
aggiustarla	304
slogato	304
half	304
miglioreranno	304
pompelmo	304
ardore	304
consumando	304
segnalata	304
controllarsi	304
odierei	304
visibilità	304
interfono	304
winn	304
rumorosi	304
lasciagli	304
farabutti	304
aspen	304
carlyle	304
megera	304
gusci	304
studiano	304
fermala	304
incondizionato	304
innamoro	304
lolly	304
avon	304
tricheco	304
squadriglia	304
salutarvi	304
daly	304
mean	304
paranormali	304
intollerante	304
riavro	304
svegliamo	304
promettete	304
macleish	304
ritenga	304
vane	304
macchiata	304
accettati	304
vivano	304
arcobaleni	304
portaoggetti	304
rafi	304
joni	304
basilari	304
vamos	304
puliamo	304
arrivassimo	304
mayfield	304
prolungata	304
novellini	304
sanitari	304
tangerine	304
superati	304
keegan	303
risultata	303
formiamo	303
u.	303
stendo	303
scegliero	303
giustifichi	303
accorsi	303
paride	303
cecenia	303
hodge	303
cummings	303
marcella	303
evitarla	303
prendemmo	303
flagello	303
prevedono	303
inserite	303
leggerà	303
devoti	303
scaricarli	303
copertine	303
imparentati	303
yvette	303
diacono	303
walton	303
goryeo	303
johannes	303
kitana25	303
mcnamara	303
firmerò	303
parlai	303
risponderle	303
riprovi	303
previsti	303
esagerate	303
adempiere	303
selvatica	303
baro	303
giuliano	303
stock	303
settimanali	303
idraulica	303
siccità	303
arcadia	303
pomiciato	303
cercavate	303
inseguiva	302
fante	302
mandarvi	302
amazon	302
corpus	302
attaccarlo	302
rosalia	302
café	302
presunti	302
chitarre	302
rugiada	302
potei	302
neurali	302
rinforzare	302
kimura	302
obbediente	302
deduzione	302
dekker	302
acquista	302
uscirete	302
addebito	302
caffettiera	302
superiamo	302
daro'	302
considerala	302
segugi	302
nettuno	302
slasho	302
coltivato	302
vincolante	302
zeppelin	302
vecchietti	302
ecc.	302
subspaziale	302
rooster	302
migliorerà	302
takeshi	302
gireremo	302
croft	302
dormiglione	302
destinatario	302
disonesta	302
primaverile	302
hortense	302
uhh	302
pagavano	302
modificati	302
leggessi	302
illuminati	302
fornite	302
milionari	302
eyre	302
thierry	302
eduard	302
gaernik	302
abdu	302
necessitano	302
mhm	302
kee	302
dupree	302
filantropo	302
tyrone	302
laila	302
neurochirurgia	302
volker	302
elastica	302
tentacoli	302
noir	302
figuraccia	301
wordy	301
deciditi	301
spintarella	301
dentisti	301
supponi	301
accertati	301
logistica	301
travolta	301
lunghissima	301
ventola	301
lattosio	301
disfarsi	301
train	301
siegel	301
interromperti	301
mera	301
dischetto	301
prospero	301
tremendi	301
lacy	301
individuali	301
punisce	301
sminuire	301
roditore	301
compaiono	301
conservati	301
quebec	301
slogata	301
veronika	301
diffidente	301
berne	301
guadagnava	301
suda	301
detonare	301
congela	301
prius	301
respiratori	301
devastazione	301
perme	301
sedevo	301
cubana	301
autocommiserazione	301
patetiche	301
congratulo	301
seminati	301
co2	301
incominciato	301
groves	301
ridatemi	301
vocina	301
investe	301
gestisca	300
principessina	300
mangiavamo	300
espiare	300
idiote	300
adagio	300
kincaid	300
stimolanti	300
fotti	300
sakè	300
andrej	300
biglie	300
granada	300
remare	300
liceali	300
calcutta	300
gao	300
riparando	300
signorinella	300
grattare	300
louvre	300
maserati	300
sancho	300
clicca	300
affianco	300
molestia	300
carogne	300
riempirlo	300
colpirli	300
formicolio	300
guantoni	300
theory	300
pulisciti	300
eretto	300
guiderai	300
convenzionali	300
tralasciando	300
apparsi	300
hayward	300
spogliarello	300
clessidra	300
barksdale	300
iscrizioni	300
armeni	300
primari	300
clausole	300
dureranno	300
sfumatura	300
maxi	300
ortodosso	300
intraprendente	300
prediche	300
sbatterti	300
cattiverie	300
legion	300
confondono	300
atteggiamenti	300
descrivi	300
identificarla	300
tormentando	300
bath	300
muti	299
psichiatrici	299
iscriversi	299
taccheggio	299
miliardari	299
nocciole	299
barber	299
decappottabile	299
ripetertelo	299
pizzica	299
sobborghi	299
unicorni	299
facciali	299
archeologia	299
progettati	299
striscio	299
j.b.	299
bluenowhere	299
spogliarsi	299
andarti	299
rohit	299
confondo	299
flag	299
olson	299
sottosuolo	299
paloma	299
clair	299
estetista	299
capitol	299
indicando	299
interrotte	299
dig	299
spettacolino	299
ricominceremo	299
birmania	299
adolescenziale	299
tulsa	299
perlopiù	299
scorrono	299
saprebbero	299
sommersi	299
sdraiarti	299
rotondo	299
mulligan	299
rimbalzo	299
abbatterlo	299
bruciarlo	299
teneteli	299
chffffff	299
rockefeller	299
dreyfuss	298
biblico	298
riusciremmo	298
braun	298
capitava	298
jeb	298
rani	298
silente	298
ingrassato	298
dix	298
gradisci	298
whitelilac	298
comodita	298
phantom	298
rikers	298
salviette	298
deciderò	298
comunicano	298
akbar	298
jadzia	298
rinnegato	298
cercarono	298
occupino	298
portarmela	298
manipolatrice	298
enigmi	298
ronon	298
perderemmo	298
inventero	298
noialtri	298
vedetta	298
descrivendo	298
promozionale	298
singer	298
arduo	298
europee	298
rihanna	298
hands	298
neonata	298
pifferaio	298
clamidia	298
simcoe	298
assorbe	298
dudelow	298
howell	298
frenesia	298
robirobi89	298
libererà	298
corporeo	298
smurf	298
protettrice	298
supporta	298
genesis	298
chu	298
sofferente	298
cordelia	298
parlargliene	298
work	298
silicon	298
informerò	298
clamore	298
smaltimento	298
oste	298
collezionisti	298
ganci	298
volumi	297
superstite	297
poseidone	297
seok	297
deforme	297
dodgers	297
infondate	297
aggressivita	297
karp	297
fawlty	297
concepita	297
riducendo	297
carichiamo	297
fisioterapista	297
frau	297
vicesceriffo	297
try	297
istituti	297
parliate	297
sembravate	297
eppes	297
insegnerà	297
brucerai	297
ceto	297
wilden	297
nonne	297
mendicanti	297
od	297
vediate	297
seriali	297
suonera	297
maude	297
tie	297
lingotti	297
presidenziali	297
rifiutò	297
nomade	297
indignazione	297
kali	297
giornaliera	297
granturco	297
carnale	297
disidratato	297
donahue	297
ohe	297
rospi	297
morrigan	297
monet	297
tulipani	297
revocare	297
sgancia	297
dimettere	297
derivano	297
ipnotizzato	297
vischio	297
opposte	297
domingo	297
regis	297
dirigenza	297
cadrai	297
burocrate	296
finirono	296
liberero	296
filare	296
armeno	296
finirei	296
avaro	296
milhouse	296
nordest	296
spii	296
contenga	296
impedira	296
paulo	296
caucasico	296
dichiarate	296
rimetteremo	296
gypsy	296
trombone	296
gattabuia	296
carpe	296
pronunci	296
pelata	296
inflazione	296
calmarlo	296
williamsburg	296
botanico	296
notera	296
baracche	296
simpatiche	296
denunciarti	296
haas	296
tranello	296
buccia	296
rilevando	296
suki	296
hercules	296
donaldson	296
pensarono	296
ricattatore	296
fibbia	296
scientology	296
richiederebbe	296
asparagi	296
plutone	296
ghiacciaio	296
attuare	296
patogeno	296
pubblicarlo	296
mimosa	296
nascondigli	296
ammiravo	296
chesapeake	296
strisciato	296
raffreddare	296
esistiamo	296
dubita	296
cominciasse	296
chierichetto	296
addestratore	296
bussando	296
imparerete	296
riscaldato	296
skate	296
aborti	296
incompetenti	296
katarina	296
rode	296
doppelganger	295
attivate	295
eludere	295
testicolo	295
sarin	295
zimmerman	295
balbons	295
troveremmo	295
visitando	295
salirà	295
negoziabile	295
boe	295
salveranno	295
rochelle	295
dottrina	295
cornicione	295
colpiva	295
tania	295
progressista	295
virilita	295
trasportatore	295
impiccheranno	295
abbandonerò	295
falsario	295
stante	295
verbena	295
benino	295
starnuto	295
vicario	295
provocano	295
mortem	295
affogata	295
scivoli	295
tomorrow	295
heon	295
innocui	295
cocchiere	295
campanelle	295
keeler	295
twin	295
vivaci	295
voice	295
short	295
roderick	295
scaricati	295
ra'	295
metterne	295
miseri	295
eamon	295
wharton	295
syracuse	295
holder	295
accusate	295
tahoe	295
avvertite	295
famigliola	295
cubi	295
creazioni	295
incastrarti	295
peng	295
genova	295
comizio	295
intasato	295
repliche	295
scalpore	295
smontato	294
volkoff	294
mortacci	294
assistendo	294
muoveremo	294
mormora	294
waldo	294
accademica	294
offese	294
rinunciarci	294
autunnale	294
rogne	294
verity	294
belize	294
nitroglicerina	294
figliastro	294
gulliver	294
figliastra	294
confidente	294
zoccole	294
gilroy	294
irreale	294
torretta	294
lao	294
termiti	294
insistete	294
magi	294
atroci	294
perdonarla	294
frieda	294
ives	294
centrifuga	294
cardiologo	294
perderesti	294
caritatevole	294
chop	294
giornaliero	294
darth	294
sassofono	294
pettorali	294
esaminiamo	294
moderazione	294
lakers	294
rotture	294
gastrica	294
sayda	294
bagna	294
fasulla	294
esibire	294
esorcista	294
kern	294
rema	294
atterriamo	294
spice	294
cocca	294
trasferimenti	294
traumatizzata	294
horse	294
etto	294
fortissima	293
rosetta	293
bergen	293
ventiquattr'	293
soggezione	293
ha-ha	293
av	293
scrubs	293
liberarvi	293
prim'	293
menzione	293
cì	293
ripristinato	293
ereditare	293
irresponsabili	293
guardino	293
jar	293
hummus	293
dettare	293
perlopiu	293
jimi	293
pagarci	293
scoppi	293
ispanico	293
pesticidi	293
mediante	293
consola	293
appaia	293
hot-dog	293
assicurativo	293
tenacia	293
chimera	293
descrivono	293
stadium	293
dichiarati	293
conosceremo	293
colombiano	293
liberarsene	293
conservate	293
presenze	293
confidare	293
spiarmi	293
ingressi	293
aggiornami	293
provenivano	293
surfista	293
criminal	293
scialle	293
consumi	293
elmer	293
spararono	293
seguace	293
puberta	293
ciccioni	293
diciottesimo	293
spaccata	293
infilarti	293
riprovo	293
vagano	293
gambero	293
aviv	293
inseguo	292
osteria	292
mako	292
spiritica	292
intoppi	292
lissa	292
anarchico	292
godono	292
rendimi	292
assenti	292
laterali	292
sitcom	292
assassine	292
parodia	292
folletti	292
spremuta	292
emicranie	292
fornendo	292
toglierli	292
crescerai	292
garner	292
sollevate	292
spogliare	292
iena	292
inflitto	292
dipendeva	292
middle	292
ammissibile	292
tappe	292
gazebo	292
spremere	292
pratici	292
educatamente	292
gentry	292
guardandoti	292
lam	292
charter	292
azionista	292
sioux	292
word	292
mikaelson	292
ter	292
hawkes	292
cercaci	292
alessandria	292
pellicole	292
sc	292
sottomesso	292
propano	292
depravazione	292
prevedeva	292
andarmi	291
sospettosa	291
yorker	291
wrestler	291
magnetici	291
stavros	291
newcastle	291
iracheni	291
dilatate	291
hamid	291
gettarlo	291
agnelli	291
nerevar	291
violata	291
tamigi	291
slash	291
sussurrato	291
chiuderà	291
clitoride	291
passerebbe	291
diminuito	291
provetta	291
preferenza	291
televisive	291
rurale	291
corleone	291
copyright	291
dependance	291
cod	291
infliggere	291
maturita	291
produttiva	291
storicamente	291
sudati	291
emulatore	291
occupavo	291
whitaker	291
risposata	291
mathieu	291
si.	291
corriera	291
purè	291
invocare	291
voltarmi	291
eurolander	291
voglie	291
stagna	291
bunch	291
interferendo	291
jigen	291
realizzati	291
schietto	291
gal	291
altezze	291
superiorità	291
aggrediti	291
integrato	291
genetiche	291
hat	291
riconoscerà	291
sottrarre	291
represso	291
petardi	291
telepatia	291
taglieremo	291
ps	291
complotti	291
identifichi	291
gloucester	290
tradirei	290
ammala	290
magre	290
cloroformio	290
on-line	290
nessa	290
piegata	290
caddy	290
piantagrane	290
definiti	290
antifurto	290
licenziano	290
profiler	290
caratterino	290
fidel	290
volubile	290
cinquantina	290
fetente	290
copriva	290
approfitto	290
clonazione	290
acconsentire	290
cambiarle	290
affondo	290
rappresentiamo	290
distraggo	290
decolla	290
malware	290
raffineria	290
avvisarla	290
henning	290
rubini	290
sfocato	290
generosamente	290
bendato	290
secchioni	290
brucera	290
fratturata	290
provengo	290
tilt	290
spezzati	290
patriottico	290
illuderti	290
consolarti	290
allacciare	290
guadagnerai	290
disgustata	290
rimbalza	290
svanendo	290
portiate	290
pendleton	290
insinuato	290
attrito	289
miste	289
inesperto	289
jonny	289
avviata	289
correvano	289
scherzava	289
luridi	289
fusibile	289
commonwealth	289
giaceva	289
divertivamo	289
rintracciata	289
visone	289
pestilenza	289
belgrado	289
perquisite	289
giurarci	289
sacrificata	289
zak	289
spoglia	289
costruirci	289
movimentata	289
chiedevi	289
caricamento	289
detonatori	289
allontanano	289
sopportabile	289
debug	289
molina	289
help	289
disfatta	289
accorgano	289
assegnazione	289
pomeridiano	289
stanzetta	289
licenzieranno	289
presenziare	289
woodhull	289
avanzando	289
drop	289
angelus	289
mj	289
zanna	289
rovesciata	289
dartene	289
duratura	289
crebbe	289
raleigh	289
mocciosa	289
macedonia	289
chiedetelo	289
tipicamente	289
hubble	289
sae	289
fiches	288
narra	288
richiediamo	288
troiette	288
specificamente	288
sbarazzata	288
celesti	288
araba	288
influenze	288
romperlo	288
impedendo	288
decideranno	288
chiacchierona	288
celebra	288
allineati	288
falena	288
rimbambito	288
rifornire	288
recuperarla	288
portfolio	288
inverosimile	288
must	288
trasportano	288
sotterrato	288
sembrerai	288
saccheggiato	288
manifestare	288
testimonia	288
spazio-tempo	288
lucciole	288
sommozzatori	288
scontrati	288
coltellata	288
umilta	288
taj	288
stringer	288
moneypenny	288
tabula	288
presiede	288
tron	288
theatre	288
corsetto	288
tremi	288
baciarsi	288
calme	288
deriso	288
distrai	288
scriveremo	288
abbaiano	288
guarderei	288
incasinati	288
laptop	288
steccato	288
permettervi	287
persuasivo	287
sparpagliatevi	287
extraterrestri	287
spitter	287
pignolo	287
barlume	287
raza	287
liars	287
intimidazione	287
vietnamiti	287
modellini	287
pacifista	287
combinata	287
sorvegliano	287
dipingendo	287
dukat	287
latrina	287
misha	287
ohhh	287
emana	287
bandita	287
distrusse	287
colpiamo	287
marquez	287
sgombra	287
azzardi	287
torturati	287
guinea	287
radcliffe	287
kaufman	287
usarti	287
sumner	287
tancredi	287
levarmi	287
considerarla	287
sporcarti	287
stazza	287
mastino	287
calata	287
cipro	287
abbracciata	287
lievito	287
contattero	287
incomincia	287
limito	287
ritenevo	287
corp	287
replicatori	287
solfa	287
fervida	287
mentivo	287
architettando	287
terrace	287
inquadrato	287
conosceste	287
abbronzato	287
dicessimo	287
fecondazione	287
urlavano	287
difficilissimo	287
caprone	286
brufoli	286
disturbati	286
sorvegliate	286
vod	286
abbracciati	286
asiatiche	286
scoraggiare	286
tornassero	286
atlas	286
diventai	286
zigomi	286
frigorifera	286
concessioni	286
altoparlanti	286
canterà	286
pieghe	286
seguivano	286
rolf	286
tic-tac	286
multinazionale	286
buttero	286
infamia	286
scorie	286
feromoni	286
left	286
rasata	286
servie'	286
cry	286
finanzia	286
gemini	286
disastroso	286
dovettero	286
saccheggiare	286
tenevamo	286
peggiorano	286
sarcastica	286
compiendo	286
magnaccia	286
21esimo	286
investigazioni	286
vampira	286
prestigiosa	286
scremato	286
bruttissima	286
trunks02	286
carceraria	286
riferiro	286
assetata	286
informate	286
irregolari	286
discografico	286
infettare	286
dopobarba	286
restarne	286
ticchettio	286
paternità	285
togliervi	285
balboa	285
clarinetto	285
yo-yo	285
discutibili	285
beef	285
ascoltero	285
diventerei	285
allenarci	285
battlestar	285
bibliotecari	285
usò	285
rilevano	285
densa	285
eresia	285
permessa	285
lasciamoci	285
semplicità	285
mackey	285
dooley	285
palmi	285
tonica	285
manila	285
hightower	285
piattole	285
saskia	285
frodi	285
conferire	285
catenina	285
formali	285
docenti	285
conquistatore	285
inizierei	285
khalil	285
susy	285
strofa	285
pompeo	285
giocattolino	285
coinvolgermi	285
rimettila	285
extension	285
morra	285
scriverà	285
collezioni	285
loggia	285
bertrand	285
mutato	285
cannes	285
scooby	285
fossile	285
jansen	285
lexus	285
algoritmi	285
interstatale	285
accorgerebbe	285
analizza	285
reattori	285
visitata	285
sognata	285
azzardato	285
sfuggono	285
fetale	284
trovero'	284
agricola	284
oaks	284
dotto	284
tremende	284
jupiter	284
litio	284
rimandi	284
dormira	284
marigold	284
imbarcato	284
ilana	284
intenzionato	284
scalinata	284
australiana	284
tipiche	284
persistente	284
dimostrazioni	284
files	284
strangolatore	284
hombre	284
prendera'	284
strozzino	284
pigrizia	284
manifestato	284
ribaltato	284
divani	284
jab	284
ritrovai	284
simmetria	284
involontariamente	284
ottenuti	284
scappatella	284
proibizionismo	284
divulgato	284
quarantina	284
caruso	284
implora	284
parlerete	284
studiata	284
accompagnati	284
nauseante	284
accendono	283
odissea	283
coraggiosamente	283
interromperla	283
precipitata	283
presentò	283
affronterai	283
fern	283
conoscessero	283
manga	283
umanita'	283
presenteremo	283
sanguinario	283
convinco	283
lisbeth	283
sfasciacarrozze	283
elettroni	283
pulcini	283
camerata	283
sepolte	283
affittata	283
vomiti	283
nathandrake83	283
terminali	283
annibale	283
sahara	283
trascino	283
rivoltare	283
deja	283
mandino	283
rifacciamolo	283
providence	283
considerarsi	283
aggiorno	283
dowd	283
contrattaccare	283
ita	283
indaghi	283
finira'	283
marche	283
milanese	283
cela	283
riportarci	283
ingrassata	283
mangime	283
watergate	283
saki	283
riluttanza	283
ignorano	283
focaccia	283
deceduti	283
equipe	283
oppenheimer	282
minneapolis	282
riaccendere	282
cavalluccio	282
crearti	282
significati	282
savino	282
rifarsi	282
imitando	282
perenne	282
favorita	282
midori	282
metadone	282
fammene	282
focaccine	282
meteora	282
sorridenti	282
occupasse	282
esibizioni	282
casta	282
giudicarlo	282
psi	282
estinta	282
jammer	282
planetario	282
megafono	282
remissione	282
nascera	282
flo	282
snervante	282
sessi	282
fauci	282
evasi	282
stanzino	282
a.d.	282
cucchiaini	282
kikichrissy	282
dolorose	282
cassonetti	282
fionda	282
fannulloni	282
legittimi	282
mirando	282
baltar	282
pelare	282
incomodo	282
roxi	282
naufragio	282
selezionati	282
bosnia	282
questore	282
subbuglio	282
natali	282
rivendicato	282
gonzalez	282
occupassi	282
trasportati	282
pulirlo	282
mascherati	282
attrazioni	282
tran	282
uscirei	282
virare	282
meritevole	282
quinlan	282
passanti	281
inseguiti	281
tamsin	281
schiacci	281
sdrai	281
accessorio	281
insulta	281
masso	281
chirurgicamente	281
focoso	281
restituzione	281
animaletti	281
scranton	281
tese	281
marikay	281
carezze	281
coppe	281
incarcerato	281
provati	281
tabitha	281
supportato	281
tamra	281
combinano	281
armageddon	281
baciala	281
spezzera	281
infilzato	281
ripiano	281
portassero	281
fermava	281
arrestarli	281
cospirato	281
ringraziando	281
cimiteri	281
brigitte	281
momentaneamente	281
sconvolgere	281
mariano	281
oppressi	281
lasciamola	281
marmocchi	281
sconfiggerli	281
taro	281
aggrappato	281
seduttore	281
parkman	281
cancellando	281
cunningham	281
batista	281
zig	281
carnegie	281
stucco	281
noie	281
odiera	281
jolie	281
xiomara	281
seaworld	281
comes	281
fumatore	281
cinghiali	281
aspettarvi	281
partì	281
carie	281
scontrosa	280
ammettendo	280
sussurrare	280
bounce	280
riporre	280
essermelo	280
lindy	280
furtivo	280
sommergibile	280
raddoppio	280
undicesimo	280
farrow	280
leith	280
batterò	280
toccasse	280
invitarvi	280
persero	280
penetra	280
janeway	280
passante	280
tatuata	280
dietrich	280
sentimi	280
murder	280
einar	280
rovistato	280
horne	280
edicola	280
barnabas	280
parlatemi	280
mostramelo	280
sims	280
signe	280
hallelujah	280
inservienti	280
frequentate	280
sfogarsi	280
laird	280
piccoletta	280
acchiappare	280
risplendere	280
esibirmi	280
condomini	280
conterò	280
minivan	280
italiansubs	280
stahl	280
angolino	280
infortuni	280
fucilato	280
disturbarsi	280
meritasse	280
redmond	280
briganti	279
toglietemelo	279
fiction	279
promessi	279
tabloid	279
assetto	279
chiedetemi	279
lidocaina	279
mercanzia	279
disinvolto	279
comandamento	279
spezzate	279
accompagnarvi	279
tappati	279
insegui	279
ricettatore	279
tantomeno	279
ripaga	279
savoy	279
insegnarci	279
barkley	279
pizzetto	279
statuetta	279
rigide	279
ristabilito	279
ricopre	279
brufolo	279
imparerò	279
riconoscermi	279
fondale	279
viziati	279
yves	279
trailer	279
pedinato	279
ying	279
persuadere	279
queii'	279
costituzionale	279
mentirebbe	279
adeguate	279
milt	279
edge	279
bambinaia	279
mayfair	279
shun	279
tortine	279
together	279
turbare	279
accetteremo	279
ispezioni	279
renault	279
minimizzare	279
taglialegna	279
astor	279
rilasciarlo	278
preteso	278
keenan	278
forestiero	278
tapis	278
kaosmentale	278
shelton	278
antipatica	278
sanguinosa	278
baudelaire	278
alzarci	278
rimarresti	278
vicente	278
erroneamente	278
cimeli	278
interesserà	278
hahn	278
sedata	278
sospirando	278
thayer	278
memoriale	278
concentro	278
supernova	278
patmore	278
ossequi	278
pretenzioso	278
determina	278
fuggono	278
negozietto	278
raffreddato	278
ortopedico	278
fonduta	278
baldracca	278
contadina	278
cancelleria	278
incerta	278
viverla	278
asciugati	278
alcolizzati	278
sparò	278
andamento	278
coltiva	278
web-dl	278
confondermi	278
cami	278
yoshida	278
respinge	278
allontanate	278
sciabola	278
eutanasia	278
leve	278
ovile	278
damerino	278
caracas	278
traversata	278
sopravvivero	278
sveglie	278
rumeno	278
margherite	278
linfoma	278
boccale	278
vedertela	278
sfoghi	278
galileo	278
reca	278
gallese	278
insalate	278
strofinare	278
esistessi	278
rutledge	277
tesina	277
varicella	277
rompiamo	277
jenn	277
heat	277
innegabile	277
pensarti	277
tatum	277
inumano	277
etichettato	277
probabili	277
rittenhouse	277
tig	277
fulton	277
ripensi	277
ting	277
avvertirvi	277
elastici	277
cowboys	277
quattr'	277
eko	277
accompagnerò	277
favolose	277
baptiste	277
corky	277
mallard	277
radunato	277
mentirò	277
lineare	277
manterrò	277
accoltellamento	277
colpiranno	277
continuerete	277
mamo	277
trovavamo	277
verna	277
mangiarci	277
lanciarazzi	277
infrastruttura	277
legarlo	277
calunnia	277
inoltrato	277
permetterglielo	277
argh	277
matrici	277
weekly	277
benefico	277
rilento	277
ripetero	277
privatamente	277
rapisce	277
naz	277
jonesy	277
pianura	277
corridori	277
scadenze	277
combatterai	277
docmartin	277
accumulando	277
lyman	277
lasciassimo	277
saporito	277
alyssa	276
roulant	276
ormonale	276
monumenti	276
lavorino	276
risentiamo	276
uniranno	276
baylor	276
tirarle	276
doll	276
funzionavano	276
spogliata	276
situato	276
ritirano	276
paralleli	276
sfrenato	276
custer	276
illeso	276
innervosito	276
errante	276
sapra'	276
parità	276
sottomissione	276
attraversarlo	276
interruttori	276
fronteggiare	276
riuniamo	276
ferg	276
jumbo	276
orche	276
porpora	276
lundy	276
benefica	276
lies	276
accertato	276
tosaerba	276
papere	276
elettroniche	276
memo	276
infiltrata	276
gerhardt	276
thanks	276
polveri	276
ciambellano	276
incoraggia	276
portamento	276
quattromila	276
monarca	276
embolia	276
punirlo	276
classifiche	276
tangibile	276
screditare	276
opportunista	276
no8do	276
terrebbe	276
clifton	276
chucky	276
lucertole	275
carrelli	275
frazier	275
figliol	275
albino	275
ato	275
acrobazie	275
office	275
sperate	275
permise	275
succhiami	275
addolorata	275
portero'	275
lower	275
taub	275
unit	275
istituito	275
accenderlo	275
diceria	275
jessup	275
vaghi	275
partisse	275
esplosive	275
esodo	275
barbra	275
vanitoso	275
mlle	275
buffi	275
nocciola	275
lyn	275
ecg	275
cedro	275
coordinato	275
insultando	275
salvagente	275
rispondergli	275
provandoci	275
codardia	275
fernandez	275
embrione	275
piombato	275
platone	275
guarirai	275
dirotto	275
elettromagnetica	275
incompleta	275
avengers	275
younger	275
collezionare	275
bro	275
venderai	275
leghe	275
amputazione	275
testualmente	275
deputati	275
qasim	275
.e	275
norah	275
sartoria	275
ambra	275
governatrice	275
whitmore	275
ausiliario	275
passerei	275
secondini	275
cosuccia	275
pozzanghera	274
razziali	274
irrintracciabile	274
innovativo	274
coniuge	274
malto	274
divertivo	274
vick	274
personalita'	274
purificare	274
sister	274
perseguitata	274
mag	274
connolly	274
urlate	274
cubs	274
pilotaggio	274
legalo	274
diventarono	274
pesti	274
ritenuta	274
serrata	274
discuto	274
costrette	274
rinchiuse	274
canterai	274
ihaveadream	274
nasser	274
lachlan	274
sottosegretario	274
tacca	274
maesta'	274
stringhe	274
dooku	274
scaviamo	274
assenzio	274
lusinghiero	274
geils	274
concederti	274
infradito	274
scorda	274
brutalità	274
dedicarsi	274
delude	274
elin	274
afferro	274
durham	274
diplomi	274
sostituirti	274
hub	274
mascherata	274
discovery	274
immischiare	274
hawaiana	274
portamelo	274
riguardasse	274
rivolgi	274
router	274
immersi	274
nozioni	274
sudate	274
normalissimo	274
ripetono	274
ovulo	274
confinato	274
accusarla	274
combatteva	274
bifolchi	274
venerea	274
aprirle	273
addolora	273
rifai	273
spazzati	273
gobba	273
adattato	273
lesley	273
dimentichera	273
controverso	273
kinney	273
condividendo	273
carismatico	273
mulini	273
aneddoti	273
umm	273
scintillanti	273
ficcanasare	273
iracheno	273
dichiarando	273
flanders	273
rivalita	273
concilio	273
ultron	273
rispettati	273
provò	273
claus	273
twittato	273
spogliato	273
impararlo	273
'se	273
abracadabra	273
propenso	273
adventure	273
sbagliavamo	273
preparavo	273
conoscerete	273
bronco	273
sprofondare	273
poggia	273
consorzio	273
picchiami	273
roditori	273
musashi	273
risolvero	273
spicco	273
dam	273
stimata	273
heroes	273
cinismo	273
appuntito	273
jagger	273
ormone	273
matematici	273
smokey	273
molecola	273
lanciafiamme	273
albania	273
gould	273
fusi	273
torturarti	273
scaldi	273
turing	273
broyles	273
cazzotti	273
ascensione	273
tossiche	273
mutare	272
consapevolmente	272
aurelio	272
sottinteso	272
recuperate	272
sorgenti	272
diem	272
indaffarato	272
prenderebbero	272
astratto	272
raccontarla	272
islamico	272
cosacchi	272
enigma86	272
starr	272
simultaneamente	272
falliscono	272
erickson	272
lince	272
fregarci	272
avventata	272
trattenerli	272
chestnut	272
importerà	272
minime	272
meryl	272
cerchino	272
rovinarlo	272
verificate	272
bilanciare	272
smidollato	272
vedersela	272
antichità	272
schiarisce	272
colorare	272
avaria	272
attivamente	272
sacrificarsi	272
cats	272
incolumita	272
promettenti	272
decano	272
numerosa	272
spergiuro	272
spiegarsi	272
abbandonero	272
detiene	272
invasa	272
pubblicate	272
tombino	272
trascorre	272
romperai	272
limonato	272
eastwood	272
havana	272
dogs	272
athos	272
dalai	272
guasti	272
braccetto	272
veneree	272
disumano	271
republic	271
camaro	271
sudicia	271
tratterebbe	271
guster	271
scarponi	271
spinny	271
lolita	271
fotterti	271
perforazione	271
permanentemente	271
dimostrami	271
myra	271
occuparvi	271
brani	271
poppe	271
spacchiamo	271
nominati	271
lupe	271
promozioni	271
bazooka	271
off-limits	271
cocci	271
correzioni	271
valhalla	271
smile	271
report	271
masturbarsi	271
canteremo	271
offendi	271
trote	271
raduni	271
carissimi	271
lessi	271
denunci	271
flowers	271
giunte	271
abbracciando	271
pitone	271
miraggio	271
dimenticarci	271
filiamo	271
intrufolarsi	271
diagramma	271
lacca	271
evocato	271
aspettati	271
alien	271
dany44	271
mettessero	271
guantone	271
celestiale	271
rivogliamo	271
runner	271
consentire	271
lanicca	271
corteggiare	271
orribilmente	271
indici	271
chester'	271
scoreggiato	271
mooney	271
spaventarli	271
marmotta	271
presumendo	271
zainetto	271
campagnolo	271
distratti	271
mccormick	271
comporterai	271
prendertelo	271
variante	271
prendetemi	271
granita	270
pittman	270
cantero	270
divenni	270
procurami	270
studiate	270
redding	270
low	270
rinomato	270
dimostrargli	270
sviene	270
giacinto	270
should	270
disobbedire	270
porcellini	270
helsinki	270
platea	270
yelp	270
bimbazen	270
mangiarsi	270
ucla	270
lot	270
mall	270
correttezza	270
teatrino	270
creative	270
neutralizzato	270
strawberry	270
tienitelo	270
natiche	270
bado	270
qing	270
coercizione	270
they'	270
emarginato	270
micro	270
cart	270
differenziale	270
mediocri	270
insultata	270
salse	270
galattica	270
spingersi	270
scambia	270
nozione	270
comportamentali	270
franck	270
unirà	270
metallici	270
smilzo	270
riunirci	270
without	270
artefice	270
spider-man	270
insistono	270
lecchi	270
noodle	270
disturbate	270
sostenerti	270
svizzeri	270
rajiv	270
saputello	270
quick	270
suonavano	270
aiuterei	269
vigliacca	269
cougar	269
allegramente	269
piattaforme	269
gioiosa	269
circondate	269
quoziente	269
scarabocchi	269
realistici	269
canottiera	269
salvano	269
emarginati	269
chiudeva	269
flanella	269
salda	269
sprecati	269
sami	269
calmarci	269
tradisca	269
odiasse	269
caraffa	269
autistico	269
risentire	269
amaar	269
gelateria	269
boccia	269
titani	269
calderon	269
papá	269
mocassini	269
opuscoli	269
gem	269
proibiti	269
ruskin	269
tonda	269
battenti	269
sdi	269
pannolone	269
rientrate	269
crearmi	269
rafforza	269
scrivanie	269
calcestruzzo	269
sudo	269
badante	269
alterata	269
prendetene	269
incolparti	269
biblioteche	269
byrne	269
comandano	269
elka	269
stabilizzato	269
incapacita	269
irremovibile	269
disinnescare	269
fentanyl	269
gabinetti	269
cronico	269
distaccata	269
muoverlo	269
crederò	269
annotazioni	269
lehman	269
quaderni	269
tornaconto	269
koto	269
apparirà	269
mormone	269
riuscimmo	269
leggila	268
ruthie	268
timing	268
discolpa	268
agisca	268
ciuccio	268
promettiamo	268
aa	268
conferme	268
barbabietole	268
tace	268
tendere	268
ufficiosamente	268
restituirle	268
profumato	268
vergognava	268
reggia	268
soprannominato	268
setsuko	268
rimproverato	268
imparero	268
imparera	268
jens	268
putin	268
baffo	268
costruisco	268
everything	268
bluetooth	268
progredire	268
genuino	268
facendola	268
accecante	268
mccabe	268
qualifiche	268
confida	268
kwan	268
cucù	268
python	268
disprezzi	268
brie	268
burning	268
prescrizioni	268
fumata	268
sparavano	268
thermos	268
bordelli	268
somiglianze	268
carcerario	268
chronicle	268
comanche	268
ispezionato	268
mou	268
guardateli	268
svetlana	268
lamentati	268
kellerman	268
caotico	268
mimo	268
prescelta	268
contattarci	268
1e	267
scappò	267
parsa	267
vietcong	267
winthrop	267
pulirti	267
affrettatevi	267
petit	267
domenicale	267
fingevo	267
drasticamente	267
motivata	267
siri	267
mitica	267
saito	267
ems	267
adunata	267
portoricano	267
giudicarti	267
towers	267
sconfiggeremo	267
riusciro'	267
collassando	267
fermò	267
uccidessero	267
rispettando	267
embrioni	267
lunatica	267
juliana	267
inquieto	267
irritata	267
assaggiarlo	267
telegrafo	267
intrappolate	267
fregatene	267
accendilo	267
mescola	267
letteraria	267
legando	267
zo	267
baionetta	267
elevate	267
assiste	267
consecutivi	267
trattenete	267
gonzo	267
funziono	267
sprechiamo	267
rimpiangerai	267
octavia	267
saxon	267
annoiati	267
excalibur	267
ametista	267
jeter	267
sundance	267
esistiti	267
droghi	267
omosessualità	267
cantera	267
spassarsela	267
calista	267
welch	267
kuwait	267
dardo	267
comedy	267
potionflame	267
stupirmi	267
allagato	267
z0	267
lucienne	266
restituisce	266
chiacchierato	266
trionfale	266
texano	266
wish	266
hell'	266
coerenti	266
malumore	266
smart	266
scapperai	266
waller	266
snap	266
stravolto	266
schierato	266
lisci	266
rimproveri	266
offriva	266
cranica	266
downing	266
missionari	266
allestito	266
posizionare	266
jesper	266
raggiungimi	266
sceglierà	266
concentrate	266
ringraziano	266
westchester	266
fiaschetta	266
affida	266
stilare	266
iniettare	266
cruciali	266
leviatano	266
sparino	266
rispedito	266
piacerai	266
lidia	266
proiettato	266
ordigni	266
pentirsi	266
colorata	266
bonaparte	266
gul	266
gator	266
percentuali	266
unguento	266
blackberry	266
bizzarre	266
hyuga	266
ashleigh	266
capirebbero	266
jacksonville	266
what'	266
celebrale	266
scassinare	266
operarlo	266
colleghe	266
inseriti	266
tendi	266
prefettura	266
bolt	266
squarciato	266
molestare	266
vertici	266
lanciarmi	266
esaminata	265
insoddisfatto	265
contente	265
mylene	265
selezionare	265
segale	265
sinagoga	265
inginocchiato	265
fattela	265
definirebbe	265
dimostramelo	265
facendosi	265
confermati	265
diriga	265
angola	265
riporterai	265
rassegnati	265
naviga	265
sapreste	265
recuperata	265
biochimica	265
castita	265
manubrio	265
alelo92	265
paroline	265
provateci	265
sacrilegio	265
riattivare	265
naniti	265
inseguiamo	265
mifflin	265
clic	265
ysw	265
sorgerà	265
sbuca	265
ladies	265
radunate	265
catacombe	265
abbassando	265
pedoni	265
giurì	265
slowly	265
accompagnando	265
paranoid	265
ibrida	265
papavero	265
blossom	265
citata	265
malachi	265
raggirato	265
gaulle	265
elettrizzato	265
berrei	265
ortopedia	265
avvertirlo	265
bloccarlo	265
schiantata	265
molesley	265
stroh	265
sorpresina	265
change	265
egiziani	265
dimostriamo	264
fedora	264
surgelati	264
edizioni	264
interferisca	264
kayak	264
sfuggirmi	264
vettore	264
sunday	264
impalata	264
annulli	264
agustin	264
improvvisi	264
attimi	264
hickey	264
richiedeva	264
insoliti	264
attaccherà	264
andatura	264
vampire	264
eseguite	264
mezzosangue	264
chiudermi	264
saverio	264
sfugga	264
forestieri	264
congelate	264
borgogna	264
costringerla	264
incendiare	264
jump	264
enzimi	264
vivien	264
spezzando	264
meeks	264
uh-uh	264
lineamenti	264
biasimarmi	264
riconoscenti	264
berretti	264
quadrata	264
arrendendo	264
divine	264
ronan	264
esposte	264
scrivergli	264
augurio	264
oscurita'	264
schivare	264
manderei	264
woo-hoo	264
placche	264
concederci	264
insolitamente	264
nog	264
saltellare	264
spogliarti	264
sparassero	264
vengeance	264
das	264
inez	264
arruolarsi	264
ripagarmi	264
fiji	264
sahib	264
privilegiato	264
eunuco	264
balistico	264
klan	263
smetteremo	263
ficca	263
iene	263
incomprensione	263
collane	263
sequestrare	263
lounge	263
ricade	263
riempiamo	263
sopravvivi	263
botti	263
faticare	263
integrante	263
dinnanzi	263
universitarie	263
piangevi	263
virilità	263
tremava	263
rohan	263
cheol	263
corbin	263
fuggitiva	263
grassona	263
edera	263
fusti	263
uscirci	263
anja	263
standing	263
spirit	263
contatteremo	263
notre	263
falchi	263
lia	263
chiamiamola	263
dilatazione	263
pomeriggi	263
simboleggia	263
danko	263
seí	263
sposassimo	263
yeol	263
enfasi	263
sanguinamento	263
giudicano	263
insensata	263
crescano	263
emblema	263
opie	263
rape	263
patologico	263
decessi	263
pregavo	263
larghezza	262
pretendenti	262
bua	262
trilli	262
distorto	262
silk	262
deena	262
incatenata	262
acne	262
alchimia	262
lon	262
negoziante	262
ingranaggio	262
onorevoli	262
magri	262
amiconi	262
tirerai	262
tralasciare	262
sadako	262
posseggo	262
esamina	262
strafiga	262
fallisci	262
gag	262
manopola	262
costruì	262
darmela	262
bun	262
reade	262
nascondevi	262
trascurata	262
questuomo	262
quotidiane	262
sadomaso	262
nia	262
bottiglietta	262
cheung	262
interrogarmi	262
odierai	262
spingiamo	262
archeologo	262
affrontata	262
paragoni	262
pretesa	262
rivogliono	262
wine	262
amalia	262
aggiungerei	262
insistenza	262
dichiariamo	262
inserimento	262
mosby	262
ravvicinato	262
impedirci	262
smitty	262
montate	262
corrisponda	262
pisciata	262
costituire	262
puntarmi	262
elettrocardiogramma	262
sincronizzato	262
mía	262
hole	261
traduci	261
trattengono	261
tuttle	261
noooo	261
'per	261
compilation	261
imputazione	261
profumata	261
strepitosa	261
jelena	261
shinji	261
arresteremo	261
sachs	261
partissi	261
rios	261
radicalmente	261
donzella	261
mischa	261
teorica	261
fear	261
dotazione	261
rendergli	261
rigby	261
cospiratori	261
percorrendo	261
acciughe	261
accompagnate	261
police	261
ulrich	261
denunciarmi	261
1x07	261
capitera	261
infastidendo	261
circus	261
saltava	261
canal	261
verificata	261
barbarie	261
peeta	261
sovrana	261
ue	261
tollera	261
censimento	261
diramato	261
genny	261
curiamo	261
racconterà	261
bakersfield	261
dormienti	261
arricchito	261
gd	261
fermatela	261
appagante	261
aggiusti	261
pupillo	261
cherokee	261
presentando	261
kourtney	261
macchinette	261
galattico	261
rubacuori	261
ritrattare	260
pirla	260
abbandonarti	260
michi	260
madara	260
pioverà	260
datato	260
living	260
ottimale	260
testimoniera	260
taglieranno	260
sodoma	260
raccontò	260
prigioniere	260
battero	260
halifax	260
beretta	260
rudnick	260
zoticone	260
prevedibili	260
vivrei	260
secondari	260
pedalare	260
mathilda	260
pedali	260
resterei	260
coltellate	260
mostriciattolo	260
beatitudine	260
scio	260
polk	260
squilibrata	260
dharmagirl	260
arn	260
invero	260
cheddar	260
entrarono	260
rieccoci	260
sà	260
derubarmi	260
ponzi	260
gen	260
friend	260
controlleranno	260
rientrano	260
salutano	260
flame	260
scherzano	260
cancrena	260
poli	260
carriola	260
effy	260
glu	260
pregi	260
lindo	260
infelicita	260
appelli	260
gross	260
suole	260
ragnatele	260
bocciata	260
superpotere	260
campa	260
jud	260
paghe	260
lucian	260
stupidata	260
circonciso	260
frutteto	260
ambientalista	260
accampati	260
psicologiche	260
coagulazione	260
nientemeno	260
strapparmi	260
romperà	260
guadagneremo	260
pak	260
massacri	260
tracciamento	260
partiro	260
ignorarla	260
cigolio	260
rama	260
temibile	260
doglie	260
vendevano	260
ecciti	260
gettano	259
swann	259
piantati	259
tallahassee	259
chapter	259
stringerti	259
runkle	259
marwan	259
orochimaru	259
rinascimento	259
battete	259
rigetto	259
appartenesse	259
intervenuta	259
regolato	259
taft	259
consulenze	259
baciate	259
intromettersi	259
nuotatore	259
mm-mm	259
proibite	259
liberatorio	259
sostituisca	259
aristotele	259
babylon	259
equamente	259
scialuppe	259
faina	259
manina	259
trasportata	259
strappalacrime	259
subìto	259
koji	259
iscriverti	259
ereditaria	259
vinile	259
ricomponiti	259
allevatori	259
avvento	259
introdotta	259
snowboard	259
vegetali	259
stravaganti	259
castrato	259
tilda	259
tagliarle	259
cominciammo	259
butterfly	259
compromettente	259
detergente	259
avvelenando	259
eccessi	259
vickie	259
ampie	259
fillory	259
baron	259
ata	259
purple	259
partecipando	259
sfiducia	259
rodolfo	259
trasformerà	259
foxtrot	259
indirettamente	259
coinvolgono	259
wynn	259
freddezza	259
vantarti	259
risolverò	259
segmento	259
lifting	259
depressi	259
patrono	259
savitar	259
ruberemo	259
stipulato	258
girarlo	258
trovera'	258
oren	258
fiutato	258
termostato	258
cacciate	258
monetario	258
finii	258
osano	258
sanguinano	258
fuor	258
serenita	258
lucidamente	258
judo	258
difatti	258
cavano	258
recapitare	258
deserti	258
realizzarlo	258
maud	258
germogli	258
kyoko	258
jackman	258
kellogg	258
bicipiti	258
gianluca	258
woodrow	258
mayhew	258
duff	258
guadagnate	258
distrarlo	258
fleur	258
evitano	258
analizziamo	258
0h	258
drastico	258
risparmiamo	258
cavalcando	258
ripicca	258
gap	258
conoscera	258
cremlino	258
affanno	258
congettura	258
guidiamo	258
bhè	258
mea	258
organizzero	258
credero	258
donnamp3	258
antonietta	258
continentale	258
premete	258
fregasse	258
anomalo	258
dodger	258
kaoss	258
collage	258
sfogarmi	258
nicaragua	258
descriverebbe	258
ietto	258
carretta	257
mantenermi	257
eldridge	257
spacciatrice	257
axelrod	257
campanellino	257
chai	257
spreca	257
somiglio	257
obbedisce	257
grigie	257
accoglie	257
cesoie	257
assessore	257
esagero	257
eretici	257
divulgazione	257
connesse	257
flessibili	257
parziali	257
setacciando	257
ascella	257
rilasciano	257
raggiungete	257
strapazzo	257
libido	257
ghiacci	257
avversaria	257
insider	257
colpiscila	257
malamente	257
rappresentata	257
scegliera	257
infuso	257
sbavare	257
mostrartelo	257
ossido	257
accusarti	257
visualizzare	257
fattone	257
invidiosi	257
temporeggiare	257
perdonati	257
ready	257
densita	257
doro	257
eventualmente	257
tornavano	257
metamorfosi	257
spalare	257
pakistano	257
adorazione	257
nascar	257
ozu	257
passavi	257
osman	257
apostoli	257
ulna	257
cucinava	257
ispirati	257
costantinopoli	257
discount	257
appariva	257
lievi	257
sistemeranno	257
allestire	257
seppelliamo	256
nola	256
inadeguato	256
goffa	256
tossicodipendenti	256
knowles	256
allenata	256
crearsi	256
epidurale	256
assordante	256
dimettermi	256
soneanima	256
appiccicato	256
matilde	256
marciando	256
ozono	256
fottendo	256
coli	256
ostetricia	256
teorico	256
scettica	256
darne	256
drogava	256
curano	256
avambraccio	256
alterazione	256
lampone	256
tylerdurden.84	256
zodiac	256
mancarti	256
scudiero	256
nike	256
massey	256
amino	256
chiuditi	256
visibilita	256
tutori	256
edipo	256
aiutò	256
samba	256
spetti	256
kahn	256
foglietto	256
canonica	256
sperimentali	256
ingrati	256
chilton	256
deliri	256
sopravvalutata	256
bowers	256
usciere	256
batterci	256
supplementari	256
dmitry	256
bestiale	256
jabba	256
incentivi	256
nice	256
citofono	256
rovinarla	256
bizzarri	256
arrenderò	256
mettiate	256
forgiato	256
costituiscono	256
croccanti	256
aron	256
razionali	255
tornei	255
essiccata	255
direttivo	255
tonico	255
monovolume	255
combatterla	255
diciassettenne	255
fiduciosa	255
riconoscimenti	255
proteggeva	255
artistiche	255
prenditelo	255
fontaine	255
forzando	255
assicuriamo	255
dissenso	255
garry	255
dicendoti	255
lettiera	255
alzava	255
teal'	255
zelante	255
verificarlo	255
provvedimento	255
teologia	255
sentiate	255
girovagare	255
colleghiamo	255
berrai	255
wil	255
king'	255
kes	255
campanelli	255
definite	255
applaudite	255
ripulite	255
riposatevi	255
mambo	255
incessante	255
lampante	255
traente	255
entroterra	255
boku	255
jk	255
martelli	255
hansel	255
flirtato	255
prestarti	255
schiaccio	255
notano	255
squarcio	255
carezza	255
ammesse	255
henson	255
stanare	255
sceglieresti	255
determinante	255
luka	254
coriandoli	254
calzolaio	254
ameranno	254
rossetti	254
castità	254
tolliver	254
sparì	254
cognomi	254
lavorative	254
esplorato	254
emo	254
eccitano	254
impressa	254
pisci	254
gettone	254
blasfemia	254
lussuosa	254
piantine	254
coglie	254
insufficiente	254
informae'	254
referti	254
civilizzato	254
piwie1	254
ceca	254
inibitore	254
mensili	254
voltastomaco	254
tenerne	254
burocrati	254
castor	254
resistono	254
spieghera	254
pensionati	254
attirano	254
spettrale	254
riagganciato	254
smancerie	254
templeton	254
falling	254
brownies	254
so.	254
mma	254
ascesso	254
vijay	254
fracasso	254
oserebbe	254
quaglia	254
terrorizzare	254
poliestere	254
duplicato	254
biasimarti	254
whole	254
utilizzano	254
mousse	254
figurina	254
liquidare	254
chiudilo	254
dupont	254
metteteci	254
gt	254
