ik	10006772
je	9001167
het	7081845
de	6792979
dat	6007618
is	5657678
een	5039260
niet	4772886
en	3722568
van	2941504
wat	2769802
we	2691355
in	2588813
ze	2456905
hij	2329687
te	2321454
zijn	2205527
op	2144681
maar	2126469
er	2044255
met	1856605
voor	1855375
die	1846895
heb	1769182
me	1761825
als	1684935
was	1493229
ben	1382175
om	1321308
dit	1258367
mijn	1224703
aan	1182865
u	1177214
dan	1134894
n	1131929
naar	1129663
weet	1120838
hier	1086524
zo	1052236
jij	1044294
kan	1042319
geen	1020815
nog	994553
ja	982006
hem	972927
heeft	969831
wel	958539
moet	957595
wil	941239
hebben	926997
goed	887819
haar	867675
nee	856003
hoe	803291
nu	792974
waar	773738
over	746315
ook	734375
doen	713370
uit	700277
zou	692836
ga	679718
of	674193
gaan	671794
bent	669561
mij	666821
bij	655438
al	632609
ons	602876
had	584503
iets	583350
daar	581597
jullie	580766
gaat	569583
zal	568758
m	567079
hebt	565918
kom	559616
waarom	557548
meer	555563
deze	516044
moeten	472658
t	472001
laat	470609
kunnen	468133
dus	461409
jou	448182
denk	439193
wie	435485
alles	426991
echt	424799
doe	418336
door	417203
alleen	407083
s	401559
toch	392983
zien	383961
weg	376436
eens	371727
man	359475
misschien	359214
laten	353505
nooit	350946
nou	347555
zei	342913
terug	342296
oké	341155
mee	336637
niets	329731
iemand	328805
komt	313150
toen	312964
veel	307717
even	305017
onze	300608
gewoon	295651
weten	293558
komen	291569
nodig	291351
mensen	290275
tot	288727
worden	281032
zeggen	278585
tijd	278263
weer	276186
leven	274544
twee	269781
net	266915
tegen	265256
maken	258350
uw	257050
zeg	254035
omdat	252830
zit	251543
wordt	250695
z	249724
hou	247154
kijk	243303
heel	243287
wij	242654
altijd	234911
mag	233769
gedaan	233289
dood	229213
zeker	228323
af	220034
jaar	215656
hun	215211
wilde	214119
dag	213062
allemaal	210925
jouw	210824
huis	210552
dacht	210182
doet	208207
vader	207641
kunt	204817
wacht	203442
zie	198787
vrouw	198443
keer	196456
andere	195409
zoals	195251
zij	193752
dank	189986
anders	189426
geef	189089
waren	188873
willen	188572
zich	187074
bedankt	185125
één	184315
mr	183677
erg	183563
wilt	182672
praten	179721
spijt	179198
geld	178884
kon	178838
werk	178658
oh	177930
iedereen	176789
beter	176777
werd	175810
moeder	174794
niemand	174437
vinden	173290
staat	173184
gezien	171287
niks	171080
binnen	167230
zitten	167093
zullen	165002
na	162379
helpen	162225
wist	161677
vind	159802
genoeg	156685
sorry	153660
vast	152616
elkaar	152602
ging	152470
uur	151811
klaar	151070
hele	150708
neem	149716
leuk	148031
natuurlijk	147413
alle	146723
god	145302
maak	144655
lang	144498
kwam	142612
graag	141828
hé	141375
toe	141284
drie	141271
zegt	140895
bedoel	140818
deed	139507
dingen	139324
maakt	138947
alsjeblieft	138555
eerste	138080
krijgen	137832
zonder	135995
steeds	135812
hallo	134987
houden	134284
vertellen	134044
ziet	133855
idee	132998
geven	131642
achter	131354
geweest	129097
blijven	128599
helemaal	128515
mooi	127879
onder	127669
kijken	126801
zag	126486
goede	125885
naam	125347
moest	125032
blijf	124084
kun	123657
auto	123520
luister	123012
grote	122566
lijkt	122559
snel	122260
ooit	121243
vragen	120995
paar	119519
wanneer	118956
want	118206
meneer	118042
nieuwe	117799
gebeurd	117783
zorgen	117301
vriend	117110
beetje	116575
kinderen	115945
gek	115234
hand	114442
vraag	113408
laatste	113141
geweldig	111774
hadden	111707
zelfs	110112
enige	108971
bang	108357
nemen	107484
samen	106665
eten	106458
o	106208
zelf	105869
hoor	104358
geleden	104345
staan	103274
gevonden	101957
jongen	101830
denken	100712
vandaag	100632
denkt	99598
beste	99513
gezegd	98732
thuis	98444
wereld	98156
jongens	97813
heen	97706
ken	96085
hen	95818
eerst	95781
eigen	94649
zoon	94005
gelijk	93785
buiten	93577
vertel	93539
morgen	92943
meisje	92677
probleem	92207
alsof	92100
geloof	91786
halen	91416
familie	91381
elke	91190
zouden	90745
hoop	90558
politie	89831
mannen	88242
bijna	88083
vermoord	87785
eigenlijk	87166
werken	86903
verdomme	86880
horen	86323
manier	86308
zat	86182
vrienden	86123
precies	85303
kind	84394
hè	83925
kleine	83652
begrijp	83359
wou	83099
geeft	82928
orde	82400
houdt	82085
verder	81608
vroeg	81010
stop	80987
wachten	80968
rustig	80885
hoofd	80392
krijg	80016
daarom	79644
gebeurt	79365
soms	79301
volgens	78650
dagen	78121
vond	77407
krijgt	77203
gemaakt	77105
kant	77067
werkt	76674
open	76371
gehad	76346
voel	76130
zaak	75855
blij	75681
volgende	75620
zoek	75591
kans	75545
vanavond	74852
bel	74744
probeer	74432
zoeken	73343
oude	73245
ding	73212
moment	73205
best	72892
tussen	72407
plaats	72264
pas	72216
gehoord	72189
vijf	72124
verteld	71375
zet	70421
prima	70022
hulp	69889
stad	69801
vindt	69293
brengen	68945
pijn	68893
slecht	68519
geloven	68314
eruit	68306
minuten	68121
school	67892
plan	67744
broer	67705
pak	67661
jezelf	67188
hoeveel	67162
kamer	66186
betekent	65961
spreken	65936
juist	65493
heet	65251
soort	65248
haal	64852
ergens	64809
vier	64780
gebruiken	64681
ligt	64405
blijft	64238
welke	64115
proberen	64012
dokter	63817
agent	63555
help	63532
later	63082
voordat	63075
ogen	62918
vrij	62903
klopt	62698
gaf	62679
foto	62534
word	62511
zodat	62255
dochter	61982
problemen	61468
plek	60863
water	60841
kent	60829
week	60761
beginnen	60700
praat	60565
eerder	60548
lk	60362
mis	60292
handen	60071
deur	59630
baby	59278
bellen	59053
boven	59016
groot	58985
echte	58959
hoeft	58632
ie	58600
doden	58363
stoppen	58247
moeilijk	58228
dr	57649
sinds	57267
land	57099
spelen	57039
zoveel	56681
hetzelfde	56072
mevrouw	55850
snap	55686
breng	55649
pakken	55220
druk	55117
verhaal	55047
lekker	55015
vrouwen	54920
schat	54898
vergeten	54741
gebeuren	54607
ervan	54520
kreeg	54466
waarschijnlijk	54358
hoi	54330
mogelijk	53888
mooie	53773
bloed	53765
wees	53317
nacht	53267
nieuws	53254
bed	53226
liet	53125
lopen	52842
gelukkig	52806
waarheid	52805
reden	52589
papa	52556
hoorde	52304
klinkt	52079
maanden	52069
vermoorden	52031
zorg	51990
dollar	51705
bezig	51568
voorbij	51461
terwijl	51386
sta	51380
zaken	51286
avond	51218
tien	51105
schuld	51056
veilig	50903
redden	50611
hart	50609
zult	50560
duidelijk	50325
stel	50175
the	50102
schiet	50037
eraan	50016
zes	49982
begin	49685
gekomen	49497
vol	49460
vriendin	49358
rond	49059
voelt	49014
baas	48971
moord	48872
ander	48843
klein	48749
fijn	48589
jaren	48578
mam	48070
lichaam	47882
eerlijk	47810
gezicht	47803
ver	47792
wakker	47750
ouders	47675
zoiets	47574
leren	47431
telefoon	47429
los	47185
per	46924
mama	46820
nummer	46581
fout	46511
mogen	46347
meteen	46199
slapen	46123
zeer	46111
dezelfde	45938
liefde	45767
alstublieft	45696
deel	45662
liggen	45510
erop	45415
vaak	45386
vallen	45284
belangrijk	44823
sterven	44628
oud	44604
neer	44595
buurt	44533
langs	44529
houd	44363
rest	44302
stond	44174
sir	44022
begrepen	43973
drinken	43854
team	43410
vertelde	43281
beneden	43261
vergeet	43213
vooruit	43171
mrs	43163
hoort	43123
baan	42966
dicht	42908
inderdaad	42901
geval	42854
zetten	42520
oorlog	42460
mezelf	42111
tijdens	42029
john	41998
maakte	41931
kennen	41881
gebruikt	41872
oke	41404
geluk	41207
hey	41125
hield	41017
wapen	40809
kop	40757
vertrouwen	40719
rust	40686
mond	40549
weken	40353
elk	40102
betalen	40089
anderen	40002
neemt	39919
recht	39851
nam	39811
jack	39704
kantoor	39590
gegeven	39508
ermee	39489
overal	39489
eén	39356
daarna	39346
tweede	39232
onderzoek	39172
welkom	39139
hard	39129
liever	39078
bewijs	39005
vanaf	38990
aardig	38750
klootzak	38177
stuk	38103
woord	38045
veranderen	37709
zin	37661
straks	37601
vent	37493
zus	37423
haat	37392
vandaan	37082
miss	36969
lieverd	36929
zichzelf	36924
nieuw	36821
ontmoeten	36709
werden	36285
allebei	36178
minder	36169
pap	36114
nergens	36087
kwaad	36067
sam	36052
erin	35890
ervoor	35890
kerel	35849
gisteren	35814
ontmoet	35797
miljoen	35595
ok	35551
film	35549
verloren	35488
probeerde	35403
gebeld	35366
new	35306
antwoord	35114
noemen	35032
informatie	35029
boek	34984
stil	34963
kapitein	34916
kwijt	34810
enkel	34753
valt	34444
boos	34129
licht	34092
geworden	34091
pa	33925
persoon	33880
konden	33856
beschermen	33812
slechte	33703
ziekenhuis	33702
gevoel	33679
gegaan	33648
voorzichtig	33604
hond	33539
rijden	33466
eindelijk	33462
gesproken	33443
meisjes	33404
aarde	33284
ten	33260
normaal	33143
grappig	33102
heren	33056
voelen	32995
moordenaar	32729
mens	32726
president	32722
nogal	32680
gevangenis	32654
loopt	32569
degene	32540
prachtig	32438
hoezo	32290
kopen	32204
vechten	32202
punt	32143
vreemd	32143
trouwen	32114
contact	32053
verkeerd	31969
meen	31855
koffie	31743
verwacht	31741
schip	31735
ziek	31676
plezier	31661
einde	31594
stap	31546
advocaat	31388
begint	31297
begon	31286
enkele	31261
erbij	31234
gang	31196
gebeurde	30939
heer	30666
herinner	30618
jezus	30577
opnieuw	30568
serieus	30560
zomaar	30497
pardon	30422
gevraagd	30308
controle	30282
getrouwd	30245
daarmee	30143
spel	30090
bedoelt	29995
perfect	29932
stellen	29907
juiste	29726
koning	29682
beloof	29548
grond	29492
waard	29489
winnen	29462
nadat	29411
gebruik	29291
naartoe	29240
begrijpen	29159
veranderd	29159
acht	29149
he	29064
gingen	28953
kwamen	28894
leeft	28744
leg	28657
gekregen	28643
langer	28616
verliezen	28356
vroeger	28297
lucht	28282
wapens	28261
verlaten	28236
probeert	28172
dames	28158
seks	28136
schieten	28119
toekomst	28024
behalve	27924
slim	27858
meest	27783
stuur	27775
leger	27774
woorden	27714
zeven	27709
brengt	27669
charlie	27520
half	27475
hierheen	27465
trots	27431
spullen	27325
geheim	27264
helpt	27196
vraagt	27185
michael	27155
weinig	27127
ongeveer	27108
schatje	27101
sommige	27051
makkelijk	27038
kracht	27027
gedood	26998
gestolen	26896
tenminste	26872
lange	26823
ongeluk	26806
frank	26751
zodra	26748
werkte	26726
wilden	26688
eet	26681
slechts	26636
lief	26598
nietwaar	26568
relatie	26541
trek	26517
afgelopen	26507
val	26492
volgen	26484
ter	26465
voelde	26418
bekend	26262
bewijzen	26238
hoef	26178
via	26128
oom	26120
loop	26088
belde	26056
lijken	26002
sturen	25914
men	25862
slachtoffer	25831
george	25817
genomen	25781
maand	25724
onzin	25712
meid	25704
york	25702
erger	25643
idioot	25618
ziens	25565
dienst	25549
erover	25512
feest	25473
leek	25459
vreselijk	25443
eentje	25438
gevaar	25434
wonen	25430
grootste	25416
succes	25376
vertrekken	25316
jawel	25293
muziek	25279
mocht	25228
raar	25187
slaap	25122
joe	25012
absoluut	25005
vorige	24965
ruimte	24883
ieder	24813
schuldig	24785
goeie	24705
begonnen	24702
luisteren	24691
sterk	24629
omhoog	24612
totdat	24590
afspraak	24583
lezen	24558
zwarte	24450
vanwege	24440
hemel	24434
tenzij	24428
gisteravond	24391
begrijpt	24387
ene	24382
lag	24379
naast	24354
vooral	24316
fantastisch	24165
gered	24151
viel	24135
trouwens	24067
uh	24032
bank	24010
pistool	23829
noem	23793
bedrijf	23761
camera	23733
blijkbaar	23733
woont	23616
verkopen	23615
beide	23607
zolang	23575
straat	23574
mike	23499
geest	23452
david	23433
vuur	23431
peter	23387
verkeerde	23365
moesten	23361
lieve	23232
tom	23183
geprobeerd	23179
meeste	23124
kijkt	23103
stierf	23078
hotel	23068
droom	23033
verliefd	23031
jammer	22986
gedacht	22958
let	22920
rug	22868
vertaling	22864
slaan	22794
gaten	22778
doel	22767
meter	22759
drugs	22662
gevaarlijk	22605
geweldige	22586
lijst	22538
fbi	22496
namen	22388
deden	22333
jonge	22292
schelen	22216
goedemorgen	22194
dragen	22192
iedere	22153
excuseer	22128
stom	22050
jong	22033
zover	22024
betaald	22016
kende	22014
kleren	22000
gesprek	21984
lukt	21907
welk	21896
vertelt	21874
prijs	21873
voorstellen	21813
huwelijk	21792
tv	21786
missen	21780
schrijven	21779
groep	21771
herinneren	21686
regels	21643
vonden	21627
vliegtuig	21528
onderweg	21488
delen	21458
geleerd	21454
stomme	21449
bestaat	21440
james	21372
vertrouw	21304
daarvoor	21299
shit	21265
trekken	21250
zak	21196
vanuit	21145
gebracht	21082
stem	21071
gezin	21054
keuze	21031
raken	20992
direct	20978
verdomde	20968
boot	20881
dom	20836
verleden	20816
gemist	20795
duurt	20779
gedachten	20753
situatie	20724
moe	20708
deal	20676
tafel	20665
band	20647
generaal	20643
reis	20543
partner	20489
leuke	20471
raad	20447
honger	20396
geraakt	20380
gebouw	20377
zwaar	20373
gast	20321
gestuurd	20318
geboren	20279
bracht	20258
rechter	20254
agenten	20224
bureau	20171
macht	20161
spreek	20141
derde	20049
regel	20038
kolonel	20037
ruzie	20000
oma	19994
zeiden	19940
speelt	19940
dronken	19923
vliegen	19919
luitenant	19867
gelooft	19852
arme	19847
seconden	19706
liep	19687
tuurlijk	19655
red	19650
gefeliciteerd	19648
koud	19550
regelen	19534
henry	19483
bericht	19459
vlucht	19448
moeite	19407
hel	19393
dame	19338
oog	19310
ma	19260
dansen	19257
teken	19243
onmogelijk	19187
gewerkt	19162
helaas	19153
grapje	19144
arm	19131
show	19128
lachen	19108
leggen	19103
sleutel	19101
wet	19085
liefje	19057
keek	18999
paul	18976
alex	18957
aantal	18885
zoekt	18871
extra	18844
zweer	18768
leiden	18742
harry	18661
mary	18661
lijk	18620
kapot	18568
bleef	18565
sneller	18565
gebroken	18564
uiteindelijk	18521
verdwenen	18521
kaart	18486
kerk	18459
mijne	18450
dode	18405
brand	18385
i	18361
max	18349
betrokken	18328
wegwezen	18295
plannen	18287
volg	18284
lastig	18277
tijdje	18214
negen	18197
gebied	18164
beiden	18129
eind	18074
operatie	18071
diep	17969
persoonlijk	17943
liegen	17889
zwanger	17883
club	17847
respect	17819
steek	17808
waarvoor	17778
missie	17760
cool	17753
danny	17738
amerika	17722
zon	17668
kost	17636
paard	17627
waarop	17623
maat	17621
brief	17618
raak	17612
rijk	17591
rij	17584
risico	17565
meestal	17535
witte	17533
getuige	17509
kwalijk	17489
rechercheur	17469
schoenen	17421
bar	17399
hoeven	17374
midden	17368
hopelijk	17355
lijn	17340
eer	17305
gezet	17280
zuster	17246
bal	17239
a	17228
sprak	17212
aanval	17167
aandacht	17149
kiezen	17131
komaan	17097
rode	17094
meiden	17058
amerikaanse	17056
adres	17033
zee	16907
hoog	16819
feestje	16819
gekocht	16803
bevel	16801
wedstrijd	16767
sluiten	16744
daarvan	16741
jimmy	16731
volledig	16715
rot	16702
les	16664
ziel	16654
interessant	16639
slag	16622
sluit	16618
zelfmoord	16582
computer	16550
planeet	16523
bereiken	16480
verdachte	16476
sarah	16448
gelezen	16431
uitleggen	16430
beloofd	16424
laatst	16400
winkel	16383
zul	16379
wagen	16371
angst	16369
muur	16362
leeg	16337
bezoek	16270
stelen	16259
gewonnen	16252
positie	16214
wisten	16195
sheriff	16193
bekijken	16156
helft	16125
r	16120
warm	16098
keus	16097
vanmorgen	16088
park	16023
zulke	16011
nick	16010
heerlijk	15989
gevallen	15985
zaten	15964
rennen	15963
gewond	15952
sergeant	15937
volk	15922
dieren	15907
kort	15887
spreekt	15883
ah	15873
allen	15862
tony	15856
verdient	15853
onderzoeken	15818
haast	15808
dromen	15803
systeem	15770
meester	15752
kont	15749
enig	15739
ontdekt	15715
verkocht	15679
tante	15660
bewegen	15634
geschreven	15634
groter	15614
neus	15594
ach	15582
verklaring	15572
broek	15572
verdienen	15568
speel	15562
hangt	15553
vijand	15527
gelukt	15492
verschillende	15473
speciale	15450
verrassing	15444
vreemde	15409
sla	15404
geschiedenis	15380
erachter	15369
lul	15357
bezorgd	15331
hoogte	15286
vrede	15234
meegenomen	15188
zagen	15186
liegt	15176
bus	15160
belachelijk	15128
betere	15123
raam	15119
wijn	15098
mes	15056
ontslagen	15049
geheime	15037
gehouden	14987
weggaan	14979
weekend	14956
eh	14953
excuses	14937
getuigen	14905
jim	14881
bom	14877
inspecteur	14873
gehaald	14872
spoor	14858
held	14812
benen	14797
dachten	14794
waarvan	14794
tas	14788
thee	14778
ray	14761
jane	14761
overleven	14760
belt	14759
meenemen	14753
nek	14751
gevecht	14693
bestaan	14684
ongelooflijk	14676
slachtoffers	14648
drink	14646
ring	14638
donker	14610
links	14607
dichtbij	14596
bereid	14586
feit	14575
vriendje	14536
professor	14494
verschil	14491
collega	14472
spul	14466
boeken	14448
slaat	14441
will	14435
alweer	14429
rekening	14415
gooi	14409
beslissing	14390
verlies	14383
been	14381
verjaardag	14381
lift	14378
tommy	14365
bob	14361
koningin	14348
teveel	14324
levend	14323
waarmee	14306
raakt	14286
draagt	14273
verandert	14261
trein	14257
da	14253
monster	14236
raakte	14221
sporen	14210
opa	14207
zingen	14205
voeten	14166
lot	14162
richting	14146
knap	14125
duren	14101
speciaal	14099
gebruikte	14085
gestopt	14073
hoge	14054
gesloten	14050
boord	14049
bedoelde	14049
gepakt	13989
you	13969
draai	13933
vannacht	13933
ijs	13920
enorme	13907
reed	13906
beurt	13888
koop	13888
appartement	13873
cel	13855
d	13848
begraven	13845
indruk	13830
vlees	13793
strijd	13791
ochtend	13782
keuken	13747
energie	13730
vernietigen	13722
geregeld	13715
plaatsen	13690
gevoelens	13687
last	13683
la	13673
bedanken	13665
ophouden	13661
hangen	13656
kennis	13650
bill	13647
patiënt	13606
zware	13585
basis	13578
kat	13563
glas	13552
sloeg	13539
dankzij	13538
dader	13536
gasten	13512
zwart	13488
betaal	13481
adem	13475
richard	13464
boodschap	13388
grap	13386
bos	13383
geholpen	13348
godsnaam	13339
prachtige	13330
neergeschoten	13318
werkelijk	13314
gestorven	13296
huilen	13282
commandant	13272
billy	13266
soldaten	13263
jake	13262
jurk	13232
gevangen	13230
veiligheid	13208
hoek	13198
hiermee	13178
afstand	13177
kilometer	13172
regering	13170
stoel	13168
onschuldig	13160
kogel	13153
londen	13146
vlak	13140
stuurde	13135
fijne	13134
waarin	13129
voet	13126
haalt	13125
ontsnappen	13114
gooien	13109
rechts	13107
ineens	13102
ouwe	13089
test	13088
toestemming	13076
wraak	13075
breken	13067
rol	13061
opschieten	13050
kalm	13022
goud	13016
verantwoordelijk	13015
enorm	13010
bespreken	13009
noemt	13008
verdorie	13008
ervaring	13006
soldaat	13004
gepraat	13003
steve	12989
mark	12977
totaal	12959
and	12942
gratis	12925
overleden	12921
moorden	12902
eiland	12837
beeld	12826
passen	12822
leeftijd	12821
noemde	12821
tekenen	12795
doorgaan	12795
boom	12793
uitzoeken	12781
dak	12758
besloten	12753
lunch	12721
ryan	12707
vele	12704
schoon	12698
controleren	12694
gearresteerd	12690
schoot	12687
eraf	12684
achteruit	12672
johnny	12668
belangrijke	12666
lees	12665
perfecte	12664
dorp	12652
eikel	12648
bobby	12640
dossier	12624
past	12613
code	12609
vieren	12607
geluid	12596
homo	12552
verschrikkelijk	12547
stelt	12546
slaapt	12545
bier	12522
dna	12521
hoelang	12478
eenmaal	12477
simpel	12470
zocht	12466
blauwe	12465
stukje	12436
vermist	12435
zorgt	12429
gat	12410
ouder	12410
kate	12405
schrijf	12400
schreef	12398
wens	12397
geslagen	12397
parijs	12394
toevallig	12377
leiding	12359
edelachtbare	12356
bouwen	12347
geweten	12329
heilige	12320
restaurant	12303
sterft	12296
toegang	12292
verbergen	12280
draait	12278
leidt	12262
armen	12255
luke	12254
taak	12244
ware	12221
lab	12191
misdaad	12189
nadenken	12173
vakantie	12172
behoorlijk	12165
sleutels	12150
video	12131
levens	12121
geniet	12104
draaien	12088
vertrek	12082
betreft	12051
eric	12044
slot	12032
ms	12018
verpest	12014
proces	12012
opdracht	12009
programma	12007
klote	11994
leider	11986
actie	11974
waardoor	11962
antwoorden	11961
gezeten	11950
bruiloft	11933
vorm	11902
woon	11896
directeur	11881
cliënt	11811
goedenavond	11797
advies	11797
hoewel	11793
eddie	11790
chris	11763
uren	11757
welterusten	11756
tijden	11749
volwassen	11743
vuile	11739
majoor	11718
radio	11705
aangenaam	11704
drankje	11688
maan	11687
kregen	11668
gemakkelijk	11666
vergeef	11664
klas	11655
krant	11649
langzaam	11641
kosten	11641
martin	11630
procent	11617
mist	11610
pad	11602
vrijheid	11593
verdwijnen	11590
gelogen	11578
beweging	11561
twijfel	11555
neef	11541
gemeen	11511
fles	11498
dol	11497
draag	11491
vis	11485
waarover	11484
rood	11477
hersenen	11459
der	11458
verloor	11449
taxi	11440
voorkomen	11440
medicijnen	11433
okay	11414
binnenkort	11407
doos	11406
terecht	11403
mening	11395
geweer	11387
bezit	11370
top	11364
wonder	11343
vergeven	11321
stopt	11309
hopen	11276
thomas	11269
ophalen	11268
wind	11267
oplossen	11265
jaloers	11264
kevin	11259
rachel	11259
onmiddellijk	11237
gedrag	11226
charles	11225
stemmen	11212
ontbijt	11199
lol	11182
walter	11179
honden	11163
ontvangen	11162
verhalen	11157
rivier	11155
twaalf	11155
voedsel	11152
gauw	11151
volgt	11145
vaker	11139
adam	11133
keren	11126
klanten	11115
chef	11114
wint	11108
brian	11108
minuut	11108
anna	11096
detective	11095
verraden	11091
don	11075
geweld	11059
akkoord	11046
tonen	11039
genoemd	11032
gewone	11032
papieren	11022
verband	11011
hoopte	11005
rare	11003
brug	10998
jas	10995
bloemen	10994
daniel	10992
trap	10991
mijnheer	10988
aanvallen	10983
leer	10974
street	10973
opnemen	10973
robert	10971
schade	10968
blijkt	10943
bijzonder	10924
huid	10908
krachten	10899
zakken	10887
openen	10886
arts	10860
hoer	10847
gestoord	10843
scott	10828
gegeten	10810
echtgenoot	10810
bedoeling	10797
durf	10793
trouw	10787
bedenken	10786
ergste	10780
bedacht	10779
tegenhouden	10760
vermoordde	10758
nachts	10756
vertrokken	10748
knul	10737
engels	10721
start	10711
favoriete	10710
persoonlijke	10709
bepaalde	10688
sommigen	10681
yeah	10679
momentje	10670
medische	10658
sexy	10644
burgemeester	10640
lee	10638
officier	10624
kussen	10594
date	10579
ster	10577
gezocht	10564
captain	10554
wezen	10549
roep	10535
details	10531
zomer	10498
dikke	10496
ruikt	10495
eigenaar	10493
motor	10491
universiteit	10490
hielp	10488
kus	10478
luistert	10475
gegevens	10472
claire	10471
beveiliging	10458
nagedacht	10457
lisa	10455
gekozen	10453
betaalt	10444
betekenen	10435
verborgen	10430
publiek	10413
carrière	10408
tanden	10394
amy	10386
rapport	10384
super	10321
vrije	10319
geheimen	10305
opeens	10303
beest	10293
afgesproken	10293
halve	10286
rijdt	10280
belangrijkste	10254
kamp	10229
leef	10218
washington	10209
steun	10203
afdeling	10191
honderd	10188
vorig	10166
rook	10164
boel	10160
vecht	10159
strand	10139
jason	10134
magie	10125
oplossing	10113
type	10088
rusten	10084
droeg	10073
wellicht	10071
beelden	10067
genaamd	10052
terugkomen	10051
voeren	10043
waardeer	10042
nauwelijks	10026
bad	10025
bieden	10014
geïnteresseerd	10007
verlaat	10001
duivel	9993
overkomen	9961
speelde	9958
pond	9919
ballen	9908
duizenden	9908
gedoe	9906
city	9905
nerveus	9900
locatie	9870
blik	9863
doelwit	9861
gekke	9847
meegemaakt	9843
twintig	9813
emily	9812
klant	9809
kerels	9803
loog	9793
post	9786
aangevallen	9786
oren	9786
emma	9773
springen	9759
gevolgd	9756
releases	9732
lach	9731
ontmoette	9730
zwak	9721
engeland	9705
ziekte	9704
sterren	9699
kyle	9697
trekt	9691
toilet	9686
steen	9678
logisch	9674
landen	9673
geloofde	9673
fouten	9644
verwachten	9637
leo	9613
dankbaar	9586
veroorzaakt	9580
duizend	9579
wow	9577
aangedaan	9574
andy	9572
jury	9566
verslaan	9565
vangen	9551
christus	9545
maria	9544
testen	9541
grens	9538
paniek	9534
nogmaals	9522
telefoontje	9518
steken	9512
jesse	9502
pete	9489
ontsnapt	9488
herinnert	9478
paarden	9467
vaders	9464
theorie	9461
kleur	9459
prins	9457
vissen	9451
bron	9445
lid	9442
drank	9440
vergadering	9433
gebleven	9432
meerdere	9432
ondanks	9431
machine	9429
moeders	9429
signaal	9418
geslapen	9412
lijden	9412
stappen	9407
carter	9401
eeuwig	9398
vreselijke	9395
km	9386
matt	9377
doodde	9368
dik	9368
verkoop	9362
rechtbank	9346
harde	9341
genezen	9340
begrafenis	9310
veld	9309
straf	9300
uitgenodigd	9284
laag	9281
grace	9278
kies	9275
wiens	9265
william	9263
schattig	9263
dr.	9256
schot	9251
vijanden	9246
neuken	9240
broers	9227
jagen	9224
tevreden	9218
gaven	9217
taart	9211
domme	9200
flat	9178
manieren	9175
afmaken	9163
vriendelijk	9158
san	9157
sterker	9154
vluchten	9150
pers	9149
project	9142
st	9134
vertrekt	9132
belang	9130
frankrijk	9130
lukken	9119
geschoten	9109
prinses	9099
zwaard	9096
aandoen	9094
arthur	9089
annie	9088
makkelijker	9084
gedragen	9074
bende	9073
ernstig	9072
gezond	9062
jouwe	9051
vingers	9044
las	9042
arresteren	8994
tuin	8993
ideeën	8991
korte	8979
gelaten	8970
sean	8969
duitse	8960
vrijdag	8950
opstaan	8950
kunst	8944
sterke	8944
afscheid	8934
menselijke	8924
minister	8920
clark	8919
coach	8916
verboden	8915
kelder	8887
gezelschap	8871
bijvoorbeeld	8849
achtergelaten	8846
duur	8844
compleet	8844
to	8838
eng	8838
toeval	8836
snapt	8831
hiervan	8829
miljoenen	8826
simon	8815
jerry	8815
war	8809
melk	8804
kelly	8804
lui	8800
genieten	8798
aannemen	8786
uitstekend	8782
tegenover	8781
dichterbij	8780
chicago	8779
kocht	8779
stuurt	8772
volle	8752
schijnt	8742
lenen	8727
moed	8710
alice	8691
vergissing	8686
patiënten	8673
toon	8668
normale	8667
broeder	8663
kaarten	8662
films	8638
reizen	8635
ruim	8635
herinneringen	8632
gedachte	8621
saai	8610
joey	8607
roken	8605
truck	8586
gaaf	8584
tegenwoordig	8571
kwestie	8570
zette	8563
opzij	8560
gaande	8560
omgeving	8551
kip	8548
verstopt	8545
leerde	8542
vanochtend	8541
kast	8535
officieel	8533
aanbod	8527
sms	8520
vernietigd	8511
verliest	8508
menselijk	8502
contract	8494
lady	8489
mooiste	8485
flink	8483
majesteit	8483
cia	8480
carl	8479
sukkel	8473
stopte	8467
haalde	8465
verdiend	8464
genoegen	8447
senator	8439
buren	8438
alan	8434
internet	8430
vloer	8424
zwemmen	8423
taylor	8421
bedoeld	8421
opgesloten	8420
ontslag	8411
bekijk	8401
borst	8399
schreeuwen	8397
bevalt	8395
hoger	8394
blanke	8384
redenen	8376
harder	8373
ed	8372
ontvoerd	8364
vasthouden	8364
dave	8356
lucy	8355
behandelen	8345
berg	8342
noorden	8336
opgeven	8330
bepaald	8319
spelletje	8310
maatje	8302
daardoor	8296
omstandigheden	8288
opgelost	8281
heus	8275
koken	8275
vingerafdrukken	8269
trut	8266
eenvoudig	8264
hiervoor	8262
stukken	8255
tent	8255
pauze	8254
raden	8254
roepen	8252
leugenaar	8239
bek	8238
vervangen	8233
alarm	8233
interesse	8232
talent	8232
bereikt	8230
amerikanen	8218
kanker	8210
ted	8210
aangezien	8202
beslissen	8201
des	8200
rose	8194
cadeau	8187
mexico	8176
kerst	8173
louis	8172
invloed	8156
geheugen	8155
station	8147
doorheen	8142
vogel	8140
verantwoordelijkheid	8136
pillen	8135
rome	8132
diner	8131
besluit	8129
vlug	8124
deuren	8108
woonde	8105
west	8101
huh	8099
verstand	8091
moeilijke	8090
juffrouw	8087
bescherming	8078
quality	8065
stilte	8058
bak	8052
papier	8047
erom	8047
volledige	8043
zojuist	8040
kilo	8038
chuck	8037
vormen	8033
vaarwel	8025
storm	8020
hoed	8018
leugen	8014
ambulance	8013
opgenomen	8003
beslist	8003
pizza	7986
verdween	7986
ontdekken	7985
eenheid	7980
verzoek	7979
overtuigen	7979
militaire	7963
kogels	7963
toegeven	7951
smith	7944
gedronken	7942
high	7935
quantity	7931
gekeken	7924
phil	7921
cent	7919
punten	7915
reet	7914
garage	7912
vrees	7909
big	7909
kluis	7909
slaapkamer	7905
vandoor	7904
wit	7900
bezoeken	7888
politiek	7887
mogelijkheid	7876
vertrok	7868
jackson	7866
verdomd	7859
vervelend	7852
vs	7845
rekenen	7824
klap	7809
aanbieden	7805
abby	7805
streek	7804
zaterdag	7798
uwe	7797
zicht	7795
jones	7785
elf	7782
gewend	7771
reactie	7768
jazeker	7763
blauw	7761
herken	7758
verbonden	7758
reken	7756
schoonheid	7749
ho	7742
hank	7742
klus	7741
verandering	7733
vermoordt	7724
accepteren	7702
biertje	7700
roger	7695
helen	7694
gebouwd	7693
aankomen	7691
trok	7687
larry	7680
verhuizen	7659
waarde	7657
troep	7655
kust	7646
graf	7642
dans	7641
verdediging	7641
bleek	7633
taal	7631
grotere	7628
dier	7625
aanklacht	7624
overheid	7619
wed	7609
lossen	7604
huizen	7602
uiteraard	7595
gerust	7591
manager	7587
verdedigen	7587
valse	7585
lieten	7582
westen	7570
amper	7569
bekeken	7567
stal	7566
job	7562
maakten	7550
niveau	7547
binnenkomen	7529
poging	7520
behandeld	7518
overtuigd	7516
gewacht	7515
stroom	7513
wetenschap	7508
momenteel	7507
wauw	7505
liedje	7504
vals	7500
vincent	7497
onderzocht	7492
duurde	7492
lily	7490
josh	7486
keel	7485
schepen	7484
gouden	7482
blind	7481
achterlaten	7473
gevangene	7469
robin	7469
voordeel	7468
gevangenen	7466
eieren	7465
verbrand	7461
geduld	7456
eeuw	7454
europa	7453
gescheiden	7445
snelheid	7440
aardige	7438
gary	7438
rotzooi	7433
heette	7432
brak	7430
lichamen	7428
bidden	7416
natuur	7412
maggie	7402
wijs	7401
buik	7400
vinger	7396
king	7392
gespeeld	7392
feiten	7391
virus	7387
ha	7385
jeff	7385
plus	7377
groene	7372
bomen	7360
personeel	7354
patrick	7353
karen	7352
pakt	7352
plekken	7351
commissaris	7350
sara	7349
zuiden	7345
rechten	7342
veranderde	7342
stof	7339
badkamer	7339
leugens	7337
zondag	7337
erheen	7336
smaak	7315
aanwezig	7308
leraar	7306
maandag	7306
verliet	7302
leefde	7293
it	7283
pakte	7276
franse	7272
bergen	7268
duitsers	7268
woede	7267
studeren	7266
sliep	7259
kleding	7252
stonden	7245
troepen	7240
eindigen	7236
feite	7234
hemelsnaam	7230
groeien	7229
dean	7229
piloot	7228
geesten	7226
controleer	7223
verslag	7222
ex	7213
julia	7209
heks	7209
daarbij	7208
waarschuwen	7206
julie	7205
victor	7198
jenny	7192
melden	7190
elizabeth	7189
oceaan	7186
gas	7183
goden	7183
mogelijke	7181
voorlopig	7179
verslagen	7178
gepland	7165
verdacht	7161
opgepakt	7160
susan	7144
privé	7143
voren	7138
stan	7138
knappe	7137
koffer	7137
zonde	7135
naakt	7131
neen	7128
plegen	7111
excuus	7110
verrast	7105
dienen	7104
graden	7099
ongelofelijk	7097
haten	7088
ervandoor	7086
opgewonden	7082
sterf	7080
dubbele	7076
tim	7076
boerderij	7075
rijke	7073
morgan	7068
bord	7068
honderden	7067
klootzakken	7067
herstellen	7063
schrijft	7062
wc	7061
ernaar	7057
lord	7054
besloot	7048
behandeling	7048
morgenochtend	7047
doc	7047
orders	7047
tong	7040
hitler	7035
vanmiddag	7034
redt	7033
ruil	7029
nathan	7024
verklaren	7019
lieg	6997
kim	6990
sync	6986
leert	6985
tegelijk	6984
marine	6976
champagne	6964
liefste	6962
genade	6956
chauffeur	6956
wensen	6955
verdien	6945
qoq	6944
godverdomme	6941
eenzaam	6931
wegens	6923
voorstel	6921
gouverneur	6920
graven	6915
terrein	6914
ontmoeting	6908
telt	6894
handel	6892
zwijgen	6890
ademen	6890
koos	6886
um	6883
horloge	6883
staten	6878
ronde	6874
daarover	6864
verloofde	6864
pot	6861
donkere	6854
afspraakje	6851
pensioen	6851
vrolijk	6840
poort	6839
hoefde	6837
gunst	6837
artikel	6835
overval	6834
belangrijker	6830
netjes	6828
knieën	6826
slimme	6822
aanraken	6820
reputatie	6818
ontdekte	6815
ruik	6815
brood	6814
russische	6813
vogels	6810
partij	6808
verstoppen	6792
komst	6788
verdieping	6787
dief	6779
voorbeeld	6777
geur	6773
dichter	6773
vliegveld	6771
markt	6767
burgers	6765
centrum	6762
volgde	6759
ontzettend	6752
beer	6752
alibi	6743
terugkomt	6737
brieven	6731
minstens	6727
whisky	6725
onschuldige	6722
stenen	6719
universum	6719
gezondheid	6716
daarheen	6710
wijze	6695
britse	6690
b	6686
komende	6682
kerstmis	6681
haven	6671
huur	6670
plicht	6667
assistent	6661
omgaan	6657
ross	6634
fan	6634
materiaal	6628
laura	6625
hartelijk	6621
doug	6613
charlotte	6601
online	6600
onszelf	6593
stelde	6591
shirt	6591
sally	6590
bevelen	6590
vergat	6589
priester	6580
meent	6579
zelfde	6577
dossiers	6577
proost	6572
kloppen	6570
gekend	6563
vierde	6561
kaas	6559
opzoeken	6558
schrikken	6553
amanda	6547
gepleegd	6547
daarin	6540
optreden	6537
april	6536
veilige	6532
marcus	6532
beroep	6530
black	6529
motief	6523
molly	6519
betaalde	6516
lucas	6515
verderop	6514
jacht	6513
scheiden	6511
jeugd	6511
lokale	6510
engel	6501
kerstman	6489
doei	6484
toestand	6483
technologie	6481
gebaseerd	6477
lichten	6477
mars	6474
bovendien	6473
cijfers	6472
bewaren	6468
belofte	6467
vertaald	6464
teleurgesteld	6461
vriendschap	6458
medelijden	6453
fred	6451
chloe	6450
ramp	6440
vegas	6436
ren	6427
verzet	6425
richten	6423
steunen	6423
wolf	6421
advocaten	6418
dwars	6414
oefenen	6404
bezwaar	6403
bevestigen	6398
wijzen	6394
china	6388
nachtmerrie	6381
jackie	6376
groen	6370
minst	6360
eindigt	6358
verkoopt	6356
zwembad	6356
verdriet	6355
winter	6353
afgesloten	6348
geheel	6346
min	6345
verwijderd	6340
donder	6340
mobiel	6331
monsters	6329
okee	6327
interesseert	6326
leden	6322
gooide	6318
muren	6315
koers	6308
nat	6306
bekende	6305
waarheen	6293
hierin	6292
uniform	6289
voorbereid	6284
wild	6283
regen	6273
drinkt	6253
studenten	6237
bepalen	6236
briefje	6222
fuck	6216
berichten	6211
gok	6205
voldoende	6203
samenwerken	6201
lekkere	6195
ruiken	6193
klok	6193
duitsland	6188
gemeenschap	6187
redelijk	6185
wezens	6184
echter	6184
getekend	6171
overwinning	6165
rebecca	6156
klonk	6156
onderwerp	6156
verklaart	6155
olie	6155
bewust	6149
bemanning	6148
tellen	6142
degenen	6141
overkomt	6138
vertrouwt	6137
hang	6137
tyler	6133
schoten	6131
seconde	6127
geldt	6125
delict	6119
gibbs	6118
groeten	6114
maag	6114
beantwoorden	6112
allerlei	6110
wandelen	6109
howard	6104
waarschuwing	6098
gewaarschuwd	6086
begreep	6082
johnson	6081
kist	6079
barry	6075
middelbare	6064
jay	6064
michelle	6058
training	6057
texas	6052
pik	6052
race	6051
geliefde	6038
nationale	6023
gedeelte	6018
wassen	6009
verwachtte	6009
scheelt	6007
ophangen	6005
douche	6003
greg	6001
reageren	5998
zwijg	5995
alcohol	5988
stoor	5984
verdiende	5983
gave	5970
sprong	5970
bewakers	5963
aangenomen	5958
model	5957
data	5956
oor	5954
hi	5954
jeetje	5939
spelletjes	5939
noch	5938
wedden	5937
meedoen	5933
winst	5921
gereed	5920
middag	5915
lijf	5915
oliver	5907
donna	5901
onthouden	5899
daarop	5886
identiteit	5884
crimineel	5880
openbaar	5879
verpesten	5874
moordenaars	5869
bewaker	5867
andrew	5866
beloofde	5863
gods	5860
zowel	5860
media	5856
angela	5855
letten	5850
breekt	5849
sprake	5849
kansen	5847
explosie	5846
indrukwekkend	5846
plotseling	5844
schutter	5844
hekel	5841
fort	5839
ingewikkeld	5837
lied	5837
vriendinnen	5833
besef	5830
spiegel	5826
gevochten	5823
lege	5819
onlangs	5817
stand	5815
woestijn	5809
gedwongen	5806
russen	5805
jamie	5805
idioten	5799
gezellig	5799
lunchen	5795
hielden	5794
cooper	5793
seizoen	5790
resultaten	5788
pagina	5786
frans	5780
vlieg	5780
bril	5779
spannend	5776
doodt	5774
mensheid	5774
botten	5773
busje	5771
herinnering	5771
olivia	5767
kaartje	5763
pop	5760
verschuldigd	5759
gesteld	5755
hee	5750
tweeën	5750
zielig	5749
my	5746
terry	5746
parker	5745
hal	5737
letterlijk	5730
banden	5730
route	5729
vliegt	5723
walgelijk	5722
gegooid	5718
smerig	5714
verwijderen	5713
uitzien	5708
beweegt	5708
hierover	5707
mannetje	5706
genie	5705
burger	5702
bedreiging	5699
lef	5690
wilson	5689
vlakbij	5686
gevolgen	5686
gedag	5683
ontslaan	5683
nummers	5682
verzamelen	5680
jongeman	5678
huiswerk	5677
house	5675
koude	5668
verontschuldigen	5667
gevaarlijke	5666
lelijk	5666
verbaasd	5659
vuil	5643
ondertussen	5642
gelukkige	5640
leest	5639
at	5635
cole	5628
verplaatsen	5625
starten	5624
gerechtigheid	5624
onderdeel	5624
wijst	5622
rick	5618
ls	5616
afrika	5611
scheiding	5606
lewis	5604
linda	5603
nate	5603
welnee	5602
partners	5598
hoogste	5597
snijden	5596
soorten	5595
touw	5595
zijde	5592
ellende	5590
harvey	5589
nep	5587
joden	5578
klagen	5576
zacht	5572
aap	5569
won	5569
dringend	5568
teruggaan	5568
eisen	5566
veroordeeld	5561
neerschieten	5560
vloek	5560
stijl	5554
smeek	5550
rand	5549
verrader	5547
tel	5547
romantisch	5546
zorgde	5542
gordon	5542
stelletje	5541
hersens	5541
verdwijnt	5540
middelen	5538
roept	5535
bruce	5535
leveren	5534
dekking	5534
onthoud	5532
hof	5530
toby	5528
politieke	5528
cheque	5527
schaduw	5522
kasteel	5520
lagen	5516
dertig	5511
branden	5509
leidde	5509
resultaat	5507
catherine	5503
aangekomen	5500
constant	5498
hannah	5495
waarbij	5494
wanhopig	5491
verkracht	5491
jessica	5490
winnaar	5483
waardeloos	5480
merken	5478
californië	5475
brown	5475
doctor	5474
ongerust	5474
snelle	5468
slet	5467
fiets	5463
vocht	5462
opruimen	5461
chief	5460
ethan	5453
daaraan	5450
gsm	5444
gewild	5437
overeenkomst	5435
spring	5433
schilderij	5433
middernacht	5432
brein	5430
richt	5429
onbekende	5428
vervolgens	5427
iemands	5426
fabriek	5425
geschikt	5423
ontspannen	5422
anne	5421
win	5419
broertje	5417
gelopen	5411
davis	5407
apparaat	5406
storen	5404
handelen	5402
dwingen	5400
optie	5400
slang	5398
amen	5397
student	5396
hoorden	5392
opdagen	5389
volkomen	5387
makker	5386
katie	5385
duisternis	5381
briljant	5374
schouder	5371
miller	5368
godzijdank	5365
lacht	5363
dwaas	5361
wachtte	5360
mac	5358
verdrietig	5356
bereik	5356
gozer	5354
gezorgd	5352
spion	5352
roy	5351
wond	5349
campagne	5346
boston	5345
mogelijkheden	5345
dinsdag	5336
lever	5334
avonds	5331
weggegaan	5331
verbinding	5330
dek	5328
meegaan	5327
nieuwsgierig	5325
helder	5321
omlaag	5315
borsten	5313
oosten	5310
namelijk	5306
schande	5302
ondertiteling	5299
overeen	5291
kanten	5290
warme	5285
gewicht	5285
bedrijven	5284
derek	5283
stront	5282
vet	5274
geschenk	5270
negeren	5268
goeds	5268
justitie	5263
sneeuw	5262
aanklager	5259
zand	5253
sport	5249
besefte	5248
versie	5246
minste	5240
hartaanval	5235
bo	5234
c	5229
as	5224
illegaal	5217
vertrouwde	5213
voort	5212
varken	5210
prettig	5208
jacob	5207
moge	5206
donderdag	5200
straten	5196
hout	5193
bovenop	5193
etentje	5192
sindsdien	5191
vaste	5179
moeilijker	5177
merk	5177
verdachten	5170
durft	5165
opgegeven	5165
weggaat	5163
truc	5162
frankie	5162
el	5162
wegen	5158
planten	5158
pen	5157
beth	5157
aanwezigheid	5153
stemming	5143
bravo	5143
overleefd	5143
gedurende	5140
magische	5138
levende	5132
therapie	5130
geplaatst	5129
grijp	5129
gericht	5128
voorafging	5127
duwen	5126
tip	5126
sociale	5121
euh	5121
opeten	5121
daarbinnen	5114
beloning	5113
dapper	5113
concentreren	5112
heleboel	5110
beschikbaar	5106
seksuele	5103
bezorgen	5102
koopt	5099
hek	5099
lois	5099
bied	5094
huidige	5093
on	5092
achterna	5091
verenigde	5090
golf	5090
café	5087
suiker	5085
lippen	5083
zuurstof	5078
gevoelig	5070
herhaal	5068
hmm	5065
gras	5063
gekwetst	5062
smerige	5060
filmen	5058
daisy	5057
tunnel	5055
rock	5054
verstandig	5054
organisatie	5053
voorgoed	5053
families	5051
betwijfel	5046
meekomen	5045
geruchten	5039
angeles	5033
redde	5031
doorbrengen	5031
puur	5025
stak	5024
diamanten	5018
lading	5015
miami	5014
bevestigd	5013
stinkt	5010
inclusief	5007
oudere	5007
verraad	5006
interview	5001
middel	4995
geboorte	4994
nicht	4994
momenten	4993
podium	4992
effect	4991
vijftien	4989
houding	4989
veroorzaken	4988
verpleegster	4985
lig	4984
bibliotheek	4982
schrijver	4979
beloven	4979
identificeren	4978
hut	4974
goedenacht	4970
volgend	4966
gecontroleerd	4965
beroemd	4964
masker	4963
scherp	4963
sophie	4960
trainen	4959
kamers	4958
quinn	4956
kampioen	4954
graaf	4952
oscar	4952
oproep	4952
carrie	4951
achterin	4949
beters	4948
veroorloven	4947
helikopter	4945
zekere	4938
gelegd	4938
miljard	4938
vies	4938
geintje	4937
uitgaan	4936
weleens	4935
bruid	4934
voer	4931
praatte	4928
marshall	4920
aanwijzingen	4918
nina	4916
rusland	4916
eva	4915
benzine	4915
wegging	4914
keizer	4911
vrouwelijke	4910
marie	4909
vince	4904
voeden	4903
studio	4901
gif	4897
edward	4897
uitnodiging	4891
elena	4883
grant	4881
probeerden	4874
datje	4871
ketting	4865
schitterend	4863
velen	4863
zekerheid	4862
kliniek	4862
dylan	4859
museum	4859
handtekening	4858
bevrijden	4856
ramen	4853
russell	4850
rechtszaak	4850
dokters	4848
rijd	4846
kopie	4843
rende	4843
vampier	4842
personen	4841
tieten	4839
expert	4839
jess	4838
feesten	4830
white	4823
zegen	4822
travis	4821
rommel	4820
mijl	4819
daarbuiten	4817
opleiding	4816
bedenk	4815
jordan	4814
carlos	4811
live	4807
beschermd	4805
roze	4804
legt	4804
walker	4804
flauw	4803
gewoonlijk	4802
telefoontjes	4802
pech	4801
grootvader	4800
junior	4800
voorzitter	4800
miste	4799
owen	4799
bodem	4797
gevoeld	4796
repareren	4793
bewusteloos	4788
bommen	4785
zusje	4785
opname	4784
pols	4781
herkennen	4781
hartslag	4779
hete	4778
behoefte	4777
oorzaak	4776
kiest	4771
hill	4771
brave	4770
centrale	4766
dochters	4766
bewezen	4765
danken	4765
gestoken	4764
rat	4762
koekjes	4761
weglopen	4761
leuker	4759
medisch	4758
kopje	4752
gelegenheid	4750
zijne	4750
grenzen	4747
betrapt	4745
achteren	4744
bijeenkomst	4744
uitdaging	4738
onderhandelen	4737
overvallen	4735
wayne	4734
triest	4733
slagen	4733
kruis	4725
technisch	4724
gooit	4724
fantastische	4722
beschermt	4721
beantwoord	4720
positief	4719
vieze	4718
bewijst	4716
brigadier	4716
ogenblik	4712
kalmeer	4711
hoogheid	4706
droog	4706
admiraal	4705
schaam	4705
excuseren	4700
vroegen	4692
kleed	4692
leid	4686
blake	4684
maaltijd	4683
gereden	4683
interessante	4679
chinese	4677
vuren	4676
gezichten	4673
ooh	4673
fantasie	4670
aanpakken	4669
namens	4668
jeremy	4667
afhandelen	4665
stress	4662
waarschuw	4662
bijbel	4656
studie	4653
kenny	4651
ofwel	4649
kaartjes	4649
schema	4647
gelul	4645
vers	4645
biedt	4644
aangeraakt	4642
besteld	4639
overnemen	4638
waarderen	4638
tranen	4633
ontspan	4631
geopend	4628
documenten	4626
mammie	4626
groots	4624
eventjes	4623
boeten	4621
staart	4621
prettige	4621
ondervragen	4619
schedel	4619
tijdelijk	4618
overleed	4616
klinken	4611
demon	4610
morgenavond	4608
vergist	4606
aanslag	4604
florida	4603
proef	4602
steven	4602
ontstaan	4601
kennelijk	4601
beslissingen	4601
sammy	4598
vóór	4596
smaakt	4595
soep	4593
nul	4592
green	4590
oordeel	4588
bloeddruk	4587
wegkomt	4587
hoofdpijn	4586
vijfde	4586
brad	4585
penny	4583
hieruit	4581
terroristen	4577
rekeningen	4574
pijnlijk	4572
fase	4572
blazen	4572
teef	4571
jo	4571
bot	4570
ei	4569
mr.	4569
beroemde	4569
chaos	4567
verbaast	4565
gedumpt	4565
tekst	4564
scène	4562
uitzicht	4562
vooruitgang	4561
maagd	4560
mevr	4556
bijzondere	4556
sex	4555
e-mail	4555
lafaard	4554
mei	4554
dodelijk	4553
ian	4552
carol	4551
geleid	4546
bestellen	4545
plassen	4542
opgegroeid	4539
teddy	4539
ontvoering	4534
boze	4530
affaire	4530
kreng	4525
verzinnen	4524
sigaret	4524
vat	4520
diane	4515
dennis	4514
verspreiden	4512
vullen	4508
vermogen	4505
realiteit	4505
doodgaan	4505
diegene	4501
betekend	4499
pakje	4498
buitenlandse	4494
telkens	4493
slechter	4492
verander	4486
promotie	4480
margaret	4477
overstuur	4474
one	4472
dominee	4471
keuzes	4470
bekennen	4468
levert	4467
williams	4464
verdwaald	4463
federale	4462
kranten	4455
patroon	4453
relaties	4451
bedreigd	4449
matthew	4449
wetten	4448
herkent	4447
boodschappen	4446
zenuwachtig	4445
koninkrijk	4445
aanwijzing	4445
betty	4442
breek	4440
chinees	4439
uitvoeren	4438
haatte	4438
vrachtwagen	4436
tank	4426
vanzelf	4419
francis	4419
schone	4417
beschadigd	4415
marty	4411
realiseerde	4411
verbranden	4410
e	4410
klasse	4409
riep	4405
onbekend	4403
humor	4402
theater	4402
koorts	4402
overheen	4401
ingang	4400
stabiel	4398
riley	4398
openbare	4398
dure	4397
maya	4397
noodgeval	4397
reageert	4393
uitweg	4391
jennifer	4390
psychiater	4388
gedraagt	4388
datum	4383
correct	4382
gedraag	4382
nood	4380
wiet	4380
little	4377
woning	4374
caroline	4374
betekende	4374
instructies	4373
natuurlijke	4371
ali	4368
wonden	4367
afdrukken	4364
netwerk	4363
info	4358
martha	4356
periode	4356
uitziet	4350
meende	4348
doorlopen	4345
simpele	4344
achtergrond	4343
bijzonders	4339
broeders	4338
dubbel	4337
afgewezen	4334
kerstfeest	4333
lou	4333
hartstikke	4332
schuur	4331
veronderstel	4330
emoties	4330
achterkant	4323
schudden	4322
beschuldigd	4321
kwetsen	4321
negatief	4320
dick	4319
engelse	4318
arrestatie	4318
communicatie	4317
vloog	4315
nachten	4314
uitmaken	4311
vermiste	4310
hierbij	4310
hebbes	4301
allang	4301
trappen	4298
langskomen	4298
coma	4298
daad	4296
kut	4295
knop	4294
bevriend	4294
geraken	4291
malcolm	4288
creëren	4288
beslag	4287
artsen	4282
nancy	4282
japan	4280
logan	4278
beet	4277
doodsbang	4274
bewaar	4273
casino	4269
afschuwelijk	4268
diefstal	4267
legende	4263
joseph	4261
grot	4258
proeven	4257
gesprekken	4256
grijpen	4252
oppakken	4249
terugtrekken	4249
bart	4244
applaus	4242
zoenen	4241
toren	4240
eeuwen	4237
eigendom	4236
verschrikkelijke	4235
criminelen	4234
bood	4233
verplicht	4230
zieke	4230
beweert	4228
strafblad	4227
hollywood	4225
voorbereiden	4225
vijftig	4225
zone	4225
loslaten	4225
casey	4224
connor	4223
portemonnee	4223
audrey	4222
longen	4221
ingehuurd	4220
meegebracht	4218
gebrek	4213
ruilen	4213
mankeert	4213
zwakke	4212
aantrekkelijk	4209
verplaatst	4208
albert	4203
no	4201
uitgeschakeld	4200
vliegtuigen	4199
spencer	4195
tja	4194
dronk	4192
riskeren	4191
weghalen	4190
passie	4188
kandidaat	4188
smeerlap	4185
sigaretten	4185
toont	4184
serie	4184
status	4183
voorzien	4180
mooier	4180
rit	4177
bescherm	4176
discussie	4173
medicijn	4173
booth	4173
rijbewijs	4170
miles	4170
televisie	4169
meld	4169
verzonnen	4167
h	4165
aangeboden	4164
ellen	4164
ministerie	4163
daden	4163
krankzinnig	4162
populair	4161
whoa	4161
allison	4161
indianen	4158
verzekering	4149
virginia	4147
koelkast	4146
duistere	4144
pest	4144
lemand	4142
overgeven	4138
arresteer	4138
nut	4138
stervende	4137
ondergoed	4137
euro	4135
incident	4135
zing	4133
mijzelf	4132
homer	4129
commentaar	4127
ervaren	4124
doorzoeken	4124
vak	4124
vriendjes	4122
dorst	4122
koe	4120
tenslotte	4120
vandaar	4118
jonger	4116
flinke	4115
check	4114
titel	4113
privacy	4112
heelal	4112
verspillen	4110
justin	4109
speelgoed	4108
bonnie	4108
dagboek	4108
voorwaarden	4104
gemerkt	4103
tape	4103
hol	4102
bewustzijn	4096
evan	4092
aaron	4091
vlag	4091
werkten	4090
moderne	4090
rollen	4088
angel	4085
gespannen	4080
terugkeren	4078
crisis	4075
zoektocht	4073
emotioneel	4068
overkant	4066
premier	4062
harris	4062
greep	4062
eenheden	4060
beseft	4059
rechtstreeks	4057
love	4055
weigeren	4048
avontuur	4048
lust	4046
tevoorschijn	4046
roman	4044
glimlach	4044
groeit	4044
ras	4042
amerikaan	4040
plat	4037
goedkoop	4036
strak	4036
spanning	4035
inbraak	4033
karakter	4031
opzet	4030
lessen	4024
college	4024
boy	4024
ernstige	4023
geweren	4023
island	4022
todd	4022
verlegen	4021
toestaan	4020
paspoort	4020
county	4020
vleugels	4017
madame	4013
juni	4012
snoep	4010
apart	4010
italië	4009
oudste	4008
liam	4008
uitschakelen	4007
voertuig	4006
kostte	4003
september	4001
ron	3994
jochie	3990
link	3989
puinhoop	3988
agenda	3987
steekt	3986
nazi	3986
spraken	3986
leonard	3985
chirurg	3983
jee	3982
mochten	3981
misdaden	3978
brachten	3977
bekentenis	3975
laptop	3974
vergeleken	3972
diepe	3971
stukjes	3971
robot	3970
nuttig	3969
uitslag	3968
zout	3968
ratten	3968
slimmer	3966
afval	3965
murphy	3965
wendy	3963
gebeurtenissen	3962
temperatuur	3962
bemoei	3962
ongelukkig	3959
bezocht	3957
financiële	3957
tijdstip	3956
overste	3956
verbergt	3955
drukken	3952
snappen	3951
knuffel	3948
diensten	3948
erdoor	3947
betekenis	3946
veiliger	3939
aard	3939
opgegeten	3938
gevolg	3938
moedig	3937
duke	3937
teruggekomen	3936
eli	3934
paige	3933
loon	3932
frisse	3932
daarboven	3931
herkende	3931
lelijke	3930
ruth	3928
woensdag	3928
handig	3927
harold	3927
fortuin	3926
nicole	3924
vrijgelaten	3921
ashley	3921
journalist	3920
vielen	3919
wennen	3919
megan	3918
bleven	3917
ambassadeur	3916
acteur	3913
geslaagd	3913
hing	3912
computers	3911
francisco	3911
schoonmaken	3909
mickey	3906
snelweg	3904
plastic	3903
experiment	3902
monica	3901
morgenvroeg	3897
undercover	3894
commando	3894
gekleed	3893
star	3892
gemak	3891
overleeft	3888
boss	3887
eerwaarde	3885
motel	3884
long	3884
tweeling	3882
draak	3881
schakel	3876
diana	3874
stephen	3874
favoriet	3874
heten	3873
officiële	3872
legde	3867
zusters	3867
kooi	3867
opgehangen	3867
beheersen	3866
demonen	3866
drankjes	3866
wetenschappers	3865
concert	3865
vermijden	3864
irak	3864
katten	3861
kwetsbaar	3860
kleuren	3859
raket	3857
mitch	3855
straffen	3854
bestuur	3851
verloofd	3846
zonden	3845
verspreid	3843
draaide	3842
heerlijke	3840
mason	3839
india	3838
augustus	3834
cadeautje	3833
centimeter	3832
contant	3830
testament	3822
meesten	3821
juli	3818
waanzin	3817
gedroomd	3816
handschoenen	3815
zender	3814
wreed	3812
pappa	3812
eerlijke	3811
rotzak	3808
jules	3807
mysterie	3805
symbool	3803
tess	3803
profiel	3803
opties	3802
traditie	3801
schulden	3799
hup	3798
waag	3795
go	3794
massa	3794
gewonden	3793
ontkennen	3789
getrokken	3786
bezet	3785
opgevoed	3784
lincoln	3782
verkeer	3780
knie	3779
heuvel	3776
bid	3776
verdwijn	3776
accepteer	3775
liz	3774
timing	3773
slechtste	3771
crane	3771
penis	3770
benieuwd	3769
steden	3767
aangeven	3767
uitkomen	3767
glazen	3766
hitte	3766
set	3765
maling	3765
victoria	3763
wade	3763
ton	3762
mm	3761
chocolade	3759
bedrogen	3758
brandstof	3757
verwoest	3756
verf	3755
k	3755
hector	3754
munitie	3754
paleis	3748
werkelijkheid	3748
yo	3748
zoe	3748
gewapend	3746
gekost	3746
nelson	3744
toespraak	3742
recept	3741
helden	3741
enthousiast	3740
scherm	3740
goedemiddag	3739
gele	3730
actief	3730
politieagent	3728
kleiner	3726
raymond	3725
joch	3722
lokken	3722
oefening	3717
harper	3715
road	3714
varen	3714
kwart	3713
commissie	3713
stiekem	3707
afsluiten	3706
inpakken	3703
bewaard	3703
neil	3702
winkelen	3700
beesten	3698
vrijen	3696
techniek	3695
brandt	3695
lane	3691
mobiele	3691
luisterde	3690
interne	3690
toegestaan	3690
hall	3689
beleefd	3688
stanley	3687
blok	3687
zielen	3685
keith	3684
generatie	3683
verlangen	3682
jean	3682
revolutie	3681
pastoor	3681
drama	3680
maal	3678
laden	3676
moeilijkheden	3673
bedrag	3672
aandelen	3672
bevallen	3665
willie	3664
schoft	3660
lawaai	3660
eeuwige	3658
uzelf	3656
alicia	3656
attentie	3655
plant	3654
staren	3652
christian	3650
konijn	3649
beroofd	3648
zussen	3647
huren	3646
misdrijf	3646
clay	3645
overlijden	3643
doodgeschoten	3642
toekomstige	3642
procedure	3641
trouwde	3639
douchen	3637
stierven	3637
tina	3637
jongetje	3636
gokken	3635
thanksgiving	3635
beweeg	3634
duiken	3634
shane	3633
kindje	3631
fruit	3628
bevroren	3626
erbuiten	3625
sloot	3625
steelt	3622
berlijn	3622
grappen	3619
vloot	3616
uiterlijk	3615
verhuisd	3612
spanje	3608
carla	3606
norman	3606
doof	3605
alexander	3604
mitchell	3604
terugbrengen	3602
schamen	3601
machtige	3601
all	3600
tempel	3599
walt	3598
volwassenen	3597
holly	3596
wetenschapper	3594
weduwe	3593
kanaal	3593
gemeld	3589
watje	3588
dient	3587
speech	3587
goedendag	3583
versterking	3581
voorraad	3581
legaal	3581
bevat	3580
dollars	3579
korporaal	3579
overwegen	3578
vee	3578
metro	3577
afhankelijk	3576
weigerde	3576
ricky	3575
speler	3572
gereedschap	3572
mcgee	3571
misbruik	3567
besproken	3566
aflevering	3562
chip	3561
barbara	3560
anthony	3560
mobieltje	3558
santa	3557
japanse	3556
reclame	3554
combinatie	3553
behouden	3550
durven	3550
gebouwen	3549
goedmaken	3549
philip	3548
verkrachting	3545
jersey	3544
pure	3542
weggelopen	3540
opgeblazen	3540
getraind	3539
illegale	3533
website	3533
firma	3533
bloeden	3532
schop	3532
wiskunde	3531
originele	3531
ann	3531
verwondingen	3530
nest	3529
kostuum	3523
hoofdinspecteur	3522
meg	3522
standaard	3521
zochten	3520
stok	3517
blaas	3517
gloria	3517
batman	3516
weigert	3515
time	3514
afspreken	3513
hoofdkwartier	3511
heroïne	3511
gus	3511
bossen	3511
julian	3509
verzeker	3509
rex	3509
zenuwen	3508
vermoeden	3508
noah	3508
jonathan	3506
hoofdstuk	3506
symptomen	3506
samantha	3506
plekje	3505
bemoeien	3505
kern	3505
b.	3504
behandelt	3503
bagage	3501
gehele	3500
bay	3499
castle	3498
voorgesteld	3496
jasje	3496
begrip	3495
sowieso	3493
braaf	3491
opsluiten	3491
gij	3490
misverstand	3490
damon	3487
laarzen	3486
dutch	3486
uitgevoerd	3486
borg	3483
doodsoorzaak	3483
football	3482
bevrijd	3482
gewoonte	3482
nederlandse	3481
cirkel	3481
moordwapen	3480
telefoons	3480
boeren	3479
gerucht	3477
bijten	3476
stone	3475
explosieven	3474
motoren	3473
heather	3473
miranda	3472
opzetten	3470
trekker	3469
vermoed	3469
von	3469
internationale	3467
lesje	3466
blue	3465
wegkomen	3463
flikker	3462
collins	3462
craig	3461
lager	3460
schoppen	3459
fans	3457
opereren	3456
borrel	3455
noemden	3455
vanessa	3453
seth	3452
kok	3451
dozen	3451
hoeren	3450
broodje	3450
zingt	3450
dieper	3449
halloween	3448
diego	3446
toestel	3444
happy	3443
belangrijks	3443
hogere	3440
stevig	3440
hoeveelheid	3439
waaraan	3436
hufter	3436
ontworpen	3436
dankjewel	3435
mamma	3435
rots	3433
boer	3433
buurman	3432
bouw	3432
versieren	3431
trevor	3431
ontploffen	3429
ochtends	3429
make-up	3427
dumpen	3426
gisterenavond	3424
gevuld	3423
klacht	3422
bestond	3418
dodelijke	3415
strategie	3414
volhouden	3414
begaan	3413
das	3413
informant	3412
verwerken	3411
trouwt	3411
halt	3409
auditie	3407
randy	3404
lijdt	3399
canada	3399
draad	3397
ertoe	3397
south	3393
uitgeput	3392
pikken	3392
ellie	3392
ruimen	3391
inzet	3391
haren	3391
slaaf	3383
tara	3383
schreeuw	3383
koninklijke	3382
lage	3382
liepen	3381
bewerkt	3380
concentreer	3376
zaal	3375
jarig	3375
grapjes	3374
piano	3374
finn	3374
ontwikkeld	3374
ronnie	3373
l.a.	3372
kou	3372
vaardigheden	3372
gestraft	3370
omdraaien	3369
besmet	3369
spoedig	3368
beurs	3368
schietpartij	3368
opblazen	3367
up	3367
vergiftigd	3366
leerling	3366
algemeen	3364
zonen	3364
ongemakkelijk	3362
indien	3361
prooi	3361
bevindt	3359
aankomt	3359
uitgang	3358
jongedame	3356
goedkope	3356
bewaking	3353
franklin	3352
by	3350
huil	3347
kurt	3347
lauren	3346
barney	3346
klimmen	3345
november	3344
uitkomt	3343
spelers	3343
bijt	3342
schreeuwde	3342
professionele	3342
bestanden	3341
joan	3338
voordeur	3338
slaven	3336
dana	3335
regelmatig	3335
mysterieuze	3334
doorgeven	3334
modder	3334
ned	3329
kroon	3329
maffia	3328
functie	3328
verward	3328
veranderingen	3328
sectie	3327
vreugde	3327
serieuze	3324
nuchter	3323
typisch	3322
rechtszaal	3321
overdreven	3320
beu	3318
buitenaardse	3316
vergelijken	3315
gabriel	3314
nagels	3313
neal	3313
melissa	3312
mel	3312
louise	3312
telefoonnummer	3311
snij	3310
rory	3309
droomde	3309
zeep	3309
accent	3308
gefaald	3308
drieën	3307
werknemers	3306
krachtig	3305
cliënten	3304
geneukt	3300
bronnen	3298
zelden	3298
falen	3297
congres	3297
verlof	3295
stefan	3295
secretaresse	3295
schouders	3294
that	3294
christopher	3293
afleiding	3293
schakelen	3292
gestoorde	3291
jungle	3290
juwelen	3286
felix	3286
riem	3286
geleefd	3284
oproepen	3282
schoen	3282
colin	3282
opgevallen	3282
phoebe	3281
herhalen	3280
relax	3280
exact	3279
enge	3278
caesar	3278
alison	3277
avenue	3277
troost	3277
aangeklaagd	3276
shaw	3274
verre	3273
hakken	3268
gewapende	3268
oktober	3265
uniek	3263
professioneel	3262
recente	3261
duw	3257
cocaïne	3257
opsporen	3256
lek	3256
ralph	3253
cellen	3252
teams	3251
allemachtig	3251
kenden	3251
voetbal	3250
achternaam	3250
levenslang	3249
defensie	3248
bond	3248
turner	3248
curtis	3248
earl	3245
afghanistan	3243
opent	3242
parkeerplaats	3239
grazen	3238
ambassade	3238
verdragen	3236
simpson	3236
bloem	3235
vrijwillig	3234
geobsedeerd	3233
pierce	3226
pleegde	3226
bloedt	3225
lets	3224
regelt	3224
aanvaard	3224
kalmeren	3222
hersteld	3222
veronica	3221
tijger	3221
monsieur	3220
overeind	3220
karl	3219
klop	3218
wenst	3218
brooke	3218
stille	3217
spaans	3213
terugkwam	3212
pet	3212
bud	3212
kleintje	3210
kwartier	3210
amerikaans	3209
rita	3206
doorgaat	3204
verblijf	3204
script	3202
sandra	3201
chase	3201
innemen	3200
tekort	3200
ritje	3199
porno	3199
vrouwtje	3199
tof	3198
streng	3196
grootmoeder	3196
britten	3195
clown	3195
loyaliteit	3193
ln	3193
zweet	3192
cultuur	3192
tiener	3191
wijf	3189
doorstaan	3189
gina	3189
tracy	3184
drijven	3182
plots	3181
verhouding	3181
geladen	3179
totale	3179
fransen	3178
respecteren	3177
doorzocht	3177
beledigd	3175
gebeten	3175
verstop	3175
coördinaten	3174
complete	3173
beleid	3172
detail	3172
wallace	3171
apparatuur	3171
achterhalen	3168
voortdurend	3168
scholen	3167
traceren	3165
praktijk	3165
bewijsmateriaal	3164
smeris	3164
seksueel	3164
klappen	3163
keken	3162
verstaan	3161
troon	3161
elkaars	3161
verrassen	3160
bedank	3160
kwijtgeraakt	3160
warren	3158
liefst	3158
for	3157
se	3157
bevolking	3156
verbeteren	3155
trauma	3154
elektrische	3152
cowboy	3152
engelen	3151
stuart	3150
bitch	3149
salaris	3148
voortaan	3146
bruin	3146
emotionele	3146
blank	3144
lamp	3143
district	3142
vermoorde	3140
arrest	3139
bishop	3136
elliot	3135
stoer	3133
verklaar	3133
banen	3132
lente	3132
palmer	3131
geniaal	3131
beëindigen	3131
achteraan	3131
dekken	3130
lake	3128
onbeleefd	3128
bestand	3126
machines	3126
radar	3125
anderson	3124
extreem	3124
ingebroken	3122
militair	3122
gebruikten	3122
morgens	3122
getuigenis	3119
bod	3119
gebakken	3116
stapel	3115
jen	3113
misselijk	3113
front	3112
bingo	3112
wolven	3112
plaat	3111
rob	3111
paus	3111
overdag	3110
sandy	3109
beschuldigen	3108
lex	3108
getest	3103
treffen	3102
succesvol	3102
opening	3098
terrorist	3098
dale	3097
heksen	3096
politiebureau	3095
beroven	3094
schaal	3091
reageerde	3089
ontsnapte	3086
verschijnen	3086
janet	3085
maart	3083
nicky	3081
insecten	3080
schok	3078
zeldzaam	3077
sydney	3077
ford	3076
seattle	3075
kritiek	3074
smeken	3073
put	3073
superman	3070
ontbreekt	3070
vietnam	3068
bijeen	3068
besparen	3067
naaien	3063
offer	3063
mia	3063
naomi	3061
autopsie	3061
manny	3058
zowat	3058
sebastian	3058
eve	3057
verse	3057
zwaartekracht	3056
vanwaar	3055
stevie	3055
helm	3053
jill	3052
gesneden	3051
sue	3051
regent	3051
verhoor	3048
riskant	3047
dieven	3046
leerlingen	3045
natalie	3044
inzetten	3043
opstand	3043
schild	3043
sukkels	3043
zinloos	3041
versta	3040
mannelijke	3039
verkiezingen	3038
fysiek	3038
paradijs	3037
actrice	3037
jager	3037
leiders	3036
katherine	3035
staf	3035
aanklagen	3034
toezicht	3034
geluisterd	3033
lichte	3033
activiteiten	3032
nutteloos	3031
apen	3030
moskou	3030
sokken	3029
opgezet	3028
bailey	3028
onzichtbaar	3027
echo	3026
wonderen	3026
luid	3022
straling	3022
jenna	3018
beseffen	3018
nichtje	3017
boeien	3017
behoort	3017
charmant	3017
planeten	3015
daag	3014
verslaafd	3013
voorkeur	3011
genaaid	3010
vredesnaam	3009
kwade	3008
brandon	3008
noodzakelijk	3008
vic	3007
gebeden	3005
tovenaar	3004
prijzen	3003
gemene	3003
le	3003
ontwikkelen	3002
boyd	3000
ademt	3000
stapte	2999
technische	2999
dawson	2995
praktisch	2994
circus	2992
ongeval	2991
teruggeven	2991
protocol	2990
schut	2989
biologische	2988
duidelijkheid	2988
rondje	2985
checken	2984
ai	2983
doordat	2981
blair	2979
bruine	2979
klaarmaken	2979
leed	2973
marge	2970
schijn	2970
brooklyn	2970
infectie	2969
zack	2969
dagelijks	2969
voert	2968
mislukt	2968
duits	2968
stapt	2968
daarnet	2964
bedekt	2964
becky	2963
opwindend	2963
zogenaamde	2963
baker	2963
ogenblikje	2962
amber	2962
autoriteiten	2962
medicatie	2961
ontploft	2961
contacten	2960
operaties	2959
manhattan	2958
raketten	2958
prioriteit	2957
special	2956
intelligent	2954
lawrence	2953
therapeut	2953
huilt	2952
koper	2952
vervloekt	2950
tegenstander	2950
au	2950
satelliet	2950
afnemen	2949
uitleg	2949
kofferbak	2949
fascinerend	2948
grand	2947
service	2945
schuilplaats	2945
schilderen	2943
mekaar	2942
boekje	2941
hope	2939
kruipen	2937
tempo	2937
depressief	2935
huisje	2935
cameron	2935
shock	2932
joodse	2930
afgeleid	2929
product	2929
passagiers	2928
aanpassen	2926
paranoïde	2925
uitmaakt	2925
ongetwijfeld	2924
aankwam	2922
overlevenden	2922
bestemming	2922
gewelddadig	2920
winkelcentrum	2919
doyle	2919
sparen	2919
spreuk	2919
papierwerk	2918
burke	2918
tandarts	2915
analyse	2915
menigte	2913
baard	2911
oppas	2911
goeiemorgen	2910
ceremonie	2909
omgekomen	2909
bakken	2908
kennedy	2908
officieren	2907
verknald	2907
vrijwel	2907
hanna	2905
vergif	2901
mariniers	2900
scan	2899
tenen	2898
tegelijkertijd	2898
gene	2897
beschrijven	2897
daphne	2897
beach	2897
shawn	2895
east	2895
eenzame	2893
chips	2892
grootte	2889
freddy	2889
verrot	2888
gezonde	2888
luxe	2884
pijp	2884
caleb	2883
duncan	2882
afgenomen	2882
nikki	2881
huilde	2880
vampiers	2878
speelden	2877
am	2875
bekijkt	2873
veertig	2872
terugkeer	2872
oprecht	2871
maten	2871
gelegen	2871
verzekeren	2870
vergunning	2870
geschorst	2870
werelden	2870
geleend	2869
alvast	2869
pil	2869
beschermde	2868
oppassen	2868
egoïstisch	2866
serena	2866
uitnodigen	2865
nucleaire	2863
verklaard	2862
winston	2862
ofzo	2862
minuutje	2861
uitstappen	2861
your	2860
dadelijk	2860
noord	2857
vastgebonden	2857
graham	2857
woody	2856
italiaanse	2856
eikels	2855
hunter	2855
gijzelaars	2855
mazzel	2855
blinde	2854
lost	2852
lijkschouwer	2852
naald	2849
vreemden	2848
koeien	2847
pan	2846
heilig	2845
sterkste	2845
leon	2845
lukte	2844
wachtwoord	2844
wyatt	2844
patty	2844
instinct	2843
harrison	2843
beperkt	2842
hamer	2842
bewaken	2842
slaag	2839
adams	2839
leeuw	2838
wisselen	2838
metaal	2837
creditcard	2837
jarenlang	2837
troy	2835
staal	2834
chemische	2833
x	2833
zeuren	2833
sector	2832
vreemds	2832
rondlopen	2832
rosie	2831
gênant	2830
acties	2829
tuig	2829
genoten	2829
toast	2826
getroffen	2826
zach	2824
herinnerde	2824
reeds	2824
tegenstelling	2823
gekken	2823
transport	2823
communiceren	2822
koppig	2822
benny	2821
clyde	2821
deken	2820
doelen	2820
hobby	2819
lening	2819
schei	2818
vroege	2817
rebellen	2817
natie	2816
figuur	2815
nakijken	2815
buck	2815
redding	2815
kirk	2815
alhoewel	2814
verbazingwekkend	2813
kira	2813
beschouw	2813
bell	2812
atmosfeer	2811
lachte	2810
id	2810
twijfelen	2809
examen	2809
aantrekken	2807
jagers	2806
kalkoen	2805
huwelijksreis	2804
elektriciteit	2804
marco	2802
steeg	2801
wodka	2801
warmte	2801
verdere	2800
kwaliteit	2799
uitstekende	2799
be	2798
rotsen	2797
watson	2797
tragedie	2796
haley	2795
doorgebracht	2794
pat	2791
politieman	2787
simply	2787
koppel	2786
tumor	2785
appel	2783
jan	2783
christine	2783
treden	2780
wolken	2778
donald	2777
gevlucht	2777
stam	2777
straal	2777
liedjes	2776
dwong	2775
poten	2773
afvragen	2773
uitgevonden	2773
gitaar	2771
verzin	2771
terugbellen	2771
kletsen	2770
december	2769
uitzondering	2768
plaatselijke	2767
trui	2764
organiseren	2764
compliment	2764
minnaar	2763
enterprise	2755
kudde	2753
hierna	2753
neuk	2752
nora	2752
adviseur	2752
em	2751
opgehaald	2750
zesde	2750
aankan	2747
muis	2747
lieveling	2743
respecteer	2743
spieren	2743
haak	2742
aangetrokken	2742
violet	2741
world	2739
wijsheid	2738
herstel	2738
nachtmerries	2738
connectie	2737
cam	2737
gehoopt	2735
ticket	2734
eenvoudige	2734
blanken	2732
harten	2730
verzorgen	2730
gedicht	2729
inzien	2727
freddie	2727
kap	2726
knal	2726
intussen	2726
kleinzoon	2725
verzetten	2724
jaagt	2723
grey	2723
eis	2723
buitenland	2721
ongeacht	2720
g	2720
krijt	2720
oven	2720
gps	2720
januari	2719
benjamin	2719
roos	2719
leuks	2716
denise	2716
zachte	2715
douglas	2715
air	2715
grondig	2714
bestuurder	2713
vallei	2713
aanvaarden	2713
heden	2711
hieraan	2711
achtervolgen	2710
database	2710
weddenschap	2709
dc	2707
australië	2707
achterlijk	2707
vereerd	2707
receptie	2705
stoort	2704
jessie	2702
holmes	2699
menu	2698
opende	2697
klere	2696
klooster	2696
oogje	2695
voorstelling	2695
gestaan	2695
barnes	2694
gebeurtenis	2694
hoofden	2693
balans	2693
uitspraak	2692
l	2691
logeren	2689
schrik	2688
medewerkers	2688
times	2688
tatoeage	2687
visioen	2686
dealer	2686
nieuwste	2684
dekmantel	2683
scheppen	2683
guy	2682
overtuigend	2681
specifiek	2681
stark	2681
knopen	2680
day	2679
ranch	2678
boter	2677
golven	2677
belasting	2676
ridder	2676
tanks	2674
bezoekers	2674
waaronder	2674
gewoond	2673
speciaals	2673
mick	2671
may	2670
diploma	2669
liter	2668
ontwikkeling	2667
wandeling	2666
handboeien	2666
zielige	2665
inwoners	2664
out	2664
stoere	2663
lance	2663
garcia	2662
rechterhand	2661
geluiden	2661
achterdeur	2661
mode	2660
afspraken	2660
groepen	2660
teleur	2660
behandel	2659
banken	2659
hecht	2658
springt	2657
rosco	2657
blonde	2657
ex-vrouw	2656
unieke	2654
litteken	2653
tapijt	2653
kunstenaar	2652
flessen	2650
blond	2650
systemen	2649
schurk	2648
claudia	2648
teleurstellen	2648
sullivan	2644
termijn	2643
eindigde	2643
beschrijving	2643
onderschat	2641
kloten	2638
slangen	2638
nader	2637
rent	2636
gebieden	2635
morris	2635
alpha	2634
publieke	2634
maatschappij	2633
opletten	2633
positieve	2632
vette	2631
romantische	2631
organen	2631
pierre	2629
beledigen	2628
loser	2628
cake	2627
bestuderen	2627
stort	2626
stalen	2626
robbie	2626
harvard	2626
cindy	2625
varkens	2625
verberg	2624
drew	2623
spook	2622
hierop	2622
ezel	2621
jongeren	2620
geïdentificeerd	2618
diagnose	2617
geroepen	2616
kijkje	2614
spijtig	2614
duim	2613
vertelden	2613
tientallen	2612
u.	2612
economie	2610
weerstaan	2610
gebruikelijke	2609
gigantische	2609
finale	2609
kitty	2608
gezegend	2607
directe	2607
gewist	2606
beweren	2606
hechtenis	2605
raadsel	2604
langzamer	2604
waardeloze	2604
spionnen	2601
piper	2601
stoelen	2600
beschaving	2599
erna	2599
bedriegen	2598
foute	2598
oranje	2597
verbind	2597
wijk	2596
traag	2596
eeuwigheid	2594
eerlijkheid	2594
woonkamer	2593
hot	2593
bereiden	2592
vreemdeling	2592
goedgekeurd	2592
serveerster	2591
fysieke	2589
dappere	2589
thompson	2589
omkleden	2589
sire	2588
haai	2588
klaus	2587
ademhalen	2587
zakenman	2585
geopereerd	2585
grijze	2584
daten	2584
kwijtraken	2584
lengte	2583
vereist	2582
lijnen	2581
houston	2581
isaac	2580
ontwerp	2579
betrekken	2579
ongewoon	2578
elders	2578
duister	2577
bepaalt	2577
zilveren	2577
ondervraagd	2576
handdoek	2575
expres	2573
luchthaven	2572
coke	2571
lerares	2571
origineel	2570
dosis	2569
e-mails	2569
machtig	2569
voegen	2567
mietje	2567
gekust	2567
inhoud	2566
ego	2566
nare	2566
waardevol	2566
voorkant	2564
hopeloos	2564
afgemaakt	2564
avondeten	2563
uiterste	2563
spaanse	2563
realiseer	2563
lindsay	2562
blad	2562
geel	2561
bewaakt	2559
negeer	2559
snor	2559
eed	2558
klopte	2558
academie	2558
afzetten	2558
gewassen	2557
verlopen	2556
voorouders	2556
dreiging	2555
linker	2554
tucker	2554
griffin	2554
jeffrey	2554
lydia	2553
record	2553
vertrouwd	2552
dieet	2550
hoorzitting	2549
bliksem	2548
knoop	2548
duwde	2548
revolver	2548
wissen	2547
flynn	2546
supermarkt	2545
gevechten	2544
ploeg	2542
fisher	2542
voormalige	2541
samenzwering	2541
kappen	2541
zachtjes	2540
clara	2540
handje	2538
stadje	2538
lakens	2536
tieners	2534
vrijgezel	2533
beschoten	2533
campbell	2532
boeit	2531
voorwaarde	2531
carmen	2531
hiernaast	2530
instappen	2530
fox	2529
geweigerd	2529
schilderijen	2528
mandy	2528
gestudeerd	2526
silver	2526
activiteit	2526
opgeroepen	2526
uurtje	2525
match	2523
zilver	2523
medaille	2523
stoute	2522
sid	2521
weetje	2520
letters	2520
pappie	2519
doodstraf	2518
herrie	2517
principe	2517
leve	2517
girl	2515
cd	2514
samenwerking	2513
microfoon	2512
bewonder	2511
pissen	2511
fris	2510
perry	2510
sperma	2510
reeks	2510
oneerlijk	2510
dergelijke	2509
boten	2508
flash	2508
mol	2507
zonsondergang	2507
afwachten	2506
saus	2505
ivan	2505
borden	2505
ruby	2504
campus	2504
seriemoordenaar	2504
olifant	2503
grof	2503
bevatten	2503
t-shirt	2502
geboekt	2502
hai	2501
verrassingen	2501
munt	2501
blut	2500
geschokt	2500
agressief	2499
vest	2499
rondhangen	2499
cody	2497
merkte	2496
vrezen	2496
psychopaat	2496
aanpak	2495
hemd	2495
queen	2492
overdosis	2492
bonen	2491
stella	2490
hunt	2490
geleverd	2490
belooft	2490
schapen	2489
uitgelegd	2488
vrijuit	2487
boem	2486
alec	2485
bernard	2485
saaie	2485
geregistreerd	2484
grayson	2484
visie	2483
eronder	2481
hare	2481
sheldon	2480
grappige	2480
tegenovergestelde	2479
pakhuis	2478
invasie	2478
debbie	2477
river	2477
koste	2476
kroeg	2475
honkbal	2474
opslag	2474
puppy	2472
voordelen	2471
halverwege	2471
avery	2470
tand	2469
vaag	2468
drake	2468
geland	2468
ontmoetten	2466
buddy	2465
cal	2464
kraken	2464
comfortabel	2463
ongelijk	2463
overhoop	2462
geil	2462
verscheen	2462
stephanie	2462
gezag	2461
naderen	2461
butler	2461
can	2460
schijf	2459
what	2459
jonas	2457
jarige	2457
verbroken	2457
shuttle	2455
twijfels	2454
madison	2454
bestwil	2453
jood	2452
geloofd	2452
cash	2452
ladder	2452
onderdelen	2451
allergisch	2451
gemakkelijker	2450
zakelijk	2448
goedkeuring	2446
uitgemaakt	2446
beschuldigingen	2446
trip	2445
ncis	2445
hetgeen	2444
verontschuldig	2444
sloten	2443
blote	2443
bloot	2442
uitkijken	2441
anonieme	2441
sharon	2439
losse	2439
verbannen	2438
aangepast	2438
wrak	2438
xena	2437
raakten	2437
potje	2436
beren	2436
poesje	2436
bewegingen	2436
orleans	2434
diverse	2434
voorwerp	2434
bezittingen	2432
klassieke	2431
omheen	2431
ontdekking	2430
document	2430
lloyd	2429
verschijnt	2429
meredith	2429
yep	2429
klem	2429
zombie	2428
oordelen	2428
zweren	2428
criminele	2427
ingetrokken	2426
opera	2426
rugzak	2426
alfa	2425
tests	2425
bukken	2424
jongere	2423
parfum	2423
begeleiden	2423
dj	2423
plaatje	2422
party	2421
verdwijning	2420
weefsel	2420
keert	2420
absurd	2420
ultieme	2419
pam	2418
erica	2418
v	2418
adrian	2417
verbinden	2416
mmm	2415
ingezet	2414
nabij	2411
toegewezen	2411
zake	2410
roberts	2410
dozijn	2409
parkeren	2408
tegemoet	2408
koffers	2408
bewoners	2407
intelligentie	2406
angie	2406
hierdoor	2404
judy	2404
m.	2404
kleden	2404
dixon	2403
heftig	2403
gil	2402
rapporten	2402
lana	2402
rozen	2402
gastheer	2401
ontvoeren	2401
verondersteld	2400
gwen	2399
hans	2398
feestjes	2398
geactiveerd	2398
hoopt	2397
north	2397
erfenis	2397
bovenste	2397
rechercheurs	2397
plank	2396
dun	2396
elaine	2395
anderhalf	2394
boete	2394
wells	2393
alfred	2389
bauer	2388
assistente	2388
vernietig	2387
cleveland	2387
opgeruimd	2386
regisseur	2385
zooi	2384
platen	2384
randall	2383
carson	2383
logboek	2383
zestien	2382
brennan	2382
zuiver	2382
executie	2382
bennett	2381
vrouwe	2380
zuur	2379
geluisd	2378
beckett	2378
forensisch	2377
moordzaken	2375
lucifer	2373
j	2373
kuste	2373
piloten	2373
kippen	2372
bon	2372
slepen	2372
stijgen	2372
krijger	2372
vera	2371
freak	2371
gejat	2369
leefden	2369
magazijn	2367
buit	2366
onschuld	2366
omgaat	2365
buitengewoon	2364
goddank	2363
uitgeven	2362
andersom	2362
bedrog	2361
sociaal	2360
pijpen	2360
reid	2360
haaien	2358
mikey	2358
glorie	2357
ouderwets	2357
brenda	2357
monroe	2356
mona	2355
bezitten	2355
deelt	2354
breuk	2353
alsjeblief	2350
huiszoekingsbevel	2349
kenteken	2349
marinier	2349
onderzoekt	2348
merkt	2348
schreeuwt	2348
meemaken	2348
aandeel	2347
weiger	2347
kabel	2346
scoren	2346
beïnvloeden	2346
overtreding	2346
bescheiden	2345
financiën	2345
synchronisatie	2345
with	2344
gold	2343
vluchtte	2342
koppen	2342
regina	2342
reagan	2341
krachtige	2340
dallas	2340
groeide	2340
artiest	2339
foster	2339
vernietiging	2338
wagens	2336
voorlezen	2336
cliff	2335
aanklachten	2334
jongste	2334
italiaans	2333
bizar	2333
gelijke	2332
brandweer	2332
reese	2331
vochten	2330
tijdperk	2328
divisie	2327
overhalen	2327
drukke	2326
ingenomen	2326
meenam	2326
zuid	2326
evans	2325
steel	2325
artie	2323
besturen	2323
rolstoel	2323
geliefden	2323
zoet	2322
vliegende	2322
uitgegeven	2321
sessie	2321
spuit	2319
schotland	2318
ruimteschip	2318
zonsopgang	2318
rijkdom	2318
overtreden	2318
complex	2317
gevlogen	2315
conditie	2315
samenleving	2314
verzekerd	2314
herkend	2313
steunt	2313
khan	2312
resten	2312
veroordelen	2310
betrouwbaar	2310
vlam	2309
werknemer	2309
chinezen	2309
tweemaal	2309
frasier	2308
rang	2307
sonny	2307
mille	2305
tekening	2305
idiote	2304
zelfverdediging	2304
losgeld	2304
vervoer	2302
aas	2301
moois	2299
bijnaam	2299
lola	2299
binnenkwam	2299
uiterst	2298
verzamel	2298
persoonlijkheid	2298
ritueel	2297
nadert	2296
salade	2295
verkeerds	2295
ringen	2294
lester	2294
obsessie	2294
stank	2293
vermoedelijk	2293
reggie	2292
bones	2292
zinken	2291
conrad	2291
bestrijden	2291
inzicht	2291
gids	2291
zong	2291
central	2290
delta	2290
menen	2290
badge	2290
single	2290
hoede	2290
bezeten	2289
tragisch	2289
opnames	2288
gemiddelde	2288
eend	2287
uitdrukking	2287
anoniem	2287
martelen	2286
antonio	2286
re	2286
kane	2286
burns	2285
vastgehouden	2284
nolan	2283
porter	2282
leken	2282
gebonden	2282
site	2282
stijgt	2281
verrassend	2281
afdruk	2280
ziezo	2280
verschillen	2279
huurde	2278
dog	2277
egypte	2277
signalen	2276
bladeren	2275
bedreigde	2275
phoenix	2275
droge	2275
stoot	2275
diamant	2274
conclusie	2274
verbeelding	2273
sneed	2272
druppel	2272
armband	2271
ham	2269
proficiat	2269
beland	2268
scenario	2268
schatten	2267
schrok	2267
ironisch	2266
polen	2266
fooi	2266
afgezet	2265
verdrinken	2264
bestelling	2263
vuilnis	2263
betaling	2262
valley	2262
gevoelige	2262
voormalig	2261
brutaal	2261
identificatie	2261
verdronken	2260
rechte	2259
schuldgevoel	2258
lena	2258
vooraf	2258
reynolds	2257
wes	2257
ontvangt	2256
meewerken	2256
opgeschreven	2256
bloeding	2251
onthullen	2250
beoordelen	2249
gezworen	2248
zachter	2248
lastige	2248
denny	2247
zoons	2247
uitzending	2246
wang	2245
ziekenboeg	2245
metalen	2244
instituut	2244
afleggen	2244
gedreven	2243
tanner	2243
fiona	2242
winkels	2242
verschillend	2242
persen	2241
kameraad	2241
connie	2241
mishandeling	2240
vormt	2240
doorbraak	2240
patrouille	2239
aanraakt	2238
juan	2238
persconferentie	2237
februari	2237
klachten	2236
rijst	2236
richie	2236
ongepast	2236
uitrusting	2236
danst	2235
hap	2235
bastaard	2234
beverly	2234
durfde	2234
koekje	2234
wekken	2234
tickets	2233
regio	2232
beker	2232
cola	2231
georgia	2231
verhogen	2231
budget	2229
rustiger	2228
fraude	2228
specifieke	2227
neukt	2226
voornamelijk	2226
uitgekozen	2226
aanzien	2226
ontbijten	2226
ober	2225
kilometers	2225
cat	2225
bevestiging	2222
failliet	2222
stikken	2221
buigen	2221
verleiden	2220
veroorzaakte	2220
toneel	2218
dvdrip	2218
vang	2218
kapper	2218
schuif	2217
object	2216
geit	2216
aantekeningen	2215
zeldzame	2214
oz	2214
dawn	2213
hals	2213
baron	2213
smeren	2212
duidelijke	2211
plafond	2211
gewelddadige	2210
dien	2210
verkloot	2209
arnold	2209
album	2208
gillen	2207
lenny	2207
brody	2206
dvd	2206
voorwaarts	2205
hinderlaag	2203
leslie	2203
mexicaanse	2202
june	2201
drukte	2201
waardevolle	2200
zegene	2200
zinnen	2199
niles	2199
weggooien	2198
woonden	2198
act	2198
joods	2195
rustige	2195
trouwdag	2195
bijl	2193
satan	2192
kansas	2192
verwarring	2192
woedend	2192
meegaat	2190
zoete	2190
toekijken	2190
connecties	2189
toppers	2189
baantje	2189
voicemail	2188
basketbal	2187
order	2187
ziekenhuizen	2186
piraten	2186
keertje	2185
aub	2185
kid	2185
trakteer	2183
magisch	2183
toevoegen	2182
collectie	2181
den	2181
storing	2179
tjonge	2179
romeo	2178
rondleiding	2178
routine	2178
moore	2177
ja.	2177
oplichter	2176
game	2175
onderbreken	2174
gebaar	2174
eren	2174
zuigen	2174
zichtbaar	2174
non	2174
dankje	2173
knippen	2172
room	2172
duizelig	2171
rondom	2171
spoken	2170
calvin	2170
rangers	2169
ergs	2169
dertien	2169
volwassene	2168
tralies	2168
barst	2168
methode	2168
zitting	2167
theo	2166
a.	2166
gekund	2165
ingelicht	2165
ingediend	2164
philadelphia	2164
dreigde	2164
voorsprong	2164
messen	2164
jared	2164
probleempje	2164
afleiden	2163
peggy	2163
vivian	2161
kikker	2161
afgaan	2160
smeekte	2160
congreslid	2160
naakte	2159
vriendelijke	2158
andermans	2158
opgemerkt	2157
samuel	2157
ontsnapping	2156
klaag	2156
opluchting	2156
indienen	2155
nikita	2155
intact	2154
cadeaus	2154
vrijlating	2154
auto-ongeluk	2153
bol	2152
republiek	2152
close	2151
irritant	2151
bevestigt	2151
vervelende	2150
d.	2150
russisch	2149
ari	2149
veertien	2149
kerkhof	2148
generaties	2148
finch	2147
relevant	2147
lizzie	2146
helena	2145
boris	2145
suite	2144
vernield	2144
sfeer	2143
iris	2143
nesten	2142
landing	2142
goederen	2141
luizen	2139
burt	2138
alternatief	2138
reist	2137
vermaak	2137
gevormd	2137
young	2137
plaag	2135
term	2134
hamilton	2134
lancering	2134
houten	2133
verkennen	2133
dorothy	2133
ehm	2133
ongedeerd	2132
rookt	2131
dutje	2131
religie	2131
taken	2130
shirley	2130
verwarrend	2129
misdaan	2129
vul	2129
omwille	2129
acteurs	2128
moeras	2128
werking	2128
verbazen	2127
ontvangst	2127
beleven	2126
toonde	2125
ideale	2125
angelo	2124
gezinnen	2123
briljante	2123
medewerking	2122
cassie	2122
pijl	2121
chad	2121
trouwe	2120
scheren	2120
schilden	2119
overgenomen	2118
state	2118
geduwd	2117
di	2117
cm	2117
opgelucht	2116
bedreigen	2116
zwakte	2115
tussentijd	2115
luchtmacht	2115
uitzetten	2114
edgar	2114
rogers	2113
echtgenote	2112
experimenten	2111
overduidelijk	2110
littekens	2109
late	2109
jefferson	2109
stuurden	2108
hapje	2108
miguel	2108
zolder	2108
bediende	2108
recent	2107
tijdschrift	2107
gordel	2107
voorspellen	2106
nicholas	2105
ellis	2105
uitpraten	2105
senaat	2104
ontkomen	2103
getrouwde	2103
dringt	2102
paula	2102
bioscoop	2102
mannetjes	2101
joy	2101
slechterik	2101
achterliet	2101
ondergaan	2100
murray	2099
verkoper	2099
geaccepteerd	2099
gun	2098
fotograaf	2097
afgezien	2097
geblokkeerd	2097
villa	2096
tunnels	2096
bezorgt	2095
kong	2095
makkelijke	2094
aliens	2094
bocht	2094
storten	2093
gebed	2093
productie	2092
ash	2092
vagina	2092
geslacht	2091
j.	2091
natte	2091
ondergang	2090
pony	2090
vlammen	2089
rechtop	2089
democratie	2088
beslis	2088
chelsea	2088
werpen	2087
blokken	2087
austin	2086
shh	2085
boog	2085
tevoren	2084
opgeleid	2083
onderuit	2083
schaamte	2083
down	2083
gehuurd	2082
voornaam	2082
scherpe	2081
dierentuin	2080
worst	2080
teresa	2080
marvin	2080
toegelaten	2079
schaduwen	2079
vergis	2079
hoever	2078
inspiratie	2076
stevens	2075
laurel	2075
vuurwerk	2075
beveel	2075
andrea	2074
cathy	2074
oost	2073
grijs	2073
afgelegen	2072
binnenkomt	2072
wedstrijden	2071
poppen	2071
stier	2071
inmiddels	2070
hooguit	2070
eender	2069
batterij	2068
binden	2068
flirten	2068
stout	2068
staken	2068
huisarrest	2066
verblijven	2065
aanzoek	2065
hardop	2065
remmen	2064
sheila	2064
schijnen	2063
omar	2062
genetische	2062
overleggen	2062
mijnen	2062
kamergenoot	2061
toelaten	2061
ribben	2061
ideaal	2060
cadeautjes	2059
conciërge	2058
hotelkamer	2058
arizona	2058
bedoelingen	2058
tekeningen	2058
dexter	2058
koel	2058
pater	2058
inbreken	2057
materie	2057
chandler	2057
oppervlak	2057
hertog	2056
overgeplaatst	2055
hood	2055
kapsel	2053
clarke	2052
christina	2052
software	2051
bunker	2051
terugkom	2051
gekkenhuis	2050
bezorgdheid	2050
teen	2049
harte	2048
so	2047
morfine	2047
keihard	2047
florence	2047
binnengekomen	2047
waardigheid	2046
onzeker	2046
ingaan	2046
verwachtingen	2046
bepaal	2045
hills	2044
arbeiders	2044
afkomstig	2042
goh	2042
gavin	2041
gefilmd	2041
scene	2040
schenk	2040
onderwijs	2040
ohio	2040
veroveren	2040
toneelstuk	2040
gideon	2040
conflict	2038
joel	2038
nier	2037
zwangerschap	2037
opgepikt	2037
klim	2036
opgebouwd	2036
paris	2036
codes	2036
glad	2035
ouderwetse	2035
onderdak	2035
anton	2035
smeer	2034
verkiezing	2034
ernaast	2034
aangereden	2034
business	2033
schandaal	2033
aangehouden	2030
waardig	2030
daders	2030
realiseren	2030
protest	2029
handschrift	2028
verstuurd	2028
voorhoofd	2028
bush	2027
shelby	2025
garrett	2025
spaar	2025
publiciteit	2024
aangifte	2024
ranger	2023
medeleven	2023
verborg	2023
bevinden	2023
rocky	2023
callie	2021
onderhouden	2021
alf	2021
zevende	2021
leraren	2021
terughalen	2021
landgoed	2020
shakespeare	2020
formule	2020
onverwacht	2019
heuvels	2019
griet	2019
griep	2018
juridische	2017
peyton	2016
gemarteld	2016
runnen	2016
religieuze	2016
platteland	2015
mulder	2015
duik	2015
dukes	2014
marshal	2014
afpakken	2014
gediend	2013
broodjes	2013
griezelig	2013
loyaal	2012
scotty	2012
dwight	2011
volgorde	2010
ondervraging	2010
politici	2010
old	2010
gecreëerd	2009
weggegooid	2008
aha	2008
nsa	2008
aankomst	2007
emmer	2006
exacte	2005
honing	2005
vermaken	2005
jesus	2005
misbruikt	2005
doodgaat	2004
herfst	2003
ongedaan	2003
zelfvertrouwen	2002
sterkte	2002
wetenschappelijke	2001
recherche	2001
laboratorium	2001
geduldig	2000
bernie	2000
gesprongen	2000
beroerte	2000
trainer	2000
uitgezet	1999
thuiskomt	1998
fatsoenlijk	1998
zombies	1997
vergelijking	1996
natrekken	1996
ontvang	1996
force	1995
althans	1995
accepteert	1995
gepast	1995
geparkeerd	1994
ondertekenen	1994
kolonie	1994
gespaard	1993
rooster	1993
vlek	1993
standpunt	1992
makkie	1991
malone	1991
instelling	1990
plaatse	1990
vertrouwelijk	1990
rico	1990
weegt	1989
ward	1989
pablo	1988
kleinkinderen	1988
duivels	1987
diepte	1987
cyrus	1987
meldt	1987
portefeuille	1986
achteraf	1986
meubels	1986
slagveld	1986
tijdelijke	1985
bind	1984
tekent	1984
opgelet	1984
score	1984
onwaarschijnlijk	1983
produceren	1982
gedeisd	1982
elvis	1982
buitenaards	1982
puin	1981
achterste	1981
bijen	1981
aankleden	1981
conferentie	1981
oprotten	1980
extreme	1980
vos	1979
acteren	1979
fietsen	1979
ii	1979
carlton	1978
gordijnen	1978
discreet	1978
us	1977
beschouwd	1977
opvoeden	1976
eilanden	1976
excellentie	1975
bedrieger	1973
vriendinnetje	1972
zó	1971
slimste	1970
bazen	1969
borgtocht	1968
financieel	1967
besteed	1967
donovan	1967
zoen	1966
amelia	1964
marcel	1963
garanderen	1963
gedeeld	1962
vleugel	1962
partijen	1961
aardbeving	1961
hudson	1961
inlichten	1961
verklaringen	1961
bespaar	1961
stijve	1960
zwarten	1960
persoonlijks	1960
stoned	1959
bezorg	1959
night	1959
tekende	1958
destijds	1958
valstrik	1957
geliefd	1957
omsingeld	1957
overwinnen	1957
neger	1957
ava	1957
national	1956
suggereert	1956
mislukte	1955
elementen	1955
opgroeien	1954
london	1954
algemene	1954
opbouwen	1954
kaarsen	1953
ns	1953
waarden	1951
gijzelaar	1950
effectief	1950
dolgraag	1950
scheuren	1950
do	1949
nagetrokken	1948
voorheen	1947
voogdij	1947
openmaken	1945
dok	1945
zuidelijke	1944
ademhaling	1944
drug	1944
studeerde	1943
ingepakt	1943
ontwijken	1943
japanners	1941
stoep	1940
unit	1939
otto	1939
sal	1939
gerecht	1939
waanzinnig	1938
keller	1938
buitenkant	1936
behandelde	1936
schuiven	1935
bedenkt	1935
puzzel	1935
insgelijks	1934
vervolgd	1934
zero	1933
ondersteuning	1933
immers	1933
gram	1932
fucking	1932
verstoren	1932
betrekking	1931
ijskoud	1931
tak	1931
advertentie	1930
glenn	1929
isabel	1929
cursus	1929
oppervlakte	1929
sap	1928
gereserveerd	1928
achterom	1928
vertraging	1928
knuffelen	1927
opknappen	1927
hoera	1926
ophoudt	1925
verzameld	1925
focus	1925
noten	1925
bella	1925
zakelijke	1924
georganiseerd	1924
mortuarium	1923
potter	1923
hemeltje	1923
pannenkoeken	1922
nee.	1922
verdelen	1922
achttien	1921
ierse	1921
ere	1920
presentatie	1919
neefje	1918
vaart	1918
automatisch	1918
succesvolle	1918
discipline	1917
integendeel	1917
joh	1917
reserve	1917
bonus	1916
spike	1915
kar	1915
doorzoek	1915
spock	1914
vervelen	1913
kaal	1912
hint	1912
oorlogen	1912
vergeeft	1911
gore	1911
mills	1911
praatje	1910
tattoo	1910
ontkent	1910
snelste	1910
analyseren	1910
uitgezocht	1910
eerdere	1910
afloop	1909
tour	1908
uithalen	1907
chocola	1907
logica	1907
rodney	1907
frost	1907
belangen	1906
binnenkant	1906
wetenschappelijk	1906
wanhoop	1906
besluiten	1906
belle	1905
sherlock	1905
first	1905
wesley	1905
meten	1905
opwinding	1904
uitvinden	1904
popcorn	1904
ais	1904
chili	1904
opmerking	1903
meeneemt	1902
container	1902
point	1901
ruw	1901
naïef	1901
zulk	1901
gabe	1900
voorraden	1900
kin	1900
miljarden	1899
enzo	1899
opleveren	1898
del	1898
gemeente	1898
illusie	1897
hit	1897
competitie	1897
wolk	1897
strijden	1897
haalden	1896
führer	1896
aanviel	1895
oppikken	1894
dwingt	1894
veren	1894
o.	1893
ijsje	1893
koningen	1893
verkleed	1893
cross	1893
brett	1892
frequentie	1891
doek	1891
griekse	1891
toewijding	1890
vergiffenis	1888
vuist	1888
abortus	1888
liv	1887
geduurd	1887
morele	1887
manipuleren	1887
structuur	1886
alien	1886
vrijlaten	1886
verveel	1885
aanzetten	1885
life	1885
kamperen	1885
trokken	1885
mario	1885
investering	1884
attent	1884
detroit	1883
toeristen	1882
opstellen	1881
pentagon	1880
slikken	1880
tequila	1880
geraden	1879
verricht	1879
kandidaten	1879
verspild	1879
gewurgd	1878
vervoeren	1878
omringd	1877
uitspreken	1877
hondje	1877
doornemen	1877
werelds	1875
shepherd	1875
opschrijven	1875
familieleden	1874
barbecue	1873
verspilt	1873
poosje	1872
chirurgie	1872
dineren	1872
voltooid	1871
luis	1871
korting	1871
afschuwelijke	1871
abigail	1870
binnenin	1870
inhuren	1869
evolutie	1869
kleedkamer	1869
archer	1869
kassa	1869
alert	1868
envelop	1867
verhuisde	1866
klink	1865
dinozzo	1865
gewonde	1865
gehecht	1865
kale	1865
gedroeg	1864
stroomt	1864
dunne	1864
nauw	1863
good	1863
hypotheek	1863
preek	1863
light	1862
generator	1862
blijken	1861
kleinste	1861
back-up	1861
journalisten	1861
pesten	1861
leverde	1860
poirot	1859
afgevuurd	1859
montgomery	1859
agnes	1859
banks	1858
geadopteerd	1858
aanvraag	1857
pier	1857
opgezocht	1857
lobby	1857
price	1856
arrogant	1856
gigantisch	1856
lucky	1855
hoofdstad	1855
kardinaal	1855
drijft	1855
beschuldiging	1855
corrupt	1855
benaderen	1854
krediet	1853
balkon	1853
ow	1852
paal	1852
worstelen	1851
ongelukje	1851
vroegere	1850
godin	1850
spin	1849
c.	1849
lam	1848
zwaarder	1848
pooier	1848
toegewijd	1848
ijzeren	1847
korps	1847
gray	1846
draken	1846
deb	1846
uitstellen	1846
baxter	1845
krijgers	1845
blootgesteld	1844
makelaar	1844
brady	1844
leegte	1843
crash	1841
overleefde	1841
willekeurig	1841
sidney	1840
concurrentie	1840
festival	1840
onthou	1839
wrede	1839
romeinse	1839
giftige	1839
stacy	1838
familielid	1837
bisschop	1837
achtertuin	1837
poetsen	1837
afwezigheid	1836
onderhoud	1836
verloopt	1836
zijkant	1835
gelukkiger	1835
situaties	1834
infuus	1834
visioenen	1834
zwerver	1834
verdeeld	1833
ervaringen	1832
murdoch	1832
vooraan	1831
zwangere	1831
jasper	1831
moeilijkste	1829
jeep	1829
gehoorzamen	1829
scheur	1828
cuba	1828
opgehouden	1827
dreigt	1826
kai	1826
boksen	1825
schilder	1825
onderbroek	1825
gegroeid	1825
pret	1824
lynn	1824
boeven	1824
negatieve	1823
tegenkomen	1823
talenten	1823
vrijwilliger	1823
continu	1823
nasa	1822
vervolgen	1821
vrolijke	1821
jaag	1820
opzettelijk	1820
observeren	1820
verdrag	1819
diende	1818
daniels	1818
inval	1818
lori	1818
kara	1817
notities	1817
phillip	1817
tassen	1817
israël	1816
jenkins	1816
behulpzaam	1816
robots	1816
geestelijke	1816
hamburger	1815
kanonnen	1815
afgepakt	1815
kook	1814
oversteken	1814
inlichtingen	1814
mercedes	1812
ijzer	1812
dringen	1812
woest	1812
general	1812
kookt	1811
herr	1811
allah	1811
kleindochter	1811
aller	1811
melding	1810
samenwonen	1810
valerie	1809
bondgenoten	1809
verwoesten	1809
sun	1808
geloofden	1807
ouderen	1807
kotsen	1806
mentor	1806
american	1806
principes	1805
wenen	1805
welzijn	1805
drive	1804
lint	1804
verstopte	1803
chester	1803
avonden	1803
depressie	1802
hm	1802
onderneming	1802
levering	1800
atlanta	1800
uiteen	1799
joshua	1799
nypd	1798
veroordeling	1798
knuppel	1797
sieraden	1797
beloftes	1797
karma	1796
kopieën	1795
cv	1795
gangster	1795
romantiek	1795
opkomen	1794
pub	1794
allerbeste	1794
binnenlandse	1794
maatregelen	1794
reus	1794
sjaal	1793
percy	1793
verspil	1793
europese	1793
liefdadigheid	1792
poëzie	1792
vloeistof	1792
donuts	1791
rudy	1791
wo	1791
mm-hmm	1791
bouwde	1791
vertragen	1790
geboden	1790
aangetroffen	1790
ritme	1790
pyjama	1789
wreken	1789
koerier	1789
gestemd	1789
raap	1789
sodemieter	1788
sigaar	1787
laurie	1787
opendoen	1787
getallen	1787
rijtje	1787
gegroet	1786
hacken	1786
wereldoorlog	1786
matthews	1786
kanon	1784
debat	1784
goa	1784
smaken	1784
deeltjes	1784
besteden	1784
bro	1783
verspreidt	1782
complot	1782
wally	1782
fatsoenlijke	1781
nadia	1781
melanie	1780
indiaan	1780
verbreken	1780
chique	1780
stoffen	1778
maximaal	1777
leeuwen	1777
bestel	1776
smakelijk	1776
afzeggen	1775
neerschoot	1774
katholiek	1774
quarantaine	1774
aah	1774
gecompliceerd	1774
haasten	1774
raadsman	1774
wrok	1773
veiling	1773
kater	1773
aangepakt	1773
etage	1772
vernederd	1771
pakket	1771
hugo	1771
vergeving	1770
hetero	1770
maf	1770
schaar	1769
batterijen	1769
overweg	1769
lezing	1769
vrijdagavond	1768
til	1768
gister	1768
polly	1768
kathy	1767
groentje	1767
enigen	1766
weerstand	1766
telegram	1766
intiem	1766
regenen	1765
robinson	1764
droevig	1764
ontdekten	1764
vervanger	1764
eleanor	1764
poep	1763
opneemt	1763
razend	1763
barman	1763
likken	1762
evenwicht	1762
norm	1762
uitstaan	1762
stoms	1762
repetitie	1762
onderscheiden	1762
hughes	1761
bedoelen	1761
ella	1760
jon	1760
bloedbad	1760
zonnestelsel	1759
run	1759
rooie	1759
lesbisch	1759
klaagt	1758
daalt	1758
devon	1757
paste	1757
neergestoken	1756
massage	1755
bovenaan	1755
wen	1755
datgene	1755
archie	1754
verlamd	1754
engelsen	1754
ernie	1753
breed	1752
nagaan	1752
jaloezie	1752
belediging	1752
vrijwilligers	1752
huurmoordenaar	1752
stewart	1751
voorkomt	1751
yang	1750
marc	1750
maurice	1750
cut	1750
evacueren	1750
vervloekte	1749
romp	1749
giftig	1747
verlegenheid	1747
geschikte	1747
racen	1747
boeiend	1746
geoefend	1746
buis	1745
tocht	1744
schenken	1744
weldra	1744
donnie	1744
intens	1743
afblijven	1743
romeinen	1743
jedi	1743
modellen	1743
autoriteit	1742
juliette	1741
versteld	1741
kartel	1741
geallieerden	1741
emotie	1741
praatjes	1740
droomt	1740
nieuwsgierigheid	1739
aangaan	1739
urine	1739
leen	1739
informeren	1738
ondergrondse	1738
dramatisch	1738
terugkrijgen	1738
pistolen	1738
poker	1737
passeren	1737
devilsbackbone	1736
krap	1736
gecondoleerd	1735
jr	1735
prostituee	1735
kapotte	1735
dierenarts	1735
peterson	1734
gul	1734
omver	1734
verdergaan	1734
eist	1734
personage	1733
hong	1733
biefstuk	1733
vernietigt	1732
lagere	1732
tering	1732
weerwolf	1732
tate	1731
portier	1731
verleiding	1731
overwogen	1731
get	1730
klauwen	1730
nadenkt	1729
vraagje	1729
vertegenwoordigen	1728
realiseert	1728
specialiteit	1727
nn1	1727
nieuwjaar	1726
inkt	1726
genen	1725
lacey	1724
bruno	1724
limonade	1723
zoontje	1723
gescheurd	1723
garde	1722
shot	1721
keerde	1721
sasha	1721
ontwerpen	1721
pope	1720
crew	1719
doorgang	1719
kantine	1718
geschreeuw	1718
sylvia	1718
royal	1718
liefs	1717
weeshuis	1717
allereerst	1717
onafhankelijk	1716
andre	1716
center	1716
vechter	1715
patronen	1715
abraham	1713
rosa	1712
afgelegd	1712
stralen	1712
deels	1711
zeil	1711
evelyn	1711
merlijn	1711
overleg	1710
vermeld	1710
opgedragen	1710
taai	1708
flesje	1708
torres	1707
dwing	1707
hak	1706
gevaren	1706
ongelooflijke	1705
dagelijkse	1705
baltimore	1705
hierbinnen	1705
mager	1704
voorwerpen	1704
dessert	1703
corrupte	1703
stiefvader	1703
ezra	1703
thema	1702
zeilen	1701
onzichtbare	1701
dienaar	1701
ingesteld	1701
onverwachte	1700
gekookt	1700
producten	1699
jazz	1698
gabrielle	1698
controleert	1698
injectie	1698
twijfelt	1697
ganse	1697
just	1697
klojo	1697
mafkees	1697
sophia	1696
beveiligd	1696
gates	1696
kleinere	1696
condoom	1696
herinnerd	1695
milieu	1695
potentiële	1695
ondernemen	1695
aten	1695
evenveel	1695
tegengehouden	1695
voldoen	1694
magere	1694
bewoog	1694
daglicht	1694
koppelen	1694
moetje	1693
bijdrage	1693
voorop	1693
art	1693
hammond	1693
cruz	1692
sportschool	1692
willy	1692
waarschuwde	1692
chen	1691
wall	1691
mythe	1691
oogst	1691
erik	1691
verantwoording	1691
gin	1691
ontlopen	1690
medewerker	1690
zweten	1690
leukste	1689
facebook	1689
scully	1689
grove	1688
tegengif	1687
kluisje	1687
side	1684
coole	1684
begraafplaats	1683
federatie	1683
rondkijken	1683
aparte	1683
behoren	1681
formulier	1681
intrekken	1681
wetende	1681
plaatst	1680
industrie	1680
vlekken	1679
feestdagen	1679
demonstratie	1679
goedheid	1678
clubs	1678
oorspronkelijke	1678
joyce	1678
charme	1678
verhoren	1678
groei	1677
hastings	1677
regeren	1677
pijnlijke	1677
redder	1677
secretaris	1676
zwaaien	1676
verwijder	1676
ondertekend	1676
starfleet	1676
maatjes	1675
verzorgd	1675
dwerg	1675
wijd	1674
grootse	1674
fel	1673
toetje	1673
bekeek	1672
feitelijk	1672
oxford	1672
huisdier	1671
overleef	1670
kostbare	1670
gail	1669
okè	1669
aangegeven	1669
schaap	1668
vonnis	1668
historische	1668
noordelijke	1667
volgden	1667
ivy	1667
iran	1667
antibiotica	1667
tehuis	1666
boft	1666
spot	1666
heli	1665
verontschuldiging	1665
handdoeken	1665
han	1665
t.	1665
ikzelf	1665
opgelopen	1665
rijp	1665
tik	1664
roekeloos	1664
churchill	1663
hongerig	1663
beschaamd	1662
saint	1662
vaughn	1662
misleiden	1662
kaliber	1661
brien	1660
instorten	1660
zaterdagavond	1660
ram	1659
jamal	1659
gilbert	1659
raven	1659
permanent	1658
onderzoekers	1657
verkrachten	1657
wortels	1657
brooks	1657
clean	1657
wenste	1657
flauwekul	1656
betrapte	1656
uitgesloten	1656
tekens	1655
slordig	1655
einstein	1655
aankijken	1655
verbond	1654
vuurtje	1654
hoogtepunt	1654
shannon	1653
moraal	1653
pro	1652
sabrina	1652
onmogelijke	1652
beroerd	1652
bates	1652
ruwe	1652
ontploffing	1652
specialist	1652
betrokkenheid	1651
voorbestemd	1651
ingewanden	1651
li	1651
drukt	1651
spek	1651
korea	1650
duidelijker	1650
balen	1650
slechteriken	1649
types	1649
plekke	1649
richtte	1649
lik	1649
onderzeeër	1649
dichtstbijzijnde	1648
poeder	1648
tips	1648
experts	1647
cruise	1647
damien	1647
claude	1647
spellen	1647
league	1647
feliciteren	1646
milo	1645
dante	1645
terroristische	1645
colorado	1644
dolk	1643
weggehaald	1643
mw.	1643
billen	1643
ruggengraat	1643
hayes	1642
group	1642
nette	1642
powell	1642
vastgesteld	1642
florrick	1641
genot	1641
terrorisme	1641
lionel	1641
tegendeel	1640
bedienen	1640
aandoet	1640
strikt	1640
schoongemaakt	1640
glaasje	1640
bedroog	1640
degelijk	1639
stortte	1639
achterover	1639
kaak	1639
willekeurige	1639
rede	1639
woud	1638
geteld	1637
investeren	1637
corruptie	1637
enigste	1637
tekeer	1636
solo	1636
gezeik	1636
bekent	1636
regeling	1635
inkomen	1635
concept	1635
zonlicht	1635
briggs	1634
melkweg	1634
aflopen	1633
gratie	1632
aangesloten	1632
nerd	1632
genetisch	1632
kick	1631
bestemd	1631
schmidt	1631
geknipt	1631
profiteren	1630
misdadiger	1630
plaatste	1629
verrekte	1629
roland	1629
afgestudeerd	1628
like	1628
comité	1628
vegen	1628
blokkeren	1627
abe	1627
daadwerkelijk	1627
überhaupt	1627
gregory	1626
mack	1626
uitschot	1626
commander	1626
ana	1626
aansluiten	1625
wielen	1625
douane	1625
fitz	1625
geëxecuteerd	1625
know	1625
gerepareerd	1624
camille	1624
schijt	1624
gelden	1623
gehakt	1623
afbreken	1622
heil	1622
holden	1621
engerd	1621
doodslag	1621
consequenties	1620
lastigvallen	1620
memo	1619
dwayne	1619
ambitie	1619
whiskey	1619
bla	1619
geneesmiddel	1619
reageer	1618
brandende	1618
bradley	1618
verslaggever	1618
hoogst	1618
zaad	1617
pissig	1616
creatief	1615
onderzoeker	1614
ongelukken	1614
garandeer	1614
stijf	1614
bear	1613
duikt	1613
moreel	1613
verwelkomen	1613
worm	1613
señor	1613
geschrokken	1612
palm	1612
asjeblieft	1612
schijnbaar	1612
altaar	1612
quitte	1611
cynthia	1611
benson	1611
beveiligde	1610
daaruit	1610
sloegen	1610
nodige	1610
garantie	1610
overkwam	1610
afgesneden	1609
genoteerd	1609
gravin	1609
michel	1609
plas	1609
aye	1608
bedreigingen	1608
instrumenten	1608
èèn	1608
condooms	1607
marilyn	1607
toernooi	1607
orkaan	1606
speer	1606
regelde	1605
vega	1605
gezakt	1605
ll	1605
geruïneerd	1605
instrument	1604
belachelijke	1604
home	1604
macgyver	1604
an	1604
aanhouden	1603
tang	1602
hugh	1601
buurvrouw	1601
bouwt	1600
bijhouden	1600
weggestuurd	1600
misdadigers	1600
uhm	1599
hayley	1599
apotheek	1599
belletje	1599
gezegde	1599
zoey	1598
kameraden	1598
neergelegd	1598
opgeslagen	1598
martini	1598
falls	1598
cape	1597
ontstaat	1597
betrouwbare	1597
angsten	1596
bedreigt	1596
gearriveerd	1596
bridge	1596
verblijft	1595
binnenuit	1595
perspectief	1593
jurken	1593
activeren	1593
gerald	1592
gerry	1592
teleurstelling	1591
interesseren	1591
aangaat	1591
voerde	1591
denver	1591
strepen	1591
smelten	1589
adoptie	1589
groenten	1589
judith	1589
stoom	1589
moordzaak	1588
vrouwtjes	1588
beperken	1588
thuiskwam	1588
afgevraagd	1588
aandeed	1588
uitgaat	1588
poorten	1587
mount	1587
begrijpelijk	1587
vingerafdruk	1587
rok	1587
lippenstift	1587
timmy	1587
lokaal	1587
eenzaamheid	1586
gorilla	1586
inrichting	1586
doorgesneden	1586
aanvaller	1586
geschapen	1586
anderhalve	1585
rechtvaardigheid	1585
appels	1585
daarachter	1585
snijdt	1584
matty	1584
pruik	1584
handelt	1584
fataal	1584
darren	1583
geschopt	1583
dalton	1583
poen	1583
sherry	1582
luie	1582
middags	1582
ledereen	1582
integriteit	1582
peg	1582
nieren	1581
gevleid	1581
walvis	1581
lampen	1581
achtervolging	1580
exemplaar	1580
getrapt	1579
omvang	1579
oeps	1579
mannelijk	1579
munten	1578
stripper	1578
aangewezen	1578
activeer	1578
sensoren	1578
bijzijn	1577
zorgvuldig	1577
hogg	1576
gibson	1575
vredig	1575
zalm	1575
dam	1575
vizier	1575
luther	1575
roer	1574
henderson	1574
trieste	1574
springfield	1573
afgeven	1573
verspilling	1573
filosofie	1573
neerleggen	1572
vreselijks	1572
kleintjes	1572
tanya	1572
daarginds	1572
ernst	1571
dumpte	1571
mal	1570
uiten	1569
roem	1569
hierboven	1569
rechtzetten	1569
stopten	1569
opdat	1569
verrek	1568
jam	1567
uitgerust	1567
actieve	1567
overhemd	1567
administratie	1567
buffy	1567
cheryl	1567
hotels	1566
architect	1566
marion	1566
vastbesloten	1566
geneeskunde	1565
death	1565
ctu	1565
opofferen	1565
wachtend	1565
heerst	1565
marihuana	1565
yoga	1564
voldoet	1564
verkrijgen	1564
stadium	1564
definitief	1564
rich	1564
planning	1564
rouwen	1563
lilly	1563
sadie	1563
evenement	1563
slap	1563
zijden	1563
onnodig	1562
handschoen	1562
ingenieur	1562
doodschieten	1562
sandwich	1562
belazerd	1561
sloan	1561
lichamelijk	1560
rukken	1560
lepel	1559
linkerkant	1559
dalen	1559
donny	1559
belangstelling	1558
queens	1558
stevige	1558
archief	1557
mieren	1556
achterlijke	1556
wisselgeld	1555
schattige	1555
tiende	1554
voorpagina	1554
ontving	1554
zwitserland	1554
vulkaan	1554
bestudeerd	1554
lapd	1553
vijandelijke	1552
graad	1552
afgeslacht	1552
beheerst	1552
tactiek	1552
senior	1551
vluchtelingen	1551
sanchez	1551
outfit	1551
uitbrengen	1551
adrenaline	1551
cheques	1551
olifanten	1550
praatten	1550
erfgenaam	1550
schurken	1550
vergezellen	1549
welnu	1549
wiel	1548
kinderachtig	1547
levenden	1547
isabelle	1547
rotten	1547
schrap	1547
kit	1547
pand	1546
indringer	1546
here	1546
gestart	1545
hoorn	1545
locaties	1545
this	1545
vrouwelijk	1545
creek	1544
voorbereiding	1544
malen	1544
serveren	1544
prestatie	1543
monty	1543
glimlachen	1543
belastingen	1543
ontdoen	1543
voorgevoel	1543
wederzijds	1542
paren	1542
restaurants	1542
focussen	1542
gewenst	1542
pasta	1542
woods	1541
doris	1541
danielle	1541
pijnstillers	1540
bendes	1540
hazzard	1539
potentieel	1539
compagnie	1539
vangt	1539
beschuldigt	1539
langskomt	1538
opstijgen	1538
uitgebreid	1538
bedriegt	1538
opmerkelijk	1538
smokkelen	1538
bedden	1538
sofia	1538
verhaaltje	1538
luik	1537
verontschuldigingen	1537
eruitziet	1536
assistentie	1536
complimenten	1536
ruk	1536
buitengewone	1536
edwards	1536
theresa	1536
tournee	1535
uitstel	1535
donor	1535
expeditie	1535
kruiden	1535
walsh	1534
square	1534
alias	1534
madam	1534
nash	1534
doorgegeven	1534
mix	1534
stromen	1534
pearl	1533
glen	1533
box	1533
bespreking	1532
koets	1532
lanceren	1532
handtas	1531
foutje	1531
rijken	1531
gehackt	1530
sleep	1530
deeks	1529
opfrissen	1529
dee	1528
uitgezonden	1527
poot	1527
bruidegom	1527
reisje	1527
zenden	1526
javier	1525
nodigen	1525
scarlett	1525
zwijn	1524
ballon	1524
esther	1523
chance	1523
paraat	1523
missies	1523
verdoofd	1523
plaatsvinden	1520
gecheckt	1520
zuigt	1520
fletcher	1520
hawaï	1519
stunt	1519
talloze	1519
voeg	1519
vicky	1519
lemon	1518
baarmoeder	1517
web	1517
rechtdoor	1517
jonah	1517
d.c.	1517
voorwaardelijk	1516
psychologische	1516
knijpen	1515
vel	1515
minnares	1515
genoot	1515
kreeft	1515
rechters	1515
alleenstaande	1514
beschikking	1514
bridget	1514
eindje	1513
broadway	1512
mail	1512
hannibal	1511
bevonden	1510
afspraakjes	1510
getal	1510
ondersteunen	1509
wateren	1509
dook	1509
zadel	1509
draden	1509
landschap	1509
stichting	1508
rondloopt	1508
krabben	1508
sherman	1508
alaska	1508
right	1508
summer	1508
santos	1507
bevolen	1507
pakketje	1507
posities	1507
mallory	1507
invullen	1507
tegengekomen	1507
marteling	1506
mentale	1506
zakt	1505
namiddag	1505
rio	1505
carlo	1505
kaars	1505
lijstje	1505
vuilnisbak	1505
onvoorstelbaar	1505
ellendig	1505
vernederend	1504
wettelijk	1503
theorieën	1503
granaat	1503
bui	1503
inhouden	1503
ally	1503
opmerkingen	1503
initiatief	1503
dreef	1502
terugbetalen	1502
psycholoog	1502
gemma	1501
zeventien	1501
kauwgom	1501
pudding	1501
afgerond	1500
wegga	1500
opgesteld	1500
ballet	1499
velden	1499
vlogen	1499
mysterieus	1499
reünie	1499
neill	1499
verdedig	1499
lekkers	1498
biertjes	1498
ex-man	1498
kneuzingen	1498
spinnen	1497
binnenvallen	1497
now	1497
inhalen	1497
kolere	1497
getoond	1496
alliantie	1496
vierkante	1496
ventje	1496
jacques	1496
tafels	1496
venus	1495
adopteren	1495
paps	1495
clayton	1495
alcoholist	1495
goedkoper	1494
loos	1494
nauwkeurig	1493
verzameling	1493
ontsla	1493
mengen	1492
beschouwen	1492
pedro	1492
golden	1492
concentratie	1492
meebrengen	1491
burgeroorlog	1491
spirituele	1490
kristal	1490
verdiepingen	1490
name	1490
look	1490
runt	1489
mislukking	1488
rum	1488
roeien	1488
torpedo	1488
aanraking	1488
defect	1487
jaarlijkse	1487
pakten	1487
gevoerd	1487
bezorgde	1486
slager	1486
humphrey	1486
verlichting	1485
simmons	1485
zalig	1485
eugene	1484
ninja	1484
p	1484
fit	1484
geschift	1483
ertegen	1483
opvolgen	1483
achtste	1482
ghost	1482
bewaart	1482
melinda	1481
wormen	1481
becca	1480
vork	1480
agentschap	1479
zestig	1479
salon	1478
ziektes	1478
penning	1478
beschuldigde	1478
deadline	1477
andrews	1477
peloton	1477
diezelfde	1476
yes	1476
dierbare	1476
afrikaanse	1475
overdrijven	1475
wegrennen	1475
plein	1475
hechtingen	1474
limo	1474
hert	1474
politicus	1473
heengaan	1473
opdrachten	1473
blaast	1473
belden	1473
avondje	1472
automatische	1472
cass	1472
gardner	1472
schildpad	1471
ierland	1471
treinen	1471
zweden	1471
scheer	1470
company	1470
marissa	1470
dea	1469
moer	1469
kermis	1469
geïnfecteerd	1469
logische	1469
katholieke	1469
hoeken	1468
opkomt	1468
stalker	1467
kramer	1467
piep	1466
zeik	1466
bankrekening	1466
letter	1465
mop	1465
populaire	1465
kerstavond	1464
minimaal	1464
krijgsraad	1464
clan	1464
kristallen	1464
genegeerd	1464
lorenzo	1464
digitale	1463
ridders	1462
christy	1462
yale	1461
verliezer	1461
overigens	1461
vanzelfsprekend	1461
stropdas	1461
gezamenlijke	1461
hersenschudding	1461
werkgever	1460
dekens	1460
simone	1460
suv	1459
vertegenwoordigt	1459
pomp	1459
dakloze	1459
och	1459
piraat	1459
opgeleverd	1459
maddie	1458
uniformen	1458
wortel	1458
wei	1458
vakbond	1458
beantwoordt	1458
aangetast	1458
literatuur	1457
oprit	1457
betreden	1457
contracten	1457
trucjes	1456
onvermijdelijk	1456
dani	1456
nobel	1455
juliet	1455
verwachting	1454
way	1454
korter	1454
loterij	1454
verraders	1454
teruggebracht	1454
callen	1453
dingetje	1453
jupiter	1453
end	1453
groet	1453
roosevelt	1452
crawford	1451
canyon	1451
ontken	1451
wormgat	1451
nagekeken	1451
beïnvloed	1451
controleerde	1451
absolute	1451
security	1451
steak	1450
offers	1450
spannende	1450
evacuatie	1449
fik	1448
pikt	1448
are	1448
chang	1448
teruggekeerd	1447
gay	1447
uitgehongerd	1447
brazilië	1447
letsel	1447
nodigde	1446
patricia	1446
quentin	1446
dankbaarheid	1445
e.	1444
uithangen	1444
valentijnsdag	1444
dooie	1444
subtiel	1444
voordoen	1444
grondwet	1444
kastje	1444
lip	1443
magnus	1443
schud	1442
pogingen	1442
enigszins	1442
legers	1441
kay	1441
provincie	1441
intelligente	1441
gotham	1440
bezoekje	1440
jet	1440
got	1439
neerzetten	1439
agente	1439
wal	1439
brits	1439
meerderheid	1439
realistisch	1439
afstandsbediening	1439
but	1439
afkomst	1437
deugt	1437
semester	1437
vlot	1436
g.	1436
bewaarde	1436
blikken	1436
apollo	1436
horizon	1435
overboord	1435
insect	1435
uitgekomen	1435
verkrachter	1435
warmer	1434
rekken	1434
trofee	1434
zwager	1434
behoeften	1434
boren	1434
sushi	1433
mademoiselle	1433
vervullen	1433
thuiskomen	1433
nationaal	1432
ge	1432
minuutjes	1431
spence	1431
tillen	1431
hacker	1431
ark	1431
valentine	1430
uitgesproken	1430
onderhandelingen	1430
gehoor	1430
bye	1430
bezoeker	1429
pinda	1429
deelde	1429
gedrukt	1428
redelijke	1428
mate	1428
jude	1428
genezing	1427
sinclair	1427
overdracht	1427
cocktail	1426
kusje	1425
excuseert	1425
schepsel	1425
stinkende	1425
napoleon	1425
rente	1425
reacties	1424
verplichtingen	1424
objecten	1424
parade	1424
misdrijven	1423
patient	1423
liften	1423
schrijvers	1423
geheugenverlies	1423
konijnen	1423
verwerkt	1423
schuldige	1423
et	1422
rechterkant	1422
tijde	1422
luiers	1422
rapporteren	1422
beledigend	1422
vastzit	1421
waaruit	1421
amsterdam	1421
heldere	1421
pleegt	1420
wanhopige	1420
vice	1420
nikker	1420
verwend	1420
behulp	1419
profeet	1419
kontje	1419
holt	1418
verbeterd	1418
bevalling	1418
pakistan	1418
matras	1417
zuiveren	1417
achtervolgt	1416
fonds	1416
verloving	1416
bert	1416
spuiten	1416
armstrong	1416
drong	1415
navy	1415
functies	1415
elijah	1414
dominic	1413
overtuiging	1413
snee	1413
adelaar	1413
vervolg	1413
bree	1413
ontvoerde	1412
veeg	1412
dergelijks	1412
verlossing	1412
mo	1412
goddelijke	1412
haard	1412
niet.	1411
slaagt	1411
overdrijft	1411
internationaal	1411
conclusies	1410
interpol	1410
plukken	1409
overslaan	1409
gedraaid	1409
oorsprong	1408
manschappen	1408
woordje	1408
hulpeloos	1408
chantage	1407
teal	1407
inslag	1406
voorspelling	1406
who	1406
zaklamp	1406
aanstaande	1406
lood	1405
neukte	1405
gesmolten	1405
ontstond	1405
afloopt	1404
droegen	1404
gerookt	1403
carly	1403
voertuigen	1403
psychologie	1403
f	1402
richards	1401
montana	1401
saul	1401
ss	1401
geestelijk	1401
zoom	1401
stadion	1401
buzz	1401
chemicaliën	1401
master	1401
geknoeid	1400
hilarisch	1400
label	1400
muizen	1400
stewie	1400
confrontatie	1399
stu	1399
vangst	1399
humeur	1399
slipje	1399
observatie	1398
verwond	1398
michigan	1398
uitrusten	1398
verzoeken	1398
kustwacht	1398
vernederen	1398
hetty	1398
gereisd	1398
bondgenoot	1397
werkwijze	1397
streep	1397
rondjes	1396
kraan	1396
take	1396
bordeel	1395
verenigd	1395
bandje	1395
magazine	1395
spaghetti	1395
verbetering	1394
onbelangrijk	1394
artikelen	1394
beck	1394
afgehandeld	1394
traditionele	1393
kids	1393
medium	1393
meewerkt	1393
dolfijnen	1392
monteur	1392
psychiatrische	1392
taco	1392
aangename	1391
toegegeven	1391
versterken	1391
kostuums	1390
griekenland	1390
paspoorten	1390
zaakjes	1390
toiletten	1390
uitvinding	1390
update	1390
klep	1389
accountant	1389
bedtijd	1389
verdenken	1388
spoel	1388
lindsey	1387
neiging	1387
afleveren	1386
ongebruikelijk	1386
leerden	1386
offeren	1386
ingrijpen	1386
mackenzie	1386
o.k.	1386
wegblijven	1385
hierachter	1385
knip	1385
negeert	1385
contactpersoon	1384
christelijke	1383
verzint	1383
crack	1383
clive	1383
economische	1383
slok	1383
geneest	1382
tegoed	1382
rivieren	1382
immuniteit	1382
militairen	1382
vernedering	1382
heersen	1382
benaderd	1382
harriet	1381
hebzucht	1381
uitdoen	1381
beha	1380
gedeeltelijk	1380
cavalerie	1380
beeldschoon	1380
ty	1379
presenteren	1379
verkleden	1379
verdenking	1379
roddels	1379
passagier	1379
slik	1379
verbindt	1379
laser	1378
klets	1378
news	1378
huishoudster	1377
bevestig	1377
gangen	1377
adressen	1377
uitkijk	1377
zootje	1376
hamburgers	1376
cassidy	1376
darryl	1376
berouw	1375
tiffany	1375
vogeltje	1375
banaan	1375
intimidatie	1375
brandweerman	1375
neven	1375
tegenstanders	1375
ziva	1374
madeline	1374
cary	1374
aandoening	1374
regiment	1374
gedekt	1373
zogenaamd	1373
gepikt	1373
versturen	1373
heupen	1373
silas	1373
pompen	1373
nigel	1372
overmorgen	1372
meet	1372
hormonen	1372
pindakaas	1372
braken	1371
overtuigde	1370
hardy	1370
shelly	1370
vergiftigen	1370
when	1370
voedt	1369
vlinder	1369
teksten	1369
tornado	1369
blog	1369
two	1369
ergere	1369
angstaanjagend	1368
aardappelen	1367
meldde	1366
belanden	1366
achterbank	1366
ra	1365
modern	1365
division	1365
ondersteboven	1365
stemt	1364
stammen	1364
jeanne	1363
toets	1363
onderaan	1363
uitgever	1362
achtervolgd	1362
elite	1362
tammy	1362
bacteriën	1362
röntgenfoto	1362
lila	1361
father	1361
motie	1361
oorbellen	1360
remedie	1360
repeteren	1360
indringers	1360
vergroten	1359
dude	1359
wildernis	1359
wereldwijd	1358
winters	1358
edith	1358
caitlin	1357
diegenen	1357
power	1356
toronto	1356
afgezegd	1356
postbode	1356
veranda	1355
knox	1355
geprogrammeerd	1354
surfen	1354
joanna	1354
server	1354
betreffende	1353
toeslaan	1353
opwarmen	1353
formeel	1353
publiceren	1353
henri	1353
berichtje	1352
barsten	1352
lopend	1352
zonnebril	1352
rector	1352
vaderland	1352
aids	1352
chanteren	1352
beton	1351
botsing	1351
vertegenwoordiger	1351
grondgebied	1351
weerhouden	1351
evengoed	1350
aanpassingen	1350
verslaafde	1350
bin	1350
brandwonden	1350
verkering	1350
laf	1350
roofdieren	1350
pamela	1350
newton	1349
garnalen	1349
addison	1348
hodgins	1348
hielen	1347
renee	1347
én	1347
aidan	1346
afwezig	1346
medeplichtig	1346
gaatje	1345
beangstigend	1345
rusty	1344
verwijten	1344
gezoend	1343
priesters	1343
ving	1342
kostbaar	1342
juf	1342
dynamiet	1342
uitpakken	1342
forensische	1342
gedichten	1342
verontrustend	1342
vasthoudt	1342
bataljon	1341
fluit	1341
suggestie	1341
gekkenwerk	1341
ellendige	1340
communisten	1340
onschuldigen	1340
beken	1340
aangezet	1339
laad	1339
research	1339
bevoegdheid	1339
cijfer	1339
departement	1339
definitie	1339
luchtje	1338
meedoet	1338
bevelschrift	1338
grijpt	1338
somber	1337
studeert	1337
major	1337
klimaat	1337
verroer	1336
vitale	1336
inlichtingendienst	1335
beloond	1335
klassiek	1335
hierzo	1334
hiervandaan	1334
flik	1334
kwaliteiten	1334
afrekenen	1334
japans	1334
aantonen	1334
beschreven	1333
overlevende	1333
boodschapper	1333
onsterfelijk	1333
gesticht	1333
liefhebben	1332
vergaan	1332
gans	1332
tegenaan	1331
ontsteking	1331
buitenwereld	1331
argument	1331
onderwerpen	1331
five	1330
atlantis	1330
millie	1330
greene	1330
vloeken	1330
uitsluiten	1329
cheerleader	1329
ongewapend	1329
matroos	1329
innerlijke	1329
lullig	1328
boekhouding	1328
gestapt	1328
verslaving	1328
misleid	1327
preston	1326
talen	1326
scheet	1326
essentieel	1326
rabb	1326
heiligheid	1326
overgehaald	1326
stoten	1325
kisten	1325
lazer	1325
schitterende	1325
kapel	1325
clarence	1325
smelt	1325
hoopten	1325
eagle	1325
interessants	1324
eigenschappen	1324
wraith	1324
gruwelijke	1324
portland	1324
besmettelijk	1323
begeleid	1323
crystal	1323
verraadt	1323
stormen	1323
naalden	1322
psychische	1322
vriezer	1322
toost	1322
verplaats	1322
susie	1322
decaan	1322
sprookje	1321
trey	1321
mede	1320
rufus	1320
verschenen	1320
afronden	1319
piek	1319
hielpen	1318
winnaars	1318
lawson	1318
rem	1317
opmaken	1317
surveillance	1317
twijfelde	1317
amateur	1317
midden-oosten	1316
polsen	1316
opgeeft	1316
geintjes	1316
back	1316
verhuist	1316
tijdverspilling	1316
vance	1316
accu	1315
baai	1315
barbie	1315
verminderen	1314
veroordeelde	1313
bacon	1313
beller	1313
antwoordt	1313
oefeningen	1313
koepel	1313
w	1312
knaap	1312
boterham	1312
biecht	1312
schikking	1312
duwt	1311
ufo	1311
inbreker	1311
vaten	1310
geschilderd	1310
cruciaal	1310
lokaas	1310
junkie	1310
beweerde	1309
fi	1309
ruïneren	1309
lockhart	1309
roll	1308
vaccin	1308
united	1308
janice	1308
trouwring	1308
hemelse	1307
caravan	1307
inspectie	1307
lijfwacht	1307
gate	1307
langley	1306
prince	1306
ollie	1306
slopen	1306
geheimpje	1305
voelden	1305
geoffrey	1305
mckay	1305
vermoeiend	1305
timothy	1305
eden	1305
aardse	1305
verdoving	1304
geconfronteerd	1304
wijven	1304
langskwam	1304
map	1303
latijn	1302
drugsdealer	1302
reno	1302
auteur	1301
killer	1301
lopende	1301
otis	1301
sutton	1301
onbeschoft	1300
isabella	1300
erkennen	1300
maskers	1300
vijandig	1299
producer	1299
waartoe	1299
meerijden	1299
eitje	1299
ondergronds	1299
moon	1298
creëert	1298
mand	1298
louie	1298
berekeningen	1298
erge	1298
hospitaal	1297
pikte	1297
crichton	1297
kijkers	1296
eindeloze	1296
kompas	1296
gevangenisstraf	1295
dekt	1295
crazy	1295
management	1295
plakken	1295
achterlaat	1294
2e	1294
uittrekken	1294
verzamelt	1294
intuïtie	1294
duivelse	1293
trotse	1293
koor	1293
verwijt	1293
country	1293
verantwoordelijkheden	1293
flirt	1292
boef	1292
maniak	1292
studeer	1292
vervalst	1292
aankwamen	1292
maaltijden	1292
meedogenloos	1292
worp	1291
enthousiasme	1291
ongelukkige	1291
ceo	1291
indiana	1291
patterson	1290
frances	1290
zijt	1290
verlenen	1290
professional	1290
ontplofte	1289
nonsens	1289
wurgen	1289
prototype	1289
tobias	1289
tandenborstel	1288
asiel	1288
element	1288
goot	1288
trillen	1287
afpersing	1287
hoofdkantoor	1287
wong	1287
stalin	1287
terugweg	1287
cognac	1287
opgeofferd	1286
juridisch	1286
onduidelijk	1285
beëindigd	1285
spoorloos	1285
snijd	1284
wu	1284
leende	1284
bewapend	1284
aurora	1283
grotten	1283
noodzaak	1283
mams	1283
haakjes	1283
antoine	1283
symbolen	1283
schutters	1282
uitgepraat	1282
fee	1282
afgebroken	1282
ginger	1281
schimmel	1281
pakjes	1281
daarnaast	1281
jade	1281
ontvoerders	1281
mantel	1281
bryce	1280
portret	1280
gezeur	1280
filmpje	1280
song	1280
alsnog	1280
avonturen	1279
bespioneren	1279
marcy	1279
alexis	1279
klusjes	1279
lo	1278
tessa	1278
creditcards	1278
godver	1277
verzonden	1277
afgeleverd	1277
territorium	1277
bowlen	1276
verslaat	1276
schijten	1276
dump	1275
trent	1275
exclusief	1275
account	1275
bizarre	1275
cassandra	1274
agressie	1274
vaststellen	1274
deugd	1274
afluisteren	1273
geproefd	1273
detectives	1273
buig	1273
continent	1273
nederlaag	1272
atlantic	1272
vertalen	1272
picknick	1271
treft	1271
touwen	1271
union	1271
raars	1271
verstoord	1271
verleidelijk	1270
trish	1270
daklozen	1270
pennsylvania	1269
koesteren	1269
stadhuis	1269
empire	1269
volgelingen	1269
voorschot	1269
vult	1268
eekhoorn	1268
francine	1268
ambtenaar	1268
nachtje	1268
kruip	1268
aankondiging	1268
train	1268
verhoord	1267
versloeg	1267
scannen	1267
vreten	1267
waardering	1267
mara	1266
sonde	1266
monnik	1266
apparaten	1266
volbracht	1266
verlichten	1265
carolina	1265
onhandig	1265
arrestatiebevel	1265
burton	1265
dino	1265
zuid-amerika	1264
sigaren	1264
syndroom	1264
klokken	1264
wheeler	1264
gehuild	1264
wegsturen	1264
onderwereld	1263
loodgieter	1263
goedkeuren	1263
geavanceerde	1263
huisbaas	1263
studies	1262
aderen	1262
maffe	1262
gonna	1262
verlost	1262
arena	1261
opgekomen	1261
ronald	1261
strot	1261
skip	1261
whitney	1260
spaargeld	1260
bundy	1259
uitgevallen	1259
posten	1259
bedekken	1259
deacon	1259
kloof	1259
beveiligingscamera	1259
bah	1259
frankenstein	1259
tomaten	1258
list	1258
biologisch	1258
middenin	1258
billie	1258
schotwond	1257
mishandeld	1256
international	1256
almachtige	1256
halte	1256
zeur	1256
effecten	1256
cover	1255
kenneth	1255
versterkt	1255
opgroeide	1255
nanny	1255
koffertje	1254
pacific	1254
platform	1254
oneindig	1254
onvoorspelbaar	1253
gevaarlijker	1253
aanvragen	1253
dagje	1253
leiderschap	1253
skinner	1253
voorrecht	1253
vn	1253
hoepel	1253
neerhalen	1253
parlement	1252
avatar	1252
cadet	1252
tragische	1252
ontvoerder	1251
gedrogeerd	1251
broederschap	1251
stempel	1251
verpleegsters	1251
schermen	1250
lekt	1250
luidt	1250
verwarming	1250
faith	1250
reactor	1250
flikken	1250
trapte	1249
herhaling	1249
jerome	1249
verlang	1249
capsule	1249
bederven	1249
vampieren	1248
vijver	1248
clowns	1248
monitor	1248
noordpool	1248
eindig	1248
inhoudt	1248
wachters	1246
christen	1246
costa	1246
pc	1245
tristan	1245
knoppen	1245
qua	1245
italianen	1245
stikt	1245
deputy	1245
boone	1244
losmaken	1244
bloedingen	1244
opgericht	1244
medeplichtige	1244
hawkins	1243
toestaat	1243
opgespoord	1243
zane	1243
gale	1242
trapt	1242
trof	1242
daartoe	1242
knight	1241
zooitje	1241
constante	1241
maximum	1241
vergt	1241
zwaarden	1241
ontdek	1241
angstig	1241
voyager	1241
negers	1241
granaten	1241
mozes	1240
kochten	1240
dolly	1240
gegarandeerd	1239
roeping	1239
tikt	1239
arrogante	1239
voeding	1239
ike	1238
identiek	1238
pis	1238
werkende	1237
uitkomst	1237
sanders	1237
steed	1237
konvooi	1237
afwijking	1237
vastzitten	1237
bedienden	1236
ontwikkelde	1236
ingeschreven	1236
ongewone	1236
brendan	1236
gastvrijheid	1236
meesteres	1236
elimineren	1236
lin	1236
lekken	1236
ieders	1235
ariel	1235
stand-by	1235
viool	1235
darmen	1235
tussenuit	1235
mountain	1234
frederick	1234
toegevoegd	1234
hiernaar	1234
lijm	1234
verlicht	1233
there	1233
anita	1233
eddy	1233
sentimenteel	1233
drang	1233
armoede	1232
sloop	1232
afgrond	1232
duck	1231
paraplu	1231
weaver	1231
klik	1231
sint	1230
knallen	1230
nevada	1230
faalt	1230
bestelde	1230
zanger	1229
bezoekt	1229
verdraaid	1229
opvallen	1228
potlood	1228
lesgeven	1228
kiezers	1228
zaakje	1228
hercules	1228
harnas	1227
immuun	1227
gelokt	1227
blies	1226
ingerukt	1226
gemunt	1226
drone	1226
manuel	1226
handelde	1226
publiekelijk	1226
impact	1226
suzanne	1226
snoepje	1225
scheidt	1225
gespecialiseerd	1225
interviewen	1225
fran	1225
virgil	1225
lafaards	1225
face	1225
berecht	1224
hulpsheriff	1224
respecteert	1224
gelukkigste	1223
opzoek	1223
kleingeld	1223
call	1223
steegje	1222
vertonen	1222
gracie	1222
hyde	1222
kits	1222
magnetische	1222
speed	1222
bandieten	1222
aansteker	1221
gewaardeerd	1220
stuurboord	1220
du	1220
omgekeerd	1220
smerissen	1219
akelig	1219
ontrouw	1219
raadt	1219
gehandeld	1218
tatoeages	1218
jemig	1218
maura	1218
formulieren	1218
dealers	1218
inademen	1218
functioneren	1218
negeerde	1217
riool	1217
schaden	1217
imago	1217
verlangt	1217
verhoog	1217
biologie	1216
gejaagd	1216
julius	1216
tonijn	1216
phillips	1216
vezels	1216
stik	1216
prestaties	1216
verhuis	1216
level	1215
oppervlakkig	1215
vijandige	1215
kam	1215
sweet	1214
hell	1213
danseres	1213
aanvalt	1212
voortvluchtige	1212
opvolger	1212
snapte	1211
willis	1211
pit	1211
waardeert	1210
astrid	1210
sponsor	1210
cohen	1209
gestegen	1209
carver	1208
stanford	1208
gestrest	1208
vernietigde	1208
geïsoleerd	1208
bevestigde	1208
fax	1208
gepubliceerd	1208
lopez	1207
voorste	1207
touwtjes	1207
prostitutie	1207
gesmeerd	1207
beruchte	1207
vermoedde	1206
diepste	1206
hassan	1206
oftewel	1206
enos	1206
gesleept	1205
ingrid	1205
tokio	1205
maureen	1205
vermaakt	1205
gesteund	1205
telefooncel	1205
werker	1204
dreigen	1204
buster	1204
leah	1204
donut	1204
tentoonstelling	1204
rookte	1203
azië	1203
michaels	1203
mri	1203
ira	1203
stomerij	1202
stage	1202
spoelen	1202
jj	1202
verscheurd	1202
dimensie	1201
menselijkheid	1201
geconcentreerd	1201
yankees	1201
schandalig	1201
investeerders	1201
auw	1200
schopte	1200
gemiddeld	1199
speeltje	1199
darwin	1199
verhongeren	1199
onvoldoende	1199
mans	1199
gerespecteerd	1199
bemoeit	1199
nachtclub	1199
town	1199
eventuele	1198
wegnemen	1198
stapje	1198
sekte	1198
julio	1198
jes	1197
`t	1197
charmante	1197
heup	1197
projecten	1197
opvoeding	1196
aankunnen	1196
vatten	1196
uitgewerkt	1196
weggeweest	1196
circuit	1196
artiesten	1195
voorstelt	1195
motto	1195
standbeeld	1195
kalender	1195
pink	1194
anker	1194
courtney	1193
aziatische	1193
chagrijnig	1193
fluisteren	1192
ruziën	1192
winden	1192
olympische	1192
spontaan	1192
wijzer	1192
jed	1191
martinez	1191
rekent	1191
norma	1191
uitgestorven	1191
moslim	1191
lullen	1191
knijp	1191
walvissen	1191
presents	1191
pijlen	1191
achterhoofd	1190
machteloos	1190
rouw	1190
sharpe	1190
doods	1190
morse	1189
hiernaartoe	1189
tepels	1189
ambitieus	1189
pleit	1189
hypocriet	1189
geïnspireerd	1188
eerstejaars	1187
poster	1187
centraal	1187
voorin	1187
kitt	1187
typische	1187
roz	1187
hoezeer	1186
gleed	1186
gemeenschappelijke	1186
fatsoen	1186
aangekleed	1186
vernielen	1186
uitproberen	1186
zegel	1185
airco	1185
rush	1185
oplevert	1185
sporten	1185
gangsters	1185
mohammed	1184
irene	1184
canadese	1184
omschrijven	1184
darius	1184
gegijzeld	1183
arrestaties	1183
p.	1183
dewey	1183
duel	1183
onrecht	1183
aanneemt	1182
postkantoor	1182
vergelijk	1182
holland	1182
zuig	1181
rebel	1181
schokkend	1180
bouwden	1180
achterdochtig	1179
voortzetten	1179
andromeda	1178
uitbreiden	1178
zakje	1178
sluipen	1178
zoal	1178
eersteklas	1178
nonnen	1178
come	1177
tijdschriften	1177
staking	1177
s.	1177
elegant	1177
jodi	1177
ripper	1176
duimen	1176
getuigt	1176
beschuldig	1175
bevriezen	1175
lennox	1175
joint	1175
pleiten	1175
behoorlijke	1175
tast	1175
candy	1175
bijwerkingen	1175
astronaut	1175
wazig	1175
uitdelen	1174
geschenken	1174
trucs	1174
brutale	1174
maïs	1174
tower	1174
dorpen	1174
opscheppen	1173
wip	1173
kruipt	1173
viezerik	1173
diaz	1173
gooiden	1173
ketchup	1172
moslims	1171
mister	1171
faciliteit	1171
terugkeert	1171
skelet	1171
mat	1171
uitzag	1171
verveelt	1170
schotel	1170
bronx	1170
inspanningen	1170
luthor	1170
california	1169
overreden	1169
slappe	1169
gevoed	1169
onderbreek	1169
spuug	1169
tabak	1168
verbleef	1168
boys	1168
brent	1168
schaamt	1168
verklikker	1168
plagen	1168
handlanger	1167
initialen	1167
crowley	1167
leugenaars	1167
vrijgesproken	1167
versnellen	1167
overgave	1166
efficiënt	1166
stichten	1166
slavernij	1166
thor	1165
wapenstilstand	1165
zeus	1165
halfuur	1165
eindeloos	1164
chi	1164
eitjes	1164
maddy	1163
toffe	1163
simpelweg	1163
historisch	1163
jeruzalem	1162
installeren	1162
herder	1162
staar	1162
schaamde	1161
handhaven	1161
crème	1161
vreemdelingen	1161
uitzonderlijk	1161
ironie	1160
vernoemd	1160
paarse	1159
winchester	1159
topje	1159
begeven	1158
verrichten	1158
dochtertje	1158
evaluatie	1158
overgaan	1158
terechtgekomen	1158
ingestort	1157
ingewikkelder	1157
spoed	1157
mccoy	1157
fraai	1157
beheers	1157
superheld	1157
boeg	1157
not	1156
parachute	1156
gebruikelijk	1156
hysterisch	1156
overlaten	1156
lijkenhuis	1156
bewaak	1155
mentaal	1155
linkerhand	1155
aspirine	1155
graan	1155
tech	1155
bird	1155
verklaarde	1155
viktor	1155
onderste	1154
grootouders	1154
uitvoering	1154
sluipschutter	1154
confronteren	1154
kensi	1154
cyclus	1154
staande	1154
schepper	1153
voorval	1153
citroen	1153
strakke	1153
gym	1152
linksaf	1152
overeenkomsten	1152
verwisseld	1152
cobra	1152
rené	1151
sympathie	1151
balie	1151
vice-president	1151
complexe	1151
rus	1151
andré	1151
stomp	1151
webb	1150
dé	1150
langste	1150
gift	1150
verhoogd	1150
salem	1149
tango	1149
bikini	1149
troosten	1149
opduikt	1149
verheug	1149
vicepresident	1149
satellieten	1149
vriendelijkheid	1148
muts	1148
bourbon	1148
eetlust	1148
stuks	1148
lulu	1148
omgekocht	1148
wee	1147
koelen	1147
arriveerde	1147
inkomsten	1147
gekoppeld	1146
oswald	1146
barrett	1146
darcy	1146
mississippi	1146
ongeduldig	1146
nalatenschap	1146
more	1146
golfen	1146
hale	1146
overgebleven	1145
verdedigt	1145
serum	1145
dusver	1145
stanton	1145
hawk	1144
zweert	1144
smoking	1144
egoïstische	1144
bokser	1144
verkozen	1144
omzeilen	1144
suf	1143
overplaatsing	1143
stinken	1143
besten	1143
vaas	1143
moedige	1143
stacey	1142
limiet	1142
saddam	1142
linkse	1141
columbia	1141
figuren	1141
vicki	1141
went	1141
warp	1141
gewijzigd	1141
opdraaien	1141
vernomen	1140
alternatieve	1140
or	1140
studente	1140
jax	1140
veroordeel	1140
vergroot	1140
nixon	1139
gefrustreerd	1139
fontein	1139
nor	1139
kool	1138
begeleider	1138
ader	1138
harley	1138
georgie	1138
hierlangs	1138
politieagenten	1137
zangeres	1137
georganiseerde	1137
negende	1137
afhalen	1137
voorje	1136
grapjas	1136
rip	1135
ontbreken	1135
nagelaten	1135
aanhoren	1135
nobele	1135
verzwakt	1134
gruwelijk	1134
she	1134
begeleiding	1134
uitgesteld	1134
vervuld	1134
bull	1134
interviews	1134
dead	1133
flint	1133
volstaat	1133
grady	1133
kazerne	1133
terugzien	1133
credit	1132
ohh	1132
kenmerken	1132
antiek	1132
libby	1131
vastgelegd	1131
ernstigs	1131
chambers	1131
duidt	1131
prikken	1131
ling	1131
newman	1131
duitser	1131
generaals	1130
chan	1130
producent	1130
vaardigheid	1130
masters	1129
uitging	1129
nico	1129
vestigen	1129
pick-up	1129
slokje	1129
card	1129
bereidt	1129
vervolging	1129
individu	1128
russ	1128
murdock	1128
lusten	1128
beschadigen	1128
normen	1128
beoordeling	1128
jensen	1128
bijeenkomsten	1128
onafhankelijke	1127
phantom	1127
miljonair	1127
gewoontes	1127
harige	1127
griezel	1126
kirsten	1126
aanleiding	1126
onroerend	1126
have	1126
trailer	1126
gedanst	1126
federaal	1126
colt	1125
overgedragen	1125
wonderbaarlijk	1125
industries	1125
app	1125
neergezet	1125
hechten	1125
geïnformeerd	1125
wijzigen	1125
mobieltjes	1124
bewerking	1124
jeans	1123
herboren	1123
beviel	1123
hartstilstand	1123
bankier	1123
yard	1123
onmiddellijke	1123
arabische	1122
doorrijden	1122
rover	1122
opbrengen	1122
babbelen	1122
maxwell	1122
luier	1122
doodging	1121
zucht	1121
artillerie	1121
opgevangen	1121
huisdieren	1121
sheppard	1121
begroeten	1121
dal	1121
strijders	1121
zieken	1121
babysitter	1120
sky	1120
y	1120
sawyer	1120
hoeden	1120
edie	1120
beschaafd	1120
scanner	1120
strip	1120
bryan	1120
écht	1120
maximale	1120
abel	1119
dakloos	1119
explosief	1119
westerse	1119
documentaire	1119
kwaadaardig	1119
strijken	1118
bevelhebber	1118
fatale	1118
reisde	1118
doelwitten	1118
helderziende	1117
zweven	1117
aantrekkelijke	1117
verrukkelijk	1117
huisgenoot	1117
stilstaan	1116
pratt	1116
brandy	1116
kwartje	1116
benoemd	1116
bewerken	1116
verblijfplaats	1115
aiden	1115
ontroerend	1114
sneeuwwitje	1114
komop	1113
riemen	1113
dinosaurus	1113
misgaat	1113
if	1113
kirby	1112
springs	1112
dubois	1112
vereniging	1111
moordonderzoek	1111
krab	1111
mae	1110
her	1110
vreet	1110
aanslagen	1110
goffini	1109
kots	1109
splitsen	1109
kozen	1109
rauw	1108
losers	1108
enkels	1107
overhandigen	1107
vastberaden	1107
briefjes	1107
poes	1107
redacteur	1106
nederland	1106
beval	1106
meth	1106
willow	1105
gunsten	1105
voorspelbaar	1105
kampioenschap	1105
raadslid	1105
baart	1105
aanwinst	1105
afgeluisterd	1104
onbetrouwbaar	1104
natuurkunde	1104
beperkte	1104
noorwegen	1104
hiernamaals	1103
biljetten	1103
sloane	1103
teruggevonden	1103
godsamme	1103
quarterback	1102
tamelijk	1102
stemde	1102
groente	1101
geflikt	1101
verkregen	1101
huwelijken	1101
verdenkt	1101
zetel	1101
klusje	1100
marsh	1100
omkeren	1100
america	1100
ruiter	1100
leventje	1100
huishouden	1100
duiven	1100
katrina	1100
file	1100
omgekeerde	1100
duif	1099
omkopen	1099
oefen	1099
janken	1099
prioriteiten	1099
coop	1099
faalde	1098
fusie	1098
rif	1098
examens	1098
beschreef	1098
geloofwaardig	1098
monk	1098
verantwoordelijke	1097
frisdrank	1097
hop	1097
babe	1097
gewekt	1097
herstelt	1097
verplichting	1097
voorstelde	1097
presenteert	1096
kampen	1096
overweeg	1096
sookie	1096
klassieker	1096
complicaties	1096
connecticut	1096
onthoudt	1096
bender	1096
zoë	1095
grieks	1095
oregon	1095
ketel	1094
annuleren	1094
marianne	1094
onschadelijk	1094
overnachten	1094
helikopters	1094
strijder	1094
treurig	1093
hoofdrol	1093
hoofdverdachte	1092
christenen	1091
dikker	1091
diplomatieke	1091
trakteren	1091
factor	1091
schep	1091
plee	1091
philly	1091
ryder	1091
kantoren	1091
junk	1090
werkplaats	1090
kanjer	1090
elise	1089
ieren	1089
luc	1089
vracht	1089
bakker	1089
sok	1088
voorbereidingen	1088
scoort	1088
uitgerekend	1088
heart	1087
verraadde	1087
vruchten	1087
unie	1087
bananen	1087
babylon	1086
rap	1086
escorte	1086
vrachtwagens	1086
maatschappelijk	1086
creëerde	1086
ice	1086
minachting	1086
verantwoorden	1085
philippe	1085
wright	1085
geboeid	1085
bittere	1085
discussiëren	1085
zeke	1085
decker	1085
vertegenwoordig	1084
rotte	1084
zweep	1084
opoffering	1084
vaticaan	1084
plotselinge	1084
how	1084
vargas	1083
natasha	1083
paars	1083
riskeert	1082
adviseer	1082
boyle	1082
fair	1081
krassen	1081
gegrepen	1081
machinekamer	1081
kauwen	1081
uitgangen	1081
directrice	1081
rechtse	1081
opnamen	1081
onrust	1081
trouwden	1080
place	1080
metafoor	1080
mimi	1080
meesters	1080
gordijn	1080
betrappen	1079
vergelding	1079
geannuleerd	1079
snow	1079
treedt	1079
kunstmatige	1079
inspanning	1078
openlijk	1078
wonnen	1078
optimistisch	1078
autosleutels	1077
verenigen	1077
lei	1077
apocalyps	1077
geschonden	1077
levensstijl	1077
ongedierte	1077
bitter	1076
beroemdheid	1076
overbodig	1076
logeert	1076
sugar	1076
gekker	1076
pool	1076
shows	1075
schaken	1075
loper	1075
verzocht	1075
slimmerik	1075
skye	1075
patholoog	1075
marguerite	1075
brothers	1075
vernon	1075
perkins	1074
doosje	1074
prik	1074
ruig	1074
mexicanen	1074
knapperd	1073
ramon	1073
see	1073
schuilen	1073
vervallen	1073
verzegeld	1073
camper	1073
overledene	1072
great	1072
fry	1072
waait	1072
dingetjes	1071
danser	1071
oprechte	1071
poepen	1071
rubber	1071
leverancier	1071
voorzichtiger	1071
rechtvaardig	1071
tuinman	1070
blokkeert	1070
randje	1070
lijntje	1069
chin	1069
beschermer	1068
herman	1068
briefing	1068
niemands	1068
overdrijf	1068
aanbieding	1067
ondertitels	1067
fine	1066
nagel	1066
boden	1066
santiago	1066
donatie	1066
bh	1065
takken	1065
uitkiezen	1065
wendell	1065
vrijkomt	1065
schaatsen	1065
edele	1065
nell	1064
openbaring	1064
tokyo	1064
overvloed	1064
bombarderen	1064
ikje	1064
hogerop	1064
celia	1064
scheelde	1064
hotdog	1064
binnenlaten	1064
musical	1064
mouw	1063
kussens	1063
meeting	1063
jennings	1063
rechtsaf	1063
klaren	1063
tactische	1063
danste	1063
motieven	1063
allan	1063
mosterd	1062
penelope	1062
voorspeld	1062
uitmaakte	1062
peters	1062
madonna	1062
tol	1062
executeren	1062
zege	1061
gretchen	1061
tennis	1061
breuken	1061
geërfd	1061
illinois	1061
relatief	1061
tarzan	1061
oostelijke	1060
rapporteer	1060
ontcijferen	1060
bewonderen	1060
cory	1060
zeeman	1060
contanten	1060
fu	1060
rossi	1060
maine	1059
leidinggevende	1059
cho	1059
hilary	1059
tegenkomt	1059
gunstig	1059
eenvoudiger	1059
worf	1059
psychologisch	1058
enzovoort	1058
monte	1057
opduiken	1057
vleermuizen	1057
kruising	1057
chic	1057
richmond	1057
vergaderingen	1056
beoordeeld	1056
rails	1056
katoen	1056
clinton	1056
docent	1056
weinige	1056
make	1056
truman	1056
adviseren	1056
geluksdag	1055
dorpelingen	1055
blur2	1055
stelsel	1055
yoghurt	1055
biechten	1054
giles	1054
kanselier	1054
ruggen	1054
walgelijke	1054
broeken	1053
neergestort	1053
beschrijft	1053
verlangens	1053
onderofficier	1053
reilly	1053
waarna	1052
boosheid	1052
kimmy	1052
streven	1052
asteroïde	1052
kopers	1052
aardiger	1052
filmster	1052
stekker	1051
daarentegen	1051
sierra	1051
justine	1051
csi	1051
elsa	1051
ovj	1051
rammen	1051
snoepjes	1050
deelnemers	1050
stommeling	1050
doder	1050
plaatjes	1050
getalenteerd	1050
aanbeveling	1050
bedwang	1049
fargo	1049
vastbinden	1049
werkster	1049
klaagde	1049
oogsten	1049
ledematen	1049
taxichauffeur	1049
engelsman	1049
uitgeroeid	1048
verlossen	1048
oneens	1048
betovering	1048
hoeveelheden	1048
versus	1047
belgië	1047
staak	1047
paulie	1047
beïnvloedt	1047
oprah	1047
dolle	1047
teruggetrokken	1046
lucien	1046
verdedigde	1046
kabels	1046
transplantatie	1046
consulaat	1046
opsluiting	1045
roedel	1045
baal	1045
buffalo	1045
solomon	1045
antwoordde	1045
indiaanse	1044
emmett	1044
lichter	1044
si	1044
ballonnen	1044
bijdragen	1043
legendarische	1043
lof	1043
kentucky	1043
mischien	1043
wieg	1043
gemanipuleerd	1043
zending	1043
noodgevallen	1043
intimideren	1042
tiger	1042
sprekend	1042
disco	1042
dwaze	1042
sliepen	1042
geacht	1041
zwaai	1041
luca	1041
seven	1041
improviseren	1040
druppels	1040
arriveren	1040
steph	1040
volmaakt	1040
ingeluisd	1040
buur	1040
genegenheid	1040
jus	1039
narcotica	1039
lucifers	1039
atlantische	1039
wenkbrauwen	1039
wrijven	1038
zakdoek	1038
verdoen	1037
kanalen	1037
mijlen	1037
uitroeien	1037
opnam	1037
gezongen	1037
global	1037
gemogen	1037
verlieten	1037
jody	1036
meespelen	1036
zwaarste	1036
floyd	1036
onderbreking	1036
zonet	1035
chapman	1035
predikant	1035
interessanter	1035
stiefmoeder	1035
doormaakt	1034
sheridan	1034
lyle	1034
bestelwagen	1034
dollen	1034
winnende	1034
gestapo	1034
gepest	1034
taaie	1034
dwergen	1034
doorgemaakt	1034
client	1033
uitzenden	1033
harmonie	1033
conventie	1033
j.d.	1033
verprutst	1033
heidi	1033
verhoogde	1033
vermomming	1032
channel	1032
komeet	1032
verzon	1032
doorbreken	1032
harbor	1032
veelbelovend	1032
weggeven	1032
overblijfselen	1031
vrijgegeven	1031
buikpijn	1031
terugsturen	1031
schoonmoeder	1031
milt	1031
cook	1031
thc	1031
innen	1030
overgang	1030
wederom	1030
kwaadaardige	1029
zonnige	1029
evenals	1029
kleedt	1029
doodden	1029
malik	1029
uitbraak	1029
permanente	1029
onderscheppen	1029
vergoeding	1029
felicity	1029
bedek	1028
overblijft	1028
opkomst	1028
teruggaat	1028
trouwerij	1028
betsy	1027
kabinet	1027
joggen	1027
pike	1027
verknallen	1027
parkeergarage	1027
verzamelde	1026
ome	1026
verleid	1026
darm	1026
hierbuiten	1026
grimm	1026
aanvoerder	1026
oceanen	1026
tijdlijn	1025
verkouden	1025
tanken	1025
landt	1024
lorraine	1024
slaagde	1024
schakelaar	1024
wales	1023
fransman	1023
machtigste	1023
bladzijde	1022
arriveert	1022
zondebok	1022
ve	1022
verbrandt	1022
eromheen	1022
cylons	1022
hevig	1022
formatie	1021
aria	1021
gemakkelijke	1021
maker	1021
bezat	1021
reddington	1021
noot	1021
yuri	1021
vage	1021
verdoven	1021
opbiechten	1021
opdrinken	1021
vermoordden	1020
legale	1020
methodes	1020
werkloos	1019
gepasseerd	1019
lens	1019
elias	1019
afslag	1019
akte	1019
recentelijk	1019
mislukken	1019
colombia	1019
millimeter	1019
fuller	1018
zegenen	1018
dageraad	1018
bordje	1018
bagdad	1017
rits	1017
gelachen	1017
erdoorheen	1017
manchester	1017
beroving	1017
onmiddelijk	1017
nadien	1017
blondje	1016
morrison	1016
blouse	1016
email	1016
vanbinnen	1016
farao	1016
muzikant	1016
zwitserse	1016
brievenbus	1015
aangevraagd	1015
wettelijke	1015
omhelzen	1015
glee	1015
belazeren	1014
superieur	1014
rinkelen	1014
oorspronkelijk	1014
milton	1014
stilletjes	1014
opgeheven	1013
hongerige	1013
verkrachtte	1013
poolse	1013
kieskeurig	1013
klom	1013
webster	1013
optillen	1013
vertoont	1012
agressieve	1012
elleboog	1012
dumpt	1012
bullshit	1012
reuze	1012
chemo	1011
slikt	1011
fantasieën	1011
personages	1011
opzicht	1010
mislukkeling	1010
wachtten	1010
ronden	1010
onnozel	1010
compromis	1010
boekhouder	1010
snacks	1009
daaronder	1009
gelieve	1009
woman	1009
galerie	1009
brede	1009
kindertijd	1009
karate	1009
buitenaardsen	1008
aanbidden	1008
elektronische	1007
antwoordapparaat	1007
evie	1007
express	1007
marina	1007
pin	1007
moya	1007
missy	1007
zwemt	1007
transactie	1007
tijgers	1006
verdronk	1006
vuurgevecht	1006
bloom	1006
koninklijk	1006
lisbon	1006
flippen	1006
minderjarige	1006
lava	1005
klaarstaan	1005
krankzinnige	1005
doolhof	1005
pass	1005
reservaat	1005
vlinders	1004
ace	1004
landde	1004
eroverheen	1004
uitkleden	1004
prostituees	1004
cowboys	1004
sonia	1004
noteer	1003
deprimerend	1003
rotzooien	1003
kikkers	1003
rechtvaardigen	1003
suggesties	1002
beschamend	1002
beroemdheden	1002
kosmische	1002
perez	1002
sprongen	1002
aangericht	1002
bluft	1002
tegenslag	1001
cleo	1001
perfectie	1001
venetië	1001
schoften	1001
dreigement	1001
ongelegen	1001
verbazend	1001
tradities	1001
rijen	1000
josie	1000
hitlers	1000
ongewoons	1000
hanson	1000
motivatie	1000
stick	1000
hemels	1000
vinnie	1000
marks	1000
vertrouwelijke	1000
tasje	1000
geschut	999
fictie	999
gelijkenis	999
beklimmen	999
pacey	999
terrence	998
dinosaurussen	998
uitgehaald	998
from	998
voogd	998
overgegeven	998
keurig	998
procedures	998
aannemer	997
vervanging	997
kalf	997
kung	997
marjorie	996
jegens	996
hallucinaties	996
jose	996
turk	995
rhodes	995
mina	995
afkoelen	995
hockey	994
wake	994
shilling	994
waarnaar	994
pauzeren	994
klonen	994
eiste	994
meeslepen	994
toepassing	993
aardbeien	993
desnoods	993
penthouse	993
ernest	993
yankee	992
argo	992
winnie	992
geks	992
categorie	992
limousine	992
edmund	992
bewaring	992
nadeel	991
lade	991
middelpunt	991
aanmerking	991
minderheid	991
wegliep	991
judas	991
horatio	991
afblazen	991
versla	991
naaste	990
opgeknapt	990
saboteren	990
toegeeft	990
gereageerd	990
zaden	990
control	990
selectie	990
geschoren	989
amateurs	989
laagste	989
venster	989
ingeslagen	989
belandde	989
aanbevolen	989
verdoemd	988
chocolademelk	988
glijden	988
dorpje	988
yates	988
creatieve	987
wa	987
claim	987
verdedigd	987
lachten	987
vin	987
adjudant	987
whoo	987
opgestaan	987
ingeschakeld	987
blaine	987
verlagen	987
medaillon	986
beklaagde	986
ontbrekende	986
bont	986
exploderen	986
cliché	985
walg	985
nederig	985
huurt	985
onderdrukken	984
posters	984
obama	983
afgevallen	983
camp	983
geachte	983
gelach	983
voorschijn	982
q	982
tienduizend	982
opgraven	982
reyes	982
handjes	982
ontwikkelingen	982
bestolen	982
keizerlijke	982
suggereren	981
dakota	981
pride	981
zaag	981
brigade	981
rib	981
madrid	981
voldoening	981
sterling	981
heengaat	981
hopkins	980
straalt	980
cristina	980
essentie	980
brick	980
zen	980
levendig	980
gesnapt	980
toelaat	980
kas	980
uh-huh	980
bezeerd	980
gelanceerd	980
opvangen	979
doms	979
lnderdaad	979
fish	979
ombrengen	979
dark	979
politiewerk	979
kayla	979
farm	979
rellen	979
schoorsteen	979
uitbarsting	979
pal	978
v.s.	978
beperkingen	978
eersten	978
voorspel	977
dwang	977
ruiz	977
rijkste	977
stallen	977
trucje	977
charley	977
scalpel	977
bowl	976
bussen	976
bevechten	976
klif	976
optrekken	976
visser	976
cherry	976
roofdier	976
dringende	976
meyer	976
uien	975
iowa	975
aandringen	975
lekkerder	975
bass	975
selfridge	975
gehoorzaam	975
slaapkamers	975
jacobs	975
ooggetuige	975
opgaan	975
uitslagen	975
johannes	975
butch	975
onderbroken	975
isoleren	975
spijker	975
morgenmiddag	975
lichaamsdelen	974
manuscript	974
ertussen	974
sonja	974
trance	974
bloedde	974
dragon	974
pokeren	973
beatrice	973
telefoongegevens	973
gaius	973
deelden	973
fluiten	973
mededeling	973
grietje	972
aangestoken	972
opgemaakt	972
hertogin	972
gekraakt	972
zelfstandig	972
statistieken	971
aanwijzen	971
knokken	971
opinie	971
geile	971
samengewerkt	971
scooter	971
lambert	971
zwaait	971
doktoren	971
marta	971
intentie	971
verven	970
verbintenis	970
bevoegd	970
gehaast	970
cabine	970
westelijke	969
timer	969
schotse	969
krokodil	969
verbouwen	968
veranderden	968
dikzak	968
allereerste	968
terreur	968
paddy	968
flits	968
grieken	968
boeddha	967
kweken	967
ontwaken	967
ingreep	967
spiegels	966
professionals	966
bezighouden	966
ducky	966
meesterwerk	966
nota	965
komedie	965
space	965
spugen	965
seymour	965
raj	965
turkije	965
onafhankelijkheid	964
kapotmaken	964
islam	964
oplost	964
begraaf	964
bijpraten	964
afwijzen	963
taliban	963
downloaden	963
boulevard	963
norris	963
talbot	963
rod	963
lokaliseren	963
camelot	962
safe	962
verman	962
gewed	962
veer	962
kroop	962
beul	962
abu	961
vuurwapens	961
buitengesloten	961
beschikbare	961
s.h.i.e.l.d.	961
handtekeningen	961
wanda	961
regenboog	961
conversatie	961
brandde	960
hulpje	960
picard	960
badkuip	960
intieme	959
opbrengst	959
monniken	959
doorsnee	959
beheren	959
onderschept	959
ongemak	959
tevens	959
zwakker	958
deals	958
relaxen	958
achterop	958
orgasme	958
onstabiel	958
australische	957
nadenk	957
ferrari	957
savannah	957
baken	957
hotdogs	957
cece	957
eliot	957
suzie	957
republikeinen	957
nederige	957
hip	957
zelfverzekerd	957
telescoop	957
klingon	956
bekken	956
losgelaten	956
passend	955
ontmaskeren	955
sessies	955
lorelai	955
palace	955
vorst	955
afwas	955
schatjes	955
gesteente	954
frustrerend	954
sprookjes	954
hierom	954
verpestte	954
fritz	954
wereldwijde	954
naties	954
aanbevelen	954
vochtig	954
schoonzoon	954
opvallend	953
betalingen	953
apple	953
mn	953
behandelingen	953
smeerlappen	953
peper	953
ingrediënten	953
voorover	953
gestoten	953
lars	953
geheimzinnig	953
ugh	952
terugvinden	952
bedroefd	952
xander	952
collier	952
gokker	952
girls	952
ex-vriendin	951
bethany	951
thuisgekomen	951
beethoven	951
stein	951
discretie	951
ontkenning	951
nerds	951
decennia	951
bovennatuurlijke	951
eventueel	951
lichamelijke	950
geiten	950
hufters	950
huurlingen	950
verminkt	950
assisteren	950
binnenste	950
liefhebbende	950
onopgeloste	950
bewondering	950
dierbaar	949
cadillac	949
dealen	949
pittig	949
aw	949
angus	949
onthoofd	949
nummerplaat	949
pasje	949
gewijd	948
voorlopige	948
afsnijden	948
theoretisch	948
technieken	948
terugnemen	948
instantie	948
bezielt	948
geklets	947
gezonken	947
slagader	947
verliep	947
planet	947
records	947
iron	946
verbieden	946
davies	946
dillon	946
skiën	946
imbeciel	946
zend	946
greta	945
inwendige	945
alvarez	945
echtgenoten	945
indrukwekkende	945
bosjes	945
hits	945
bestaande	945
bedorven	945
gebogen	944
luna	944
t-shirts	944
piramide	944
mccarthy	943
noodlot	943
herberg	943
inn	943
getraceerd	943
inleveren	943
moss	943
zijnde	942
fondsen	942
olive	942
orkest	942
maryland	942
geldig	942
françois	942
overbrengen	942
knoeien	941
uil	941
laars	941
cookie	941
driehoek	941
jatten	941
wachtkamer	941
hicks	941
aanranding	941
roxy	941
nature	941
verdoezelen	940
chemisch	940
tussenpersoon	940
som	940
steroïden	940
trucks	940
franco	940
sensatie	940
hydra	939
sleepte	939
eenmalig	939
zwoer	939
riskeer	939
oneindige	939
schrift	939
cambridge	938
orange	938
marathon	938
astronauten	938
blije	938
thailand	938
bewijsstuk	938
harm	938
cora	937
mysteries	937
grotendeels	937
financieren	937
weggenomen	937
marcheren	937
zintuigen	937
lilith	937
vergissen	936
aandenken	936
gesloopt	936
gilde	936
coleman	936
evenmin	936
brandstichting	936
profetie	935
amuseren	935
materialen	935
fotograferen	935
eigenaars	935
eergisteren	935
mw	935
roddelen	934
freya	934
byron	934
gebit	934
omgeven	934
vrijgezellenfeest	934
inschrijven	934
oostkust	933
brancard	933
rotzakken	933
university	933
blijk	933
beledigt	933
alvin	933
angels	933
leidingen	932
chirurgen	932
aanschouw	932
uitje	932
bmw	932
blikje	932
gekeerd	932
inbraken	932
arrow	932
tasha	931
lucious	931
dwazen	931
besta	931
simms	931
schort	931
pauline	931
presenteer	931
verassing	931
ingesloten	931
aannam	931
belonen	931
kringen	930
draaiende	930
wast	930
inslaan	930
monument	930
aantrekkingskracht	929
stiles	929
botsen	929
lekkerste	929
arresteerde	929
simulatie	929
sinterklaas	928
voornaamste	928
ontevreden	928
kring	928
fenomeen	928
ruit	928
buitenaf	928
eervol	927
eetkamer	927
geallieerde	927
rayna	927
bevindingen	927
veroverd	926
nachtelijke	926
omging	926
f.b.i.	926
verdubbelen	926
handelaar	926
smoes	926
jackpot	926
schuim	925
amendement	925
religieus	925
vuurwapen	925
four	925
onverwachts	925
staven	925
1e	925
kraag	925
aanspreken	925
tijdmachine	925
plaza	925
vulcan	924
etenstijd	924
longontsteking	924
18e	924
samenkomen	924
dilemma	924
vervoerd	923
line	923
marseille	923
vondst	923
zweedse	922
kgb	922
opgejaagd	922
ramsey	922
onrustig	922
care	922
buffet	922
hectare	922
manen	922
spartacus	922
zond	922
solide	921
overdragen	921
onthuld	921
veracht	921
meega	921
buitenlanders	921
homeland	920
veiligheidsdienst	920
steunde	920
noodsituatie	920
spier	920
neutraal	920
begaat	920
geleerde	920
bruggen	920
wars	920
patriot	919
fitzgerald	919
gen	919
nieuweling	919
vreesde	919
beschadigde	919
hoest	919
porsche	919
protesteren	919
verwonden	918
tree	918
advocate	918
iq	918
waterdicht	918
subs	918
tankstation	917
rue	917
beau	917
haan	917
seal	917
rade	917
lap	917
overtuig	917
introduceren	917
dope	917
iii	917
cockpit	916
uurtjes	916
tweetjes	916
fleming	916
klei	916
lichtjes	916
eleases	916
omgedraaid	916
uitlachen	915
debiel	915
cooter	915
worsteling	915
versleten	915
gestort	915
dracula	915
afgebrand	915
spectaculair	915
verklappen	914
beloften	914
verheugd	914
malibu	914
fluitje	913
three	913
scotch	913
stranden	913
well	913
puntje	913
taarten	913
bam	913
voilà	913
uitgedrukt	913
cain	913
mg	913
diamond	913
manning	913
heerser	913
uitgaande	913
ontvanger	913
tweehonderd	913
proeftijd	913
court	912
bemachtigen	912
nutteloze	912
gefocust	912
knoflook	912
josé	912
plaatsgevonden	911
krachtveld	911
verstaat	911
weinigen	911
gescoord	911
hef	911
grip	911
uitverkoop	911
lyon	911
voetafdrukken	911
heffen	911
berekenen	910
chemie	910
beveelt	910
zozeer	910
overweldigend	909
schreven	909
centen	909
slee	909
bereikte	909
wreedheid	909
logeerkamer	909
uitverkocht	909
cc	908
parasiet	908
aansteken	908
shelley	908
binnengaan	908
opslagruimte	907
gedoemd	907
miriam	907
naait	907
weston	907
wijken	907
zeeën	907
loretta	907
tapes	906
uitoefenen	906
schopt	906
cloud	906
ciao	906
people	906
opmerkelijke	906
jethro	906
onderdrukt	906
opgegraven	906
luider	905
zuinig	905
they	905
soepel	905
immigratie	905
gecodeerd	905
première	905
lastiger	905
bennet	905
invallen	905
homoseksueel	904
aeryn	904
klikken	904
meegegaan	904
google	904
eigendommen	904
kleuterschool	904
dream	904
vastleggen	904
goochelaar	904
bewakingscamera	904
wijsneus	904
buitenstaander	904
nietsnut	904
uitgebreide	904
kronen	903
metje	903
logo	903
port	903
sykes	903
bof	903
verpletterd	903
harlan	903
owens	902
bruidsmeisje	902
kerker	902
knettergek	902
zusjes	902
onenigheid	902
paranormale	901
drogen	901
malley	901
vermoedt	901
pepper	901
huiselijk	901
stroming	901
dagvaarding	901
favorieten	901
jassen	901
colleen	900
opladen	900
lekke	900
vacht	900
len	899
percentage	899
intern	899
hypothetisch	899
jeannie	899
kennismaken	899
italiaan	899
verbrandde	899
druiven	899
lil	899
dansvloer	899
vinci	898
paranoia	898
wandel	898
opgescheept	898
aantrekt	898
jurylid	898
aantallen	898
afkicken	898
vasteland	897
appartementen	897
ontnomen	897
procureur	897
linie	897
u.s.	897
werkelijke	897
kunstwerk	897
spionage	897
baden	896
doop	896
youtube	896
afstuderen	896
zwelling	896
mexicaans	896
visuele	896
kakkerlakken	896
feestdag	896
winchestergirl	896
voorgeschreven	896
schrikt	896
toeren	896
pasen	896
overweegt	896
wilkes	896
wachter	895
k.	895
hartje	895
lara	895
vloeibare	895
kinderbescherming	895
getikt	894
avondklok	894
gelovig	894
tachtig	894
tegenkwam	894
alimentatie	894
referenties	893
typen	893
izzy	893
rammel	893
panda	893
vonk	892
kloon	892
strop	892
uitdagingen	892
dunn	892
lynch	892
streken	892
haarzelf	892
smoel	892
ingewikkelde	892
directie	891
arabisch	891
afgaat	891
voetballen	891
louisiana	891
wegloopt	891
tij	891
bedreig	891
lette	891
scheikunde	890
controlekamer	890
kg	890
alzheimer	890
samenwerkt	890
voetstappen	890
opgewekt	890
joker	890
welles	890
martelaar	890
bloedgroep	890
a.u.b.	890
opsplitsen	890
verschijning	889
primitieve	889
afslaan	889
goddelijk	889
verloop	889
comfort	889
laffe	889
jeremiah	889
culturen	888
erkenning	888
eropaf	888
infanterie	888
sonya	888
herzien	887
daniël	887
ontwaakt	887
dell	887
sully	887
fat	887
knapper	887
berekend	887
geïnstalleerd	886
explosies	886
jorge	886
astma	886
milaan	886
matrix	886
termen	886
johan	886
benadering	886
bange	886
strenge	886
geheimhouding	886
aanbiedt	886
bunny	886
adolf	886
daily	885
warner	885
shadow	885
twitter	885
julien	885
onaangenaam	885
overschat	885
cornflakes	885
eenden	885
cocktails	884
honk	884
racist	884
verleend	884
ontslaat	884
fabrieken	884
doodvallen	884
walters	883
beugel	883
lexi	883
neerschiet	883
opbellen	882
scans	882
pittsburgh	882
opjagen	882
declan	882
langere	882
vertaler	882
uitdagen	881
rijker	881
daryl	881
cricket	881
opeet	880
cobb	880
gootsteen	880
overzicht	880
glippen	880
cheerleaders	880
milligram	880
wol	880
neergehaald	880
ontsloeg	880
society	879
schrappen	879
gluren	879
smoesjes	879
overlopen	879
mayday	879
creatie	879
noteren	878
kauwgum	878
roomservice	878
hevige	878
part	878
incidenten	878
ridge	878
toestellen	878
turkse	878
games	877
gino	877
stalken	877
debra	877
wisconsin	877
kolen	876
betaalden	876
corps	876
vip	876
verlinkt	876
knappen	876
savage	876
rupert	876
verblind	876
paden	876
uitgaven	875
dodge	875
restjes	875
h.	875
verte	875
flora	875
paradise	875
phyllis	875
walden	875
doneren	875
ik-ik	875
rationeel	875
aanzienlijk	874
plunderen	874
cup	874
egyptische	874
medailles	874
off	874
toegewijde	874
schending	874
worstjes	874
objectief	874
exotische	874
zwem	874
desmond	873
opgepast	873
groepje	873
legitimatie	873
frietjes	873
gerechtelijk	873
mattie	873
bowman	873
tweelingen	873
doodskist	872
klos	872
onderkant	872
wél	872
wettige	872
oen	872
betoverd	872
waken	872
omtrek	872
sufferd	872
zuipen	871
morton	871
utah	871
uss	871
culturele	871
lynette	870
portie	870
panty	870
nippertje	870
omtrent	870
schuilt	870
vloeibaar	869
getwijfeld	869
erewoord	869
barnaby	869
church	869
veteranen	869
vreest	869
napels	869
achten	869
veiligste	869
item	869
gala	869
zaaien	869
sabotage	869
uitgedroogd	868
gevestigd	868
gemengd	868
levensvormen	868
magnetron	868
nah	868
inspirerend	868
hingen	868
parkeer	868
hello	868
uitlaten	868
genadig	867
onredelijk	867
sluier	867
mercer	867
wagner	867
hekserij	867
brute	867
mini	867
caine	867
es	867
kruisen	867
knielen	867
galactica	867
gevaarlijkste	867
benijd	866
verwonding	866
overneemt	866
ferguson	866
mep	866
cartman	866
hawaii	866
butters	866
hagedis	866
overuren	866
trudy	866
neville	865
gezamenlijk	865
scherpschutter	865
aankondigen	865
baseball	865
vertraagd	865
zoogdieren	865
amuseer	864
bianca	864
mankeer	864
serienummer	864
vermomd	864
alabama	863
gevierd	863
geplast	862
schetsen	862
field	862
opgeborgen	862
beschrijf	861
drol	861
teruggegaan	861
schelden	861
koele	861
brittany	861
overgebracht	861
thea	861
oklahoma	860
afkomen	860
vleermuis	860
mirakel	860
emerson	860
orgaan	860
advocatenkantoor	859
domkop	859
nachtdienst	859
gelet	859
ravijn	859
recepten	859
bedankje	859
kapitaal	859
gezonden	859
oostenrijk	858
syrië	858
tref	858
stakker	858
aankon	858
lucille	858
tezamen	858
verwant	858
gelekt	858
massachusetts	858
hooi	858
shirts	858
diabetes	858
pd	858
hooggerechtshof	857
exemplaren	857
argentinië	857
sven	857
windt	857
context	857
bernadette	856
democraten	856
gerard	856
denemarken	856
doodgegaan	856
vermelden	856
ginder	856
latino	856
said	856
infiltreren	856
kwadrant	856
keten	856
adel	855
foreman	855
geestig	855
moran	855
overeenkomt	855
bijstaan	855
doofpot	855
lijd	855
rondes	855
nadine	855
geïnvesteerd	854
beschouwt	854
parels	854
sweets	854
webber	854
oesters	853
klingons	853
wagon	853
ondergaat	853
village	853
verpleger	853
vooraleer	853
onwetendheid	853
hapjes	853
plasma	853
hole	853
vanille	852
benton	852
verschuilen	852
vervalsing	852
precieze	852
propaganda	852
ct	852
western	851
hobbs	851
inbeelden	851
keizerin	851
minnesota	851
belast	851
schoonvader	851
aardbevingen	851
voorbije	850
uranium	850
aangesteld	850
saunders	850
produceert	850
reg	850
kerstboom	850
tyson	850
reuzen	849
beleefdheid	849
verzorging	849
vermoeid	849
ingevuld	849
verkochten	849
sterrendatum	849
opvoeren	849
boe	849
sybil	849
heights	849
vreemder	848
joeg	848
operatiekamer	848
keen	848
series	848
nagedachtenis	848
nietes	848
externe	848
blanco	848
melody	847
verpletteren	847
verveeld	847
schets	847
prof	847
margot	847
ravi	847
princeton	847
kwetst	847
stelden	847
bakboord	847
aardappels	847
vergiftigde	846
ruige	846
orlando	846
potten	846
gladde	846
sollen	846
plaatsvond	846
eerbetoon	846
aapje	846
marketing	845
stokje	845
sleept	845
missouri	845
sluw	845
hoefden	845
aanrichten	844
vito	844
bruut	844
afsluiting	844
mietjes	844
mi	844
zakenpartner	844
hollis	843
gebrand	843
deskundige	843
schuil	843
hamptons	843
pr	843
mouwen	842
ingaat	842
aardappel	842
huilend	842
zuid-afrika	842
hechte	842
afvuren	842
roberto	842
cara	842
buizen	841
bewogen	841
pompoen	841
zebra	841
halleluja	841
communist	841
blaffen	841
kendall	841
gemarkeerd	841
raylan	840
communistische	840
chauffeurs	840
mcdonald	840
gedaald	840
mustang	840
leonardo	839
verdrijven	839
jt	839
citaat	839
emil	839
waterval	839
verbrande	839
entertainment	839
rodeo	839
premie	838
vertoning	838
neuzen	838
barton	838
castro	838
aanbetaling	838
overhaast	838
reporter	838
geluksvogel	838
muffin	838
marnie	837
granger	837
linus	837
vreedzaam	837
jarvis	837
chinatown	837
dimitri	837
beschaafde	836
reusachtige	836
jasmine	836
hok	836
hoekje	836
atoombom	836
ballard	836
impulsief	836
bezielde	836
molen	836
repareer	836
exclusieve	836
pupillen	836
achtervolgde	835
bijdehand	835
russo	835
opzichten	835
jaloerse	835
weeën	835
alma	835
tevergeefs	835
dex	834
garden	834
voodoo	834
auschwitz	834
terras	834
barkeeper	834
aquarium	834
dronkaard	834
maandenlang	834
holy	834
verstoppertje	834
trager	834
overspel	834
nicolas	834
volslagen	833
afwachting	833
aankoop	833
corey	833
samenstelling	833
souvenir	833
shampoo	833
werpt	833
aankunt	833
coulson	833
verhelpen	832
racistisch	832
real	832
rivaal	832
haaks	832
harmon	832
bigfoot	832
stomkop	832
kev	831
wand	831
afstandelijk	831
methoden	831
ginny	831
deksel	831
onzekerheid	831
opvrolijken	831
urenlang	831
verbied	830
getalenteerde	830
carolyn	830
technicus	830
toerist	830
geslikt	830
bedrading	830
niveaus	830
kortere	830
eigenschap	830
grill	829
anomalie	829
technici	829
ontsteker	829
vloeien	829
minderjarig	829
oogcontact	829
kunstenaars	829
teruggebeld	829
cdc	829
thuishoort	829
gegraven	829
ambtenaren	829
vormden	829
wonde	829
borstkas	829
juryleden	829
meldingen	828
kopiëren	828
wood	828
amigo	828
drugshandel	828
basisschool	828
aangemeld	828
charleston	828
vulkanen	827
kletst	827
vuisten	827
memorial	827
gekleurde	827
fanny	827
verwijdert	826
cheyenne	826
snack	826
reizigers	826
levensverzekering	826
getto	826
six	825
gips	825
15e	825
effe	825
samengesteld	825
terminal	825
regende	825
fubre	825
portaal	825
maanlicht	825
panama	825
sergei	824
beheer	824
gastvrouw	824
pion	824
arbeid	824
delia	823
licentie	823
spenderen	823
deelnemen	823
tori	823
reinigen	823
goeiedag	823
torens	823
verstoort	823
kiki	822
opzichte	822
x.	822
colby	822
arabieren	822
epidemie	822
echtscheiding	822
editie	822
boor	822
fire	822
reiziger	822
vergiftiging	822
plastische	821
mankracht	821
getrainde	821
primitief	821
instincten	821
bloedige	821
menens	821
stripclub	821
regenwoud	820
davey	820
dot	820
aftellen	820
bespaard	820
geschonken	820
orion	820
intimiteit	820
juichen	820
verwachtten	819
tariq	819
babysitten	819
vervang	819
kano	819
zomers	819
mest	819
verwisselen	819
langzame	819
slater	819
straatverbod	819
vrachtschip	819
gesneuveld	819
slijmen	819
netflix	819
hillary	819
verpleegkundige	818
speeksel	818
buggy	818
bespreek	818
volop	818
radicale	817
diarree	817
bediening	817
cubaanse	817
ongevoelig	817
doormaken	816
idealen	816
onkosten	816
antenne	816
geworpen	816
ruzies	816
varkensvlees	816
vergaat	816
dagenlang	816
dickie	816
opzichter	816
zwervers	816
toekomt	816
verspilde	816
middelste	815
handleiding	815
hachje	815
krat	815
meeneem	815
heiligen	815
indirect	815
ede	815
huisvrouw	815
fbi-agent	814
freaks	814
gronden	814
blues	814
aftrekken	814
vervangt	814
traint	814
robbins	814
opgaf	814
bommenwerpers	814
kramp	814
belangrijkere	814
pleeg	814
optredens	814
slachten	813
individuele	813
erlangs	813
bruikbaar	813
verstond	813
rice	813
charlene	813
hoffman	813
grijns	813
preken	813
omelet	813
baren	812
arrogantie	812
immigranten	812
barb	812
dijen	812
locke	812
brandend	812
kasten	812
stijlvol	811
never	811
regime	811
legden	811
slijm	811
platte	811
industriële	810
opstaat	810
grendel	810
eyes	810
ondraaglijk	810
ophef	810
weerwolven	810
punch	810
bakkerij	810
krokodillen	810
instellen	810
verwachte	810
verscheuren	809
cj	809
bespaart	809
roof	809
jeuk	809
karev	809
fouilleren	809
jongelui	809
tenten	809
fields	809
bars	808
blokkade	808
koreaanse	808
higgins	808
sovjet-unie	808
planken	807
verkoudheid	807
opkijken	807
layla	807
ontwikkelt	807
ontbrak	807
seksleven	807
struikelde	807
behoud	807
kleins	807
struiken	807
hara	806
huurder	806
bil	806
snake	806
pleeggezin	806
bevond	806
ongelofelijke	806
stern	806
antieke	806
wafels	806
opgelicht	806
hendel	806
schikken	806
mevr.	806
kortste	806
goed.	806
motorkap	805
janeliz	805
afspelen	805
aubrey	805
zenders	805
arnie	805
rivers	805
verliezers	805
beenderen	804
rechtzaak	804
lesbische	804
sirene	804
onbewust	804
aangeeft	804
kriebels	804
pleister	804
lazarus	804
hardlopen	803
kostschool	803
hiertoe	803
suurtje	803
verworpen	803
black-out	803
19e	802
t.j.	802
werkers	802
main	802
verraste	802
nuttigs	802
strike	802
verhinderen	802
tolk	802
advertenties	802
afbeelding	802
dierbaren	801
afgegeven	801
ziekenwagen	801
bloede	801
maagdelijkheid	801
terugdraaien	801
telefoongesprek	801
laken	801
bajes	801
beschavingen	801
brewster	801
leningen	801
foetus	800
plak	800
herb	800
partnerschap	800
greer	800
geëvacueerd	800
tablet	800
pinguïns	800
opleggen	800
dienstmeisje	799
sylvester	799
mot	799
wereldkampioen	799
etter	799
kereltje	798
beta	798
vormde	798
zodanig	798
geruild	798
tj	798
paneel	798
hazel	798
historie	798
aanraden	798
leder	797
gehaat	797
voorruit	797
cullen	797
puree	797
verveelde	797
harlem	797
telde	797
thorne	797
20e	797
glorieuze	797
loslaat	797
sarcasme	797
kouder	796
say	796
everett	796
po	796
scheurde	796
uitkwam	796
elektrisch	795
rolt	795
scout	795
riggs	795
ethel	795
nodigt	795
spoorweg	795
bezopen	795
versterkingen	795
meeging	795
opgevolgd	795
peacock	795
challenger	795
barcelona	795
smokey	795
automaat	795
i.	795
tennessee	795
cynisch	794
21e	794
schoolbal	794
hybride	794
rituelen	793
roodharige	793
betuigen	793
ziekten	793
stelling	793
huurders	793
straft	793
overeenkomen	793
kettingen	793
schooltijd	793
sabine	793
woordenboek	793
overwonnen	793
gewezen	792
vrolijken	792
loer	792
royce	792
strauss	792
ops	792
bestuurt	792
odin	792
column	792
head	792
verkies	791
opvang	791
organische	791
lizzy	791
felicia	791
paolo	791
cafeïne	791
geïrriteerd	791
sofa	791
coyote	791
nova	791
gunnen	791
ba	791
nageven	791
leroy	790
tomas	790
constance	790
bandiet	789
gossip	789
patienten	789
tardis	789
primaire	789
smeekt	789
inschenken	789
omarmen	789
ondankbaar	789
ingericht	789
minnaars	788
demo	788
toni	788
verscheidene	788
dubbelganger	788
argumenten	788
inventaris	788
tombe	787
artefact	787
ondeugend	787
giet	787
felle	787
lappen	787
geschud	787
r.	787
petitie	787
apache	787
psycho	787
speld	786
teri	786
prue	786
flauwgevallen	786
helling	786
vooroordelen	786
sensors	786
lozen	786
verwaand	786
pact	786
knock-out	786
gevangenissen	786
onsterfelijkheid	786
zondaars	785
ondermijnen	785
trol	785
algoritme	785
moffen	785
gevreeën	785
minimum	785
criminaliteit	785
schaak	785
hongkong	785
summers	785
johns	785
plezierig	785
levenslange	785
ban	785
kennismaking	784
rj	784
slagroom	784
frustratie	784
daarstraks	784
leila	784
gekte	784
reparatie	784
voorman	784
geloofwaardigheid	784
afwijkingen	784
stewardess	784
schenkt	783
conflicten	783
ames	783
becker	783
moedervlek	783
niemandsland	783
schoonmaakster	783
grappigs	783
mozart	783
haas	783
kathryn	783
wangen	783
schonk	783
puerto	783
scotland	782
proudly	782
bloedvergieten	782
devlin	782
halfjaar	782
labs	782
brussel	782
patat	782
columbus	782
cletus	782
krater	782
bekwaam	782
alberto	782
staarde	781
vasthield	781
ontvluchten	781
gomez	781
paardrijden	781
liberty	781
katy	781
veronderstelling	781
franks	781
wasmachine	781
informanten	781
steekwonden	781
stuurman	781
lavon	781
verkeert	781
ingestemd	781
negentien	781
elektronica	781
citeer	781
klimt	781
3e	780
bodyguard	780
bestonden	780
gerelateerd	780
gedoopt	780
natuurtalent	780
studeerkamer	780
marley	780
afdoen	779
operationeel	779
xavier	779
elliott	779
abbott	779
zwijgt	779
glimp	779
stations	779
louisa	779
naarmate	779
krot	779
woeste	778
gewaagd	778
ingevoerd	778
verdwalen	778
deep	778
law	778
fowler	778
impuls	778
dax	778
liefdesleven	778
uitgegaan	778
strippers	778
dreun	778
mercy	777
smeergeld	777
clare	777
allie	777
wing	777
verwennen	776
dance	776
afgedaan	776
uitverkorene	776
dyson	776
vermont	776
wissel	776
peru	775
tijdreizen	775
kwesties	775
oleg	775
valentijn	775
inbegrepen	775
toorn	775
naai	775
renden	775
alsmaar	775
scheten	775
stootte	775
slapende	775
kritisch	775
veroordeelt	775
swan	775
tropische	774
franz	774
belandt	774
duiden	774
carriere	774
experimenteren	774
groeiende	774
hippie	774
verkenning	774
sterrenpoort	774
groters	774
verhuizing	774
onoverwinnelijk	774
melvin	774
drop	773
eindjes	773
cameraman	773
ulds	773
stabiliseren	773
klikt	773
bezwaren	773
doorzetten	773
turken	773
aspect	773
wippen	773
august	773
volume	773
kaviaar	773
contacteren	773
graal	773
ontnemen	772
disney	772
zwakheid	772
moskee	772
tweedehands	772
spider	772
stafchef	772
geinteresseerd	772
aanraakte	771
zakte	771
gallagher	771
codenaam	771
bezem	771
tienen	771
visum	771
denton	771
bidt	771
viper	771
ada	771
virtuele	771
oprapen	771
brother	771
ontdaan	770
private	770
doodga	770
geanalyseerd	770
rahl	770
nablijven	770
kaken	770
montreal	769
ongeschikt	769
hengst	769
aanmoedigen	769
time-out	769
opslaan	769
vuurkracht	769
spa	768
aanhangers	768
bertram	768
opstel	768
referentie	768
besmetting	768
brighton	768
uitstapje	768
plaatsje	768
slotte	768
insigne	768
baat	768
assistenten	768
hoertje	767
ida	767
cyril	767
gezondigd	767
hoover	767
politieauto	767
aangebracht	767
kritieke	766
ongestraft	766
bleken	766
goldman	766
dichtst	766
chet	766
voorrang	766
omega	766
sollicitatie	766
singer	766
tao	766
specifieker	765
gedownload	765
vrijmaken	765
voltooien	765
candace	765
tonnen	765
release	765
scheidsrechter	765
shanghai	765
wantrouwen	765
omgang	765
margarita	765
dramatische	764
schatting	764
voorjaar	764
speet	764
zinloze	764
kings	764
lezers	764
imponeren	764
zendt	764
transformatie	764
singapore	764
meelopen	763
eigenaardig	763
teller	763
snuffelen	763
dolfijn	763
wolfe	763
oever	763
overweging	763
mexicaan	763
beat	763
eliza	763
schorsing	762
kerken	762
warenhuis	762
lokt	762
arresteert	762
binnenplaats	762
dove	762
veteraan	762
papegaai	762
proper	762
dunham	762
bevatte	761
ambities	761
kogelvrij	761
republikeinse	761
macho	761
flarden	761
zonneschijn	761
wrijf	761
hangar	761
hypnose	761
theodore	760
sylvie	760
organisch	760
ontmoetingen	760
rondrijden	760
horloges	760
ondankbare	760
linken	760
namaak	760
schroevendraaier	760
eminentie	760
reservering	760
riker	760
medici	759
misbruiken	759
ramirez	759
toveren	759
swat	759
abnormaal	758
mindy	758
indiase	758
strekken	758
hack	758
krachtiger	758
heft	758
stinkend	758
erachteraan	758
audities	758
muzikanten	758
bedreven	758
dezer	758
bloederige	757
vechters	757
gezondheidszorg	757
toegediend	757
inhuurde	757
aarzelen	757
verbiedt	757
kelso	757
rundvlees	757
zorgden	757
gepromoveerd	757
onaardig	757
rosen	757
vermoedens	756
kei	756
barbaren	756
quantico	756
begroef	756
plattegrond	756
erven	756
slikte	756
overtredingen	756
archieven	755
wis	755
bedelen	755
ondergedoken	755
fernando	755
boo	755
kleinkind	755
formele	755
verdediger	755
shepard	755
bevrijding	755
carroll	755
hoyt	755
pervers	754
vijfhonderd	754
farrell	754
meineed	754
aj	754
gabby	754
daddy	754
bereikbaar	754
prive	754
oplossingen	753
bakt	753
kuil	753
annalise	753
gelofte	753
ingegaan	753
case	753
dokken	753
music	753
turtle	753
bryant	753
imperium	752
onderscheid	752
wending	752
amulet	752
edna	752
bushalte	752
benoemen	752
geniale	752
gladys	752
leland	752
lastpak	752
gevangenschap	752
wethouder	752
dansers	751
assepoester	751
sluwe	751
schenden	751
kolonisten	751
toezien	751
doodgeslagen	751
amir	751
quetsbeek	750
teruggegeven	750
hollow	750
geleerden	750
sloerie	750
dirk	749
vloeren	749
studiebeurs	749
omweg	749
himmler	749
bijgeloof	749
parasieten	749
ijsland	748
cappuccino	748
opeisen	748
mon	748
verdwaalde	748
onacceptabel	748
oplopen	748
verstandige	748
buitenste	748
handvol	748
vermijd	748
string	748
verwarren	748
vooruitzicht	748
eigenaren	748
slachting	748
gewoonweg	747
fractie	747
sarcastisch	747
onderscheiding	747
amazone	747
verzwijgen	747
heh	747
spannen	746
ahmed	746
meren	746
buigt	746
geroosterd	746
gentleman	746
onopvallend	745
aanbood	745
lucia	745
mechanisme	745
magnetisch	745
gemotiveerd	745
schipper	744
landbouw	744
uitnodigingen	744
smalle	744
trio	744
vegetariër	744
indrukken	744
buckley	744
kruispunt	744
geweldpleging	744
kakkerlak	743
voorjou	743
landingsbaan	743
fae	743
dates	743
bijkomen	743
cement	743
uitstraling	743
kortom	743
crackers	743
lillian	743
nr.	742
ragnar	742
irina	742
krista	742
geplant	742
mellie	742
hr	742
crime	742
investeringen	742
dwarszit	742
drijf	742
strafbaar	742
werkplek	742
werkdag	741
horror	741
geneigd	741
lokte	741
bewees	741
visueel	741
wekt	741
akelige	741
uitzonderlijke	741
irrelevant	741
drones	741
yvonne	741
titanic	740
schoonmaak	740
overvallers	740
rodriguez	740
jojo	740
gastenlijst	740
bezetting	740
spreuken	740
hoesten	740
bessen	740
opslagplaats	740
plande	740
wegdoen	739
tegenhoudt	739
geoff	739
verknalt	739
atleet	739
dombo	739
ongezien	739
handicap	739
autorijden	739
gezochte	739
combineren	739
stockholm	739
myers	739
larson	739
strikken	738
stoornis	738
tuvok	738
tikje	738
landhuis	738
psychisch	738
shea	738
inbreuk	738
tikken	738
roscoe	738
versnelling	738
tin	738
vervalsen	738
buskruit	738
beheerder	738
prop	738
jaffa	738
nevel	737
geantwoord	737
rollins	737
schudt	737
domein	737
destiny	737
financiering	737
telefoneren	737
zwendel	737
buchanan	737
kutwijf	737
espresso	737
bluf	737
secret	737
compensatie	736
overname	736
ruimtes	736
premiejager	736
waters	736
barrière	736
burrito	736
bespelen	736
democratische	736
picasso	736
gebreken	736
gazon	736
hopper	735
saturnus	735
piet	735
sunny	735
startte	735
fossielen	735
merci	735
parochie	735
merkwaardig	735
verzeild	735
gaatjes	735
konijntje	735
uld	734
voetsporen	734
begeeft	734
verzenden	734
episode	734
christie	734
meters	734
soul	734
edwin	734
olga	734
cutler	734
praag	734
mondje	734
coco	734
treed	734
abbey	733
friet	733
magic	733
full	733
intense	733
ruben	732
geruststellend	732
stuiver	732
verwoesting	732
getipt	732
caffrey	732
sovjets	732
ongesteld	732
vlieger	732
giovanni	731
kloot	731
organiseert	731
divya	730
pedofiel	730
kinderkamer	730
cafetaria	730
gassen	730
strijdkrachten	730
binnenstad	730
verdrinkt	730
stapelgek	729
verjaardagen	729
honey	729
aangebroken	729
verpakt	729
toonbank	729
tap	729
jag	729
clint	729
gokje	729
onkruid	729
zac	729
sneden	729
shore	729
scheef	729
barrow	729
mariana	729
commerciële	729
eeuwenlang	728
jamaica	728
boffen	728
shots	728
paco	728
servers	728
denkend	728
mollen	728
hiv	728
reparaties	728
command	727
gerekend	727
ietsje	727
vitamine	727
aldoor	727
begroet	727
tuinen	727
zinvol	727
reclasseringsambtenaar	727
zelfbeheersing	727
voordoet	727
transacties	727
hekken	727
sing	727
oplichten	727
overvaller	727
isolatie	726
fitness	726
thuisbrengen	726
edison	726
prikkeldraad	726
verdienden	726
gerealiseerd	726
expertise	726
stiller	726
wereldje	726
capaciteit	726
neerstorten	726
vissers	725
bult	725
correctie	725
hoedje	725
seriemoordenaars	725
ongewenste	725
bug	725
werkend	725
geplukt	725
privéleven	725
opperbevelhebber	725
vijandelijk	725
forceren	725
horn	725
compagnon	725
hoogstens	725
seizoenen	725
metgezel	725
spektakel	725
dancing	724
mijnwerkers	724
cyanide	724
jp	724
diplomaat	724
parsons	724
roth	724
onweer	724
bewuste	724
koek	724
dobbs	724
navraag	724
peetvader	723
stabiliteit	723
vlaggen	723
wierp	723
second	723
beka	723
raul	723
eigenwijs	723
hayden	723
verlos	723
heftige	723
miljardair	722
blootstelling	722
voldaan	722
niettemin	722
weggevaagd	722
duurder	722
schoonzus	722
viv	722
handelingen	722
kaplan	721
blood	721
springer	721
cap	721
eervolle	721
corinne	721
gerend	721
delaney	721
pearson	720
opgefokt	720
labo	720
lingerie	720
interesses	720
zuivere	720
omkomen	720
journaliste	720
dev	720
rekruten	720
dolores	720
oord	720
meningen	720
voorganger	720
aanleggen	720
ontmantelen	720
tiran	719
sprakeloos	719
disneyland	719
ritchie	719
kopenhagen	719
rosy	719
daken	719
badjas	719
geverfd	719
spiritueel	719
daagde	719
opstarten	719
mummie	718
graaft	718
mcnally	718
sands	718
pearce	718
cold	718
ingeslikt	718
containers	718
lijsten	718
ahh	718
luchtruim	718
droogte	718
monique	718
dinosauriërs	717
peck	717
brock	717
playboy	717
hodges	717
zure	717
beroofde	717
kwetsbare	717
slaappillen	717
knipperen	716
ontwerper	716
kleermaker	716
ethiek	716
smurf	716
waagt	716
vulling	716
lasagne	716
zwijnen	716
uitwisseling	716
wekker	716
viking	716
muffins	716
doorsnijden	716
reeves	716
v.	716
rubberen	715
scènes	715
opsturen	715
erkend	715
reiken	715
herhaalt	715
shay	715
substantie	715
bonnetje	715
fornuis	715
denkbeeldige	715
stars	715
sul	715
filter	715
heterdaad	715
logeer	715
onnodige	715
allee	715
dougie	714
opgestuurd	714
gaby	714
opvalt	714
trust	714
kwellen	714
vluchteling	714
vleugje	714
fez	714
pootjes	714
rek	713
barker	713
rhonda	713
luidruchtig	713
groeiden	713
noordwaarts	713
jin	713
verveling	713
b.a.	713
scheen	713
verzorgt	713
16e	713
spotten	713
faculteit	713
verknoeid	712
bloedonderzoek	712
wegrijden	712
verwarde	712
gustav	712
gevat	712
dci	712
memphis	712
verhaaltjes	711
verzachten	711
luciano	711
gelost	711
weggekomen	711
kampioenen	711
derrick	711
slank	711
verzwegen	711
speculatie	711
onweerstaanbaar	711
bovenkant	711
verfrissend	710
schept	710
drummer	710
lult	710
auggie	710
kruistocht	710
linies	710
spectaculaire	710
buitenlander	709
slaperig	709
wijlen	709
adviseurs	709
godvergeten	709
rabbit	709
raadsels	709
handboek	709
machten	708
magneet	708
opperhoofd	708
alexandra	708
bruiloften	708
halsband	708
reikt	708
behoorde	708
jacuzzi	708
onderhandeling	707
gemenebest	707
usa	707
mabel	707
conway	707
triomf	707
ernaartoe	707
macy	707
metamorfose	707
weddenschappen	707
brunch	707
spijkers	707
drempel	706
anya	706
insuline	706
yu	706
vergelijkbaar	706
messias	706
dash	706
iers	706
stokken	706
vastberadenheid	706
schreeuwend	706
goor	706
petto	705
l.	705
dinges	705
rondleiden	705
salvo	705
rabbi	705
strategische	705
elektromagnetische	705
raines	705
oplichters	705
wilder	705
shop	705
concurrent	705
afvallen	705
norton	705
underwood	705
gezellige	704
afvraagt	704
migraine	704
beledig	704
mi6	704
gedaagde	703
rijtuig	703
legioen	703
deuk	703
heimwee	703
verhuren	703
doorgedraaid	703
flipte	703
verdreven	703
gemeten	703
masseren	703
stimuleren	703
luchten	703
benedict	703
tripp	703
lichtjaren	703
overwerken	702
koppels	702
weggejaagd	702
sonar	702
neutrale	702
gloednieuwe	702
opgezwollen	701
teruggestuurd	701
leukemie	701
parks	701
verwijderde	701
lat	701
athene	701
mokken	701
mechanische	701
hemzelf	701
roddel	701
allergie	701
huck	701
schepping	701
cedric	701
verbindingen	701
koopje	701
burgerlijke	701
taalgebruik	701
toom	700
obligaties	700
verdachts	700
weed	700
havens	700
zondaar	700
groot-brittannië	700
beproeving	700
award	700
gezagvoerder	699
lama	699
maagden	699
kijkend	699
organisaties	699
speaker	699
uitzonderingen	699
joanne	699
lok	699
maddox	699
beek	699
verbeeld	699
ventilator	699
beheert	699
family	698
stagiaire	698
cheese	698
uitzie	698
pine	698
gedeeltelijke	698
registreren	698
wiskundige	698
verhoogt	698
bewakingsbeelden	698
vetzak	697
juwelier	697
zigeuners	697
plaatsvindt	697
meedogenloze	697
pleidooi	697
madeleine	697
irriteren	697
beroeps	696
verbod	696
verknoeien	696
overbelast	696
lantaarn	696
proppen	696
gezuiverd	696
jacks	696
dustin	696
eileen	696
bankroet	696
civiele	696
lonnie	696
uitsterven	696
hilton	695
zuidelijk	695
voedde	695
deelneming	695
behagen	695
bentley	695
verdorven	695
geblazen	695
snik	695
inspecteren	695
introductie	695
heiligdom	694
handdruk	694
griffith	694
register	694
bestuurd	694
overgeslagen	694
kondigen	694
aanzienlijke	694
omkoping	694
voed	694
rommelig	694
kathleen	694
rosemary	694
irriteert	694
voorbeelden	693
aarzel	693
latte	693
gebombardeerd	693
veroordelingen	693
klussen	693
architectuur	693
beatles	693
sportief	692
schaakmat	692
doodmoe	692
geklopt	692
larsen	692
zeiken	692
gestationeerd	692
spookt	692
ds	692
uitsluitend	692
bea	692
formaat	692
sioux	692
puck	692
mascotte	691
entree	691
verwikkeld	691
stokes	691
ruiters	691
belazert	691
leun	691
verkenners	691
grootgebracht	691
toetsen	691
metropolis	691
münchen	691
afschrikken	691
injecties	691
leunen	691
precisie	691
mannelijkheid	691
zwerm	691
smart	691
hasj	690
beweer	690
mvr	690
devil	690
neergeslagen	690
ongevaarlijk	690
scheurt	690
fooien	690
domste	690
marcie	690
schadelijk	689
kistje	689
consul	689
titan	689
curry	689
zakenreis	689
viering	689
knapste	689
militie	689
slaapwel	689
vergrendeld	689
tolereren	689
siobhan	689
verzorg	689
rouge	689
voortdurende	689
f.	689
kratten	688
alarmnummer	688
aa	688
watts	688
krusty	688
overdoen	688
geprezen	688
jurisdictie	688
buenos	688
juweel	688
hoofdwond	688
nero	688
hologram	688
interventie	688
freeman	688
verzekeringen	687
procureur-generaal	687
zittend	687
cisco	687
afwijzing	687
verstikking	687
offensief	687
reanimeren	687
twaalfde	687
helderziend	687
rivera	687
aangerand	687
engeltje	687
hijs	687
zeurt	687
wilcox	687
onverantwoordelijk	687
inspireren	686
legendes	686
wilskracht	686
rekende	686
est	686
traditioneel	686
heerschappij	686
cheers	686
tuck	686
benaderde	686
riskeerde	686
lounge	685
liggend	685
burrows	685
verlengen	685
page	685
ontwijkt	685
herbert	685
ingesproken	685
beveiligingsbeelden	685
pascal	685
domoor	685
luiden	685
bedragen	685
zakgeld	685
enveloppe	685
permissie	684
verlovingsring	684
marshals	684
binnenlopen	684
functioneert	684
cox	684
ex-vriend	684
gaar	684
melbourne	684
doorgenomen	684
sauna	684
touchdown	684
office	684
gamma	684
baldwin	683
tribune	683
katya	683
w.	683
leeds	683
kalmte	683
inschakelen	683
ophield	683
opium	683
blauwdrukken	683
accepteerde	683
schuitje	683
binnengebracht	683
siegfried	683
viert	683
ietwat	683
omschrijving	683
graffiti	683
verneukt	682
houdini	682
uitvinder	682
binnengelaten	682
kruit	682
morty	682
liefdevol	682
delicate	682
roes	682
klinger	682
cipier	682
ontbinding	682
amos	682
puntjes	681
sluitingstijd	681
ingeschat	681
vervroegd	681
zeebodem	681
verhuisden	681
poets	681
geproduceerd	681
lorna	681
herhaaldelijk	681
oudjes	681
wijde	681
antarctica	681
nuttige	681
blah	681
garza	681
feel	681
bloei	681
omgebracht	680
temple	680
lomp	680
holle	680
parrish	680
lachend	680
thornton	680
gelinkt	680
genève	680
jappen	680
invalide	680
josef	680
ramona	679
bemanningsleden	679
tok	679
daagt	679
besturing	679
visite	679
piemel	679
bijstand	679
sound	679
benzinestation	678
witwassen	678
verhoorkamer	678
gefascineerd	678
onvolwassen	678
opdringen	678
noorse	678
miskraam	678
vastgoed	678
verwart	678
visitekaartje	678
intellectueel	677
magistraat	677
organisme	677
notitie	677
rapen	677
vermeende	677
rassen	677
section	677
vlakte	677
bat	677
onbereikbaar	677
definitieve	677
zessen	677
forest	677
opgedoken	677
rotdag	677
doeleinden	677
hoofdje	677
meekomt	677
neurale	677
bangkok	676
spoedgeval	676
tandpasta	676
erkent	676
pratende	676
duikboot	676
té	676
pi	676
janie	676
onaanvaardbaar	676
honderdduizenden	676
slade	675
adele	675
rene	675
rivalen	675
oplichting	675
scheermes	675
ontkende	675
ursula	675
opsporingsbevel	675
liza	675
verval	675
droger	675
verbrijzeld	675
tegenkom	675
ontmaskerd	675
makkelijkste	675
vervalste	675
profeten	675
break	675
ontbeten	674
overige	674
zelfmedelijden	674
gezogen	674
maîtresse	674
sea	674
kalinda	674
stipt	674
greppel	674
doodop	674
jubileum	674
dora	674
sultan	674
genereus	673
huwelijksnacht	673
aangekondigd	673
eekhoorns	673
beven	673
police	673
gilmore	673
justice	673
broekzak	673
registratie	673
liefdevolle	673
leela	673
waardige	672
voegt	672
nathaniel	672
ball	672
slingeren	672
onthult	672
trilt	672
pinguïn	672
catering	672
chirurgische	672
teleurstellend	672
verlosser	672
rillingen	672
lsd	672
gesaboteerd	672
schildpadden	672
spoort	672
body	672
i.d.	672
camouflage	671
serge	671
digitaal	671
marian	671
bankrekeningen	671
lolly	671
tactisch	671
middeleeuwen	671
poppy	671
swift	671
manipulatie	671
raadplegen	671
humeurig	671
telefoonboek	670
klauw	670
ginds	670
uiteindelijke	670
brunette	670
overeenstemming	670
jaarlijks	670
meisjesnaam	670
ontstoken	670
away	670
doordringen	670
verhullen	670
opmerken	670
polo	670
zogezegd	670
gesignaleerd	670
werp	670
rechtmatige	669
cks321	669
infrarood	669
lijve	669
vrijgeven	669
salazar	669
klaarkomen	669
bloeien	668
prescott	668
klaargemaakt	668
rampen	668
ontspanning	668
leent	668
koest	668
verstreken	668
gelegenheden	668
dikwijls	668
bedwingen	668
eureka	668
geleidelijk	668
gevulde	668
muggen	668
elisabeth	668
biljoen	668
wetend	667
freud	667
beschermende	667
luchtsluis	667
hens	667
vijven	667
races	667
bespraken	667
pokken	667
finish	667
zelfgemaakte	667
artistieke	667
ros	667
mits	666
wellington	666
buitenlands	666
obstakel	666
cruciale	666
constructie	666
levensvorm	666
jobs	666
dat-ie	666
kwijtraakt	666
salvatore	666
kusjes	666
wegbrengen	666
genootschap	666
sentimentele	666
berry	666
beaumont	666
microscoop	666
dublin	665
bubbelbad	665
factoren	665
argwaan	665
karaoke	665
marlene	665
odo	665
nalatigheid	665
chef-kok	665
betreur	665
titus	665
misleiding	665
breiden	665
achterkomen	664
riepen	664
toespraken	664
mank	664
rommelen	664
bloody	664
huurling	664
ming	664
beschermengel	664
bindt	664
speeltjes	663
fin	663
ondervraag	663
amusant	663
loopbaan	663
noel	663
aziz	663
trick	663
verdoet	663
muiterij	663
chick	663
loods	663
garth	663
buitenstaanders	663
randen	663
ijdelheid	663
gekwalificeerd	662
plannetje	662
bullock	662
verpakking	662
ompraten	662
nietig	662
vrucht	662
koppige	662
halsketting	662
bloedverlies	662
fraaie	662
individuen	662
ballistiek	662
voorzorg	662
maris	661
carlson	661
aanbrengen	661
vrijkomen	661
kerry	661
joepie	661
catalogus	661
ni	661
illusies	661
randolph	660
schilderde	660
verzamelaar	660
toedoen	660
gepost	660
pletter	660
sol	660
dwongen	660
gebroeders	660
compenseren	660
clifford	659
verwijst	659
kniel	659
nichols	659
blijvend	659
regan	659
sollicitatiegesprek	659
laatje	659
conor	659
foyle	659
moses	659
stereo	659
bekrompen	659
adler	659
zeemeermin	659
kortsluiting	659
handlangers	659
horse	659
tractor	659
marokko	659
scouts	659
starbuck	658
ijsberg	658
onvermijdelijke	658
driemaal	658
vergaderzaal	658
millennium	658
meyers	658
presidentiële	658
sheffield	658
fascinerende	658
mill	657
videoband	657
ares	657
verschonen	657
aanvielen	657
josephine	657
teer	657
herkomst	657
quiz	657
afvoer	657
britney	657
hawke	657
droevige	657
afgelast	657
chanteerde	656
maestro	656
verheven	656
durant	656
onsterfelijke	656
vulde	656
pitt	656
onderpand	656
doven	655
keur	655
indische	655
authentiek	655
getuigde	655
schepsels	655
aandeelhouders	655
onervaren	655
zoveelste	655
onderdanen	655
celeste	655
avon	655
glijdt	655
janine	655
opgegaan	655
onopgemerkt	654
onderschatten	654
radioactieve	654
sletten	654
familiebedrijf	654
rie	654
doorbrengt	654
onderbewustzijn	654
gebak	654
blussen	654
uitwerken	654
liggende	654
goal	654
rukker	654
schorpioen	654
watjes	654
rijmt	653
getuigenbescherming	653
geklaagd	653
jah	653
drager	653
haken	653
concurreren	653
uitverkoren	653
terugbelt	653
schudde	653
mad	652
conner	652
dictator	652
veerboot	652
promoten	652
geklaard	652
escort	652
farmer	652
jurist	652
makkers	652
toegebracht	652
opwindende	652
sisko	651
afkeer	651
woningen	651
overtroffen	651
hampshire	651
pol	651
dansje	651
reserveren	651
hokje	651
kameel	651
delgado	651
brass	651
vijfduizend	650
nadruk	650
pension	650
gemengde	650
blikjes	650
toevluchtsoord	650
afgevaardigde	650
zakendoen	650
macaroni	650
cause	650
dreigementen	650
genees	649
pracht	649
spanningen	649
kimberly	649
geraak	649
temperaturen	649
verwekt	649
supergirl	649
flesjes	649
kledij	649
kreupel	649
oei	648
overwinningen	648
soda	648
goeden	648
herten	648
barlow	648
verjaardagsfeestje	648
vernielde	648
gewikkeld	648
darling	648
sleur	648
gescand	648
gelijken	648
afstaan	647
geheimzinnige	647
mengsel	647
co	647
toegetakeld	647
academy	647
bluffen	647
mejuffrouw	647
oorbel	646
deense	646
gemorst	646
gemaakte	646
nl	646
dolblij	646
islamitische	646
ontroerd	646
echtpaar	646
loopgraven	646
ergers	646
golfbaan	646
charge	646
cupcakes	645
key	645
weerhoudt	645
wekenlang	645
toelating	645
sweeney	645
behoeden	645
particuliere	645
saloon	645
noodoproep	645
vertraagt	645
navigatie	645
beademing	645
prime	644
noordelijk	644
cordelia	644
doorgronden	644
verstrikt	644
vertrouwden	644
gemeenteraad	644
verbazingwekkende	644
bekenden	644
gerukt	644
lunchtijd	644
dwalen	644
forge	644
maxine	643
depot	643
draper	643
vorderingen	643
jaarboek	643
garrison	643
overstroming	643
magiër	643
waarschuwt	643
igor	643
ip	643
whitey	643
homie	642
nebraska	642
liu	642
gevoelloos	642
opheffen	642
onveilig	642
obstakels	642
racistische	642
berkeley	642
overtreffen	642
crabtree	642
dre	642
uitspraken	642
gezichtsherkenning	642
kwelling	641
ijskoude	641
superster	641
fiasco	641
óf	641
hoofdcommissaris	641
inktvis	641
voorspelde	641
besliste	641
vlooien	641
schoolhoofd	641
vuurtoren	640
uitgedaagd	640
spoorlijn	640
uitvoert	640
voorspellingen	640
abdul	640
behoeftes	640
schaars	639
gedeelde	639
servet	639
marionet	639
poe	639
scoorde	639
gewoonten	639
opgeladen	639
masturberen	639
swain	639
kado	639
eenhoorn	639
waargenomen	639
desert	639
identiteiten	638
begrafenissen	638
highway	638
where	638
citeren	638
braun	638
ewing	638
heroverwegen	638
gloed	638
mme	638
nine	638
grafsteen	638
duwtje	638
verdubbel	638
francesca	638
omzet	638
olijven	638
omslag	638
speeltuin	638
zongen	637
tamara	637
lt	637
stoorde	637
gepijpt	637
tiny	637
reptielen	637
lu	637
waterstof	637
afging	637
demonstreren	637
afzien	637
bombardement	637
mossad	637
bret	636
calder	636
privileges	636
nope	636
overnieuw	636
cirkels	636
schuift	636
atf	636
lak	636
zwaaide	636
onterecht	636
ultra	636
wijden	636
boerderijen	636
putten	635
formaliteit	635
dia	635
uitkering	635
borgsom	635
turbulentie	635
ooggetuigen	635
tomaat	635
grissom	635
sterrenstelsel	635
goudmijn	635
blaren	635
arsenaal	635
ouderdom	635
potentie	635
sluiting	635
ski	635
apotheker	634
afkomt	634
escobar	634
noodsignaal	634
ooms	634
mit	634
afdelingen	634
trekje	634
nucleair	634
handmatig	634
smal	634
cotton	634
ruïnes	634
verzekerde	634
afwerken	633
strikte	633
lem	633
lan	633
nl-vertaling	633
bobo	633
beschermend	633
kathedraal	633
installatie	633
ethische	633
oké.	633
irving	633
homoseksuele	633
garderobe	633
hooiberg	633
misgegaan	633
bacterie	633
vrijgevig	633
lina	633
cleopatra	633
zenuwstelsel	632
banger	632
haha	632
havana	632
iv	632
zichtbare	632
luisterden	632
bomaanslag	632
firewall	632
zetje	632
verslaggevers	632
ouderschap	632
immuunsysteem	632
ondertiteld	632
moira	632
dogs	632
muzikale	632
rel	632
cabe	632
annette	632
lupin	632
voorzorgsmaatregelen	632
dát	632
opvatten	631
pantser	631
bladen	631
toedienen	631
irritante	631
herriot	631
aanstelling	631
bevredigen	631
koester	631
dichte	631
telefonisch	631
branch	631
wijsmaken	631
arbeider	631
chow	631
meteoriet	631
gehangen	630
jozef	630
mild	630
trouwjurk	630
désirée	630
gekropen	630
klasgenoten	630
cuddy	630
strips	630
beschikken	630
sneu	630
kristen	630
papiertje	630
axel	630
ijskast	630
vrijwilligerswerk	630
misselijkheid	630
bubba	629
sdi	629
benauwd	629
hopeloze	629
mensenlevens	629
steele	629
kermit	629
aanpakt	629
weerzien	629
moretti	629
handvat	629
richtingen	629
belastingdienst	629
toer	629
melodie	628
losgeslagen	628
pip	628
kapotgemaakt	628
aanpassing	628
stoofpot	628
hospital	628
godsdienst	628
hackers	628
gesmeekt	628
spioneren	628
zeventig	628
bz	628
peilingen	628
goodman	628
veters	628
thunderbird	628
concurrenten	628
continenten	628
dring	628
interpretatie	628
jimbo	627
silva	627
koppeling	627
morales	627
rabbijn	627
shaggy	627
calorieën	627
chicken	627
cylon	627
omleggen	627
spanjaarden	627
staakt	627
upper	627
cesar	627
welpen	627
forrest	627
azen	627
doorhad	626
hanteren	626
novak	626
fulltime	626
voerden	626
zielsveel	626
achtbaan	626
investeerder	626
bijwonen	626
keurt	626
sox	626
zelfrespect	626
westkust	626
geëindigd	626
gieren	626
blanche	626
onofficieel	626
pluk	626
komiek	626
gloeiend	625
opbergen	625
cheeseburger	625
herschrijven	625
foley	625
verduren	625
verontrust	625
gordo	625
kindjes	625
parking	625
strange	625
bieder	625
oplichterij	625
lollig	624
gelovigen	624
geweldigs	624
huidskleur	624
kousen	624
rechtszaken	624
vastzat	624
geserveerd	624
heller	624
inwoner	624
bendeleden	624
cage	624
andie	624
terugkomst	624
flats	624
aspecten	624
sherwood	624
vervloek	623
aangemoedigd	623
navid	623
milady	623
gescheurde	623
fysica	623
yakuza	623
motorfiets	623
quagmire	623
flexibel	623
bash	623
ricardo	623
ro	623
atleten	623
achterwerk	623
schildert	623
klinische	622
vreemdste	622
vladimir	622
onklaar	622
voorschriften	622
centauri	622
petje	622
landgenoten	622
bewonderde	622
gehandicapt	622
bandensporen	622
berger	622
tegenop	622
minimale	622
vaartuig	622
afhouden	622
leigh	622
dichtdoen	622
aanvallers	622
revolutionaire	621
schotwonden	621
mededogen	621
patsy	621
kampvuur	621
bestelt	621
verkopers	621
scanners	621
kunsten	621
implantaten	621
organismen	621
vlad	621
kreupele	621
nijdig	620
howie	620
beveiligen	620
parel	620
milkshake	620
uitziende	620
suggereer	620
analist	620
dar	620
huls	620
verbijsterd	620
schietbaan	620
radioactief	619
rockster	619
staaf	619
meningsverschil	619
gehersenspoeld	619
overleefden	619
gronde	619
sirenes	619
sharp	619
acceptabel	619
doodeng	619
lux	619
jaguar	619
voortreffelijk	618
luchtaanval	618
salt	618
binnenhalen	618
rampzalig	618
respectloos	618
aanbid	618
meteoor	618
vijfentwintig	618
woordvoerder	618
vergezocht	618
mega	617
gedetailleerd	617
onwetend	617
vi	617
levenswerk	617
wasserette	617
gepassioneerd	617
desondanks	617
plichten	617
bevredigend	617
oakland	617
vlugger	617
verkloten	617
jfk	617
triootje	617
patton	617
stofzuiger	616
ergst	616
wilbur	616
meenamen	616
avondmaal	616
aorta	616
langdurige	616
strakker	616
knecht	616
nana	616
gemaskerde	616
bestudeer	616
onderkomen	616
dusty	615
aanvankelijk	615
gepoetst	615
bands	615
jd	615
schijven	615
wenden	615
revolutionair	615
bumper	614
loopjongen	614
vacature	614
laster	614
kade	614
levendige	614
eye	614
werf	614
hotch	614
aluminium	614
voorleggen	614
strik	614
overtreedt	614
verbazing	614
trotseren	613
stroop	613
aankijkt	613
janeway	613
vloed	613
spons	613
kosmos	613
coup	613
vuiligheid	613
notaris	613
cnn	613
verbaasde	613
camilla	613
hansen	613
inheemse	613
mcbride	613
geplande	613
heter	613
ananas	613
gezwollen	613
files	613
normandië	613
benji	613
cortez	613
isoleercel	613
tal	612
presidentschap	612
signalement	612
bieb	612
resterende	612
proosten	612
embryo	612
heropenen	612
gangpad	612
states	612
alvorens	612
bartlett	612
brutus	612
volgers	612
machinegeweer	612
voorbarig	611
afhakken	611
verkiest	611
instabiel	611
erectie	611
regionale	611
tantes	611
hoorns	611
pegasus	611
hartstocht	611
tweeduizend	611
passeert	611
inkopen	611
moleculen	611
routes	611
spijbelen	611
gemeenschappelijk	611
geavanceerd	611
remy	611
schrijfster	611
sein	611
piekeren	611
experimentele	611
hour	611
blaadjes	611
hoogtevrees	611
heengegaan	611
duo	611
nichten	610
aangelegd	610
onnozele	610
pieper	610
tai	610
volbrengen	610
moody	610
klikte	610
terugval	610
langsgekomen	610
aanrijding	610
powers	610
beestjes	610
bestellingen	610
vatbaar	609
lachertje	609
ingenieurs	609
schiep	609
aanvaardt	609
misgaan	609
overspoeld	609
wetgeving	609
uitermate	609
lus	609
oppositie	609
hades	609
bette	609
constable	609
pineut	609
koord	609
uitwisselen	609
wetsvoorstel	609
begrafenisondernemer	609
asbak	609
zwavel	609
haastig	609
mythologie	609
samson	609
clip	609
humphries	609
hook	609
basil	609
wandelende	608
kill	608
kendra	608
plechtig	608
samenstellen	608
kusten	608
bijkomende	608
troef	608
plakband	608
eetzaal	608
nabijheid	608
spijkerbroek	608
boei	608
onmisbaar	608
praktische	608
psychiatrie	608
duffy	607
trainde	607
channing	607
imitatie	607
wonderbaarlijke	607
galerij	607
omhulsel	607
agatha	607
cove	607
verteren	607
godzilla	607
misdaadplek	607
audio	607
hilda	607
symptoom	607
fraser	607
meubilair	607
omheining	606
collectief	606
weerzinwekkend	606
gemold	606
onbetaalbaar	606
biopsie	606
sympathiek	606
gulle	606
kris	606
vloeiend	606
kono	606
richardson	606
hammer	606
terechtkomen	605
aardigs	605
vennoot	605
bewoner	605
dirty	605
aanleg	605
sovjet	605
corrigeren	605
tegenspoed	605
weggingen	605
wyoming	605
tell	605
terughoudend	605
regeringen	605
pritchard	605
afhangt	604
vallende	604
beveiligingssysteem	604
benutten	604
blijdschap	604
schroef	604
israëlische	604
metal	604
vervagen	604
ziekelijk	604
zachary	603
frequenties	603
cade	603
morning	603
hanger	603
georges	603
patrouilles	603
uitbreiding	603
dominion	603
com	603
jongetjes	603
bankoverval	603
gemeentehuis	603
beging	603
capaciteiten	603
superieuren	603
richel	602
baantjes	602
schroeven	602
netwerken	602
tegenspreken	602
tegenstand	602
kever	602
verbeterde	602
lampje	602
free	602
ontdekkingen	602
lukas	602
landry	602
rugby	602
petey	602
ogden	602
lyla	602
opwekken	602
verzorgde	602
tube	602
harteloos	602
doorwerken	601
kersen	601
gebruiker	601
noedels	601
zweeft	601
vierkant	601
griezelige	601
ouden	601
comeback	601
verwelkom	601
opkwam	601
tussenbeide	601
lennon	601
schooldag	600
bookmaker	600
charmes	600
instemmen	600
ineen	600
receptioniste	600
jansen	600
opgelegd	600
patrouilleren	600
verzette	600
oerwoud	600
geluncht	600
flauwvallen	600
elegante	600
titels	600
jeugdgevangenis	600
schakelt	600
syd	600
sinbad	599
verlinken	599
emile	599
roest	599
baba	599
balletje	599
nice	599
mineralen	599
ui	599
verras	599
our	598
illegaals	598
herladen	598
linden	598
gestrand	598
rebekah	598
hola	598
versierd	598
zoeker	598
koraal	598
deborah	598
bambi	598
rauwe	598
afschieten	598
goeienavond	598
mc	598
driehonderd	598
mayonaise	597
viagra	597
mouse	597
wouden	597
sceptisch	597
schacht	597
beestje	597
mutatie	597
gloednieuw	597
schrammetje	597
borstvoeding	597
aanvoelen	597
proctor	597
filosoof	597
verziekt	597
milly	597
zwerven	597
proefwerk	597
kras	597
korst	597
betoverend	597
pronken	596
wachtlijst	596
bohannon	596
romance	596
noord-amerika	596
augurken	596
zonnen	596
morgana	596
malaria	596
helpe	596
vernieling	596
overleving	596
karwei	596
traan	596
havik	596
siberië	595
onderwijzen	595
kammen	595
kutje	595
decennium	595
fragmenten	595
tex	595
onvindbaar	595
dommer	595
groetjes	595
rocco	595
geselecteerd	595
jr.	595
eland	595
groeven	595
protocollen	595
romans	595
bezetten	595
big0bertha	595
bijkomt	594
moederschip	594
orakel	594
pestkop	594
blaft	594
bofkont	594
gedonder	594
ezels	594
donner	593
shoppen	593
atomen	593
veldslag	593
praktijken	593
strategisch	593
hoofdbureau	593
jw	593
trixie	593
vuurde	593
gibbons	593
omgezet	593
narigheid	593
onbruikbaar	593
benadrukken	592
valium	592
geschrapt	592
luchtpijp	592
son	592
snuiven	592
duurste	592
cate	592
bladzijden	592
lowe	592
lobos	592
ikke	592
athena	592
toevertrouwd	591
atelier	591
getuigenbank	591
onderhandelaar	591
sync.	591
nadoen	591
zometeen	591
syfilis	591
afgevaardigden	591
losser	591
hogan	591
aannemelijk	591
excellent	591
tweelingbroer	591
drugsdealers	591
weghouden	591
moleculaire	591
psychiatrisch	590
gestikt	590
zenuw	590
reep	590
hieronder	590
quark	590
verrekijker	590
prepaid	590
aankomende	590
exotisch	590
louter	590
bonnen	590
acute	590
zegevieren	590
werven	590
dudley	590
need	590
alfabet	590
eduardo	590
perverse	590
commanderen	590
kalmeert	590
pennen	589
piepen	589
inkomend	589
loyale	589
intensive	589
erwten	589
klassen	589
oekraïne	589
vindingrijk	589
zalf	589
flikkers	589
populairste	589
arturo	589
solliciteren	589
noord-korea	589
sneeuwstorm	589
strandhuis	588
leveranciers	588
deo	588
metingen	588
caldwell	588
terri	588
overviel	588
eeuwenoude	588
stabiele	588
hyena	588
doorboord	588
petrus	588
onderdrukking	588
barclay	588
uitzitten	588
casper	588
rund	587
mcnamara	587
a.j.	587
fokken	587
wederzijdse	587
milhouse	587
flyer	587
singh	587
claimen	587
worstelt	587
drastisch	587
margo	587
regelrecht	586
hersentumor	586
huiszoeking	586
ongekende	586
ijdel	586
bloederig	586
inladen	586
afgegaan	586
belemmering	586
artefacten	586
klooien	585
levi	585
ontvoeringen	585
armand	585
kennissen	585
ade	585
instructeur	585
nullen	585
patent	585
diesel	585
essay	585
rain	585
vreedzame	585
cafe	585
voordien	585
hippe	585
con	585
lezingen	585
ruimt	585
unaniem	585
ne	585
perron	584
jaime	584
cecil	584
sterkere	584
joanie	584
gerechtshof	584
hardware	584
belfast	584
verdeel	584
mussolini	584
myka	584
kernwapens	584
zendertje	584
polsslag	584
davenport	584
tiet	584
kristin	584
ontruimen	584
beeldje	584
mildred	584
burgess	584
python	584
gillian	584
legitieme	583
consult	583
bevind	583
vergaderen	583
racisme	583
hernandez	583
verjagen	583
orson	583
pretty	583
zot	583
tyr	583
dubai	583
rechtsgang	583
maarje	583
verschrikkelijks	583
kraaien	583
vandalisme	582
penn	582
flanders	582
markham	582
ping	582
nieuwelingen	582
edelen	582
behoor	582
vrijgekomen	582
invoeren	582
vakanties	582
callahan	582
peel	582
filmde	582
joss	582
nottingham	582
trompet	582
betreuren	582
stikstof	582
zwakheden	582
derby	581
chimpansees	581
falcon	581
dixie	581
flyers	581
verspreidde	581
samenzijn	581
gebraden	581
eruitzien	581
verstikt	581
vrolijker	581
yup	581
waarnemen	581
echtwaar	581
ruis	581
onwettig	581
rovers	581
knopje	580
kennende	580
bajor	580
mystieke	580
inzoomen	580
rimpels	580
manu	580
slocombe	580
waartegen	580
voorvaderen	580
steentje	580
gekste	580
achterstevoren	580
keuren	580
columbo	579
verplichte	579
dergelijk	579
venezuela	579
instort	579
aanmelden	579
afgehaald	579
vruchtbaar	579
bink	579
legendarisch	579
langston	579
drukker	579
zoo	579
hemelen	579
doeken	579
boeman	579
only	579
matrozen	579
hoerenzoon	578
ontelbare	578
verknal	578
zwart-wit	578
herrijzen	578
kansloos	578
bas	578
verzwijgt	578
explosieve	578
building	578
xtc	578
tippen	578
leanne	578
zigeuner	578
ingrediënt	577
dimensies	577
ongemerkt	577
va	577
informeer	577
original-serie	577
rietje	577
tafeltje	577
opdook	577
op.	577
chopper	577
banket	577
toiletpapier	577
hospik	577
verminderd	577
sicilië	576
afmaakt	576
laurent	576
mindere	576
kader	576
bluebell	576
achterhaald	576
busstation	576
gepaste	576
overlast	576
toevlucht	576
richtlijnen	576
plezieren	576
krimpen	576
mediteren	576
bovenal	576
tsunami	576
medeplichtigheid	576
huisarts	575
veelbelovende	575
academische	575
rechtssysteem	575
spontane	575
mijden	575
england	575
picknicken	575
veronderstellen	575
tilt	575
wandelt	575
honderdduizend	575
duikers	575
terugkwamen	575
strijde	575
mai	575
essex	575
verbitterd	575
zonk	575
ziggy	575
afbranden	575
delegatie	575
elektronisch	574
verdubbeld	574
trage	574
mikken	574
toegankelijk	574
frame	574
maalt	574
overgrootvader	574
lunchpauze	574
telling	574
stink	574
badpak	574
jakkes	574
cosmo	574
besluipen	573
zuidwaarts	573
liefdes	573
omaha	573
processen	573
verbrak	573
nakomen	573
implantaat	573
yen	573
17e	573
ondervraagt	573
oprichter	573
brit	572
trad	572
christmas	572
luidspreker	572
aanspraak	572
gekweld	572
uitgepakt	572
gijzeling	572
berooft	572
damian	572
appeltaart	572
scooby	572
yorkshire	572
jameson	572
voorziet	572
chillen	572
telefoonnummers	572
dimmen	572
fischer	572
orgie	572
aanvoelt	571
nassau	571
alledrie	571
inbrengen	571
overgemaakt	571
nageslacht	571
popelen	571
double	571
neerbuigend	571
uitvechten	571
moppie	571
pittige	571
aanbiedingen	570
sleutelbeen	570
kwartaal	570
andreas	570
wasbeer	570
larkin	570
volstaan	570
speculeren	570
poesjes	570
petra	570
sec	570
waarmaken	570
bess	570
hamlet	570
doorhebben	570
kubus	570
massale	570
achterkamer	570
hulk	570
gynaecoloog	569
verste	569
dij	569
plot	569
hawks	569
howe	569
begane	569
verslaafden	569
timmerman	569
intellectuele	569
geraakte	569
presidenten	569
hiro	569
gruwel	568
mooiere	568
sneeuwt	568
sweater	568
bing	568
mensenrechten	568
darrin	568
vereiste	568
schorsen	568
onprofessioneel	568
voedselvergiftiging	568
beroemdste	568
opwarming	568
tongen	568
stralend	568
gokt	567
rondneuzen	567
micah	567
kwik	567
geloften	567
schakelde	567
laste	567
kijkcijfers	567
ori	567
rugdekking	566
prikt	566
marisol	566
aneurysma	566
mckinley	566
blijvende	566
uncle	566
snijwonden	566
klaarblijkelijk	566
woo	566
geboortedatum	565
deeg	565
wilma	565
harding	565
gunnar	565
doorreis	565
enron	565
stomste	565
ijsberen	565
overschreden	565
knus	565
inzitten	565
distributie	565
toegepast	565
onderling	565
connors	564
geuren	564
onderteken	564
drugsverslaafde	564
euhm	564
misten	564
beschikt	564
jericho	564
tito	564
sandwiches	564
kietelt	564
gerapporteerd	564
prullenbak	564
willa	564
gezegt	564
raf	564
bevriest	564
uitbreken	564
vrijgezellen	564
sunshine	564
neelix	563
faye	563
identificeerde	563
trappenhuis	563
durende	563
choi	563
keiharde	563
erfgoed	563
reddingsteam	563
alledaagse	563
geplunderd	563
uitwerpselen	563
hamster	563
schooier	563
breien	563
plateau	563
nochtans	563
mackey	563
noordoosten	563
waste	563
samoerai	563
science	563
passende	562
dienstmeid	562
karretje	562
sparky	562
afstanden	562
gecremeerd	562
story	562
verbluffend	562
odessa	562
suzy	562
bevooroordeeld	562
abnormale	562
uitdrukken	562
ambt	562
ripley	562
middellandse	562
stamboom	561
nobelprijs	561
jace	561
wandelde	561
please	561
poseren	561
istanbul	561
fergus	561
smeert	561
payne	561
ongehoorzaam	561
verwende	561
garnaal	561
toekomen	561
universiteiten	561
uithaalt	561
kijker	561
oorlogsheld	561
grimes	561
verschaffen	561
stagiair	561
bediend	561
mako	561
turbo	561
leugendetector	561
parket	560
trollen	560
overlijdt	560
jarod	560
specialisten	560
voorschrijven	560
bezorger	560
voorstander	560
kredietkaart	560
gieten	560
kneep	560
tienduizenden	560
lieftallige	560
gemaild	560
aanschouwen	560
ministers	560
bev	560
tovenaars	560
terugbrengt	560
terzijde	560
schelp	560
fundamentele	560
verongelukt	560
soap	560
proeft	559
slogan	559
slakken	559
klusjesman	559
keating	559
baasje	559
norfolk	559
nakomelingen	559
genomineerd	559
stuipen	559
french	559
santana	559
mouth	559
vechtend	559
heelhuids	559
wier	559
postzegels	559
journalistiek	559
gebruikers	559
voorgelogen	558
oosterse	558
eisenhower	558
huurauto	558
volstrekt	558
ruiten	558
casanova	558
dodd	558
onderzeeërs	558
inneemt	558
car	558
explodeerde	558
bbc	558
horace	558
darlene	558
negentig	558
lanceer	558
sedan	558
dorian	558
helse	558
levensverhaal	558
inbrekers	558
geroken	558
smallville	557
christelijk	557
bestelen	557
onderduiken	557
ongeboren	557
instellingen	557
cornell	557
aanzet	557
verdrink	557
gedetailleerde	557
12e	557
machinegeweren	557
hampton	557
replica	557
identieke	557
happen	557
plantage	557
pretpark	556
j.j.	556
smid	556
afschudden	556
smiley	556
annabelle	556
jacky	556
lulkoek	556
flank	556
universele	556
beweerd	556
navel	556
vertaal	556
onjuist	556
kil	556
kenzi	556
manicure	556
goliath	556
verhoging	556
bligh	556
roberta	556
ploegen	556
paso	556
radicaal	556
toepassen	556
gekletst	556
zeerste	556
manipuleert	555
waakzaam	555
gezegende	555
hypothese	555
ferris	555
adembenemend	555
kees	555
terugpakken	555
onwijs	555
wegjagen	555
meng	555
vloeit	555
afgezaagd	555
koolstof	555
mcqueen	555
poos	555
jodie	555
bewonderenswaardig	554
ringo	554
warmen	554
bestormen	554
doormidden	554
tepel	554
vertegenwoordigd	554
bekeren	554
seksualiteit	554
nathalie	554
dwarsbomen	554
heenging	554
overhand	554
stomdronken	554
crawley	554
glans	554
loonlijst	554
leidden	554
nederlands	554
oui	554
stang	554
afgehakt	553
gisternacht	553
jeukt	553
ambrose	553
patti	553
spears	553
onzekere	553
opsteken	553
ipod	553
afweten	553
nachtkastje	553
bijles	553
voorwaardelijke	553
zinkt	553
gestreden	553
kuikens	553
oja	553
mandje	553
transformeren	553
greintje	553
dansende	553
bv	553
infrastructuur	553
aankloppen	553
hamburg	553
clubhuis	552
zuidwesten	552
georgetown	552
showtime	552
rolde	552
chakotay	552
penarie	552
onvergeeflijk	552
fidel	552
primeur	552
jakob	552
staatspolitie	552
hubert	552
nimmer	552
chevy	552
amandelen	552
papi	552
gaston	552
pup	552
schroot	552
wonderland	552
hijsen	552
handige	551
karakters	551
botste	551
alistair	551
bankiers	551
datzelfde	551
inspector	551
geplakt	551
verduistering	551
gezichtje	551
hebberig	551
borstel	551
gekopieerd	551
ijsjes	551
monden	551
opereert	551
aanraak	551
koran	550
casa	550
a-team	550
mp	550
evenementen	550
block	550
zwaan	550
aanblik	550
weir	550
mom	550
jem	550
besmette	550
gluiperd	550
moordende	550
paragraaf	550
verkoos	550
populatie	549
nieuw-zeeland	549
benul	549
ellebogen	549
balk	549
verstoring	549
binnendringen	549
poole	549
parallel	549
aandrijving	549
birkoff	549
bespeeld	549
rad	549
verwaarloosd	549
beseften	549
idaho	549
niko	549
vasquez	549
scottie	549
verraderlijke	549
dickens	549
eiser	549
scofield	549
uitleveren	549
verkenner	548
hergroeperen	548
synthetische	548
maigret	548
simpeler	548
glimmende	548
weerloos	548
rica	548
rygel	548
cutter	548
donaties	547
bombardementen	547
newport	547
jeffries	547
emmy	547
toepasselijk	547
ophelderen	547
sensor	547
brochure	547
veeleisend	547
scherven	547
ontsnapten	547
belgische	547
blade	547
gefotografeerd	547
hoofdweg	547
alligator	547
everest	547
lemmet	547
olsen	547
moedigen	547
zwakken	547
boeket	547
oefent	547
stonk	547
hakt	547
gevangengenomen	547
jolly	547
republikein	547
eskader	547
klaarlichte	546
cromwell	546
ethisch	546
mok	546
huurmoordenaars	546
bene	546
aktetas	546
apaches	546
katholieken	546
inging	546
ondersteunt	546
rafael	546
evalueren	546
vellen	546
gemiste	546
memoires	546
sterrenstelsels	546
plast	546
fury	546
dansten	546
bereikten	546
anatomie	546
c.j.	546
voortvluchtig	546
forbes	546
viespeuk	546
uitsteken	545
uitsmijter	545
gesmokkeld	545
sterfgevallen	545
herenigd	545
vreemdgaan	545
stapels	545
strippen	545
onvoorwaardelijk	545
soortgelijke	545
vingernagels	545
opgebeld	545
tarief	545
sedert	545
huize	545
uitgespookt	544
zitje	544
liegende	544
bendelid	544
achtervolg	544
kachel	544
locale	544
verlamming	544
psychopaten	544
gebaren	544
activa	544
omzetten	544
download	544
zonnig	544
volt	543
superieure	543
anus	543
geklommen	543
lucius	543
autodiefstal	543
printer	543
parttime	543
optocht	543
me.	543
aanzit	543
nabestaanden	543
psych	542
charming	542
topper	542
mar	542
ladingen	542
sinatra	542
soft	542
kluns	542
zakjes	542
geschriften	542
biljet	542
aura	542
herpes	542
deelnemer	542
motors	541
lodge	541
zoende	541
vijandigheid	541
flauwe	541
opmars	541
diva	541
divisies	541
schuilkelder	541
kippenvel	541
waanzinnige	541
kindermeisje	541
noodzakelijke	541
verwanten	541
musketiers	541
dagboeken	541
tesla	541
doodvonnis	540
benodigde	540
biografie	540
parallelle	540
kuuroord	540
verslinden	540
ocean	540
diskrediet	540
thuiskom	540
huiskamer	540
opzeggen	540
meedelen	540
trofeeën	540
kinky	540
ijstijd	540
verbreek	540
verknalde	540
asher	540
oppervlakkige	539
overgestoken	539
opgaat	539
gareth	539
sa	539
geronimo	539
wemelt	539
overgeeft	539
feestmaal	539
fotografie	539
verfijnd	539
journaal	539
annuleer	539
ernesto	539
hallucinatie	538
por	538
vereffenen	538
manson	538
ness	538
driedubbele	538
smijt	538
berichtjes	538
dominante	538
dominique	538
herdenking	538
ontwierp	538
sterrenschip	538
aansprakelijk	538
bouwplaats	537
superhelden	537
privé-leven	537
arlene	537
woog	537
gruber	537
terugkrijgt	537
helicopter	537
fe	537
stopzetten	537
aanbidt	537
neutraliseren	537
gerechtvaardigd	536
incisie	536
cast	536
filmt	536
verschilt	536
rendieren	536
boetes	536
vervuiling	536
hints	536
fda	536
opvallende	536
verstoten	536
estelle	536
bubbels	536
healy	536
bestudeert	536
overgelopen	535
sunset	535
bartowski	535
eigenhandig	535
plastisch	535
sst	535
ronny	535
squashy06	535
beslissende	535
un	535
uitlaat	535
genieën	535
fiches	535
os	535
blondine	535
rowan	535
discriminatie	535
meneertje	535
voortbestaan	535
tibet	534
allerlaatste	534
privilege	534
brownies	534
antonius	534
schoonmaker	534
verrassende	534
arabier	534
genesis	534
onderworpen	534
bonjour	534
blunder	534
wangedrag	534
eik	534
afbeeldingen	534
supervisor	534
onlogisch	534
voorspelt	534
krullen	534
broodrooster	533
doorbracht	533
davina	533
beleg	533
cakejes	533
donkerder	533
juice	533
chillywitch	533
uitgelachen	533
buffer	532
beef	532
addertje	532
levensgevaarlijk	532
slechtere	532
baksteen	532
gelijkheid	532
usb-stick	532
pijnloos	532
identificeer	532
virussen	532
wroeging	532
weren	532
vancouver	532
handeling	531
rhys	531
angstaanjagende	531
dromer	531
verteerd	531
meebracht	531
spreker	531
padvinder	531
prikkelbaar	531
vu	531
cahill	531
mother	531
bloedneus	531
videospelletjes	531
gedoucht	531
reuben	531
vurige	530
opwinden	530
passage	530
sites	530
alpen	530
gekaapt	530
offline	530
omdoen	530
deurbel	530
uitbuiten	530
aanstaat	530
tirannie	530
mensenleven	530
knijpt	530
schokken	530
achterhouden	530
schommel	530
wesen	530
bright	530
comedy	530
ijsthee	529
accuraat	529
darby	529
gaje	529
sociopaat	529
ontspant	529
flirtte	529
bochten	529
uitga	529
soa	529
thad	529
uithouden	529
hedendaagse	529
lijkschouwing	529
clem	529
esteban	529
gegil	529
helga	529
aandachtig	529
elle	529
geplet	529
betrek	529
weeg	529
breekbaar	529
running	529
transmissie	528
zwom	528
reconstructie	528
testte	528
zonnetje	528
ronduit	528
lijfwachten	528
inzit	528
legen	528
verspreiding	528
bloedtest	528
organiseerde	528
puls	528
afwassen	528
vista	528
misbruikte	528
ta	528
behalen	528
snot	528
ballerina	527
bevrijdt	527
energiebron	527
delicaat	527
binnengedrongen	527
verhuurd	527
kooien	527
ik-	527
hippies	527
varkentje	527
schatkist	527
mira	527
gewisseld	527
log	527
ondeugende	527
signeren	527
chung	527
hoopvol	527
uiteinde	526
ongebruikelijke	526
afbetalen	526
brouwerij	526
gepensioneerd	526
inzake	526
verscholen	526
kroning	526
aangetoond	526
smullen	526
psychose	526
materieel	526
pandora	526
twijfelachtig	526
meebrengt	526
carmine	526
luipaard	526
su	526
gespeld	526
toegangscode	526
kaneel	526
loont	526
connell	526
rechtzaal	526
tsaar	525
tru	525
play	525
linkshandig	525
prentiss	525
forum	525
rukt	525
zwembroek	525
erf	525
wegrotten	525
afneemt	525
whitman	525
sacramento	525
concentreert	525
verlangde	525
murph	525
overnam	525
aders	525
faciliteiten	525
beleefde	525
databank	525
afslachten	524
algen	524
aangaande	524
operations	524
communisme	524
parkeerterrein	524
j.r.	524
eveneens	524
delilah	524
aangeboren	524
dinsdagavond	524
boterhammen	524
luide	524
verjaardagscadeau	524
mystique	524
muze	524
nootjes	524
tyfus	524
ale	523
gekheid	523
geslepen	523
tea	523
stieren	523
kraak	523
vroedvrouw	523
valk	523
langsgaan	523
markeren	523
kraai	523
interactie	523
could	523
getraumatiseerd	523
reflexen	523
ya	523
onnatuurlijk	523
roeren	522
sinaasappelsap	522
lowell	522
zelda	522
branche	522
doekjes	522
ashton	522
lone	522
romero	522
meningsuiting	522
uitgave	522
bono	522
opgraving	522
afkickkliniek	522
loste	522
organiseer	522
meppen	522
veiligheids	522
landelijke	522
mystic	522
broccoli	522
uitschrijven	522
weggegeven	522
carlisle	522
infecties	522
simpsons	522
krijgsgevangenen	522
kookte	521
bezuinigen	521
overweldigd	521
farmaceutische	521
garandeert	521
gel	521
spaart	521
daarnaar	521
`n	521
voorproefje	521
goodwin	521
etiket	521
milwaukee	521
dodencel	521
bazig	521
elfen	521
kwijlen	521
volhoudt	521
bestuurde	521
tully	521
vastgezet	521
roxton	521
achterbakse	521
vechtpartij	521
koperen	520
renbaan	520
heldin	520
wijziging	520
reflectie	520
traumatische	520
ko	520
verdenk	520
reserves	520
ademde	520
ééntje	519
slak	519
fluister	519
marcia	519
fitch	519
bellamy	519
judd	519
graves	519
basketballen	519
palermo	519
saga	519
verjaardagsfeest	519
mcgarrett	519
merrick	519
penicilline	519
moreno	519
feng	519
vergoeden	519
kevers	519
plutonium	519
robertson	519
weiss	519
dahlia	519
héél	519
thatcher	519
injecteren	519
jat	518
achterwege	518
talyn	518
mi5	518
gesprekje	518
lastpost	518
overplaatsen	518
cello	518
ondertekende	518
meegekomen	518
verkeerscamera	518
ontrafelen	518
brutaliteit	518
skywalker	518
vermindert	517
afgezant	517
doorgaans	517
lenzen	517
verwijzen	517
onbekenden	517
teder	517
teddybeer	517
bespot	517
uitwissen	517
volmacht	517
dierlijke	517
compton	517
optimisme	517
gecompliceerde	517
hornblower	517
dunbar	517
versies	517
patiënte	517
gegokt	517
luiken	517
catastrofe	517
onverklaarbare	517
bok	517
intersect	517
ingepikt	517
teyla	516
domheid	516
ongekend	516
salsa	516
donderdagavond	516
willard	516
postbus	516
treuren	516
officiers	516
weggerend	516
wijzigingen	516
marx	516
indenken	516
afspeelt	516
richter	516
gelokaliseerd	516
aaien	516
lipstick	516
zhaan	516
sinaasappel	516
douches	516
gekidnapt	516
selma	516
sappige	515
sergeant-majoor	515
regeert	515
logen	515
krypton	515
vochtige	515
mayo	515
jongeheer	515
octopus	515
antidepressiva	515
crashen	515
voorhand	515
dopen	515
herbouwen	514
wijngaard	514
brandschoon	514
gebleken	514
inch	514
kruk	514
egyptenaren	514
inspireert	514
mission	514
voortgang	514
hartley	514
snoeren	514
groef	514
oi	514
kappa	514
gabriël	514
aanneem	514
blokkeer	513
sos	513
think	513
waarneming	513
expositie	513
glass	513
zelfingenomen	513
gemoord	513
gaines	513
besmetten	513
wapenhandelaar	513
sappig	513
veldwerk	513
slippers	513
beloofden	513
pluto	513
della	513
gerechtsgebouw	512
rafe	512
14e	512
gefinancierd	512
inspecteurs	512
schoolfeest	512
franny	512
schijnwerpers	512
familienaam	512
farnon	512
army	512
vergaren	512
darla	512
attractie	512
scheids	512
rourke	512
dina	512
krankzinnigheid	512
ventilatie	512
instorting	511
twist	511
carnaval	511
werner	511
canadezen	511
pinnen	511
naderhand	511
staatssecretaris	511
transporter	511
glimlacht	511
ditmaal	511
studentenhuis	511
chronische	511
gebeurden	511
inschatten	511
nikkers	511
buckingham	511
meloen	511
braaksel	511
5e	511
sterkers	510
dijbeen	510
buikje	510
brandhout	510
appeltje	510
warschau	510
arkady	510
arlo	510
erotische	510
bloedcellen	510
liverpool	510
naaide	510
continue	510
clary	510
creativiteit	510
bekers	510
merendeel	510
donkerste	510
zomerkamp	510
loze	509
terugvechten	509
i-ik	509
felicitaties	509
doodziek	509
afbetaald	509
gierig	509
onrechte	509
dna-test	509
temmen	509
gymzaal	509
smaakte	509
boezem	509
manifest	509
kietelen	509
barones	509
nieuwsgierige	509
amusement	509
jekyll	509
alejandro	509
kang	509
geketend	508
emilio	508
bewonderd	508
tegenaanval	508
reconstrueren	508
vete	508
airconditioning	508
dichten	508
meegedaan	508
blinddoek	508
overtuigt	508
uitgekeken	508
ganzen	508
quincy	508
vastgezeten	508
weekendje	508
hearst	508
vastmaken	508
halsslagader	508
voight	508
slachthuis	507
griff	507
il	507
capone	507
onmenselijk	507
uploaden	507
gejuich	507
bewegende	507
anubis	507
junkies	507
afkorting	507
garanties	507
wijfje	507
nemo	507
roulette	507
voorafgaand	507
verovering	507
hersenletsel	507
radeloos	507
lidmaatschap	507
fakkel	507
subtiele	507
tussendoor	507
regelmatige	507
palestina	507
verplaatste	507
indicatie	507
spreid	507
georgina	507
afzender	507
azijn	506
verzwakken	506
spirit	506
kerstcadeau	506
herleven	506
starling	506
verrekt	506
hulzen	506
cbi	506
ordinaire	506
weegschaal	506
toespreken	506
horde	506
flores	506
interesseerde	506
ongezond	506
moordaanslag	506
aires	506
zwakste	506
drijvende	506
noordwesten	506
spannender	506
regenjas	506
explodeert	505
vulkanische	505
narcose	505
uitslapen	505
hess	505
lancelot	505
ge-sms	505
confronteerde	505
vernam	505
newark	505
scorpius	505
verwijzing	505
vrijkwam	505
inside	505
fast	505
feeën	505
galg	505
kieran	505
meemaakt	505
gechanteerd	505
afgevoerd	505
gehaktbrood	505
verliefde	505
bedenkingen	505
huilende	505
zegje	505
thuisblijven	505
psychotisch	505
meerderen	504
lords	504
keerden	504
killian	504
raoul	504
doorverbinden	504
paxton	504
selina	504
neushoorn	504
israel	504
mug	504
backstage	504
gandhi	504
toebrengen	504
lesbienne	504
aanrecht	504
dwaasheid	504
colombiaanse	504
koppijn	503
bepraten	503
alfie	503
aangezicht	503
schadevergoeding	503
persé	503
proteïne	503
oogpunt	503
gob	503
vonken	503
romanticus	503
gekkie	503
driscoll	503
waarschuwingen	503
nabije	503
komma	503
jaja	503
schizofrenie	503
opdoen	502
abbie	502
smokkelde	502
trutteke	502
ehbo	502
gracias	502
hera	502
opwachten	502
uitgewist	502
camerabeelden	502
aardigste	502
poeh	502
zijlijn	502
lockwood	502
tucson	501
roxanne	501
gespleten	501
fluisterde	501
verbetert	501
moray	501
canadees	501
delaware	501
overschot	501
godallemachtig	501
wek	501
peuk	501
berechten	501
demonstranten	501
discussies	501
waarnemingen	501
jep	501
smeden	501
ontvingen	501
bibliothecaris	500
onheil	500
opdringerig	500
carmichael	500
bermuda	500
tijdbom	500
hebbe	500
wezel	500
sarge	500
opstappen	500
heidenen	500
lea	500
dempsey	500
alfredo	500
marshmallows	500
achterblijven	500
gordels	500
vuilnisbelt	500
bobbie	500
draagbare	500
iz	500
winslow	499
windsor	499
latere	499
dametje	499
hathaway	499
franc	499
ex-vriendje	499
lasers	499
mccann	499
resolutie	499
versailles	499
fabrikant	499
afgeslagen	499
overlijdensakte	499
subsidie	499
kernkop	499
tegengestelde	499
hoofdprijs	498
saigon	498
maaien	498
zuri	498
klerk	498
incasseren	498
lancaster	498
geschoven	498
pitten	498
hoofdingang	498
inkomende	498
terugtrekt	498
guido	498
bezuinigingen	498
ic	498
onderwater	498
tortelduifjes	498
kik	498
woonplaats	498
bijbrengen	497
aanzitten	497
verkrachters	497
verschuiven	497
gehuwd	497
voorgelezen	497
spuugt	497
gogh	497
versneld	497
schooljaar	497
luftwaffe	497
legitiem	497
exen	497
zelfmoordpoging	497
ebay	497
overtuigingen	497
bucky	497
puberteit	497
alternatieven	497
topher	497
heldhaftig	497
bordeaux	497
marla	497
begaafd	497
etalage	496
beenmerg	496
termieten	496
milord	496
francs	496
kes	496
gekleurd	496
easy	496
opgroeit	496
damestoilet	496
hongersnood	496
mier	496
gelijkspel	496
olivier	496
aldus	496
struikelen	496
hopend	496
diens	496
meevallen	496
misgelopen	496
hagen	496
tampa	496
rapper	496
hankmed	496
misstap	495
gringo	495
anti	495
middeleeuwse	495
osama	495
celsius	495
aangesproken	495
opensnijden	495
afgerekend	495
spreiden	495
about	495
uhtred	495
donders	494
much	494
fisk	494
scherpschutters	494
bons	494
meehelpen	494
salami	494
borgia	494
mccall	494
sjeik	494
verdraaide	494
ingeleverd	494
tonic	494
circuits	494
hewes	494
konten	494
pasten	494
earp	494
begraaft	494
mishandelde	494
moppen	494
schrobben	494
lexie	494
wurgde	494
samenvatting	494
flip	493
wonderkind	493
temperament	493
syndicaat	493
topless	493
privédetective	493
bestek	493
signor	493
nachtrust	493
beeldmateriaal	493
allicht	493
perzik	493
lont	492
beoordeel	492
ultimatum	492
food	492
psychiaters	492
bozer	492
zoutoplossing	492
restanten	492
tandenfee	492
havermout	492
bedekte	492
minderen	492
herhaald	492
lesbiennes	492
spectrum	492
aangelegenheid	492
vergaten	492
padvinders	492
dating	492
bekendmaken	492
aarzeling	492
ophoepelen	491
stoken	491
too	491
pops	491
wonderlijk	491
lima	491
yorkse	491
enkelband	491
kamelen	491
huisgenoten	491
salvador	491
nauwe	491
dieptepunt	491
zint	491
mendoza	491
kamergenoten	491
fifth	491
telefoongesprekken	491
worth	491
mcguire	491
intrigerend	491
respectvol	491
gezang	491
overeengekomen	491
stikte	491
stephens	491
tahiti	490
schillen	490
opdrachtgever	490
wekelijkse	490
downs	490
senatoren	490
behang	490
intuberen	490
schokkende	490
noodtoestand	490
prairie	490
afliep	490
lastiggevallen	490
dialoog	490
schitteren	490
hondjes	490
angelica	490
pasjes	490
bestraft	490
bespeelt	490
doorgegaan	490
onthulling	490
kinderarts	490
geboorteakte	490
koninginnen	489
albany	489
eu	489
testresultaten	489
livia	489
geëist	489
waldorf	489
noord-afrika	489
bureaucratie	489
gepensioneerde	489
toevertrouwen	489
inpikken	489
sexuele	489
verwittigen	489
puppies	489
waarlijk	489
voorteken	489
henrik	488
isoleer	488
correcte	488
anarchie	488
koestert	488
sage	488
vruchtbare	488
zhang	488
minister-president	488
buy	488
sinaasappels	488
kolonies	488
christendom	488
13e	488
websites	488
cyber	488
nashville	488
blackjack	488
evil	488
lyman	488
browning	488
bever	488
stro	488
achteruitgang	488
berijden	488
middelbaar	488
davidson	488
rationele	488
hulpdiensten	488
oorlogsschip	488
drievoudige	488
polis	488
treffer	488
controles	487
wijten	487
cheng	487
chanel	487
neersteken	487
herstelde	487
labiel	487
reëel	487
opstelling	487
yuan	487
vordert	487
boksers	487
bestudeerde	487
toelage	487
koptelefoon	487
travestiet	487
dunk	487
lotus	487
luka	487
kovac	487
luitjes	487
essentiële	487
uitgeeft	486
bandjes	486
stopgezet	486
glimlachte	486
portugal	486
frederik	486
terugslag	486
milan	486
ramos	486
safari	486
nightingale	486
duane	486
langskom	486
span	486
gedaante	486
curly	486
adios	486
dashboard	486
cecilia	485
kettingzaag	485
spray	485
tracker	485
oogwenk	485
wc-papier	485
statistisch	485
maden	485
nalaten	485
levensgevaar	485
shift	485
nummerbord	485
geobserveerd	485
jock	485
hailey	485
cunningham	485
harp	485
spiraal	485
spoorwegen	485
web-dl	484
fun	484
armbanden	484
inziet	484
microfoons	484
compromissen	484
vulcans	484
aartsbisschop	484
slijten	484
sluipschutters	484
golfclub	484
prinsesje	484
medina	484
weldoener	484
coachen	484
gewaardeerde	484
methaan	484
bloemist	484
frontale	484
alsje	484
rechtvaardige	484
gunther	484
ingetrapt	484
charmeur	484
asa	484
nadelen	484
nectar	484
duiker	484
traktatie	484
geschreeuwd	484
ruimtestation	484
skipper	484
kluizenaar	483
hogeschool	483
enger	483
design	483
ether	483
chiana	483
ingecheckt	483
reality	483
gerechtelijke	483
rizzo	483
garibaldi	483
kiss	483
turks	483
steiger	483
klapper	483
oververhit	483
flamingo	483
schoondochter	483
machtiger	482
ervaart	482
c-4	482
maandelijkse	482
opstond	482
jacqueline	482
vacuüm	482
weekends	482
rekruteren	482
coolste	482
dolan	482
waakt	482
gecombineerd	481
module	481
tuinieren	481
geruststellen	481
halfbroer	481
edinburgh	481
bullebak	481
trillingen	481
rodrigo	481
bombay	481
johnnie	481
afzetting	481
vermissing	481
verkiesbaar	481
bedien	481
strelen	481
q.	481
romano	481
intercom	480
buitenwijken	480
allejezus	480
enterprises	480
vurig	480
schizofreen	480
paparazzi	480
passeerde	480
aanwezigen	480
kelvin	480
holocaust	480
cavanaugh	480
afluisterapparatuur	479
docenten	479
earth	479
ondernemer	479
wekelijks	479
jessi	479
apprecieer	479
marcos	479
ontgaat	479
pang	479
verknipt	479
vermeden	479
gedagvaard	479
lamar	479
allergische	479
swing	479
vermelding	479
knuffels	479
concerten	479
visiontext	479
vervloeken	478
ka	478
projectiel	478
vermoeidheid	478
costello	478
managers	478
willem	478
verkeren	478
gunn	478
vloeistoffen	478
gallo	478
rembrandt	478
vegetarisch	478
samenleven	478
albuquerque	478
alexa	478
vliegend	478
lion	478
ongeldig	478
vakgebied	478
seh	478
klotezooi	477
cholesterol	477
ier	477
weigerden	477
print	477
camping	477
dorstig	477
pleziertje	477
drovers	477
effectieve	477
barakken	477
draadje	477
glazuur	477
scanlon	477
ingehaald	477
aangeraden	477
verbruikt	477
voice	477
poëtisch	477
robyn	477
berekening	477
gigi	477
toestanden	477
verkiezen	477
kungfu	476
tribunaal	476
watkins	476
preuts	476
bedje	476
administratieve	476
rizzoli	476
blaadje	476
figuurlijk	476
jachtgeweer	476
terechtkomt	476
barak	476
crown	476
verwaande	476
shorty	476
onderhandeld	476
kerncentrale	476
ophaalt	475
irwin	475
dickey	475
oprechtheid	475
vluggertje	475
gemoeten	475
oponthoud	475
21ste	475
chemotherapie	475
garnizoen	475
gedreigd	475
tracey	475
bevries	475
cher	475
monitoren	475
seeker	475
s1l3nc0r	475
stropers	475
marwan	475
emmers	475
rapporteert	475
vriest	475
meditatie	474
doorging	474
taiwan	474
fasers	474
thunder	474
testikels	474
mahoney	474
piccolo	474
lexington	474
aanhouding	474
zelfvernietiging	474
forces	474
neigingen	474
voorkwam	474
kenmerk	474
lenore	474
snob	474
erboven	474
volvo	474
beëindig	474
4e	474
lamb	473
farley	473
trinity	473
misty	473
epilepsie	473
mace	473
sponsors	473
voorzieningen	473
bevorderen	473
villen	473
townsend	473
bulldog	473
groten	473
schaamhaar	473
capitool	473
federal	473
palen	473
brandalarm	473
o.j.	473
verslapen	473
bosch	473
onbegrijpelijk	473
arresteerden	473
roe	473
aanklagers	473
piggy	473
fielding	473
gerespecteerde	472
beantwoordde	472
dover	472
beledigingen	472
knipoog	472
overgeleverd	472
impulsen	472
testosteron	472
honkbalknuppel	472
slapeloosheid	472
maguire	472
bedrieg	472
sterfbed	472
moriarty	472
france	472
manor	472
hackte	472
task	472
razendsnel	472
freelance	472
olaf	472
karin	472
knapt	472
gegoten	472
groentjes	472
onderzochten	472
openden	472
zulu	471
broertjes	471
yards	471
gekalmeerd	471
gehoorzaamheid	471
robby	471
borstkanker	471
vrijgevigheid	471
afzuigen	471
adalind	471
bradford	471
rekruut	471
oak	471
reportage	471
folders	471
herbie	471
afgeblazen	471
gerekruteerd	471
alcatraz	471
instaan	471
lucinda	471
vern	471
ying	471
crowe	471
sticker	471
pk	471
belangrijkst	470
weduwnaar	470
superkrachten	470
tje	470
abt	470
steekwond	470
hiccup	470
kopjes	470
mateo	470
videocamera	470
bypass	470
koevoet	470
minnie	470
besteedt	470
tracht	470
roestig	470
drugsbezit	470
verdoe	470
bewapende	470
lesbo	470
factuur	470
gal	470
dertiende	469
voortplanting	469
cultureel	469
hygiëne	469
omgelegd	469
kleedde	469
godfrey	469
supernova	469
verifiëren	469
geëlimineerd	469
welja	469
ijshockey	469
tia	469
storybrooke	469
gerold	469
jillian	469
schultz	469
bloedzuigers	469
gepantserde	469
cassette	469
allergieën	469
overgaat	469
aftreden	469
terugreis	469
halo	469
smijten	469
sparks	469
verderf	469
onderdirecteur	468
frankfurt	468
seintje	468
prater	468
dip	468
braddock	468
aflossen	468
likt	468
teruggeeft	468
symbolisch	468
garfield	468
roemenië	468
geheiligd	468
gelovige	468
gewichten	468
hersenbloeding	468
arc	468
vergelijkt	468
terugdoen	468
verdienste	468
onderdoor	468
moordt	468
moes	468
razernij	468
oordeelt	468
bingum	468
visa	468
markies	468
gokkers	467
boekte	467
achterbuurt	467
dubbeltje	467
epstein	467
prognose	467
goedzo	467
crowder	467
raaf	467
gill	467
bijgelovig	467
knik	467
omkwam	467
psychotische	467
mormel	467
suggereerde	467
ondenkbaar	467
gecodeerde	467
afrekening	467
geïnjecteerd	467
holloway	467
meedeed	467
plaatselijk	467
doorzoekt	466
days	466
gevreesde	466
permitteren	466
toeschouwers	466
rescue	466
gekruist	466
mendez	466
lightman	466
ontvoert	466
bristol	466
hepatitis	466
tonight	466
pakistaanse	466
bomber	466
frontlinie	466
verhit	466
kruisverhoor	466
gevreesd	466
immense	466
starbucks	466
overwint	465
swanson	465
omhels	465
dottie	465
rouwt	465
uitladen	465
stilstand	465
nacho	465
crusher	465
natuurkundige	465
csu	465
vertegenwoordigers	465
voorzichtigheid	465
kylie	465
toebehoort	465
normaliter	465
achtergebleven	465
u-boten	465
doch	465
hpd	465
afgrijselijk	464
tam	464
herstellende	464
grande	464
inchecken	464
mast	464
toegekomen	464
waanideeën	464
gilt	464
department	464
vrijaf	464
addy	464
ongepaste	464
kunstmatig	464
deirdre	464
abed	464
meegesleept	463
gehoorzaamt	463
latimer	463
potloden	463
staatsburger	463
vitaminen	463
ontleden	463
waarheden	463
sg-1	463
corporation	463
pretje	463
urn	463
aantreffen	463
cupcake	463
esposito	463
raina	462
boomer	462
kneuzing	462
gregor	462
knalt	462
brianna	462
profiteert	462
aldo	462
immoreel	462
popje	462
gebarsten	462
nummertje	462
lassie	462
tabitha	462
shaolin	462
officer	462
benefiet	462
struik	462
afgeschoten	462
bekwaamheid	462
monseigneur	462
vluchtten	462
klinisch	461
true	461
onvruchtbaar	461
openheid	461
haskell	461
openhartig	461
royaal	461
kuiken	461
jocelyn	461
opsporingsbericht	461
hadley	461
personeelszaken	461
belemmeren	461
uitnodigde	461
bowie	461
beveiligings	461
muntje	461
aangepaste	461
orka	461
2de	461
persoonlijkheden	461
rikki	461
skateboard	461
hakeem	461
shake	461
kleinigheid	461
scriptie	461
heerste	461
idool	461
neurologische	461
voortmaken	461
ad	461
troffen	460
schrapen	460
kapelaan	460
loomis	460
repetities	460
uitgezonderd	460
ondervroeg	460
allerbelangrijkste	460
brahms	460
ongelovige	460
lieverdje	460
bedelaar	460
muriel	460
sofie	460
rolschaatsen	460
luitenant-kolonel	460
voetafdruk	460
weduwen	460
babies	460
viola	460
slacht	460
elton	460
paradox	460
pinky	459
tandy	459
achterbak	459
fallon	459
overdreef	459
halfrond	459
prometheus	459
gadget	459
poema	459
aanvechten	459
slipjes	459
gladiator	459
traangas	459
teamleider	459
uhh	459
nicola	459
omroep	459
offerde	459
sd-6	459
ordinair	459
terugbetaald	458
bloedmonster	458
schaadt	458
raadde	458
algerije	458
fluistert	458
berucht	458
faal	458
guthrie	458
tactieken	458
close-up	458
thuisland	458
jeugdige	458
genadeloos	458
maia	458
talia	458
navarro	458
doorzichtig	458
trend	458
bankje	458
toeter	458
cochran	458
kessler	458
geboorteplaats	458
bloedlijn	458
genevieve	458
chavez	458
terence	458
onderduikadres	458
verwerpen	458
drill	458
onverschrokken	458
delphine	458
hendricks	457
boon	457
welvaart	457
volkeren	457
units	457
dienblad	457
grappenmaker	457
brandstapel	457
anderzijds	457
merrie	457
leopold	457
drift	457
koeler	457
zang	457
waarschijnlijke	457
werkzaam	457
diplomatie	457
kingston	457
perziken	457
r3p0	457
dreigende	457
impresario	457
rommie	457
rivaliteit	457
gezwommen	457
dronkenschap	457
opgetogen	457
donnelly	457
vernieuwen	456
tram	456
kamermeisje	456
marisa	456
mao	456
tekortkomingen	456
cliënte	456
paniekaanval	456
grootheid	456
osborne	456
communie	456
keep	456
omschreven	456
croft	456
persbericht	456
tolerantie	456
peer	456
massief	456
larven	456
surf	456
yoda	456
begeleidt	456
interpreteren	456
verouderd	456
flitsen	456
snavel	456
zweeds	456
cy	455
money	455
stervelingen	455
interface	455
thuiskomst	455
mixen	455
sleuren	455
wilhelm	455
folder	455
vliegvelden	455
aanbidder	455
tad	455
schedels	455
terugslaan	455
deelname	455
onderging	455
zenuwinzinking	455
bee	455
vaar	455
ontstonden	455
kabouter	455
artistiek	455
kwartjes	455
betonnen	455
hendrix	455
abdij	455
cactus	455
brittannië	455
soho	455
granville	455
arend	455
onderbroeken	455
vertoon	454
voorbijgaan	454
vitaal	454
raphael	454
recorder	454
plaste	454
adama	454
stapten	454
janey	454
onaangename	454
reservoir	454
uithangt	454
beveilig	454
recensie	454
rendier	454
californische	454
certificaat	454
zondagavond	454
gretig	454
squadron	454
nagellak	453
enkelen	453
markeringen	453
servetten	453
gehoeven	453
standje	453
bebloede	453
doorgestuurd	453
give	453
mak	453
nagegaan	453
geriskeerd	453
waldo	453
beauty	453
thorpe	453
massaal	453
talisman	453
verfijnde	452
mango	452
burnett	452
opsporing	452
bevoorrading	452
markten	452
knipt	452
ange	452
shaun	452
werkstuk	452
made	452
vooruitzichten	452
m`n	452
commercieel	452
bertha	452
vergrijp	452
oslo	452
coördineren	452
coast	452
helium	452
mik	452
ondernomen	452
omloop	452
kendrick	452
knokkels	452
uiting	452
titanium	451
uther	451
wetenschappen	451
wi-fi	451
battle	451
getuigd	451
text	451
cooler	451
griek	451
market	451
geïntimideerd	451
goudvis	451
bekeuring	451
markus	451
vergunningen	451
vergoten	451
rondhangt	451
yuki	451
lorelei	451
squad	451
detecteren	451
elfde	451
paddenstoelen	451
souvenirs	451
lezer	451
uitvindingen	451
ct-scan	451
vervoert	451
oostwaarts	451
congo	451
cannon	450
isa	450
kleppen	450
rozijnen	450
ellison	450
bashir	450
hurley	450
verachtelijk	450
aankopen	450
overgelaten	450
ontruim	450
opdonderen	450
jachthaven	450
gedateerd	450
koplampen	450
onaangekondigd	450
aanvulling	450
autopsierapport	450
vesting	450
inrichten	450
ondiep	450
mortimer	450
plaatsten	450
kleurtje	450
hattie	449
nino	449
koppie	449
dobbelstenen	449
vergeleek	449
toegenomen	449
legba	449
vrijwillige	449
lawine	449
roosteren	449
schaafwonden	449
jumper	449
muzikaal	449
vulgair	449
reece	449
intimiderend	449
serveert	449
marple	449
bedriegers	449
geëlektrocuteerd	449
breder	449
rolex	449
reflex	449
lekte	449
emmet	449
dwangbevel	449
geroerd	449
experimenteel	449
landelijk	448
sutter	448
stripboeken	448
some	448
grillen	448
proefkonijn	448
wonderlijke	448
mainframe	448
uitgebroken	448
navigator	448
populariteit	448
toegezegd	448
deodorant	448
toto	448
comfortabeler	448
vredige	448
betrokkenen	448
stamt	448
chico	448
vervuild	448
darhk	448
ontsteken	447
doodgestoken	447
marlowe	447
bewering	447
onvoorzichtig	447
helmen	447
prettiger	447
voedselketen	447
bennie	447
vinny	447
ingeving	447
onthoofden	447
splinter	447
terugkeerde	447
crow	447
marmer	447
verbanden	447
3d	447
doorweekt	447
uitdagend	446
daleks	446
sterveling	446
connelly	446
kicken	446
omhelzing	446
affectie	446
transfer	446
verdoemenis	446
hemingway	446
bedrijfsleven	446
operator	446
bekendheid	446
bijgekomen	446
teniet	446
nederigheid	446
backup	446
diepere	446
fossiel	446
princess	446
opgevraagd	446
tosh	446
sterrenbeeld	445
geramd	445
terzake	445
smokkel	445
tokke	445
programmeren	445
brandtrap	445
frodo	445
stalkt	445
eregast	445
opgeëist	445
loco	445
phelps	445
cardassianen	445
lasten	445
vergelijkingen	445
afgewerkt	445
fenton	445
circle	445
magda	445
bean	445
zorgzaam	445
tegenslagen	445
slapend	445
verdrinking	445
mokkel	445
medusa	445
bewaakte	445
brandi	445
volmaakte	445
rolling	445
chaotisch	445
darnell	445
mafkezen	445
roet	445
vermits	445
knikken	444
stunts	444
erft	444
stuiten	444
cincinnati	444
hands	444
bloedvaten	444
atoom	444
bewondert	444
schuldigen	444
beledigde	444
dion	444
immigratiedienst	444
eppes	444
antimaterie	444
oval	444
zuidkant	444
fundering	444
brenner	444
sjiek	444
intenties	444
kalmerend	444
vertoonde	444
actrices	444
weber	444
blokkeerde	444
cally	444
march	444
bijgehouden	444
pence	444
muller	444
rinkelt	443
het.	443
proefschrift	443
clancy	443
brokken	443
aloha	443
chucky	443
patrice	443
scrooge	443
voorschrift	443
sulu	443
raquel	443
consultant	443
velma	443
vervloekingen	443
hawthorne	443
omvat	443
keurige	443
monkey	443
travers	443
verpleeghuis	443
gerechten	443
reisden	443
uitgebracht	443
schattebout	443
sluipt	443
doorsturen	442
aangeschoten	442
scharen	442
samaritan	442
homerun	442
ettertje	442
drums	442
navelstreng	442
specificaties	442
cid	442
masterson	442
magdalena	442
plankton	442
illegalen	442
toegekend	442
triple	442
five-o	442
fijner	442
reageerden	442
gezind	442
rukte	442
moose	442
werktijd	442
keizerrijk	442
bolton	442
heath	442
geforceerd	441
tovenarij	441
kelner	441
macarthur	441
verzoekt	441
eethuis	441
herhaalde	441
rambo	441
flodders	441
sparta	441
bruikbare	441
afweet	441
uitlegt	441
peiling	441
rondrennen	441
bijkwam	441
elmo	441
onverschillig	441
berta	441
isobel	441
settelen	441
gezinnetje	441
stampen	441
lafheid	441
klopjacht	441
gage	441
ballingschap	441
deeltje	441
werkkamer	441
cinema	440
vluchtig	440
springlevend	440
twin	440
opendoet	440
izzie	440
glipte	440
kibbelen	440
eerbied	440
slip	440
bevorderd	440
uh-oh	440
volksgezondheid	440
mueller	440
andrei	440
astronomen	440
onethisch	440
blessure	440
eindexamen	440
inslapen	440
vriezen	440
weller	440
slaapzak	440
naad	440
bederft	440
spits	440
kruitsporen	440
zielsverwant	440
thing	440
mcleod	440
gezonder	440
beteren	440
coureur	440
afghaanse	440
beheersing	440
enrique	440
ongelovigen	440
geuit	440
snuit	439
tig	439
hiërarchie	439
aantocht	439
opvattingen	439
uitbarstingen	439
harrington	439
rangen	439
genialiteit	439
animal	439
montalbano	439
onregelmatig	439
ketamine	439
seoul	439
purcell	439
steil	439
overschrijden	439
lili	439
juarez	439
macbeth	439
hutten	439
bagel	439
achterstand	439
schruers	439
braziliaanse	439
mutant	439
fouilleer	439
abate	439
disk	439
voss	439
rollenspel	439
versnelt	439
wijfjes	439
hutch	439
snoer	439
klaslokaal	439
geëvolueerd	438
ontbinden	438
helderheid	438
doodbloeden	438
jihad	438
verstuur	438
rotding	438
oprukken	438
vuurt	438
kamertje	438
rechterarm	438
angelina	438
gladjes	438
mardi	438
comet	438
helene	438
his	438
vertoond	438
seminar	438
minderjarigen	438
pleegouders	438
noordkant	438
opviel	438
verbeteringen	438
chimpansee	438
excursie	438
verwezenlijken	438
beveiliger	437
public	437
feeks	437
dildo	437
apophis	437
sadist	437
finley	437
gereinigd	437
d.j.	437
warwick	437
privé-detective	437
carey	437
poel	437
bloedspoor	437
player	437
kogelvrije	437
leegmaken	437
droogt	437
smokkelaars	437
draaiden	437
parkeerde	437
gespierd	437
scarlet	437
renovatie	437
creëer	437
avalon	437
poedel	437
specter	437
verjaagd	437
inbrak	437
mccord	437
pianist	437
suffe	437
netten	436
stapelen	436
sayid	436
lichtsnelheid	436
ecosysteem	436
uithoudingsvermogen	436
abbs	436
emilie	436
mandela	436
maagzweer	436
ergeren	436
lonen	436
ontwikkelden	436
waas	436
verliefdheid	436
uitgedeeld	436
slachter	436
zeden	436
postzegel	436
afwees	436
gare	436
overhaasten	436
onderhandel	435
knapte	435
aarzelde	435
geript	435
inspireerde	435
grover	435
intrekt	435
gepaard	435
tekenfilms	435
stubbs	435
voegde	435
grizzly	435
jeanette	435
circa	435
damn	435
bleke	435
nigga	435
kluisjes	435
kapitalisme	435
why	435
jens	435
kraam	435
koloniën	435
niezen	435
verantwoord	435
verontrustende	435
kalmeringsmiddel	434
verluidt	434
heisa	434
zere	434
is-ie	434
khalid	434
bartlet	434
renaissance	434
excentriek	434
aanvaardbaar	434
imiteren	434
faxen	434
lire	434
loopje	434
z.	434
mijnenveld	434
genitaliën	434
kers	434
lotion	434
herrmann	434
teugels	434
bruidsmeisjes	434
prinsen	434
ouderlijk	434
boetedoening	434
deuntje	433
politiewagen	433
dichters	433
ontwijk	433
rantsoen	433
mechanisch	433
verdeling	433
bespeur	433
yvette	433
respecteerde	433
aziatisch	433
gletsjer	433
toevallige	433
identiteitsbewijs	433
javi	433
aftershave	433
champ	433
carpenter	433
kwal	433
instortte	433
relevante	433
toonden	433
nikolai	433
burgerrechten	433
kokosnoot	433
perzische	433
onherkenbaar	433
bradshaw	433
toppunt	432
heinrich	432
gedropt	432
machete	432
blozen	432
spoot	432
glory	432
ortiz	432
hold	432
gehandicapte	432
opschiet	432
uitvallen	432
champignons	432
typemachine	432
tijuana	432
airlines	432
crèche	432
smithers	432
pines	432
vergissingen	432
ingangen	432
schelpen	432
ondiepe	432
c.i.a.	432
horens	431
terra	431
rusteloos	431
lotsbestemming	431
bezien	431
koelbloedige	431
overdenken	431
ambitieuze	431
mayer	431
reclassering	431
domineren	431
worstelde	431
politiemensen	431
valsspeler	431
then	431
vermoedelijke	431
spuugzat	431
foundation	431
siroop	431
terrance	431
identiteitskaart	431
teven	431
mcgill	431
pieken	431
davy	431
alonzo	430
latijnse	430
informeel	430
uitzoekt	430
sombere	430
keeper	430
leveringen	430
afhangen	430
afvegen	430
schuren	430
schaamteloos	430
t-rex	430
tegels	430
gokte	430
lew	430
glijmiddel	430
krukken	430
afgaande	430
traumatisch	430
sergio	430
beijing	430
mass	430
watt	430
doodgewone	430
opengemaakt	430
opvanghuis	430
sandalen	429
rhode	429
gevoeligheid	429
minus	429
parish	429
klassiekers	429
iraanse	429
huwelijkse	429
fanatiek	429
intellect	429
laatstejaars	429
meel	429
matilda	429
oordeels	429
samurai	429
reanimatie	429
indonesië	429
hijzelf	429
oprichten	429
gloeit	429
ranzig	429
verzoening	429
waardevols	429
zeewater	429
meadow	428
patch	428
alarmfase	428
coltrane	428
aal	428
kemp	428
geïnfiltreerd	428
trakteert	428
martel	428
wasserij	428
taser	428
ontkend	428
modeshow	428
pint	428
alain	428
deskundigen	428
oudje	428
neppe	428
tan	428
himalaya	428
eigenwaarde	428
emery	428
pasgeboren	428
adviezen	428
drinkwater	428
plankgas	427
tegenwerken	427
goebbels	427
blootstellen	427
russel	427
stralende	427
frau	427
vrachtauto	427
stef	427
seals	427
grootsheid	427
begripvol	427
al-qaeda	427
onthulde	427
slaapplaats	427
röntgen	427
danvers	427
bronzen	427
non-stop	427
pannen	427
verschoven	427
d-day	427
fong	427
krom	427
dementie	427
vastzetten	427
stilzitten	427
geïnterviewd	427
golflengte	427
spaarde	427
killarney	427
20ste	427
akiva	427
stilhouden	427
capitol	427
ortega	426
kerstdag	426
present	426
ketenen	426
amnestie	426
vrijlaat	426
rups	426
gedoneerd	426
obstructie	426
troje	426
nellie	426
wanden	426
winkeldiefstal	426
ontgaan	426
kapiteins	426
ontmaagd	426
snelst	426
zelena	426
c4	426
holster	426
economisch	426
irrationeel	426
hardwerkende	426
verkleinen	426
dop	426
med	426
hagedissen	426
vort	426
werkeloos	426
kinderspel	426
keane	425
dong	425
achtergehouden	425
pilsje	425
bekaf	425
tabletten	425
lichaamstaal	425
spleet	425
bijgedragen	425
glitter	425
moordenares	425
glasgow	425
overblijven	425
blanca	425
rigsby	425
sterfelijk	425
blondie	425
bach	425
denkje	425
luchtwegen	425
schietpartijen	424
geprikt	424
onwel	424
liefhebber	424
castillo	424
voila	424
winterslaap	424
bernstein	424
heat	424
pilot	424
medical	424
hakte	424
krantenkoppen	424
voortuin	424
calcium	424
rottige	424
dynastie	424
opgedronken	424
nucky	424
steaks	424
bijbels	424
hoofdzakelijk	424
gistermiddag	424
cctv	424
draadloze	424
spinazie	424
bezatten	424
schandelijk	424
braak	423
zelve	423
toegestemd	423
opblijven	423
presteren	423
twilight	423
mitswa	423
afzondering	423
meghan	423
houvast	423
toeslaat	423
kondig	423
wizard	423
midnight	423
starr	423
michelangelo	423
vouwen	423
vervalt	423
benader	423
absorberen	423
guard	423
vuurbal	423
kipling	423
gespoten	423
marlon	423
aangaf	423
dunner	423
bijvullen	423
kritische	423
protesteer	423
skeletten	422
bestseller	422
celstraf	422
verga	422
toledo	422
vereren	422
heldhaftige	422
view	422
puzzels	422
onafscheidelijk	422
hardison	422
bosbessen	422
geschil	422
rijdende	422
wapenhandel	422
8e	422
woestenij	422
chantal	422
tegenpartij	422
vermengd	422
towers	422
holst	422
bijwerking	422
hondenvoer	421
afleveringen	421
behekst	421
scylla	421
oskar	421
productief	421
opvliegend	421
oil	421
hawkeye	421
ongewapende	421
snyder	421
oneervol	421
uitbetaald	421
zowaar	421
mein	421
hoogverraad	421
weerleggen	421
prinsessen	421
lokatie	421
londense	421
respectabele	420
zoekend	420
bootje	420
omdraait	420
grepen	420
dansfeest	420
arriveerden	420
afzonderlijke	420
lecter	420
weggesleept	420
godfather	420
blindedarm	420
schotten	420
alyssa	420
haïti	420
meegeven	420
vergezeld	420
katje	420
x-ray	420
werkgevers	420
ontbonden	420
geroosterde	420
stommiteit	420
jukebox	420
achterlieten	420
trommel	420
spit	420
catalina	420
mosselen	420
lassiter	419
kanan	419
waan	419
belasten	419
hagel	419
plekjes	419
jets	419
wegwerken	419
kiera	419
hoogstwaarschijnlijk	419
werkzaamheden	419
democratisch	419
nominatie	419
wedstrijdje	419
stek	419
rosewood	419
barbaars	419
slappeling	419
corp	419
videobeelden	419
vanachter	419
che	419
uitademen	419
kowalski	418
gemaar	418
kometen	418
kerstdagen	418
politierapport	418
knippert	418
braden	418
noppes	418
burgerwacht	418
bekritiseren	418
duigen	418
geblinddoekt	418
wurging	418
pelgrims	418
blinden	418
clair	418
goedkeurt	418
sluip	418
simons	418
uitgeweest	418
alarmsysteem	418
vermenigvuldigen	418
aantekening	418
morrow	418
bureaus	418
malloy	418
raadsvrouw	418
stones	418
lichtje	418
slijk	418
musea	418
wiley	418
lans	418
koloniale	418
melken	418
severide	418
benodigdheden	418
loch	417
meegewerkt	417
poseidon	417
voorkomende	417
wax	417
voorbedachte	417
bescheidenheid	417
deke	417
boekt	417
voorspoed	417
rouwende	417
pijnstiller	417
resort	417
louche	417
birmingham	417
sensei	417
clarice	417
meadows	417
handelaren	417
verving	417
director	417
brandweermannen	417
peil	417
senor	417
loodje	417
lacrosse	417
instructie	417
relaxed	417
boeiende	417
onschatbare	417
sarin	417
deanna	416
kruimels	416
commandopost	416
bewind	416
teo	416
pruimen	416
neptunus	416
blunt	416
fazio	416
arlington	416
coalitie	416
venice	416
sake	416
opgeef	416
koninkrijken	416
birthday	416
oplet	416
overhandigd	416
tweedejaars	416
broadcast	416
scherper	416
oppakt	416
rantsoenen	416
aangegaan	416
yoko	416
gone	416
variabelen	416
zuiplap	416
doodmaken	416
wakefield	416
bekomen	416
gewaad	416
lafayette	415
kunstwerken	415
koreaans	415
bee-teevee	415
domino	415
leugenachtige	415
genas	415
bedford	415
erika	415
barmhartigheid	415
hindert	415
pilar	415
vervangbaar	415
ruime	415
bj	415
stroomstoring	415
hondsdolheid	415
instinctief	415
leary	415
nieuwkomer	415
strafrecht	415
afgezonderd	415
belinda	415
castor	415
huwelijkscadeau	415
benadert	414
beschouwde	414
missende	414
branson	414
adjunct	414
korra	414
doodlopende	414
oorlogsgebied	414
kleuter	414
sip	414
corky	414
geschatte	414
taggart	414
vesten	414
cairo	414
board	414
transporteren	414
dinah	414
treuzelen	414
verkondigen	414
giller	414
jammeren	414
oudejaarsavond	414
strek	414
bejaarden	414
archibald	414
geveld	414
kille	413
awards	413
vergelijkbare	413
vermorzelen	413
voorbedachten	413
ipad	413
verzekeringsmaatschappij	413
cupido	413
toontje	413
oerknal	413
opgepiept	413
laurence	413
enveloppen	413
oproept	413
axe	413
gewoontjes	413
toename	413
resync	413
klieren	413
journal	413
hero	413
johann	413
kurk	413
alamo	413
hooper	413
spookhuis	413
constantine	413
getogen	413
forrester	413
precedent	413
bloedsporen	413
him	413
tarwe	413
neerslaan	413
gegrilde	413
onbewoond	413
tiental	413
dienden	413
gardens	412
orale	412
overhaalde	412
leerkracht	412
wedergeboorte	412
demoon	412
profs	412
platina	412
shotgun	412
incompetent	412
decor	412
klemmen	412
dweil	412
piept	412
blindelings	412
epi	412
leeggehaald	412
vreemdging	412
uitgestoken	412
opdragen	412
kenner	412
verachtelijke	412
onbeperkt	412
jonny	412
doken	412
verstrekken	412
daarzo	412
eloise	412
mmf	412
finland	412
filmpjes	412
voedingsstoffen	412
beginnend	412
items	412
terugwinnen	412
kluizen	412
steriel	412
styles	412
gedijen	412
vluchtauto	411
lichaamstemperatuur	411
oplappen	411
kabaal	411
beleeft	411
weekenden	411
voorkennis	411
verslavend	411
speren	411
bespringen	411
gisterochtend	411
rocken	411
martelde	411
loki	411
weiden	411
rokje	411
worstel	411
serienummers	411
priscilla	411
partijtje	411
neerknallen	411
egan	411
zingende	410
overwerk	410
geldproblemen	410
geologische	410
lazen	410
selena	410
veronderstelde	410
geschifte	410
activeert	410
betast	410
overall	410
bahama	410
smokkelaar	410
raadgever	410
aanbeden	410
koks	410
tussenin	410
iedereens	410
zakenpartners	410
flipt	410
voortplanten	410
bundelen	410
staatsgreep	410
koopwaar	410
ezekiel	410
eigenlijke	410
fier	410
bekwame	410
ontzag	410
bewonderaar	410
tricia	410
jijzelf	410
janus	410
doorkomen	410
levenskracht	410
malia	410
vergetelheid	410
doelt	409
jewel	409
archeoloog	409
dichtheid	409
chat	409
houtje	409
strafvermindering	409
radiator	409
impasse	409
wilkins	409
mailen	409
schoof	409
eunice	409
carlyle	409
jos	409
openstaan	409
versnelde	409
spulletjes	409
juanita	409
fantaseren	409
worstje	409
herald	409
uitgeroepen	409
gevorderd	409
scheidde	409
bekeerd	409
snol	409
sorry.	409
positiefs	409
katheter	409
liefdesverhaal	409
luchtig	409
ridley	409
holiday	408
komisch	408
europees	408
opgerold	408
overzien	408
kleeft	408
slavin	408
verleent	408
eruitzag	408
volgehouden	408
meegesleurd	408
richtlijn	408
diplomaten	408
parken	408
langst	408
gevist	408
schendt	408
garret	408
capuchon	408
belastend	407
heelt	407
airwolf	407
beiroet	407
spendeerde	407
defensief	407
zeppelin	407
bolle	407
erfelijk	407
horizontaal	407
whit	407
duet	407
getuig	407
kruid	407
vrijt	407
gelaat	407
drieduizend	407
verzinsel	407
guinevere	407
watervallen	407
sahara	407
gekneusd	407
variant	407
hemeltjelief	407
samenwerkte	407
feliciteer	407
intrappen	407
magma	407
jockey	407
gaslek	407
waarnemend	407
adrianna	407
whitehall	407
talk	406
longkanker	406
opgezegd	406
fotografen	406
pannenkoek	406
paddestoelen	406
bruikbaars	406
vloedgolf	406
invloedrijke	406
bedreigend	406
buurten	406
boomhut	406
helderder	406
vossen	406
shrek	406
steward	406
verheugen	406
dealt	406
kralen	406
knoei	406
puber	406
eenling	406
sims	406
truien	405
barbaar	405
rituele	405
sly	405
tasten	405
navragen	405
belastinggeld	405
ongewenst	405
forel	405
weghaalt	405
absurde	404
vitamines	404
hancock	404
danni	404
ferdinand	404
ontzeggen	404
again	404
slijmbal	404
oorzaken	404
checkte	404
augurk	404
bolivia	404
verwarmen	404
bijbelse	404
stalkte	404
adviseerde	404
grillig	404
halstead	404
franck	404
nonkel	404
uitgetrokken	404
bakje	404
hervat	404
bedonderd	404
tattoos	404
thorn	404
elven	404
correspondentie	404
logeerde	404
aanvoeren	404
kuifje	404
aanbied	404
liberale	404
beeldschone	403
lotto	403
krachtigste	403
truth	403
dienaren	403
bertie	403
evangelie	403
spant	403
haring	403
hersenbeschadiging	403
spiegelbeeld	403
freedom	403
ingebracht	403
hollander	403
baalt	403
duizeligheid	403
bezighoudt	403
luisa	403
zwitsers	403
doorboren	403
zamelen	403
excalibur	403
raampje	403
provoceren	403
carr	403
mathias	403
ernstiger	403
spiderman	403
geregistreerde	403
beale	403
koenig	402
manoeuvre	402
stiekeme	402
losgemaakt	402
knalde	402
ferengi	402
kraakt	402
driekwart	402
escorteren	402
subtitles	402
kingsley	402
plakt	402
toetsenbord	402
verontschuldigd	402
gatver	402
mengt	402
move	402
torchwood	402
erken	402
wervelkolom	402
doreen	402
storingen	402
repareert	402
zestiende	402
gespuis	402
onbezonnen	402
porselein	402
gort	402
kartels	402
around	401
terugging	401
kenia	401
friday	401
oproer	401
gloeiende	401
afmetingen	401
beige	401
flack	401
pastor	401
critici	401
signe	401
sussen	401
leviathan	401
nauwgezet	401
rocket	401
gefouilleerd	401
roper	401
denis	401
producenten	401
doodschoot	401
kluts	401
esmeralda	401
gecompromitteerd	401
schiller	401
hoffelijkheid	401
vleiend	401
hoofdletsel	401
motiveren	401
relevantie	401
democraat	401
variatie	400
abs	400
zuivering	400
strooien	400
comfortabele	400
ondervinden	400
opgezadeld	400
snotneus	400
colonne	400
elthijsie	400
verstrekt	400
paulus	400
spelling	400
radiologie	400
ip-adres	400
etterbak	400
aron	400
vatte	400
veroordeelden	400
neela	400
treinstation	400
genereren	400
geruzie	400
betrekkingen	400
afgeschermd	400
lavendel	400
begroting	400
geofferd	400
omsingelen	400
huizes	400
asteroïden	400
aantijgingen	399
trutten	399
behoudt	399
dhs	399
keerpunt	399
magnum	399
bezoedeld	399
kinderwagen	399
elektricien	399
veronderstelt	399
pepe	399
veegt	399
binnengevallen	399
sons	399
padre	399
cardiff	399
faraday	399
cocon	399
johanna	399
rashid	399
chrissy	399
krachtbron	399
tweet	399
dialyse	399
dynamische	399
conservatief	399
hinderen	399
tweelingzus	399
tofu	399
kitchen	398
evacueer	398
dooley	398
betrof	398
geëerd	398
kleinigheidje	398
laadt	398
bekvechten	398
studios	398
book	398
cao	398
bestuurders	398
zintuig	398
bemanningslid	398
wexler	398
faber	398
hét	398
runde	398
grandioos	398
verleen	398
spelbreker	398
bonbons	398
row	398
opgewarmd	398
invalshoek	398
wekte	398
hongaarse	398
bowling	398
rechtuit	398
priya	398
buisje	397
zieker	397
schots	397
schreeuwden	397
lichtjaar	397
milde	397
broekje	397
scores	397
opgedroogd	397
rechtschapen	397
helper	397
chill	397
ondermijnt	397
gebaard	397
stippen	397
staaltje	397
gissen	397
instagram	397
doelpunt	397
slaapzaal	397
banshee	397
pijpbeurt	397
glamour	397
vliegticket	397
holodek	397
roekeloze	397
dampkring	397
opneem	397
jung	397
anakin	397
onpartijdig	397
gespot	397
reusachtig	397
geneesmiddelen	397
ingedeeld	397
doorn	397
vredestichters	396
buitenwijk	396
smoorverliefd	396
overhaaste	396
misdadig	396
daarvandaan	396
belletjes	396
aanbevelingen	396
nicks	396
would	396
vermoeide	396
verzamelaars	396
treurige	396
indiaans	396
snurkt	396
eigenbelang	396
sterfelijke	396
uitnodigt	396
peabody	396
standhouden	396
celine	396
uitlokken	395
neerkomt	395
romulanen	395
bovenaf	395
printen	395
vervult	395
diplomatiek	395
blaze	395
cipiers	395
paprika	395
eiffeltoren	395
ideetje	395
flush	395
maar.	395
bloedsomloop	395
betrekt	395
strekt	395
boiler	395
inscriptie	395
forman	395
heksenjacht	395
empathie	395
doorvertellen	395
marlo	395
successen	395
social	395
rosalee	395
gro	394
onverwoestbaar	394
vakken	394
vliegdekschip	394
meningsverschillen	394
heidense	394
néé	394
verbijsterend	394
beleef	394
mind	394
vaderschap	394
artritis	394
basiskamp	394
optreedt	394
opzoekt	394
vermakelijk	394
generale	394
katapult	394
dad	394
kamergenote	394
gletsjers	394
vriendschappelijk	394
heaven	394
rsman	393
ongehoord	393
spraak	393
uitgezeten	393
aanrijden	393
bruidsschat	393
verbaal	393
evolueren	393
heavy	393
knikker	393
stroomde	393
moederschap	393
grootboek	393
michaël	393
vervoerde	393
geologen	393
malle	393
colton	393
rayburn	393
beweringen	393
schorem	393
doorzochten	393
scheidingspapieren	393
publicatie	393
weliswaar	393
bourne	393
rustplaats	393
aanbad	393
curt	393
opengaat	393
stroomopwaarts	393
chanteert	393
piste	393
overmeesteren	393
patriotten	392
zuidoosten	392
verplegers	392
verzieken	392
bonnetjes	392
zones	392
brownie	392
gefopt	392
secundaire	392
mann	392
hendrik	392
linkerarm	392
santo	392
optrekje	392
haatten	392
camden	392
instanties	392
bitches	392
staand	392
overlegd	392
kustlijn	392
reine	392
corbett	392
afsluit	392
barmhartige	392
cardassië	392
stip	392
mckenna	392
zwaargewicht	392
mort	392
ontheven	392
wapenbezit	392
penguin	391
bemind	391
lies	391
doordacht	391
onderdrukte	391
nichtjes	391
crockett	391
ongeschonden	391
bloes	391
britta	391
opgetrokken	391
grootbrengen	391
ritz	391
gekrenkt	391
korset	391
verdaagd	391
uitmuntend	391
pitbull	391
adriana	391
lund	391
flo	391
ondersteund	391
limoen	391
foxtrot	391
yolanda	391
toenemen	391
opgestart	391
kwast	391
sets	391
tobin	391
brain	391
diefstallen	391
ontcijferd	390
meetelt	390
alleenstaand	390
brokstukken	390
hebreeuws	390
bowen	390
globe	390
orac	390
smeet	390
etentjes	390
rondvragen	390
stinkdier	390
sergant	390
wanten	390
dmitri	390
heler	390
vennoten	390
teheran	390
afwijst	390
impliceert	390
hartmassage	390
belangrijkers	390
overzee	390
opgevoerd	390
darnley	390
alleszins	390
bedient	390
onhandige	390
mystery	390
zaadjes	390
natalia	390
verminderde	390
lantaarns	390
verbouwd	389
mu	389
dane	389
erfgename	389
petrov	389
huntington	389
wandelstok	389
verhinderd	389
sorteren	389
soedan	389
claus	389
bobbi	389
weerbericht	389
cartwright	389
cedar	389
fascisten	389
alden	389
instoppen	389
slow	389
vuilnisbakken	389
hauser	389
inzinking	389
flop	389
koolhydraten	389
hetgene	389
pestkoppen	389
wel.	389
underground	389
kinderopvang	389
pluis	389
ontslagbrief	389
denker	389
tentakels	389
ziekelijke	389
meervoudige	389
seamus	388
spijten	388
doeg	388
opgedaan	388
buitenpost	388
airport	388
eiwit	388
coyotes	388
ondernemingen	388
leave	388
gekrompen	388
occulte	388
condities	388
smakeloos	388
bebe	388
retro	388
overgegaan	388
afzonderlijk	388
radiocontact	388
verbleven	388
toasten	388
chirurgisch	388
laatsten	388
religies	388
slachtpartij	388
once	388
voorzag	388
rosario	388
trina	388
tegenzin	388
merlyn	388
misdragen	388
conservatieve	388
martine	388
blijer	388
maru	388
zodoende	388
silo	388
ijzige	388
afgekeurd	387
bespottelijk	387
harig	387
navigeren	387
komend	387
waaien	387
bronson	387
specifieks	387
optimist	387
ongehoorzaamheid	387
milner	387
kerngezond	387
onbepaalde	387
kruisboog	387
opvolgt	387
zeewier	387
bemoeide	387
pieten	387
merlin	387
tijdsverspilling	387
efficiënte	387
orchidee	387
halfbloed	387
co2	387
déjà	387
mets	387
peking	387
yellow	387
maud	387
deugniet	387
iraakse	387
bannerman	387
onvoorstelbare	387
spotje	387
operationele	387
wettig	387
kruger	387
vicodin	387
pools	387
gefrituurde	387
guatemala	387
third	387
interieur	387
glock	387
gaas	387
eenmalige	387
panter	386
zitkamer	386
chevy93	386
dodger	386
kloothommel	386
glanzende	386
uitzet	386
jeugdzorg	386
doorbroken	386
inplaats	386
volkslied	386
montecito	386
punk	386
kakken	386
hei	386
strong	386
galileo	386
loof	386
strickland	386
bewapenen	386
sportzaal	386
ludwig	386
duran	386
lieutenant	386
kryptoniet	386
afvraag	386
boedapest	386
elsie	386
purple	386
kol	386
verschaft	386
hik	386
ophanging	386
aanhad	386
overmaken	386
kaarsjes	385
gelijktijdig	385
onaantastbaar	385
bewoond	385
tekenfilm	385
bedankte	385
verschrikking	385
provenza	385
delenn	385
getuigenissen	385
atwood	385
zĳn	385
geslaagde	385
koeweit	385
goldberg	385
gedegradeerd	385
nieuwkomers	385
babbel	385
adjunct-directeur	385
hooggeplaatste	385
fall	385
sloep	385
ontboden	385
betasten	385
literaire	385
honolulu	385
behandelden	385
verontschuldigt	385
gediskwalificeerd	385
ruggenmerg	385
knicks	385
nan	385
thermische	385
anson	385
bedachten	385
clausule	384
libië	384
ay	384
beecher	384
afgesteld	384
opengaan	384
verlaagd	384
vermisten	384
better	384
onbekwaam	384
bezoekjes	384
kreeften	384
terugga	384
gebarentaal	384
peace	384
geheimhouden	384
trusten	384
davids	384
stijgende	384
loft	384
bastaards	384
navo	384
stemmetje	384
bedraagt	384
gertrude	384
aantrekkelijker	384
sand	384
bloeit	384
eagles	384
kiev	384
gedroogde	384
hoofdredacteur	384
frisbee	384
flikt	384
vriendinnetjes	384
bloedend	383
verhoudingen	383
bowers	383
efficiëntie	383
onderhandelt	383
voordeed	383
verwoestte	383
kruik	383
binnengehaald	383
stafford	383
luisde	383
broche	383
verhandelen	383
myrtle	383
taft	383
rondsnuffelen	383
gedurfd	383
vortex	383
thelma	383
misplaatst	383
beschutting	383
slagman	383
vouw	383
herenhuis	383
depri	383
nik	383
zoent	383
hoerenjong	383
verdampt	383
uitgestapt	383
grondstoffen	382
grappiger	382
afleidingsmanoeuvre	382
vrijer	382
verscheurde	382
wichita	382
stijging	382
geflirt	382
ingemaakt	382
piepklein	382
trav	382
aardbei	382
speeches	382
range	382
gedroogd	382
slaapmiddel	382
liefdesverdriet	382
ouderlijke	382
diameter	382
berouwen	382
gecontroleerde	382
vervroegde	382
poppenkast	382
programmering	382
uitgehangen	382
valentino	382
franky	382
verbreekt	382
cummings	382
fly	381
after	381
banner	381
calum	381
getver	381
taj	381
honda	381
zakenvrouw	381
providence	381
gesmeed	381
still	381
mikhail	381
colleges	381
tevredenheid	381
cassius	381
garland	381
zelfmoorden	381
onderhand	381
olympisch	381
nelly	381
geruimd	381
herdenken	381
verrotte	381
hersendood	381
vervormd	381
waargebeurd	381
beschadigt	381
openhouden	381
ruilde	381
kunstacademie	381
luigi	380
ups	380
ontzettende	380
almeida	380
pelt	380
bezochten	380
ramde	380
wasgoed	380
nessa	380
ruthie	380
heimelijk	380
deserteur	380
winstgevend	380
tappen	380
wals	380
spraakzaam	380
huurcontract	380
noodlanding	380
lucrezia	380
evenbeeld	380
uitreiking	380
glanzend	380
beroerde	380
genocide	380
hive	380
slome	380
onrechtvaardig	380
proefpersonen	380
aya	380
beschieten	380
lachende	380
achterzijde	380
verkrijgbaar	379
vooraanstaande	379
zelfgemaakt	379
egoïst	379
percell	379
erfde	379
daling	379
reptiel	379
dankt	379
ab	379
invaller	379
onverstandig	379
extraatje	379
vriendschappen	379
toosten	379
bases	379
kwab	379
waanvoorstellingen	379
overvalt	379
valsspelen	379
proviand	378
gewandeld	378
nationaliteit	378
slaapkop	378
buitensporig	378
dapperste	378
lorne	378
schrammen	378
najagen	378
calleigh	378
bloeddorstige	378
niklas	378
commodore	378
plakkerig	378
mercurius	378
neptune	378
asfalt	378
overtreft	378
rechtvaardigt	378
diersoorten	378
ryland	378
bejaarde	378
muil	378
gemoedsrust	378
lesley	378
brigitte	377
chihuahua	377
vogelverschrikker	377
hoopje	377
hoogachtend	377
vaatwasser	377
vernielt	377
geadviseerd	377
badkamers	377
gespierde	377
strikvraag	377
gozers	377
barnett	377
ecg	377
nada	377
armageddon	377
betreedt	377
prof.	377
ontzet	377
rage	377
speelplaats	377
voorzorgsmaatregel	377
monaco	376
samenzweerders	376
verscheept	376
ontkomt	376
stackhouse	376
bazin	376
kahlan	376
feds	376
postkoets	376
gelederen	376
callum	376
observeer	376
suïcidaal	376
zwakkeling	376
doodgebloed	376
begaf	376
dreigend	376
drive-in	376
seeley	376
oudheid	376
wapenkamer	376
drankprobleem	376
caïro	376
radiostilte	376
ontvlucht	376
fang	376
giften	376
tumoren	376
rendez-vous	376
duff	376
pratend	376
bommenlegger	376
samir	376
shark	376
denen	376
ontmanteld	376
reling	376
joaquin	376
peren	376
placenta	376
dosering	376
olympus	376
uitgeleend	375
spat	375
riverside	375
winsten	375
omgeleid	375
annika	375
braxton	375
yorker	375
hongarije	375
nr	375
bespioneert	375
fotosessie	375
vasthoud	375
afgestemd	375
schriftelijk	375
veearts	375
kapen	375
topgeheim	375
anaal	375
opbouw	375
roma	375
onbetrouwbare	375
mais	375
vastgelopen	375
waarvandaan	374
amputeren	374
mathilde	374
vakmanschap	374
deftig	374
vreemdgegaan	374
vriendelijker	374
westwaarts	374
geldautomaat	374
hu	374
buffel	374
latex	374
beroepen	374
clarissa	374
eerbare	374
dammen	374
reginald	374
volste	374
epinefrine	374
child	374
etienne	374
toegeslagen	374
muntjes	374
samuels	374
goddeloze	374
barbaarse	374
prior	374
inboorlingen	374
aanmoediging	374
maynard	373
oefende	373
ofje	373
francesco	373
harmony	373
verleidt	373
vale	373
geschieden	373
ontdooien	373
gia	373
demonische	373
skinny	373
serveersters	373
stichter	373
today	373
nieuwtje	373
overlever	373
tempels	373
rach	373
vergaf	373
benoem	373
fronten	373
yin	373
sneuvelen	373
geblesseerd	373
pups	373
openbaren	373
platbranden	373
geschat	373
area	373
wijntje	373
verdraaien	373
optimaal	373
surfer	373
thuisbasis	373
opschepper	373
hardst	372
versterkte	372
evenaar	372
rudolph	372
eskimo	372
plechtigheid	372
geregeerd	372
afremmen	372
ontsnap	372
bagels	372
waneer	372
bijwerken	372
ijsbeer	372
edelman	372
teamwork	372
broeden	372
binnenkwamen	372
mafia	372
yellowstone	372
bali	372
zenuwgas	372
beuk	372
opengesneden	372
opgelapt	372
clooney	372
jeanie	372
tandvlees	372
cider	372
teruggehaald	372
voorkom	372
vakbonden	372
kalveren	372
tor	372
joxer	372
nijl	372
bone	372
doodongerust	372
weergave	371
stilgestaan	371
frida	371
motelkamer	371
dronkaards	371
defiance	371
loodsen	371
jean-luc	371
tu	371
latijns	371
geschillen	371
opgeleide	371
getuigenverklaring	371
talentenjacht	371
barstte	371
trade	371
openbreken	371
statement	371
oogleden	371
snaar	371
peptalk	371
elmer	371
pist	371
wickham	371
regisseren	371
sjieke	371
defensieve	371
leia	371
boosaardige	371
royalty	371
teamgenoten	371
achterbaks	371
uitkijkt	371
houthakker	371
reclames	371
vasten	371
popeye	371
touch	370
afgeschreven	370
hulpeloze	370
bb	370
lanie	370
neergeknald	370
promenade	370
artagnan	370
verdiepen	370
shell	370
mislukkingen	370
weide	370
begaafde	370
waarnemer	370
caplan	370
ser	370
weekje	370
sparrow	370
pupil	370
bugs	370
etnische	370
schors	370
verticale	370
maagzuur	369
dampen	369
vergrijpen	369
eiwitten	369
zuiverheid	369
teq	369
givens	369
verrukt	369
bergafwaarts	369
gehaktballen	369
linnen	369
aanvaring	369
elanna	369
smokkelt	369
smoothie	369
saxon	369
zoog	369
intensieve	369
shine	369
overhandig	369
vrijgezelle	369
kiosk	369
uitlevering	369
afgunst	369
farrow	369
theta	369
platt	369
gecrasht	369
onderen	369
genezer	369
opgeslokt	369
voltreffer	369
frieten	369
verprutsen	369
margie	369
swingen	369
obsessief	369
british	368
isis	368
schoonbroer	368
billings	368
overstappen	368
blender	368
yan	368
hengel	368
hoofdstukken	368
verdwaalt	368
protesten	368
noble	368
weigering	368
afnam	368
brandblusser	368
intensiteit	368
vergen	368
uitbrak	368
kogelgaten	368
smeerde	368
n-roll	368
uitgeschreven	368
tee	368
neuroloog	368
mislopen	368
abonnement	368
voorgerecht	368
blindheid	368
aangedreven	368
dodgers	368
ambulances	368
verwittig	368
alletwee	368
mcmanus	368
caprica	368
amish	367
mevrouwtje	367
legenden	367
scoob	367
generatoren	367
wereldberoemde	367
cilinder	367
vergiftigt	367
quahog	367
valuta	367
beschermers	367
sprinkhanen	367
belabberd	367
almachtig	367
smitty	367
plato	367
songs	367
pathologie	367
e-mailen	367
rider	367
rechtenstudie	367
scepter	367
draagmoeder	367
rolls	367
vergiste	367
overstromingen	367
boekwinkel	367
kartonnen	367
cambodja	367
atlas	367
kome	367
gehuil	367
zeehond	367
hub	367
romein	367
baptiste	366
erich	366
synced	366
pryce	366
mafketel	366
oversteek	366
scorpion	366
soldaatje	366
adrien	366
executies	366
wessex	366
innerlijk	366
delinda	366
ziekenuis	366
bereidde	366
hervatten	366
ralphie	366
zwaargewond	366
oxy	366
jatte	366
gecompliceerder	366
vakman	366
paardje	366
voorouder	366
maui	366
gilles	366
carrières	366
stapjes	366
heetste	366
gerund	366
hardste	366
fulton	366
ontnam	366
bridgette	366
vasthoudend	366
arrestatieteam	366
chloor	366
carole	366
bamboe	365
dolls	365
woensdagavond	365
victory	365
mavis	365
zeeziek	365
stormde	365
hectisch	365
uitgezien	365
rehabilitatie	365
dichtste	365
vernietigende	365
chino	365
krijgsheer	365
morbide	365
fijnste	365
gadver	365
kernbom	365
optische	365
mozzie	365
kelsey	365
verwijdering	365
toevoeging	365
verzachtende	365
cjdijk	365
stimuleert	365
walk	365
waakhond	365
hernia	365
schuilplaatsen	365
piramides	365
vuurpeloton	365
watermeloen	365
anonimiteit	365
uitdager	365
ellendeling	364
faillissement	364
weggestopt	364
griezels	364
cognitieve	364
intel	364
kroongetuige	364
onberispelijk	364
kauw	364
meldkamer	364
makers	364
stembanden	364
warrick	364
gehuld	364
roswell	364
vernietiger	364
kwijtraakte	364
verzekeringsgeld	364
fawlty	364
beginners	364
drum	364
benoeming	364
diender	364
r2	364
nar	364
inferno	364
buschauffeur	364
flick	364
terechtkwam	364
besteedde	364
garvey	364
niagara	363
droppen	363
hodge	363
leverden	363
adviseert	363
uitdroging	363
bristow	363
brewer	363
gepiept	363
galactische	363
kimber	363
herentoilet	363
rumbold	363
zwembaden	363
gesnopen	363
nzt	363
tatiana	363
tino	363
toegaan	363
sterfgeval	363
giselle	363
aktie	363
cortex	363
shue	363
communiceert	363
schikt	363
micro	363
vendetta	363
verlengd	363
lelies	363
borstbeen	363
loonsverhoging	363
bleekmiddel	363
tart	363
schemering	363
steile	363
buk	363
beterschap	363
wisselt	362
tac	362
uitgestrekte	362
berlin	362
cornelius	362
snellere	362
onwaardig	362
every	362
small	362
aftappen	362
keizersnede	362
dommerik	362
slinger	362
bewandelen	362
haag	362
dupree	362
geschrift	362
paswoord	362
slijterij	362
systematisch	362
onwettige	362
ík	362
wartaal	362
tag	362
bios	362
definiëren	362
meermaals	362
hangende	362
colette	362
vastgeketend	362
judge	362
wát	362
alfonso	362
ssst	362
grasmaaier	362
gewillig	362
reaper	362
tarten	362
gefluister	362
jeb	361
nijlpaard	361
luisteraars	361
tv-show	361
ever	361
afgekoeld	361
katia	361
vegetarische	361
beten	361
ontlasting	361
gezwel	361
señorita	361
custer	361
encryptie	361
speling	361
michele	361
klank	361
overhaalt	361
lt.	361
kleurrijk	361
bloedzuiger	361
analyseer	361
betoverde	361
smokkelwaar	361
vagevuur	361
repen	361
samenkomst	361
clifton	361
vrijheden	361
extase	361
verteller	361
trachten	361
engerds	361
technologische	361
radiostation	361
onverslaanbaar	361
blauwdruk	361
castiel	361
elisa	361
massamoord	361
lepels	361
meeluisteren	361
bjorn	361
tegenstrijdige	360
onderzoeksteam	360
import	360
kreunen	360
wreedheden	360
verdraag	360
legioenen	360
stinkerd	360
bedolven	360
isles	360
inning	360
doorspoelen	360
cracker	360
mails	360
mutanten	360
hulpmiddelen	360
lomax	360
reïncarnatie	360
volgeboekt	360
radley	360
saturatie	360
skyler	360
geruststelling	360
stijg	360
efficiënter	360
gulp	360
treiteren	360
opschudding	360
scheert	360
aannemers	360
zachtaardig	360
brok	359
whittaker	359
onbeduidend	359
na-aper	359
andermaal	359
doctoraat	359
grainger	359
naderde	359
short	359
gepist	359
zwaardere	359
hawkes	359
kaap	359
vietcong	359
synagoge	359
afpersen	359
respectabel	359
tilde	359
friends	359
ondoorgrondelijk	359
platzak	359
rijkelijk	359
verlovingsfeest	359
bane	359
ondertekent	359
globale	359
fame	359
sub	359
langdurig	359
uitvaart	359
géén	359
korsak	359
zeggenschap	359
snede	358
moederdag	358
sanderson	358
repelsteeltje	358
vervaagt	358
rolletje	358
hallie	358
kidnapping	358
horton	358
logistiek	358
zn	358
vp	358
aantasten	358
uitvoerde	358
kuddes	358
lowry	358
gastvrij	358
misverstanden	358
europeanen	358
ontvankelijk	358
relais	358
huurden	358
verduidelijken	358
bears	358
billenkoek	358
pamfletten	358
vliezen	358
moedertje	358
groepjes	358
willoughby	358
achmed	358
felipe	357
alexei	357
devereaux	357
gedeporteerd	357
eichmann	357
aftocht	357
waardeerde	357
aantreden	357
uitgegooid	357
geoloog	357
begunstigde	357
gecontacteerd	357
gezant	357
toga	357
laan	357
disciplinaire	357
tampons	357
libanon	357
mekka	357
claimt	357
gonzales	357
oostkant	357
criteria	357
tapijten	357
voetstuk	357
misleidend	357
hijgen	357
neefjes	357
diversiteit	357
zedd	357
vermijdt	357
bontjas	357
dix	357
gunt	357
geassocieerd	357
ruïneert	357
zaklantaarn	357
voorgevallen	356
gloeien	356
méér	356
mckenzie	356
afgetuigd	356
falcone	356
vinick	356
brandstichter	356
thai	356
annabel	356
watch	356
knorretje	356
mijlenver	356
fiction	356
dougal	356
unief	356
draaimolen	356
concreets	356
naaktfoto	356
opgetreden	356
verdovende	356
potverdorie	356
arms	356
zeeland	356
snotaap	355
opgevat	355
royale	355
raiders	355
ole	355
gerookte	355
zoetje	355
verworven	355
damascus	355
voortgezet	355
prooien	355
armzalige	355
vereisen	355
nederzetting	355
accounts	355
onuitstaanbaar	355
uitkammen	355
scherf	355
uithoek	355
werktuig	355
schuin	355
woordjes	355
arsenicum	355
lightning	355
overtrad	355
karkas	355
koopman	355
knapperig	355
krioelt	355
spoorde	355
vastgemaakt	355
panthers	355
gewenste	355
stuiteren	355
redactie	355
formaliteiten	355
drinker	355
bespotten	355
zed	355
schoolbus	355
veulen	355
sanjay	355
tennissen	354
taakstraf	354
rijzen	354
lintje	354
verloven	354
baines	354
trace	354
pioniers	354
knipper	354
omringt	354
roker	354
lucie	354
rosalie	354
hobson	354
getolereerd	354
accessoires	354
waverly	354
zink	353
pacemaker	353
gemoedstoestand	353
opstandelingen	353
bekleding	353
obelix	353
roderick	353
vodden	353
wash	353
jetlag	353
archeologen	353
complicatie	353
sheriffs	353
stargate	353
vermommen	353
gepoept	353
doordraaien	353
kwijtraak	353
hiel	353
nestelen	353
kruidenier	353
ontloopt	353
regie	353
midsomer	353
verholpen	353
clouseau	353
faulkner	353
verraderlijk	353
capsules	353
wicht	353
pasadena	353
calhoun	353
nicholson	353
massey	353
gevaarlijks	353
zalige	353
lise	353
verbood	353
hertrouwd	353
marcello	353
binnenstebuiten	353
nóg	353
d.a.	352
chapel	352
behaald	352
ongemakkelijke	352
bezigheden	352
institute	352
pilates	352
henrietta	352
inruilen	352
overdonderd	352
rijder	352
aansluit	352
gant	352
martelingen	352
göring	352
step	352
morsen	352
kel	352
herroepen	352
drugsgeld	352
bezwijken	352
contacteer	352
oorlogstijd	352
malt	352
winkelier	352
verschuilt	352
dealde	352
prefect	352
boekenclub	352
daalde	352
pruiken	352
drogist	352
mrzazou	352
terugzetten	352
moersleutel	352
laagje	352
wederopstanding	352
ergert	352
vila	352
teweeg	352
bovennatuurlijk	352
zaait	352
through	352
paulo	351
bosnië	351
bekentenissen	351
tr	351
overwoog	351
overspannen	351
atkins	351
boogschutter	351
verzweeg	351
spetter	351
maandagochtend	351
bijstellen	351
grieten	351
giants	351
upgrade	351
toeschouwer	351
autopech	351
gesponsord	351
pelant	351
aspen	351
anale	351
overstralen	351
ontvoerden	351
colombianen	351
hersenactiviteit	351
gemeenschappen	351
geweldigste	351
ripped	351
benito	351
johnston	351
opkomende	351
chemicus	351
klapt	351
afgezocht	351
gestaakt	351
kleurrijke	351
bevrijdde	351
bijleggen	351
echtelijke	351
onwerkelijk	350
labyrint	350
tweederangs	350
birch	350
prostaat	350
uitgegleden	350
cherokee	350
going	350
zegeningen	350
mobile	350
verstuikt	350
ferry	350
opblaast	350
verweer	350
clarkson	350
vlechten	350
stamcellen	350
haynes	350
edelstenen	350
hermes	350
moby	350
doetje	350
recessie	350
hemden	350
touwtje	350
trotter	350
7e	350
schoolmeisje	350
schil	350
afvallige	350
claudius	350
emilia	350
defiant	350
boothuis	350
merkten	350
gedachtes	350
commandanten	350
zeelui	349
moorddadige	349
concluderen	349
cosimo	349
lafbek	349
bioloog	349
begroeven	349
tanaka	349
dassen	349
wagons	349
vanop	349
wifi	349
verdiensten	349
hat	349
uitschakelt	349
vierentwintig	349
dierlijk	349
albright	349
fayed	349
chamberlain	349
frederic	349
kruiser	349
dreven	349
ritter	349
strijk	349
meteorieten	349
karamel	349
plaatsvervanger	349
overmacht	349
brander	349
bleekscheet	349
afstammeling	349
vierden	348
ontmoedigen	348
synthetisch	348
vibraties	348
knieen	348
fragiel	348
uitte	348
parkeert	348
cafés	348
vertraag	348
vogeltjes	348
neurochirurg	348
bergman	348
portugees	348
zodiac	348
beletten	348
kooldioxide	348
pooiers	348
cbs	348
cyborg	348
rawlins	348
kannibalen	348
spice	348
xbox	348
gareel	348
action	348
snurken	348
sleepwagen	348
beëindigde	348
banjo	348
naasten	348
niklaus	348
heroveren	348
kreten	348
tahoe	348
eetbaar	348
minibar	348
dolgelukkig	348
rampzalige	348
maandagavond	348
narcisse	348
bommenwerper	348
depositair	348
vanalles	348
aankeek	348
kinderachtige	348
trekstraal	348
celgenoot	348
enz	348
vuilnisman	347
hermann	347
vervulling	347
gehypnotiseerd	347
michaela	347
lon	347
goedvindt	347
habitat	347
laboratoria	347
annabeth	347
verlaag	347
rolmodel	347
luchtvaart	347
stomen	347
opgestegen	347
traject	347
mos	347
patel	347
olijfolie	347
aanspreekt	347
gong	347
ami	347
leblanc	347
onderbrak	347
ronddraaien	347
living	347
poepie	347
geweerschoten	347
machinist	347
verwonderlijk	347
iaat	347
macdonald	347
terugkijken	347
rosbief	347
serveer	347
alledaags	347
para	347
verscheur	346
paranormaal	346
ivoor	346
moto	346
strategieën	346
conventionele	346
arkansas	346
inrekenen	346
terugkrijg	346
lasalle	346
julianne	346
zwoegen	346
obi-wan	346
asbest	346
karaat	346
verzorger	346
aanklaagt	346
briesje	346
10e	346
werkloze	346
schram	346
teruggeroepen	346
garant	346
bulls	346
hoertjes	346
afvroeg	346
wegblijft	346
tsukasa	346
schokgolf	345
telepathie	345
advokaat	345
facturen	345
schold	345
linkt	345
zeikerd	345
omga	345
canning	345
cornwall	345
servies	345
beoordeelt	345
raptor	345
gaspedaal	345
boogschutters	345
sjamaan	345
boca	345
mijlpaal	345
biggs	345
achterhoudt	345
deurknop	345
ingebouwd	345
okinawa	345
ontucht	345
uilskuiken	345
niki	345
bestraling	345
onvoorziene	345
downton	345
datums	345
elfjes	345
verticaal	345
ground	345
gewoonlijke	345
oksels	345
omgekleed	344
woodward	344
traceer	344
vervloeking	344
ecstasy	344
clover	344
teennagels	344
verwrongen	344
conroy	344
industrieel	344
birma	344
alom	344
stalingrad	344
toekeren	344
mikael	344
uitgedacht	344
opgedrongen	344
fluwelen	344
bijzonderheden	344
veegde	344
marv	344
opzouten	344
rottende	344
mojo	344
mascara	344
crais	344
fleur	344
kwartiertje	344
besprekingen	344
onthouding	344
naarje	344
verdedigers	344
meade	344
dent	344
gerda	344
ontruimd	344
entiteit	343
cholera	343
bedaar	343
juristen	343
naruto	343
muilezel	343
germaine	343
berust	343
speedy	343
passief	343
boosaardig	343
uitvluchten	343
kali	343
wanna	343
abrams	343
opgediend	343
panel	343
bloedarmoede	343
hotchner	343
aanstaan	343
whitmore	343
loten	343
inschrijving	343
veldmaarschalk	343
gangetje	343
poppetje	343
spade	343
voortleven	343
cadetten	343
mededelen	343
greenwich	343
verdrongen	343
okidoki	343
chapo	343
creed	343
eendje	343
sundance	343
vruchtbaarheid	343
financiert	343
watten	343
than	343
heinz	342
mum	342
bouillon	342
bespioneer	342
gepresenteerd	342
moerassen	342
servische	342
engineering	342
kabouters	342
zweed	342
monarchie	342
lupus	342
blokje	342
verminkte	342
voortvluchtigen	342
weggespoeld	342
gedesoriënteerd	342
vervoegen	342
tropisch	342
feedback	342
twain	342
taille	342
philips	342
componist	342
doorgedrongen	342
toekijkt	342
genant	342
wrijving	342
decoratie	342
boxer	342
homoseksualiteit	342
jeffersonian	342
vervalser	342
afreageren	342
verbranding	342
westelijk	342
ruimteschepen	342
howell	342
shana	342
verstoorde	342
intelligence	342
verlangd	342
fascist	341
uitlekken	341
kremlin	341
roei	341
zonsopkomst	341
bezette	341
moreau	341
residu	341
gillend	341
kenobi	341
geringste	341
vuurlinie	341
harteloze	341
doekje	341
stoplicht	341
koeriers	341
plaatsvervangend	341
ladies	341
verzamelden	341
reddingsboot	341
breedte	341
fuif	341
ladderzat	341
zuidpool	341
schoolkrant	341
rikers	341
voorliefde	341
mallard	341
doses	341
sas	341
bemoedigend	341
ex-gevangene	341
schouwspel	341
darrell	341
mm-hm	341
bunkers	341
verbrijzelde	341
fundamenteel	341
berk	341
kolom	341
things	341
terugtrekking	341
hebzuchtig	341
ulrich	341
moz	341
inquisitie	341
kinder	341
coördinatie	341
ahsoka	340
messer	340
always	340
opdaagt	340
volgeling	340
munch	340
geeneens	340
voorbeeldig	340
root	340
klaarstaat	340
find	340
chardonnay	340
doorheeft	340
kroonprins	340
refrein	340
olson	340
sports	340
waller	340
luist	340
traci	340
toothless	340
wijkt	340
grantham	340
rebellie	340
pepperspray	340
jer	340
manipuleerde	340
ommetje	340
pod	340
komkommer	340
indiaas	340
collectieve	340
koffieshop	340
speurwerk	340
uitviel	340
renard	340
rakker	340
vissersboot	340
oncomfortabel	340
opstandig	340
swagboy	339
premiejagers	339
riskante	339
atropine	339
ontketenen	339
thuiswereld	339
hybriden	339
mishandelen	339
vrijster	339
kaarslicht	339
gehandicapten	339
hallucineren	339
pieter	339
trigger	339
uilen	339
bewijsstukken	339
oostelijk	339
etages	339
beding	339
blye	339
rugpijn	339
icarly	339
meedoe	339
low	339
vergoed	339
turn	339
overheersen	339
profielen	339
karton	339
thx	339
jemen	339
erkende	339
jochies	339
renata	339
wratten	339
angelus	339
eerlijker	339
werkje	339
salto	339
bazooka	339
afgetapt	339
wachtwoorden	339
wijnkelder	339
heethoofd	339
monteren	339
hitchcock	339
frazier	339
makelaars	339
stromend	338
anarchisten	338
grondige	338
algebra	338
versierde	338
pizzeria	338
herdenkingsdienst	338
uitgedaan	338
belemmert	338
begeert	338
bespeelde	338
beangstigt	338
moeilijkst	338
habib	338
hein	338
straight	338
gegraveerd	338
paaien	338
receptionist	338
walkers	338
fakkels	338
stripboek	338
logboeken	338
dagdromen	338
showbusiness	338
serieuzer	338
eèn	338
stokjes	338
farnsworth	338
rotwijf	338
slokdarm	338
wederdienst	338
trainingskamp	338
ingedrukt	338
inwendig	338
bewaarder	338
direkt	337
verstrooid	337
shep	337
klinieken	337
stangen	337
rijzende	337
inbreng	337
pornografie	337
avontuurlijk	337
lassen	337
weerhield	337
gewroken	337
aanvullen	337
bello	337
woordenwisseling	337
lower	337
digger	337
spuugde	337
vernietigden	337
sneeuwen	337
weggelegd	337
tegenkwamen	337
condor	337
terugspoelen	337
verkoopster	337
verschrikkingen	337
projectie	337
astronomie	337
hercule	337
opvreten	337
abc	337
valentina	337
symbiont	337
definieer	337
je.	337
onderlinge	337
smak	337
slaapwandelen	337
samenvoegen	337
vermogens	337
zeehonden	336
filmsterren	336
gesynchroniseerd	336
kanarie	336
octavia	336
loge	336
drommel	336
fortune	336
hawking	336
longo	336
lichtgeraakt	336
bedelaars	336
geamuseerd	336
houtskool	336
afscheidsbrief	336
mentaliteit	336
pavel	336
bezoekuur	336
pleisters	336
cum	336
kristina	336
chu	336
kalme	336
myra	336
nicaragua	336
quote	336
bloemetjes	336
labels	336
thermometer	336
belazer	336
leukst	336
ontspannend	336
jingle	336
fenomenaal	336
lodewijk	336
keenan	335
rae	335
profijt	335
janty	335
flanagan	335
ers	335
socrates	335
dienstverlening	335
citroenen	335
parcours	335
vezel	335
nfl	335
versier	335
afvalbak	335
ontstekers	335
binnenland	335
huntley	335
thais	335
alexandre	335
gewaagde	335
stockton	335
zondig	335
crosby	335
crews	335
xev	335
odette	335
overtuigende	335
ijverig	335
donaldson	335
nazir	335
margaux	335
bora	335
hmmm	334
pancho	334
bridges	334
sponsoren	334
chatten	334
evolutionaire	334
uitvoerend	334
geschiede	334
maw	334
jippie	334
armando	334
spatten	334
dagvaarden	334
probleempjes	334
mcdeere	334
samengevat	334
veldslagen	334
levensduur	334
leerzaam	334
bevroor	334
bloedvlekken	334
individueel	334
porren	334
mongolen	334
cult	334
zakmes	334
bijnamen	334
voorraadkamer	334
tweeënhalf	334
diensttijd	334
vaginale	334
concreet	334
verwoestende	334
pauzes	334
motten	334
inzamelen	334
aanknopingspunt	334
corvette	334
baltar	334
schilders	334
iphone	334
producers	334
rooien	334
pleegzorg	334
inc	334
vervalsingen	334
pinkgaai	333
bakkie	333
chloroform	333
kwetsbaarheid	333
schoner	333
wimpers	333
smash	333
vastpakken	333
zoute	333
materiële	333
proefpersoon	333
logischer	333
lachje	333
uitgekleed	333
wan	333
dansles	333
onbeschermd	333
oppikte	333
kiespijn	333
cicero	333
binnenkomst	333
wandelingen	333
rijdend	333
walrus	333
gedoken	333
far	333
aviv	333
mountains	333
kwaaie	333
steekpenningen	333
boontje	333
snoes	333
touché	333
rommeltje	332
mazelen	332
slijpen	332
paraatheid	332
gezelligheid	332
spartanen	332
nigeria	332
verschepen	332
tanker	332
tyrone	332
lekkage	332
harem	332
d.n.a.	332
onzinnig	332
infecteren	332
black-outs	332
rivaliserende	332
onwetende	332
shoot	332
ain	332
sforza	332
stimulans	332
versiering	332
wegrende	332
gekookte	332
sterken	332
smaakvol	332
jaszak	332
afvoeren	332
observatorium	332
buick	332
ondergeschikte	332
frobisher	332
rani	332
parameters	332
opvragen	332
geheid	331
maarschalk	331
ertegenaan	331
wasbak	331
peilen	331
mile	331
gigolo	331
sleutelkaart	331
revoir	331
aanwezige	331
stelletjes	331
sloeber	331
katz	331
kuur	331
agos	331
schneider	331
ideeen	331
martelt	331
affaires	331
levenstekens	331
fragment	331
doodzonde	331
guerrilla	331
bezweet	331
leunt	331
copiloot	331
rainer	331
inleiding	331
mccain	331
scholieren	331
oevers	331
aziaten	331
zangers	331
tv-serie	331
wrijft	331
onderwijzer	331
stekels	331
aansprakelijkheid	331
verschiet	331
pionnen	331
anastasia	331
daedalus	331
ramón	331
schuurtje	331
dominant	331
bonaparte	331
birdie	331
rokken	331
chaz	331
voordragen	331
postuur	331
bedaren	331
workshop	331
nagenoeg	330
schuldgevoelens	330
palestijnse	330
hĳ	330
tiberius	330
verafschuw	330
jaagde	330
secnav	330
errol	330
mer	330
kleineren	330
albums	330
beginneling	330
terminale	330
pijpleiding	330
bijgelegd	330
ommekeer	330
covenant	330
mine	330
syracuse	330
drugsgebruik	330
koeling	330
lammetje	330
kincaid	330
kebab	330
universums	330
barber	330
ronon	330
balken	330
hoogleraar	330
superkracht	330
lelijkste	330
linkervoet	330
doorgelicht	330
hebje	330
koetsier	330
inspirerende	330
relikwie	330
zwermen	330
hadar	330
oostenrijkse	330
portfolio	330
onderbuik	330
nooduitgang	329
stoffig	329
verminken	329
fascistische	329
tegenhield	329
verdiept	329
componenten	329
balkan	329
donnell	329
soprano	329
houlihan	329
nationals	329
krampen	329
beschermden	329
gekotst	329
wraakzuchtig	329
gijzelen	329
zoila	329
shin	329
schwartz	329
nietsnutten	329
liefdesbrieven	329
tolereer	329
quick	329
vingen	329
zhao	329
sampson	329
gefixeerd	329
pushen	329
childs	329
fysiotherapie	329
dis	329
colbert	329
seminarie	329
presentator	329
vervreemd	329
downey	329
verslonden	329
gevang	328
checkt	328
informeerde	328
z`n	328
kangoeroe	328
baton	328
lutz	328
verhuur	328
omarm	328
ansjovis	328
ontgoocheld	328
springstof	328
ogenblikken	328
huisvesting	328
uitgooien	328
oorlogsschepen	328
gebod	328
herrezen	328
poept	328
geïnfecteerde	328
opsluit	328
louvre	328
blanchard	328
exorcisme	328
gustavo	328
curator	328
verwisselde	328
baylor	328
huishoudelijke	328
vikram	328
walking	328
opzichtig	328
zaadje	328
bessie	328
cesare	328
saroyan	328
sams	328
identificeert	328
peso	328
transfusie	328
noodweer	328
keurde	328
verhuizers	328
siegel	327
controleerden	327
diablo	327
newcastle	327
martins	327
ratelslang	327
middleton	327
karel	327
verwittigd	327
kwalificaties	327
augie	327
crimes	327
brullen	327
nestor	327
notitieboekje	327
lieverds	327
aards	327
sdl	327
fay	327
losjes	327
zwangerschapstest	327
delhi	327
kous	327
nalopen	327
buitenspel	327
offert	327
gemeenste	327
gekroond	327
omdraaide	327
guantanamo	327
crixus	327
strijdbijl	327
vooroordeel	327
afgeschaft	327
opschuiven	327
vietnamese	327
stack	327
beraad	327
sibley	327
gisborne	326
meloenen	326
aandeden	326
wick	326
buikspieren	326
tulsa	326
baz	326
stichters	326
susannah	326
nothing	326
uitgingen	326
doorboorde	326
opwindt	326
que	326
nostradamus	326
kernkoppen	326
mensenhandel	326
tiara	326
bolt	326
authentieke	326
uitbetalen	326
beeft	326
echtgenotes	326
teleurstel	326
inwijding	326
hewitt	326
spoedeisende	326
inmenging	326
centre	326
shapiro	326
kleven	326
verblijfsvergunning	326
pauw	326
paoli	326
berman	326
stroomuitval	326
schiereiland	326
antonia	326
respons	326
press	326
hiep	326
reguliere	326
malloot	326
ca	325
gereedmaken	325
gekapt	325
opperbevel	325
smoren	325
doo	325
mayfield	325
tory	325
altman	325
hersencellen	325
pastorie	325
mares	325
alphonse	325
openstellen	325
zonnebrand	325
vernoemen	325
toegaf	325
bedonderen	325
groepering	325
base	325
griffier	325
dankuwel	325
peuken	325
netvlies	325
beacon	325
toenemende	325
hitman	325
cale	325
geperst	325
afgelost	325
leeftijden	325
mof	325
posttraumatische	325
bakstenen	325
were	325
voetjes	325
crypte	325
updates	324
mooney	324
schotels	324
houder	324
clementine	324
mandaat	324
lelijkerd	324
bazel	324
wantrouwig	324
hutje	324
naderende	324
betaaldag	324
perimeter	324
calais	324
kreek	324
carlito	324
gelikt	324
vrachtwagenchauffeur	324
vergeefs	324
bekommeren	324
waak	324
defecte	324
sancties	324
godslastering	324
geveegd	324
ingeënt	324
vrek	324
bejaardentehuis	324
aartsvijand	324
stamp	324
win-win	324
kunstje	324
bogen	324
gefeest	324
nba	324
ruïneerde	324
gitarist	324
arctic	324
casablanca	324
beteken	324
samenwerkten	324
sneakers	324
schroothoop	324
spanjaard	324
gezichtsvermogen	324
gulden	324
pie	324
6e	324
geplaagd	324
larie	324
diploma-uitreiking	324
toentertijd	324
funky	324
hubble	324
cheetah	324
bakte	323
piepkleine	323
volwassenheid	323
veroverde	323
veto	323
onbelangrijke	323
bonden	323
deugde	323
ass	323
wierook	323
aram	323
glipt	323
bemiddelaar	323
suarez	323
verklapt	323
fictief	323
indian	323
uitpakt	323
binnenstormen	323
dharma	323
wafel	323
vikingen	323
uitgeverij	323
krengen	323
fairfax	323
heropend	323
petersburg	323
uitvalt	323
causton	323
uitgespeeld	323
verpleegkundigen	323
kwets	323
solidariteit	323
emerald	323
huxley	323
wenkbrauw	323
datjij	323
human	323
standing	323
mercury	323
afgetrokken	323
districten	323
immigrant	323
sjouwen	322
truffels	322
boks	322
marshalls	322
albino	322
afzet	322
kruisje	322
samaritaan	322
verzoenen	322
artemis	322
genadige	322
rondgaan	322
filiaal	322
dietrich	322
ichi	322
doordrenkt	322
into	322
wreker	322
hartverscheurend	322
wurgt	322
alligators	322
afrit	322
ontweek	322
ondertitel	322
regelrechte	322
middenklasse	322
ophaalde	322
credits	322
schoolgeld	322
dupe	322
handelsmerk	322
claudette	322
highland	322
burkhardt	322
shack	322
mtv	322
kampioenschappen	322
schietschijf	322
roodkapje	322
jongemannen	322
soto	322
eiken	322
kokkin	322
onvoorwaardelijke	321
ebola	321
bovenin	321
decoderen	321
aankom	321
peuter	321
roestige	321
parkinson	321
besmettelijke	321
fiscale	321
oppakte	321
bevoegdheden	321
tilly	321
oogjes	321
debuut	321
wills	321
tv-programma	321
lastigvalt	321
stuwraketten	321
koosjer	321
kwan	321
pepsi	321
quo	321
kwetste	321
meissie	321
meervoud	321
kruist	321
perceel	321
quebec	321
daartegen	321
kweek	321
onverantwoord	321
manchetknopen	321
californie	321
dekte	321
recensies	321
vrijheidsbeeld	321
class	321
overweldigende	321
spelt	321
luchtsteun	321
agency	321
lau	321
xiii	321
onvoorbereid	321
gaga	321
vrijspraak	321
bedrijfsleider	321
verhoede	321
9mm	321
benut	321
faa	320
tekenaar	320
rijkdommen	320
afdwingen	320
diepvries	320
arcadia	320
posse	320
familiezaken	320
stickers	320
aardappelpuree	320
gewin	320
studentes	320
spector	320
afmaak	320
cod	320
bevrediging	320
spuwen	320
toppen	320
regelingen	320
uitgevaardigd	320
opblies	320
waardevoller	320
stervend	320
cath	320
realiseerden	320
n.	320
alcoholisten	320
ravens	320
worstelaar	320
somalië	320
stilgelegd	320
stiefzoon	320
pied	320
kepner	320
pienter	320
gladiatoren	320
kidnappen	320
wurg	320
doorzien	320
uitputting	320
tegenspraak	320
belaagd	320
balboa	320
pepers	319
impotent	319
wren	319
terugkerende	319
zatlap	319
flight	319
verdenkingen	319
nbc	319
oester	319
bajonet	319
madge	319
oost-europa	319
toyota	319
mollig	319
fusco	319
konijntjes	319
tupac	319
zegent	319
magneten	319
ziener	319
liederen	319
cottage	319
miezerige	319
tientje	319
bundel	319
pulp	319
knikkers	319
ahmad	319
instemt	319
wijsgemaakt	319
adder	319
pollock	319
duurzame	319
satellietbeelden	319
verklikken	319
dear	319
1ste	319
ressler	319
puntige	319
mathis	319
ketens	319
vreemdgaat	319
wespen	319
opwelling	319
merkwaardige	319
tigers	319
coffee	319
kwakzalver	319
wijsvinger	319
ucla	318
xanax	318
hoo	318
apos	318
manoeuvres	318
enid	318
meryl	318
portia	318
ammoniak	318
luisterend	318
discipelen	318
wegvliegen	318
vingertoppen	318
aansluiting	318
mythische	318
voetbalwedstrijd	318
spitten	318
extremisten	318
wortelen	318
pedicure	318
wablief	318
protestanten	318
oppasser	318
santini	318
groupie	318
puik	318
westkant	318
gabber	318
haarkleur	318
inflatie	318
combinaties	318
potts	318
goddomme	318
usb	318
rekeningnummer	318
genre	318
bezaaid	318
hoofdgerecht	318
zweepslagen	318
palestijnen	318
tsjetsjenië	318
tuttle	318
uitgeteld	318
armeense	318
gunny	318
hoffelijk	318
vervolgt	318
inzichten	318
ontbijtgranen	318
andrej	318
afrikaans	318
uitgebuit	318
kal-el	318
aantrof	318
is-	318
mcallister	318
mouch	318
rutherford	317
afdalen	317
vuilniszak	317
condé	317
charly	317
gestabiliseerd	317
overwinnaar	317
onregelmatigheden	317
geloofwaardige	317
matheson	317
primaten	317
aandringt	317
prefereer	317
besmeurd	317
gesp	317
moesson	317
rockwell	317
bannon	317
horoscoop	317
spoelt	317
sneeuwman	317
buford	317
kwallen	317
vlekkeloos	317
whitaker	317
irma	317
transportkamer	317
allerliefste	317
slimmerd	317
herkansing	317
verstikken	317
vraagteken	317
gereedschapskist	317
vernieuwd	317
meute	317
gekrabd	317
thaise	317
verpleging	317
ondervragingen	317
engeltjes	316
zever	316
kinds	316
knipte	316
stromingen	316
verplichten	316
icarus	316
verleidde	316
passagierslijst	316
verlichte	316
perceptie	316
graniet	316
landon	316
lobo	316
feestelijk	316
groeve	316
panelen	316
piramiden	316
bells	316
visje	316
slagtanden	316
reich	316
doggett	316
poef	316
luchtvaartmaatschappij	316
hoofdvak	316
nummerplaten	316
vertrapt	316
chateau	316
moi	316
koreanen	316
pelgrim	316
rep	316
vluchtplan	316
aanging	316
razende	316
internaat	316
hertrouwen	316
degelijke	316
guerrero	316
teigetje	316
flatje	316
hulpmiddel	316
bewerkte	316
levensonderhoud	316
vernederde	316
hebbende	316
next	316
snelheden	316
voorgedaan	316
fist	315
hamid	315
weerspiegeling	315
allesbehalve	315
ingehouden	315
gekloot	315
rijmen	315
verbanning	315
dijk	315
correcties	315
vertraagde	315
rotatie	315
soja	315
viezigheid	315
angstige	315
brando	315
afstammelingen	315
oneerlijke	315
kettingreactie	315
doodlopend	315
enfin	315
drietand	315
verschijnsel	315
kelen	315
ghb	315
zonne-energie	315
moedigt	315
buffels	315
webcam	315
maatregel	315
paashaas	315
onderscheidt	315
glorieus	315
gibraltar	315
thuisgebracht	315
verstandiger	315
overloper	315
dressing	315
coming	315
nerveuze	315
avontuurtje	315
miley	315
fondsenwerving	315
fuentes	315
clemens	315
slagschip	315
montage	315
vierhonderd	315
kobe	315
kassier	315
erotisch	314
cabo	314
hysterie	314
slaapmutsje	314
equivalent	314
spijsvertering	314
naamplaatje	314
nightfalls	314
verwed	314
uitbreekt	314
blowen	314
inslikken	314
musicus	314
mettertijd	314
tijdschema	314
plakboek	314
stuifmeel	314
lakers	314
twijfelachtige	314
uno	314
knoeit	314
landingsgestel	314
revanche	314
bollen	314
goeroe	314
wave	314
hardman	314
gorman	314
vervlogen	314
steenkool	314
doktor	314
fentanyl	314
opgave	314
scoor	314
vluchtige	314
capabel	314
onderhoudt	314
xtreme	314
trump	314
vermeldde	314
weeral	314
bloeiende	314
mansfield	314
vergooien	314
milos	314
maury	314
volken	314
lichaamsdeel	313
perse	313
burgerlijk	313
deena	313
kokend	313
onderbewuste	313
kalmer	313
antichrist	313
remi	313
goeienacht	313
overhemden	313
vleierij	313
giuseppe	313
neusgaten	313
icoon	313
uitgelaten	313
loempia	313
paulson	313
tic	313
t.k.	313
elegantie	313
theoretische	313
telepathisch	313
gesigneerd	313
opgestapt	313
bloedspatten	313
snelwegen	313
ric	313
galen	313
collin	313
hester	313
breakfast	313
services	313
rochester	313
modus	313
lyons	313
sleepy	313
lieden	313
malachi	313
schandalen	313
beproevingen	313
really	313
muppet	313
weerloze	312
duval	312
beginnende	312
ventura	312
emp	312
verstoor	312
overeenkomstig	312
capital	312
feestvieren	312
omkijken	312
pook	312
shelton	312
dekker	312
rudolf	312
bezwering	312
dierenwinkel	312
gidsen	312
gesleurd	312
minbari	312
gelukwensen	312
horrorfilm	312
huisvrouwen	312
reisbureau	312
belogen	312
zweterig	312
cards	312
opsloot	312
zondagochtend	312
rolletjes	312
schuilnaam	312
rustgevend	312
sadistische	312
codewoord	312
gilroy	312
allergrootste	312
kalium	312
verzekert	312
confederatie	312
bespioneerde	312
schoonmakers	312
prehistorische	312
voetballer	312
guardian	312
contrast	312
hahaha	312
worsten	312
reikte	312
eeg	312
erbovenop	312
gestruikeld	312
inez	312
oorlogspad	312
solis	312
waarschijnlijkheid	312
keys	312
onschendbaarheid	312
drummond	312
button	312
opengebroken	312
werper	312
must	312
ongevallen	312
atticus	312
begeerte	311
inschatting	311
joegoslavië	311
opvatting	311
mongool	311
weggedaan	311
kreet	311
renoveren	311
clans	311
porties	311
rechtstaan	311
tussenstop	311
worde	311
servië	311
beeldig	311
tijdig	311
dalziel	311
renner	311
meemaakte	311
verkrachtingen	311
periodes	311
verspeeld	311
heroine	311
nalatig	311
dictatuur	311
argh	311
levenswijze	311
baird	311
goose	311
hoofdagent	311
reuk	311
bucket	311
vliegtuigongeluk	311
hark	311
afdaling	311
rommelt	311
onderbreekt	311
nitro	311
voldeed	311
structuren	311
eergevoel	311
kliffen	311
verwondde	311
betweter	311
tobey	310
voetbalteam	310
uitzendingen	310
veertiende	310
paloma	310
ophangt	310
liber8	310
uitgelezen	310
groves	310
walton	310
obsceen	310
aangespoeld	310
tegenin	310
rondliep	310
nicotine	310
honorarium	310
sprinkhaan	310
versiert	310
filters	310
hunters	310
geneutraliseerd	310
controlepost	310
velvet	310
peralta	310
speurtocht	310
sabbat	310
feestbeest	310
verbouwing	310
rally	310
grammatica	310
neerstortte	310
mootjes	310
chun	310
muziekje	310
komaf	310
hyperruimte	310
locomotief	310
extractie	310
liberaal	310
klasgenoot	310
oorlogsvoering	310
schoolbestuur	310
pakketjes	310
stiefdochter	310
garner	310
lakei	310
merle	310
eigenaardige	310
galant	310
vc	310
verity	310
prijskaartje	310
gespendeerd	310
olympia	310
bertrand	310
smoke	310
secties	310
heldendaden	309
hoogtepunten	309
dapperheid	309
malta	309
nachtwaker	309
drugdealer	309
commandocentrum	309
gier	309
terugvallen	309
noach	309
wegvagen	309
vijftiende	309
separatisten	309
erfgenamen	309
bronco	309
verlaagt	309
dim	309
veiligheidsmaatregelen	309
discovery	309
sodeju	309
hatcher	309
humanitaire	309
elektronen	309
priesteres	309
kak	309
sletterig	309
taboe	309
hã	309
toeristische	309
dib	309
guillotine	309
cirkelen	309
polio	309
balzaal	309
microscopische	309
juich	309
minneapolis	309
overvielen	309
pikante	309
bezigheid	309
terminator	309
fototoestel	309
concrete	309
opvullen	309
alone	309
uitzetting	309
mj	309
klier	309
boekenkast	309
kyoto	309
gekruisigd	309
voordracht	309
attila	309
chez	308
botox	308
sletterige	308
alba	308
signora	308
prak	308
genetica	308
keisha	308
chefs	308
oase	308
binnenbrengen	308
dutchy	308
geïsoleerde	308
blufte	308
doelloos	308
verzot	308
doorslikken	308
complimentjes	308
dweilen	308
borrels	308
thierry	308
retorische	308
collegegeld	308
dialect	308
algehele	308
eros	308
cannabis	308
versleuteld	308
kaiser	308
christ	308
zomervakantie	308
vintage	308
dickinson	308
knagen	308
dronkenlap	308
voorraadkast	308
knoeide	308
aandoeningen	308
sahib	308
beklommen	308
marek	308
polk	308
achterlicht	308
garen	308
pedofielen	308
yay	307
pietro	307
nicki	307
rotzooit	307
wegversperring	307
verlenging	307
ibrahim	307
hightower	307
staats	307
onwaarschijnlijke	307
savi	307
projector	307
teleporteren	307
terminaal	307
kelders	307
jagger	307
pippa	307
uitlopen	307
ronaldo	307
caddy	307
spierkracht	307
oaks	307
rolf	307
moedigde	307
sportschoenen	307
afleidingen	307
winderig	307
lederen	307
claims	307
benzinepomp	307
avocado	307
nation	307
pijpt	307
pompoenen	307
opgehelderd	307
standvastig	307
vergezel	307
intensief	307
muirfield	307
zakenlui	307
stelten	307
hartstochtelijk	307
zoogdier	307
verknoeit	307
verschoond	307
opgravingen	306
perverseling	306
balthazar	306
orkanen	306
ontzien	306
samengebracht	306
integer	306
iet	306
softbal	306
dawkins	306
fontaine	306
ik.	306
huwen	306
guys	306
enrico	306
salaam	306
brandwond	306
kwader	306
barre	306
zijner	306
friedrich	306
coney	306
prominente	306
vaderfiguur	306
kroegen	306
middelmatig	306
hulpverleners	306
getuigenverklaringen	306
mags	306
gebitsgegevens	306
gerichte	306
verzwijg	306
hypocrisie	306
spleetogen	306
groenland	306
onvervangbaar	306
prep	306
brook	306
triade	306
hamish	306
hammersley	306
ongestoord	306
stopcontact	306
renée	306
tegenstrijdig	306
ontwaakte	306
ha-ha	306
ji	305
goedgemaakt	305
export	305
ontneemt	305
steengroeve	305
gedurfde	305
beurten	305
afwijkend	305
total	305
orchideeën	305
molina	305
rallo	305
boomgaard	305
okã	305
ingestopt	305
badges	305
templeton	305
abrupt	305
adelaars	305
cabot	305
garrity	305
liters	305
troonopvolger	305
wolfgang	305
baldrick	305
jamison	305
humvee	305
dalek	305
kalfsvlees	305
cardassiaanse	305
belichaming	305
sylar	305
blackie	305
ongeslagen	305
verwees	305
overledenen	305
massages	305
bekendste	305
laszlo	304
juffie	304
rudi	304
verwelkomt	304
merrill	304
pee	304
pendleton	304
kentekenplaat	304
bodyguards	304
schriftelijke	304
underdog	304
lichtte	304
opruimt	304
eerstvolgende	304
rittenhouse	304
ramsay	304
analisten	304
breidt	304
feromonen	304
neurologisch	304
pilletje	304
geneugten	304
oeroude	304
fight	304
landden	304
beperk	304
verzacht	304
found	304
politiemacht	304
neusje	304
voorvallen	304
opie	304
gedrocht	304
zoekende	304
preciezer	304
antwerpen	304
kondigt	304
doppen	304
witter	304
opleiden	304
crocker	304
japanner	304
versieringen	304
karavaan	304
voortijdig	304
hiroshima	304
waarje	303
robijn	303
geschaad	303
kenbaar	303
pace	303
mammoet	303
uitgekamd	303
asjemenou	303
onbeperkte	303
wasberen	303
huisvredebreuk	303
maagdelijke	303
kandahar	303
aang	303
corpus	303
verwent	303
botst	303
immens	303
kosovo	303
koffiehuis	303
otter	303
darth	303
pikant	303
ingelogd	303
herkenbaar	303
vogue	303
krekels	303
geding	303
cabaret	303
welp	303
pervert	303
hoessein	303
kapers	303
honkballen	303
antwon	303
sunday	303
cateraar	303
stringer	303
wandelingetje	303
gupta	303
tact	303
etiquette	303
eindigden	303
ingebeeld	303
verheffen	303
fresno	303
t.c.	303
ev	303
diners	303
kantje	303
handeltje	303
pauselijke	303
did	303
smet	302
locker	302
krijgsheren	302
gênante	302
oprollen	302
splinters	302
dupont	302
opgeschort	302
vorken	302
sin	302
maki	302
merkteken	302
versterker	302
betrok	302
cady	302
officieus	302
prudence	302
roofoverval	302
aflegt	302
klopten	302
whistler	302
afzijdig	302
tampon	302
verheugt	302
muhammad	302
veroorzaak	302
middelvinger	302
volbloed	302
gedetineerden	302
amputatie	302
veroorzaakten	302
kinderjuf	302
kwelt	302
stommerik	301
stuntman	301
colonel	301
leunde	301
brice	301
stealth	301
sapje	301
koelbloedig	301
folie	301
verdeelt	301
agentschappen	301
parijse	301
jor-el	301
roerei	301
belastingbetaler	301
verloskundige	301
diepten	301
archeologie	301
verschijnselen	301
compartiment	301
gebrandmerkt	301
bouten	301
brommer	301
draadloos	301
doorgestoken	301
marin	301
kalfjes	301
slechten	301
kickt	301
gapen	301
sekse	301
politiezaken	301
creperen	301
stagiaires	301
kapsalon	301
cats	301
winkeltje	301
a.m.	301
ingevroren	301
hayward	301
didi	301
goeien	301
gekwelde	301
seksistisch	301
zürich	301
verstuurde	301
schuldbekentenis	301
dronkelap	301
kimball	301
uitspelen	301
sletje	300
kwaal	300
maple	300
sr	300
appreciëren	300
hindenburg	300
luchtmachtbasis	300
gelegerd	300
enzovoorts	300
handwerk	300
gympen	300
audiëntie	300
apachen	300
schoolplein	300
vegetatie	300
lolletje	300
medemens	300
18de	300
gelei	300
tarrant	300
southern	300
epische	300
cosima	300
something	300
weeskinderen	300
dayton	300
bernardo	300
opdienen	300
grinnikt	300
stormt	300
commotie	300
geordi	300
politiekorps	300
cursussen	300
surprise	300
toxicologisch	300
gouvernante	300
speels	299
augustine	299
bevredigd	299
succubus	299
broeikaseffect	299
poppins	299
tuberculose	299
lijmen	299
bezeren	299
betwist	299
monoloog	299
muziekdoos	299
verneuken	299
insubordinatie	299
voorgekomen	299
druif	299
incompetentie	299
forever	299
cop	299
linc	299
katrine	299
slechtst	299
sato	299
cubanen	299
camaro	299
afperser	299
rainbow	299
hoefje	299
detector	299
huisbezoek	299
gaat-ie	299
plooien	299
beveiligers	299
morste	299
split	299
laude	299
boots	298
commercial	298
staatsgevangenis	298
ruimtewezens	298
ave	298
vroom	298
najaar	298
reporters	298
beetgenomen	298
vaat	298
herschreven	298
ruste	298
macleish	298
driftig	298
kalk	298
pikten	298
gebukt	298
kalkoenen	298
zweefde	298
onopgelost	298
pleziertjes	298
inga	298
getemd	298
woedt	298
pleeggezinnen	298
concentratiekamp	298
toekomstig	298
promoveren	298
kapt	298
blackwell	298
lampjes	298
platgebrand	298
reik	298
droids	298
lievelingseten	298
mess	298
onbeantwoorde	298
original	298
plotse	298
versneller	298
overbruggen	298
note	298
bereken	298
onbetaalde	298
vist	298
avances	298
jumbo	298
dresden	298
keaton	297
ives	297
biggetje	297
rokkenjager	297
schenen	297
snuif	297
troi	297
visjes	297
gunste	297
herstart	297
foot	297
beschamen	297
plymouth	297
liplezen	297
bloedbeeld	297
pm	297
platenmaatschappij	297
boswachter	297
zier	297
pastei	297
verbeter	297
gifstoffen	297
aardbodem	297
rockefeller	297
twintigste	297
bassam	297
openingen	297
without	297
juweeltje	297
crashte	297
ruïne	297
chesapeake	297
beertje	297
kleuters	297
opliep	297
afgeschrikt	297
registreert	297
mus	297
linkerbeen	297
jongleren	297
plunderaars	297
komische	297
atheïst	297
blaam	297
amuseert	297
miljonairs	297
slaafje	297
urgent	297
lacy	297
omstandigheid	297
analyses	297
keats	297
oordopjes	297
hartfalen	297
kogelgat	297
symfonie	297
tc	297
merry	297
gerhardt	297
monet	297
paria	297
menstruatie	297
verwerk	296
ontweken	296
rechtshandig	296
libra	296
atmosferische	296
hartmann	296
bezuren	296
danseressen	296
kreunt	296
storend	296
provocatie	296
carina	296
streepje	296
tulpen	296
betoverende	296
sonische	296
onvergetelijk	296
leermeester	296
kunstmest	296
gevleugelde	296
afschuw	296
kennel	296
videotheek	296
wervelwind	296
documentatie	296
je-weet-wel	296
deugen	296
fossiele	296
roach	296
opinion	296
stroh	296
rochelle	296
gein	296
afstemmen	296
uurwerk	296
jarenlange	296
infiltrant	296
vollopen	296
mays	296
zondags	296
omgepraat	296
daarlangs	296
opofferingen	296
nasleep	296
bezweken	296
alana	296
oortje	296
vrijgemaakt	295
atletisch	295
huishouding	295
geisha	295
fern	295
systems	295
uitverkorenen	295
gaulle	295
beuken	295
popster	295
resetten	295
piranha	295
afgang	295
o-negatief	295
hoeder	295
downing	295
vergieten	295
wiskundig	295
amara	295
sark	295
uitlekt	295
liefdesbrief	295
verzetje	295
gotta	295
controversieel	295
tederheid	295
yi	295
reddingsoperatie	295
rein	295
woordspeling	295
gecorrigeerd	295
clou	295
fsb	295
babs	295
begeleiders	295
vorderen	295
hoogtes	295
kerosine	295
boet	295
dekhengst	295
kameleon	295
geseponeerd	295
afdwalen	295
verachten	295
fanfare	295
schreeuwende	295
spelregels	295
wille	294
filteren	294
stimulerend	294
aangeslagen	294
wehrmacht	294
pornofilm	294
weggooit	294
verduisterd	294
overwerkt	294
eeuwse	294
uitspreekt	294
roven	294
jeuken	294
opzocht	294
oscars	294
overtreed	294
community	294
chocolaatjes	294
zetels	294
methadon	294
bewerkstelligen	294
meesterbrein	294
irakezen	294
scholier	294
drijfzand	294
verontschuldigde	294
hollen	294
verplaatsing	294
miyagi	294
hussein	294
bekendgemaakt	294
noelle	294
voorgaande	294
neerlegt	294
dieter	294
microfoontje	294
crassus	294
vleesetende	294
deuropening	294
château	294
kindertjes	294
krishna	294
toevalligheden	294
behoeve	294
selfie	294
monumenten	294
herbeleven	294
geslingerd	294
voorzijde	293
snaren	293
schoonheden	293
versloegen	293
eert	293
bloedheet	293
dito	293
chaplin	293
geüpload	293
wijnen	293
zovelen	293
emir	293
bemoeid	293
wynonna	293
hindernis	293
bederf	293
coureurs	293
brons	293
gymnastiek	293
beamen	293
bezoedelen	293
wormgaten	293
turkey	293
trisha	293
knights	293
overspelige	293
momo	293
vraagtekens	293
kutjes	293
enzymen	293
penetratie	293
diepgaand	293
zuchten	293
welletjes	293
zorgeloos	293
eb	293
dekentje	293
kahn	292
mobiliseren	292
geschied	292
haalbaar	292
droefheid	292
lijntjes	292
wesp	292
boodschappers	292
linten	292
loden	292
kastelen	292
lasse	292
cheeseburgers	292
wisselde	292
tietjes	292
cardioloog	292
zinnig	292
gérard	292
huwelijksdag	292
blaf	292
verwedden	292
gebrekkig	292
ondervonden	292
getransformeerd	292
carrington	292
bray	292
keyes	292
opmerkt	292
fancy	292
mythen	292
anwar	292
batista	292
buurtonderzoek	292
bethlehem	292
pelham	292
drastische	292
werkloosheid	292
goedkoopste	292
khalil	291
corbin	291
gatsby	291
dragers	291
hier.	291
schubben	291
krabt	291
hechting	291
chop	291
landmijnen	291
leidende	291
deftige	291
ching	291
skip77	291
onderin	291
verwoeste	291
verwijs	291
acceptatie	291
appelsap	291
idem	291
niksen	291
juliana	291
zelfvoldaan	291
boekhandel	291
penissen	291
madden	291
oppenheimer	291
insmeren	291
reuzenrad	291
notre	291
bode	291
dynamiek	291
stoffige	291
kroost	291
junks	291
zaagsel	291
onderliggende	291
dienstdoende	291
verwar	291
abi	291
nonchalant	291
waarschijnlijker	291
aanstellen	291
woodrow	291
beowulf	291
ondergebracht	291
vermeldt	291
serviërs	291
makend	291
gesolliciteerd	291
invloeden	291
kabul	291
hartelijke	291
aanreed	291
beminnen	291
scheidingen	290
ontbijtje	290
irish	290
drijfnat	290
holte	290
midge	290
verscheurt	290
storting	290
comanche	290
rondslingeren	290
vijgen	290
stephan	290
utopia	290
zeb	290
rechtervoet	290
hypothetische	290
verkend	290
toedeloe	290
yank	290
adelaide	290
oooh	290
percent	290
jaa	290
ondoordringbaar	290
wagentje	290
cates	290
marc2008	290
verknoei	290
bannister	290
waarborgen	290
verpand	290
introk	290
wegglippen	290
uitslover	290
percival	290
kareem	290
puist	290
aanname	290
trask	290
bugsy	290
stilleggen	290
bitcoin	290
tuk	290
mash	290
speeltijd	290
engste	290
prom	290
style	289
giechelen	289
madsen	289
opgebruikt	289
kromme	289
sears	289
belazerde	289
gaskamer	289
stortplaats	289
mitzvah	289
carriére	289
waterpokken	289
opgestoken	289
saw	289
dweez	289
afgekickt	289
rhade	289
lp	289
huiselijke	289
porto	289
kiem	289
steiner	289
vertrouwelijkheid	289
schepte	289
leader	289
zod	289
dov	289
romeins	289
verschijn	289
bye-bye	289
lithium	289
brandmerk	289
microchip	289
snackbar	289
klimaatverandering	289
uitvogelen	289
pandjeshuis	289
manolo	289
onvermogen	289
alaric	289
bevers	289
heersers	289
nietigverklaring	289
caesars	289
dodelijkste	289
huwelijks	289
birgitte	288
eight	288
vorming	288
plaagt	288
regeltjes	288
misvormd	288
seance	288
verwoestend	288
meta	288
hildy	288
kamerjas	288
marko	288
rog	288
heiden	288
halliwell	288
spannends	288
duh	288
arische	288
terroriseren	288
elektra	288
hematoom	288
bijpassende	288
niels	288
volleybal	288
diepzinnig	288
crunch	288
kensington	288
coral	288
megazord	288
ontwricht	288
middels	288
teamspeler	288
belegering	288
dominantie	288
trachtte	288
hoofdstraat	288
hulde	288
kotste	288
mijnwerker	288
verde	288
beroof	288
debatteren	287
uitgewisseld	287
beladen	287
vernietigend	287
mic	287
herenigen	287
bondgenootschap	287
stedelijke	287
egoïsme	287
gucci	287
ontvangstbewijs	287
guv	287
jurkje	287
golfoorlog	287
sentinel	287
verdraait	287
elder	287
statische	287
verkleuring	287
variaties	287
hartford	287
gonzalez	287
lyndsey	287
rotkop	287
activisten	287
provisie	287
vernedert	287
grafrede	287
zolen	287
leningrad	287
therese	287
historicus	287
deert	287
crematie	287
steekpartij	287
keet	287
dateert	287
getatoeëerd	287
verzekeringspolis	287
ulysses	287
aanslaan	287
uiteinden	287
hip-hop	287
wispelturig	287
nauwkeurige	287
jada	287
zoniet	287
speculaties	287
achtergekomen	287
wiste	287
gehalte	286
duvel	286
artikels	286
salim	286
motion	286
connolly	286
comanches	286
nadacht	286
veronika	286
micky	286
konings	286
radius	286
kippenhok	286
uitgeleverd	286
tril	286
holografische	286
melkwegstelsel	286
krasje	286
typ	286
markeer	286
eigelijk	286
doodschiet	286
toms	286
canvas	286
snoepwinkel	286
criticus	286
sensationeel	286
verblinden	286
simcoe	286
gestalkt	286
bankafschriften	286
cluster	286
geklede	286
uitwijzen	286
geboorterecht	286
tudor	286
nitroglycerine	286
stuff	286
formules	286
durham	286
whitechapel	286
pionier	286
klokkenluider	286
toelichten	286
bijblijven	286
duinen	286
zwanen	286
jun	286
libanese	286
verhelderend	286
dandy	286
marti	286
zoekgebied	286
gluurder	286
financier	286
academisch	286
kookkunst	286
knaagdier	286
mixer	286
geller	286
heiligschennis	286
aanzat	286
krik	286
gloeilamp	286
gianni	286
etters	286
verzuipen	286
p.s.	286
rechtbanken	286
dragons	285
veronderstellingen	285
wife	285
obers	285
drijvend	285
blootgelegd	285
medicijnman	285
gregson	285
pep	285
martial	285
uitvoer	285
nastreven	285
blondjes	285
seniel	285
condoleren	285
deej	285
magnolia	285
stefano	285
oppast	285
verergeren	285
skills	285
aliassen	285
bevlieging	285
rookgordijn	285
vinnen	285
moordend	285
menopauze	285
perkament	285
lover	285
kwel	285
steviger	285
alina	285
omslaan	285
bezorging	285
vermannen	285
verleggen	285
change	285
hoofdletter	285
bulgarije	285
gevestigde	285
mulligan	285
mcclaren	285
moeizaam	285
simpels	285
zeta	285
moloch	285
ongegrond	285
ps	284
vernemen	284
beroepsgeheim	284
zegening	284
sister	284
jimi	284
gescheten	284
scripts	284
dunphy	284
pendrick	284
wide	284
buien	284
ophing	284
alarmen	284
winifred	284
frissen	284
tochtje	284
reset	284
wollen	284
lindy	284
hughie	284
samenvatten	284
pief	284
kraakbeen	284
semper	284
williamson	284
canal	284
zola	284
veranderende	284
koren	284
sharona	284
flanken	284
creëerden	284
tedere	284
raadsheer	284
heef	284
maxie	284
andersen	284
guinness	284
polyester	284
zwemmer	284
janis	284
nagekomen	284
stillson	284
defibrillator	284
aantrok	284
gestreken	284
telefoonlijn	284
verwerven	284
uitstap	284
dwarszitten	284
improvisatie	284
vincenzo	284
dna-monster	284
gedenken	283
martina	283
bewijslast	283
naïeve	283
aantast	283
tinnen	283
gewrichten	283
aston	283
afscheidscadeau	283
hereniging	283
beurzen	283
geheeld	283
swagger	283
neanderthaler	283
stevenson	283
nevins	283
kneus	283
pinot	283
jonesy	283
overblijfsel	283
voorhoede	283
lier	283
kannibaal	283
veiligheidspal	283
jelly	283
gekweekt	283
uitroeiing	283
mycroft	283
rijpe	283
wastafel	283
tempeliers	283
grafiek	283
nie	283
dubieuze	283
getimed	283
gesmeten	283
grommen	283
conducteur	283
officiele	283
fotoshoot	283
blackadder	283
spuitje	283
lung	283
namaken	283
gespoeld	283
jafar	283
prutser	283
candice	283
has	283
clichés	282
tolliver	282
verd	282
incest	282
energiek	282
programmeur	282
lissabon	282
afgeschud	282
magog	282
heers	282
chilton	282
omleiden	282
langdon	282
groeperingen	282
hospita	282
geabsorbeerd	282
helpers	282
monteurs	282
evenaren	282
ballast	282
meegekregen	282
drogeren	282
rottend	282
hoynes	282
gedetecteerd	282
tijdslijn	282
schuine	282
krekel	282
manticore	282
uber	282
opmerkzaam	282
savitar	282
potus	282
voluit	282
parkman	282
gee	282
waanbeelden	282
alarmeren	282
metaforen	282
verrekken	282
chevron	282
fret	282
uitgelokt	282
achterdocht	282
charisma	282
pitcher	282
motorrijders	282
scholing	282
bistro	282
nachtclubs	282
uitgangspunt	281
zegels	281
stuitte	281
giraffe	281
holbewoner	281
kitten	281
pornoster	281
schijterd	281
p.d.	281
soleil	281
goran	281
ketterij	281
murder	281
gerson	281
setje	281
complexiteit	281
kokosnoten	281
uitblazen	281
matig	281
aspirientje	281
pletten	281
verdelger	281
voorbereidt	281
hondenpoep	281
onbenul	281
cami	281
fatima	281
silvia	281
sprint	281
kaufman	281
lavinia	281
suffolk	281
beademen	281
oneven	281
oorlogsmisdaden	281
theepot	281
age	281
rowena	281
ofschoon	281
zimmerman	281
fascinatie	281
rekwisieten	281
deugden	281
mowgli	281
nors	281
hazard	281
vaardig	281
doorslag	281
toegaat	281
gently	281
apu	281
doorknippen	281
climax	281
zelfzuchtig	281
beperking	281
hiphop	281
hangend	280
genoegdoening	280
betrap	280
toro	280
demonstraties	280
knaagdieren	280
carnegie	280
verrukkelijke	280
footballteam	280
thuishoor	280
werkvloer	280
thanks	280
razor	280
raffinaderij	280
l.a	280
howdy	280
klapte	280
stroomafwaarts	280
geverifieerd	280
nance	280
9e	280
chanoeka	280
compositie	280
cavia	280
dikkerd	280
astronoom	280
redmiddel	280
sigaretje	280
pietje	280
bedotten	280
bi	280
bevrijdend	280
chakra	280
zweerde	280
clear	280
basket	280
wedijveren	280
geroddel	280
wig	280
kleerkast	280
bout	280
beerput	280
virtueel	280
revalidatie	280
scarface	280
leeghoofd	280
vertrouweling	280
yorkers	280
korrel	280
pleite	280
zwellen	280
glades	280
pleegden	280
smaragden	280
meekijken	280
verdrietige	280
ijdele	280
diersoort	280
gestuit	280
bemoeienis	280
opgebiecht	279
grietjes	279
eenvoud	279
afwisseling	279
left	279
karp	279
gazette	279
krabbel	279
ru	279
selecteren	279
bram	279
inlaten	279
slechtheid	279
bit	279
nostalgie	279
toonbeeld	279
cornelia	279
lisbeth	279
seismische	279
fraudeur	279
mathieu	279
bespioneerd	279
samengaan	279
psyche	279
dichtgedaan	279
tussenkomst	279
helsing	279
cubs	279
staarten	279
forse	279
chestnut	279
vrijmetselaars	279
slam	279
ervaar	279
ruimde	279
warriors	279
onttrekken	279
gandalf	279
aardkorst	279
selectief	279
stimulatie	279
opdrukken	279
verleerd	279
hum	278
mayfair	278
mesa	278
afgestaan	278
pepermunt	278
hackett	278
buiging	278
chadwick	278
borneo	278
dopamine	278
mythes	278
mede-eigenaar	278
spies	278
sutherland	278
southfork	278
rozenkrans	278
nietzsche	278
onregelmatige	278
uitgegroeid	278
gekreun	278
teamwerk	278
doktertje	278
mystiek	278
sanatorium	278
cabrio	278
barbra	278
nederlanders	278
middelmatige	278
sexueel	278
thayer	278
barksdale	278
tosti	278
versierder	278
afgedwaald	278
onweerlegbaar	278
berokkenen	278
beveiligingsbedrijf	278
parachutes	278
geheimpjes	278
slapeloze	278
sanctuary	278
besneden	278
sherrif	278
ingewilligd	278
slijmerige	278
riet	278
noir	278
hapt	278
klef	278
geworsteld	278
aflossing	278
ochtendgloren	277
gunstige	277
vredestichter	277
loep	277
oppikt	277
vous	277
lenig	277
prijzengeld	277
schoolkinderen	277
aanjagen	277
postkamer	277
bijenkorf	277
revolvers	277
eindbal	277
zelfbehoud	277
sores	277
diskette	277
sim	277
veiligstellen	277
acteer	277
compassie	277
hear	277
jai	277
toorts	277
lompe	277
henning	277
sabel	277
landmijn	277
binnenkom	277
peaches	277
barricade	277
rechtstreekse	277
pig	277
hardnekkig	277
pruitt	277
herders	277
biljarten	277
swann	277
bewapening	277
opal	277
rapporteerde	277
afrukken	277
ruziemaken	277
smoesje	277
calista	277
tyrell	277
innam	277
uittesten	277
aambeien	277
confetti	277
loket	277
netherlands	277
rimboe	277
claustrofobisch	277
huwelijkscontract	277
pretzels	277
tiner	277
aasgieren	277
reardon	277
liefhad	277
wordy	277
vergevingsgezind	277
tunesië	277
bartholomew	276
opgewassen	276
verwante	276
opbreken	276
motorrijder	276
rey	276
faalden	276
esme	276
bewoonde	276
koekoek	276
bibi	276
lichtgewicht	276
astronautentheorie	276
spieken	276
drugstest	276
klaploper	276
aanhanger	276
stichtte	276
léon	276
eigenwijze	276
bindend	276
fulcrum	276
scrabble	276
portretten	276
bespreekt	276
gedoofd	276
trail	276
functioneel	276
bloedsuiker	276
friend	276
gember	276
slaappil	276
cardio	276
perfectioneren	276
geveild	276
cabriolet	276
clubje	276
processor	276
onverklaarbaar	276
ecuador	276
uitstrijkje	276
gevoeliger	276
kortaf	276
bowlingbaan	276
crusoe	276
save	276
weltrusten	276
eeuh	276
starks	276
getijden	275
16-jarige	275
betalende	275
drukste	275
minimumloon	275
ontmoetingsplaats	275
gepropt	275
contactlenzen	275
onderwezen	275
androïde	275
paulette	275
botsingen	275
archeologische	275
eettafel	275
avi	275
beckman	275
onvergetelijke	275
spendeert	275
overbelasting	275
maleisië	275
technologieën	275
krijgsgevangene	275
apparaatje	275
ryans	275
bunch	275
omgooien	275
choreografie	275
toverdrank	275
wraakzuchtige	275
smaragd	275
goeddoen	275
feller	275
vuilniszakken	275
begeerde	275
heetten	275
overnacht	275
alexx	275
notulen	275
graysons	275
intriges	275
shu	275
zool	275
oncoloog	275
investeer	275
britt	275
qaeda	275
daarbeneden	275
paper	275
natuurwetten	275
familieman	275
rowe	275
bloedmonsters	275
koppigheid	275
duct	275
lexus	275
noonan	275
telefoonlijnen	275
vochtigheid	275
besprongen	275
publiceerde	275
stemrecht	275
tonya	275
leukere	274
alter	274
trainingen	274
vector	274
bungalow	274
ongeloofwaardig	274
skitters	274
effectiever	274
bijster	274
pacino	274
santino	274
scheenbeen	274
push	274
winthrop	274
sancho	274
partizanen	274
jongedames	274
ruimdenkend	274
autorisatie	274
sandoval	274
broken	274
marsden	274
jicht	274
akkoorden	274
ariadne	274
musa	274
inbegrip	274
afdoende	274
pijnigen	274
loopgraaf	274
jukbeenderen	274
maffiabaas	274
provider	274
brillen	274
ar	274
draagbaar	274
sirius	274
liga	274
vaandel	274
zekering	274
feeny	274
wreef	274
tut	274
dreigden	274
vodka	274
dwaalspoor	274
beetjes	274
casting	274
marshmallow	274
luchtdruk	274
geheimzinnigheid	274
steriliseren	274
aramis	274
bethesda	274
tĳd	274
branding	274
voorzie	273
omliggende	273
buitenlucht	273
vervuilen	273
miauw	273
gracht	273
neerkomen	273
keien	273
doorzettingsvermogen	273
herhalingen	273
gleason	273
geurtje	273
doodgereden	273
steenrijk	273
citeert	273
filippijnen	273
ruineren	273
thuishoren	273
waterloo	273
höek	273
benoemde	273
biggie	273
consistent	273
simuleren	273
bewolkt	273
overheerlijk	273
bijgewerkt	273
beast	273
loxley	273
heide	273
booker	273
straatje	273
problematisch	273
pussy	273
jeez	273
aandoe	273
dilaurentis	273
misser	273
omstreden	273
buitensluiten	273
opnoemen	273
catacomben	273
alvey	273
betwisten	273
ontglipt	273
dummy	273
vaandrig	273
hysterische	273
grind	273
expressie	273
toevallen	273
kasper	273
gut	273
warpsnelheid	273
overwon	273
transponder	273
psychologen	273
mortieren	273
zwevende	273
omhelsde	273
genoemde	273
beretta	272
25e	272
frye	272
opzadelen	272
handbereik	272
australisch	272
yanks	272
oriëntatie	272
grutten	272
vernederende	272
afwijkende	272
meevaller	272
mach	272
nic	272
medeplichtigen	272
negatieven	272
grondtroepen	272
vertaalt	272
bagger	272
omloopbaan	272
ichabod	272
nanna	272
melodramatisch	272
slapjanus	272
opat	272
imam	272
rosita	272
pac	272
maatschappelijke	272
denkbeeldig	272
opgebrand	272
beman	272
work	272
rappen	272
getekende	272
verleidingen	272
triestig	272
pinautomaat	272
sailor	272
minderwaardig	272
strijdt	272
gastenverblijf	272
ingeademd	272
yusuf	272
magnifiek	272
dreigingen	272
misging	272
massieve	272
observaties	272
doodsangst	272
smurrie	272
sieraad	272
lannister	272
rechtgezet	272
mooist	272
maquis	272
katarina	272
una	271
ziekenzaal	271
bezetenheid	271
keeler	271
hornet	271
embleem	271
cell	271
zwaarst	271
voorgeschiedenis	271
mumbai	271
eierstokken	271
volwassener	271
largo	271
fiji	271
zingend	271
zonodig	271
captains	271
prada	271
everything	271
achtervolgden	271
wainwright	271
antropologie	271
wervels	271
fosfor	271
zara	271
ontberingen	271
hersenstam	271
kristy	271
variabele	271
aangenamer	271
wegversperringen	271
gestresst	271
zedenpolitie	271
marci	271
bezinning	271
investeerde	271
gereedschappen	271
zweeg	271
zinnigs	271
broyles	271
crab	271
bouwers	271
opgebracht	271
verlammen	271
broos	271
riolen	271
plaagde	271
sha	271
badger	271
beginner	271
pia	271
knaller	270
wendt	270
pollen	270
autobom	270
latham	270
ontwerpers	270
coupé	270
c.t.	270
betoog	270
dooku	270
stug	270
geïntrigeerd	270
meubelen	270
gerenoveerd	270
foods	270
richtten	270
huilden	270
smacht	270
blokhut	270
seksen	270
burbank	270
welch	270
dojo	270
harken	270
lastigval	270
francois	270
onderkruipsel	270
belichting	270
wedt	270
kredietkaarten	270
dwangbuis	270
wereldrecord	270
markeert	270
dulden	270
busjes	270
zondigen	270
stay	270
electric	270
landinwaarts	270
athos	270
gypsy	270
fanclub	270
moordmachine	270
lenin	270
stuit	269
neervallen	269
sí	269
gelid	269
irakese	269
jana	269
ideologie	269
klonken	269
wedde	269
tau	269
aroma	269
poriën	269
wikkel	269
observeert	269
slipstream	269
char	269
stressvol	269
lourdes	269
angola	269
toenadering	269
fors	269
ingespoten	269
vooravond	269
bijlage	269
onverschilligheid	269
droomden	269
laverne	269
opmerkte	269
mead	269
isaacs	269
daley	269
sat	269
smithsonian	269
onderneemt	269
ohja	269
stommiteiten	269
virale	269
barmhartig	269
slanke	269
jakhals	269
lijkwagen	269
zalen	269
chequeboek	269
wanorde	269
congresleden	269
erm	269
rafa	269
bevoorraden	269
plaatsing	269
knokpartij	269
iggy	269
jaars	269
ibm	269
teamleden	269
kilogram	269
teleurstellingen	269
desalniettemin	269
aartsengel	268
count	268
ingebouwde	268
bonzen	268
psi	268
beluisteren	268
malware	268
jean-pierre	268
them	268
karren	268
beffen	268
galliërs	268
condoleances	268
oh.	268
gedane	268
deens	268
kwak	268
ingestapt	268
geestelijken	268
therapeute	268
insluiten	268
morsdood	268
lettertjes	268
15-jarige	268
buza	268
trampoline	268
hahn	268
likte	268
magazijnen	268
vlakke	268
achterhoede	268
zander	268
raster	268
stilzwijgen	268
ny	268
schoenmaat	268
ondersteunend	268
roxie	268
overgewicht	268
toneelstukken	268
lunches	268
aarzelt	268
inhield	268
gedeprimeerd	268
15de	268
ex-verloofde	268
rijkelui	268
plantte	268
jb	268
breeland	268
buidel	268
supervisie	268
steentjes	268
gevuurd	268
racebaan	268
jezusmina	268
opvoering	268
dobbelen	268
deserteurs	268
sleutelhanger	268
anomalieën	268
bosje	268
wereldvrede	268
wings	268
gekibbel	268
investeert	267
beddengoed	267
bankgegevens	267
aanlokkelijk	267
bemiddelen	267
stamhoofd	267
christa	267
miserabele	267
weggeblazen	267
fictieve	267
bewaarders	267
pleitte	267
gemonteerd	267
acosta	267
motels	267
struikelt	267
kaïn	267
camila	267
poetst	267
tie	267
monarch	267
adieu	267
ochtenden	267
bevoorrecht	267
leone	267
echts	267
verontwaardiging	267
scalp	267
vermalen	267
slotenmaker	267
fausto	267
bevrucht	267
redenering	267
aquaman	267
mineraal	267
beving	267
verdringen	267
alvleesklier	267
slordige	267
omringen	267
asjeblief	267
osiris	267
palmen	267
toezichthouder	267
birkhoff	267
misdadige	267
upload	267
claustrofobie	267
proporties	267
kamernummer	267
century	267
depressies	267
victoriaanse	266
caen	266
aanstaren	266
beheerd	266
geregend	266
alsook	266
uitbarsten	266
myron	266
hels	266
sondes	266
bio	266
winnetou	266
rokende	266
dwangarbeid	266
wetboek	266
vertegenwoordigde	266
arch	266
melrose	266
barrel	266
mari	266
goedvinden	266
doll	266
ferg	266
tuinslang	266
belmont	266
meeks	266
stellingen	266
inspreken	266
maximus	266
berisping	266
samenbrengen	266
marigold	266
landschappen	266
funk	266
ehh	266
wegreed	266
geboord	266
ééns	266
reston	266
decolleté	266
raza	266
3de	266
caruso	266
klaarzetten	266
hatelijk	266
overladen	266
overrompeld	266
sentiment	266
brandweerkazerne	266
uitmaak	266
geboft	266
momma	266
darts	266
verwaarlozing	266
panne	266
kauwt	266
l.a.p.d.	266
markering	266
vlo	266
donahue	266
spiegeltje	266
lekkertje	266
sarcofaag	266
administratief	266
bingham	266
snugger	266
volharding	266
afwijken	266
simulaties	265
eldridge	265
hikkie	265
syrische	265
vlakken	265
woestijnen	265
gemalen	265
fabio	265
marquez	265
schoonmaakt	265
zweef	265
pong	265
afgespeeld	265
señora	265
therapeuten	265
luchthavens	265
schuiladres	265
tatum	265
dawes	265
austen	265
ac	265
telefoonmaatschappij	265
voorgangers	265
kippensoep	265
directeuren	265
verleende	265
hoorzittingen	265
geadresseerd	265
brandmeester	265
uitgelopen	265
pascoe	265
luitenant-ter-zee	265
schommelen	265
asgard	265
bezitterig	265
zandbak	265
familiefoto	265
hatch	265
subliem	265
prestigieuze	265
houdend	265
lundy	265
vakje	265
fbi-agenten	265
encyclopedie	265
kloppend	265
blossom	265
ingenieus	265
spleetoog	265
snufje	265
videospel	265
fungeren	264
dierenbescherming	264
pj	264
clovis	264
avonturier	264
woordkeuze	264
achtte	264
imperial	264
spam	264
dinner	264
gekende	264
cheeta	264
marsha	264
porthos	264
masseur	264
enthousiaste	264
raast	264
secretaresses	264
liefhebbers	264
abdullah	264
flair	264
blackout	264
fitzpatrick	264
bloost	264
misplaatste	264
gelapt	264
zorgzame	264
aida	264
hobart	264
uzi	264
conners	264
achterwaarts	264
byrne	264
waterleiding	264
bannen	264
stofzuigen	264
wegnam	264
jc	264
aankomsttijd	264
volkoff	264
zelfmoordmissie	264
uitschelden	264
sachs	264
yeti	264
vick	264
goedje	264
pepermuntje	264
plasje	264
vliegers	264
sgt	264
grappigste	264
verhandeld	264
binding	264
ptss	264
prozac	264
plezierige	264
kruidenthee	264
gregg	264
cochise	264
raleigh	263
cherie	263
bakersfield	263
brie	263
banana	263
mart	263
regenbogen	263
bevriende	263
instemming	263
beoordelingsvermogen	263
peri	263
newsome	263
residentie	263
espheni	263
laird	263
luidde	263
vadertje	263
guillaume	263
brugklas	263
niet-	263
openbaringen	263
d.b.	263
proton	263
onbevreesd	263
verkeken	263
samengevoegd	263
serre	263
halley	263
kwijlt	263
cosmetica	263
kaitlin	263
woodhull	263
paardenstaart	263
dalia	263
kampeerders	263
stelpen	263
terughebben	263
klontjes	263
autisme	263
kloteding	263
translate	263
berekende	263
klomp	263
volker	263
pompt	263
geduchte	263
toerisme	263
competitief	263
warrior	263
patmore	263
pcp	263
onderscheidingen	263
vrouws	263
consequent	263
panther	263
12de	263
gonorroe	263
supplement	263
egocentrisch	263
karsten	263
bemiddeling	262
onveranderd	262
telefoniste	262
schatrijk	262
italie	262
stemden	262
criminal	262
prediker	262
snotlout	262
knabbelen	262
gifford	262
nielsen	262
wandelend	262
opgewacht	262
manke	262
aggie	262
giacomo	262
maagpijn	262
ontleed	262
proefde	262
onaantrekkelijk	262
lucratief	262
eenzelfde	262
pena	262
guillermo	262
manfred	262
freelancer	262
gevorderde	262
verwarmd	262
schorpioenen	262
opging	262
addic7ed	262
scheel	262
slick	262
roddy	262
toverkracht	262
flugel	262
twintiger	262
rechtmatig	262
wtc	262
heathrow	262
belize	262
woekeraar	262
pose	262
gril	262
lasso	262
verantwoordelijken	262
moves	262
basketball	262
antoinette	262
symboliseert	262
terugroepen	262
bonussen	262
mankeerde	262
nieuwsbericht	262
benni	261
alsmede	261
uitgescholden	261
loeren	261
bajoraanse	261
potjes	261
wildste	261
kidnapper	261
appleby	261
aanricht	261
schim	261
savoy	261
english	261
knulletje	261
apostelen	261
beautiful	261
goeiemiddag	261
kunstenares	261
rooney	261
trekjes	261
berging	261
barn	261
verknoeide	261
vrijpleiten	261
kroatië	261
adverteren	261
upon	261
wilfred	261
neo	261
standbeelden	261
jemma	261
vlakten	261
handpalm	261
sacha	261
gerustgesteld	261
zakdoekje	261
kerstkaart	261
dede	261
lefty	261
buidelrat	261
consumptie	261
zakenwereld	261
foyer	261
frédéric	261
zoekactie	261
krimpt	261
maaginhoud	261
wolfram	261
conversie	261
campagnes	261
sportwagen	261
corona	261
herkozen	261
besprak	261
dos	261
onrechtmatige	261
ontwapenen	260
ketter	260
chronicle	260
gebakjes	260
druïde	260
legitimeren	260
bestoken	260
sleurde	260
vooralsnog	260
uitvoerig	260
afscheiding	260
caracas	260
topvorm	260
gardiner	260
formuleren	260
bekleed	260
play-offs	260
commune	260
nadere	260
knipperde	260
gossie	260
12-jarige	260
schaaldieren	260
farmaceutisch	260
dwangmatig	260
fotografisch	260
30e	260
hubbard	260
haarbal	260
lao	260
valencia	260
uitwerking	260
kliekjes	260
wonka	260
matrassen	260
indertijd	260
afkeuren	260
gezever	260
slotpleidooi	260
aftrek	260
kleurlingen	260
crescent	260
poppenhuis	260
kurkentrekker	260
bouwvakkers	260
yogi	260
westminster	260
bouwvakker	260
doorgeeft	260
paf	260
bulldozer	260
huilebalk	259
wegneemt	259
zwelt	259
geëxperimenteerd	259
astor	259
gediagnosticeerd	259
jolene	259
batiatus	259
saldo	259
giorgio	259
zomerhuis	259
edge	259
uitdraaien	259
rocks	259
onderkoeling	259
scherpzinnig	259
feniks	259
schoongeveegd	259
geëerde	259
zondige	259
belgrado	259
ballistisch	259
episch	259
verwarrende	259
mojito	259
nabijgelegen	259
trimester	259
liefhebt	259
beëindigt	259
verbreden	259
navigatiesysteem	259
mandarijn	259
luchtaanvallen	259
babcock	259
wegstoppen	259
monopolie	259
hersenloze	259
patio	259
walsen	259
vuilniswagen	259
vaughan	259
radcliffe	259
verduiveld	259
bezichtigen	259
hutchinson	259
karim	259
prestige	259
terugdenken	259
onplezierig	259
ibiza	259
onthul	259
morpheus	259
handelaars	259
kapster	259
onbeduidende	259
giraf	259
speelveld	259
woef	259
manipulatief	259
geïntroduceerd	259
taskforce	259
17-jarige	259
robijnen	258
mormonen	258
planden	258
duld	258
terugbracht	258
geringe	258
gonzo	258
standpunten	258
hasan	258
uitval	258
bestrijdt	258
desiree	258
heathcliff	258
andes	258
fabian	258
jongs	258
blazer	258
omkwamen	258
spreekwoord	258
fresh	258
geaardheid	258
pack	258
falco	258
mals	258
boogie	258
gist	258
toneelstukje	258
kardinalen	258
pruim	258
stommerd	258
ontmoedigd	258
politieonderzoek	258
before	258
weggereden	258
bestrijd	258
pino	258
spreekbeurt	258
ak	258
spendeer	258
gazelle	258
listen	258
levine	258
kotst	258
projecteren	258
gezaaid	258
cologne	258
geborgen	258
glijbaan	258
trainers	258
baseren	258
druipt	258
verdampen	258
levensecht	258
valiant	258
deurwaarder	258
maxime	258
aangebrand	258
geldschieter	258
northern	258
bejaardenhuis	258
bestookt	258
schadelijke	257
splitsing	257
anarchist	257
afgrijselijke	257
vod	257
natrium	257
reserveer	257
lopers	257
regis	257
autootje	257
resulteerde	257
vrome	257
keefe	257
trilling	257
veejee	257
baviaan	257
soren	257
callaghan	257
maandagmorgen	257
cadmus	257
afpakt	257
prikkels	257
maarten	257
fifi	257
hersengolven	257
botte	257
dineetje	257
sy	257
bien	257
drieling	257
everybody	257
betekenden	257
absorbeert	257
inhalig	257
kraakte	257
serpent	257
hittegolf	257
drugsdeal	257
kenya	257
afstudeerde	257
vil	257
ryo	257
enen	257
blow	257
nachtjapon	257
commodus	257
overvol	257
alexandria	257
enzym	257
boekenwinkel	257
gruwelen	257
enter	257
energy	257
goudstukken	257
microben	257
roestbak	257
midwesten	257
onnozelaar	257
eendjes	257
schietgrage	257
alstublief	257
aardrijkskunde	257
senioren	257
geteisterd	257
lachgas	256
wijwater	256
geneer	256
genoodzaakt	256
lay	256
geschiedenisboeken	256
lievelingskleur	256
stoner	256
tyrannosaurus	256
lijkzak	256
achilles	256
opzettelijke	256
gespreid	256
dalai	256
aaseters	256
reiniging	256
standaardprocedure	256
16de	256
fremont	256
keuring	256
gejammer	256
maandelijks	256
chaney	256
startbaan	256
mint	256
grapefruit	256
lapje	256
baarde	256
linke	256
zeilboot	256
mccormick	256
fascisme	256
begroeting	256
hoorje	256
apartement	256
depressieve	256
takel	256
herleiden	256
uitgecheckt	256
gezwegen	256
bemoeial	256
ryu	256
sloopt	256
marmeren	256
beramen	256
bekertje	256
gemachtigd	256
susanna	256
neerzet	256
dwaalt	256
pieker	256
ergernis	256
verminking	256
mustafa	255
menig	255
filipijnen	255
terughoudendheid	255
cyprus	255
gevouwen	255
crematorium	255
ponden	255
sciencefiction	255
weggebracht	255
goedaardig	255
zegde	255
uitgaf	255
geflipt	255
keukentafel	255
steunden	255
nim	255
ij	255
rollie	255
feldman	255
tastbaar	255
kato	255
metgezellen	255
gemener	255
bevelhebbers	255
basra	255
libido	255
toeteren	255
beuren	255
tentoongesteld	255
schoonheidssalon	255
reserveringen	255
koda	255
kennisgemaakt	255
chocoladetaart	255
oneerbiedig	255
striptent	255
publiceert	255
erickson	255
heibel	255
muad	255
insider	255
wegslepen	255
koch	255
wapperen	255
bloedserieus	255
lachwekkend	255
johannesburg	255
jessup	255
preventieve	255
pda	255
thérèse	255
verrijkt	255
dezen	255
shorts	255
marino	255
verging	255
halfzus	255
vlaag	255
zoekopdracht	255
eliminatie	255
kiekeboe	255
suikerspin	255
dutton	255
mompelen	254
corner	254
kwetsend	254
charger	254
naaktheid	254
welsh	254
jordanië	254
dynamisch	254
geraadpleegd	254
optrekt	254
doodsbedreigingen	254
dorn	254
schimmels	254
bolletje	254
zelfstandige	254
hélène	254
armani	254
pseudoniem	254
engs	254
giulia	254
waarachtig	254
autobiografie	254
bemand	254
baseer	254
professoren	254
agentje	254
sparren	254
19de	254
hung	254
perplex	254
sober	254
besprong	254
innige	254
verjaardagstaart	254
vervangers	254
toepassingen	254
kalmerende	254
doeltreffend	254
stuivers	254
geefje	254
peanut	254
speelhal	254
petrie	254
nagemaakt	254
gerommeld	254
meeuwen	254
nyu	254
speelruimte	254
onthaal	254
mean	254
hiram	254
waagde	254
praatgroep	254
gulheid	254
aaah	254
taub	254
aanhoudende	254
marinebasis	253
strijkt	253
afwist	253
filmden	253
baja	253
bela	253
gekko	253
voorjaarsvakantie	253
drijfveer	253
architecten	253
blootleggen	253
gestoorden	253
rechtspraak	253
jasons	253
kadaver	253
bieber	253
track	253
gealarmeerd	253
doorslaan	253
geinig	253
ahoy	253
component	253
trendy	253
jakes	253
inlopen	253
conan	253
durfden	253
tackle	253
onderarm	253
metropolitan	253
zuidoost	253
zonderling	253
magnesium	253
nuchtere	253
sniper	253
aanstoot	253
beschadiging	253
eau	253
universal	253
denkwijze	253
cooke	253
²	253
valdez	253
aardoppervlak	253
trucker	253
ingeladen	253
rollo	253
simba	253
mooiers	253
fanatieke	253
symbolische	253
panden	253
raapte	253
verpletter	252
katjes	252
fuckin	252
munro	252
burn	252
devin	252
tk	252
gelukkigen	252
aanbidding	252
activist	252
fractuur	252
aangevoerd	252
noodles	252
uitdagende	252
liberator	252
uitsteekt	252
kondigde	252
zielenknijper	252
regisseurs	252
brouwsel	252
stamper	252
mclaren	252
mcgregor	252
sneeuwbal	252
mistig	252
onrechtmatig	252
adrienne	252
massamoordenaar	252
steriele	252
videorecorder	252
wasmand	252
sanitair	252
ziegler	252
misa	252
gallië	252
omgegooid	252
huwelijksaanzoek	252
hogerhand	252
atwater	252
kimono	252
ontgroening	252
sterfelijkheid	252
doorlaten	252
homoseksuelen	252
onkwetsbaar	252
lynne	252
opgezette	252
seward	252
befaamde	252
voorgaan	252
siamese	252
vechtende	252
langzamerhand	252
toegestuurd	252
stuwkracht	252
flatgebouw	251
neerstak	251
techneut	251
deuce	251
horne	251
onbeschadigd	251
karina	251
hartzeer	251
boosdoener	251
walhalla	251
panters	251
zorgwekkend	251
fiat	251
beloningen	251
gehaktbal	251
zweterige	251
waterdichte	251
uitgesneden	251
peng	251
aanhoudingsbevel	251
albanië	251
spoelde	251
purdy	251
bivakmuts	251
trenton	251
inlichtingendiensten	251
verhuurt	251
gosh	251
vliegtickets	251
vergaderruimte	251
vergeetachtig	251
exodus	251
mensenkennis	251
gespuugd	251
registreer	251
neurotisch	251
seine	251
holdings	251
kabeljauw	251
goes	251
ontwerpt	251
jean-claude	251
fearless	251
toi	251
geheugenkaart	251
slaagden	251
zijkanten	251
belg	251
operatietafel	251
strook	251
smalls	251
col	251
uitvoerende	251
bezegeld	251
heils	251
sumner	251
stortingen	251
clavin	251
culinaire	251
voorgelegd	251
kamelot	251
kraters	251
stillen	251
terugbetaling	251
tijdverdrijf	250
tamsin	250
dansend	250
stemmers	250
verdun	250
toekwam	250
hd	250
aanhoudt	250
kletspraat	250
patenten	250
metjou	250
waterman	250
vestiging	250
kraft	250
afschriften	250
dreams	250
homofiel	250
vroegtijdig	250
rechtshandhaving	250
aanloop	250
getij	250
angsthaas	250
corrigan	250
correspondent	250
hersen	250
gesetteld	250
tomorrow	250
vindingrijkheid	250
runner	250
krimp	250
gross	250
doelbewust	250
accountants	250
konvooien	250
beoogde	250
inwerken	250
voorgeleiding	250
koala	250
beschouwing	250
knowles	250
kaartspel	250
lapdance	250
verscheidenheid	250
kruizen	250
databases	250
wervel	250
lanceert	250
herstarten	250
schoothondje	250
woonruimte	250
eod	250
shen	250
matchen	250
noorderlicht	250
patrouillewagen	250
peuteren	250
vergast	250
verstandhouding	250
osgood	250
eastern	250
coaches	249
voorbeeldige	249
madagaskar	249
jar	249
ween	249
kwijl	249
verwen	249
bedoelden	249
sproeten	249
schaamteloze	249
sympathieke	249
skype	249
onfatsoenlijk	249
stemmingswisselingen	249
cable	249
doelstellingen	249
berlijnse	249
gettysburg	249
klerelijer	249
bosco	249
aanvaardde	249
ziekteverlof	249
verwijzingen	249
voornemen	249
pleegmoeder	249
oversteekt	249
verwaarlozen	249
ondergeschikten	249
uithaalde	249
chopin	249
masseuse	249
oef	249
kunstjes	249
iraniërs	249
bewegend	249
sm	249
savino	249
erfstuk	249
kledingstuk	249
granny	249
rios	249
afwezige	249
weggelaten	249
grenst	249
bloedende	249
katja	249
aanmaken	249
topsnelheid	249
aangeduid	249
pantoffels	249
indië	249
vergrootglas	249
complexer	249
bedreigden	249
abba	249
klungel	248
narcist	248
indy	248
till	248
remus	248
lamsvlees	248
naaister	248
beoefenen	248
fobie	248
laaiend	248
schoenmaker	248
verongelukte	248
bloedtoevoer	248
smurfen	248
microscopisch	248
onmiskenbaar	248
aanlopen	248
gewei	248
bootsman	248
pisnijdig	248
medeweten	248
sonépouse	248
trottoir	248
maillot	248
onafgemaakte	248
uitgevers	248
seinfeld	248
censuur	248
taylors	248
sporenonderzoek	248
rondsluipen	248
gedisciplineerd	248
verversen	248
toeliet	248
inslaat	248
jemaine	248
uitstapjes	248
alstjeblieft	248
harker	248
ruilt	248
phlox	248
edmond	248
wikkelen	248
ahem	248
neuriën	248
pensionering	248
liberalen	248
twaalven	248
getracht	248
hartkwaal	248
kalksteen	248
strenger	248
tillman	248
weiland	248
rave	248
éénmaal	248
rom	248
jehova	247
denkende	247
verkwisten	247
asperges	247
grijnzen	247
slagerij	247
overgevoelig	247
moedigste	247
imbecielen	247
leavenworth	247
ondernemers	247
masturbatie	247
beans	247
harcourt	247
kinderporno	247
hulpjes	247
quad	247
tuinier	247
chiefs	247
gao	247
padden	247
bitterheid	247
doom	247
schietend	247
breedtegraad	247
levensbelang	247
doorbakken	247
ophoud	247
hallucineert	247
herkenning	247
indekken	247
twisten	247
paraderen	247
uitkopen	247
overgrootmoeder	247
knopjes	247
stewardessen	247
alarmcentrale	247
asterix	247
eindpunt	247
pocket	247
ballistische	247
spelden	247
mijnbouw	247
vennootschap	247
schalen	247
dons	247
bloedbank	247
verdedigingslinie	247
gespecialiseerde	247
5th	247
telegraaf	247
grinch	247
boat	247
associatie	247
gekloond	247
review	246
showbizz	246
bloedverwant	246
croatoan	246
verrassingsaanval	246
recyclen	246
delicten	246
onzinnige	246
verlengde	246
gregorio	246
ammunitie	246
hypnotiseren	246
hellingen	246
delores	246
rothstein	246
stanny	246
23e	246
jodium	246
garak	246
metrostation	246
ontwikkelaar	246
jonkies	246
beschrijvingen	246
aristoteles	246
kimble	246
geldige	246
ethiopië	246
verwezen	246
zomin	246
shiva	246
zoidberg	246
comm	246
warms	246
kruisigen	246
denkbare	246
ogenschijnlijk	246
verstuurt	246
soufflé	246
bezienswaardigheden	246
verdikkeme	246
alexi	246
ovens	246
proteïnen	246
vandalen	246
heg	246
tropen	246
westchester	246
introduceerde	246
erecode	246
onvriendelijk	246
reclamebord	246
schrokken	246
gevild	246
ruairi	246
huang	246
koelt	246
onorthodox	246
chatroom	246
vittorio	246
trans	246
roemeense	246
gem	246
bri	246
holder	246
aangeleerd	246
barron	246
attracties	246
penningmeester	246
hogepriester	245
nobody	245
speurder	245
ak-47	245
waarzegster	245
e.t.	245
proces-verbaal	245
aantoont	245
dwyer	245
magen	245
stereotype	245
korpschef	245
crimson	245
believe	245
aimee	245
uitrukken	245
rats	245
ontsporen	245
lulletje	245
verstopten	245
onraad	245
understatement	245
elementaire	245
ongewisse	245
musketier	245
replicators	245
naderbij	245
uitpluizen	245
folklore	245
daags	245
leith	245
instrumentale	245
gerepeteerd	245
middaguur	245
droomhuis	245
racer	245
kier	245
standby	245
byrd	245
bega	245
verwoorden	245
pont	245
napalm	245
gecharmeerd	245
eclips	245
neuro	245
doodstil	245
halfnaakt	245
betoveren	245
laadruimte	245
rijders	245
handjevol	245
lidocaïne	245
sissy	245
coupe	245
handgranaat	245
hunnicutt	244
junction	244
spooner	244
meat	244
castreren	244
striemen	244
korf	244
wasruimte	244
maude	244
minderheden	244
cane	244
overhandigt	244
vreugdevuur	244
gestaag	244
flappen	244
littekenweefsel	244
dugan	244
omgegaan	244
debriefing	244
grootmoedig	244
gestreepte	244
aanslaat	244
gedetineerde	244
trippen	244
nylon	244
gastheren	244
ladders	244
kerstdiner	244
dicky	244
verzending	244
skaten	244
politiechef	244
restauratie	244
normandy	244
hartproblemen	244
creditkaart	244
afdrogen	244
afrikanen	244
kidnappers	244
stethoscoop	244
paraguay	244
kaping	244
vlaktes	244
geroddeld	244
vikings	244
rachael	244
boa	244
huidig	244
binnenval	244
behoede	244
support	244
bliksemschicht	244
algiers	244
inhumans	244
acapulco	244
galaxy	244
keizers	244
aanrekenen	244
verwerp	244
pezen	244
huist	244
krantenkop	244
buckner	244
doorzet	244
gezichtsveld	244
bureaucraten	244
norah	244
marius	244
gesteriliseerd	244
nola	244
opgelaten	244
rondgevraagd	244
stegen	244
tragedies	244
ramt	244
rev	243
verdwijningen	243
ongrijpbaar	243
reglement	243
ashby	243
meezit	243
verpeste	243
beraamd	243
overschakelen	243
veruit	243
brunchen	243
hoofdzuster	243
mappen	243
vervaagd	243
aladdin	243
maxim	243
uitgestippeld	243
nepal	243
tink	243
reade	243
middeleeuws	243
belegd	243
repareerde	243
doping	243
tactvol	243
oksel	243
try	243
asteria	243
inloggen	243
huisjes	243
risotto	243
citadel	243
leidinggevenden	243
network	243
gemeend	243
onderbrengen	243
ambassadeurs	243
horizontale	243
pakketten	243
hangmat	243
pilaar	243
sensueel	243
surveilleren	243
sexier	243
tolerant	243
matten	243
opbrengt	243
bling	243
miserie	243
hobbit	243
belet	243
katalysator	243
mccartney	243
snak	243
plummer	243
clienten	243
vlekje	243
admiraliteit	243
13de	243
arkham	243
onderdanig	243
verwelkomd	243
knuppels	243
kruiwagen	243
toewijzen	243
daly	243
lelouch	243
schaakspel	243
filantroop	243
intro	243
ongevraagd	243
watergate	242
ongetrouwd	242
onprettig	242
ki	242
duwden	242
yonkers	242
jonkvrouw	242
accordeon	242
maakje	242
formaldehyde	242
deline	242
smaad	242
women	242
zapata	242
minuscule	242
alliance	242
index	242
shaft	242
scheve	242
glenda	242
colosseum	242
larissa	242
beleggen	242
datjullie	242
vaccins	242
piepers	242
edelmoedig	242
onderonsje	242
exit	242
doorspelen	242
remember	242
kastjes	242
thom	242
sami	242
eerstgeborene	242
uitvlucht	242
dancer	242
henzelf	242
tikkende	242
ironische	242
verslaggeefster	242
trilde	242
cry	242
uithuilen	242
vlammenwerper	242
drugdealers	242
stommer	242
christophe	242
suze	242
stelende	242
tesamen	242
tentje	242
betwijfelen	242
samenspannen	242
smolt	242
geërgerd	242
vrolijkheid	242
diem	242
quantum	242
vibrator	242
saints	242
prix	242
outfits	242
cocaine	242
cinnamon	242
geknuffeld	242
financiele	242
durst	242
petit	242
lichtere	242
raarste	242
klara	241
spider-man	241
pijnlijker	241
française	241
luffy	241
kompleet	241
remt	241
overgestapt	241
absolutie	241
afkopen	241
aanbellen	241
badhuis	241
sleurt	241
lupo	241
rusthuis	241
opendeed	241
voorlichting	241
bijgestaan	241
billboard	241
emmalin	241
koker	241
opeenvolgende	241
geroyeerd	241
loodgieters	241
rugzakken	241
termijnen	241
tnt	241
pontiac	241
telefoonrekening	241
rekenmachine	241
bouwwerk	241
lyndon	241
aftuigen	241
aphrodite	241
snuiter	241
walgen	241
klikspaan	241
viaduct	241
scheld	241
geologie	241
voorzienigheid	241
beloop	241
verhangen	241
bewakingsvideo	241
verbluffende	241
fluweel	241
genovese	241
jump	241
hulpverlener	241
moeder-overste	241
khaled	241
tegenvaller	241
jaws	241
krabde	241
opbeuren	241
baret	241
armzalig	241
doorgereden	241
aanpast	241
postcode	241
kwadraat	241
g.d.	241
overheden	241
monsterlijk	241
filmmaker	241
gemakkelijkste	241
maatpak	241
verklap	241
piepende	241
verwarmt	241
monopoly	241
gabriella	241
brenna	240
politieagente	240
nakamura	240
halfdood	240
vine	240
bullet	240
h.g.	240
idealist	240
stumper	240
quint	240
ontloop	240
executive	240
draaiend	240
noordwest	240
inkijken	240
restant	240
handelswaar	240
kannibalisme	240
abstract	240
agressiever	240
whitley	240
ontsmet	240
phineas	240
hanks	240
psst	240
tossen	240
under	240
slaapfeestje	240
mall	240
lelijker	240
eindfeest	240
ondersteun	240
shauna	240
fetisj	240
gewijde	240
egg	240
thames	240
cabal	240
dubieus	240
corcoran	240
blackburn	240
dodo	240
amita	240
rechterbeen	240
afleidt	240
onderdaan	240
doorgeslagen	240
cakes	240
overloop	240
poldark	240
jef	240
titans	240
burning	240
broodkruimels	240
leugentje	240
rune	240
formidabel	240
worthington	240
stompen	240
lauderdale	240
blootje	240
lilah	240
oploopt	240
geleegd	240
republic	240
chekov	239
svu	239
duggan	239
consumeren	239
tv-kijken	239
opgevreten	239
doorgekomen	239
toetjes	239
onbewaakt	239
subject	239
geruime	239
commandeur	239
velgen	239
afgestuurd	239
hickman	239
buitenbeentje	239
gladjanus	239
achteringang	239
verschuiving	239
kostbaarheden	239
stitch	239
heersende	239
bliezen	239
goochelen	239
rondgekeken	239
temperance	239
uitstoot	239
geboet	239
huiden	239
koelbox	239
voorarrest	239
stiletto	239
vredesverdrag	239
installeer	239
helende	239
sportman	239
sneetje	239
leeghalen	239
should	239
vuurpijl	239
familiereünie	239
insloeg	239
hoofdcomputer	239
ste	239
gever	239
handrem	239
macpherson	239
roddelbladen	239
chevalier	239
klippen	239
brains	239
betreurt	239
monsterlijke	239
woodstock	239
opener	239
freedman	238
historici	238
teruggekregen	238
gable	238
bereidheid	238
nl-subs	238
kazachstan	238
nelle	238
stalk	238
telepathische	238
wegrestaurant	238
goddard	238
scheepswerf	238
rommelmarkt	238
esperanza	238
onthoofding	238
nipt	238
vluchtmisdrijf	238
nigger	238
baarden	238
voedzaam	238
goeiendag	238
flauwviel	238
wesson	238
filosofen	238
voorkeuren	238
radicalen	238
reisjes	238
fysicus	238
kiwi	238
uk	238
aanbevelingsbrief	238
hana	238
galblaas	238
klampen	238
etc	238
onderschepte	238
winchesters	238
terloops	238
therapeutisch	238
pincet	238
tandartsen	238
afbetaling	238
koetjes	238
kinsey	238
pamflet	238
edelsteen	238
boomstam	238
dragoman	238
opschrijft	238
mollie	237
metaaldetector	237
gloucester	237
mads	237
vangnet	237
schouderklopje	237
glimmend	237
woedende	237
maretak	237
beroofden	237
spaarrekening	237
rampspoed	237
fases	237
bubbel	237
secondje	237
moraliteit	237
dreyfuss	237
gering	237
overgehouden	237
psychopathische	237
dai	237
pincode	237
studentenvereniging	237
binnenlaat	237
history	237
nostalgisch	237
joegen	237
feestelijke	237
gaandeweg	237
sluis	237
woordenschat	237
vliegtuigje	237
franchise	237
naz	237
luce	237
gracieus	237
missionaris	237
kellerman	237
voortreffelijke	237
verwisseling	237
yee	237
biljart	237
geclassificeerd	237
spareribs	237
kinney	237
australiërs	237
gemixt	237
codis	237
maskeren	237
elia	237
u-boot	237
stoeien	237
finlay	237
kantelen	237
overbleef	237
martelaren	237
fastfood	237
abner	237
traceerde	237
cyste	237
wynn	237
mazel	237
geglipt	237
dunlop	237
stabler	237
drongen	237
snoepen	237
ijsblokjes	237
protestantse	237
mosby	237
odie	236
tod	236
peetmoeder	236
salarissen	236
onfortuinlijke	236
lunchafspraak	236
kogelwond	236
vergezelt	236
pakkend	236
ride	236
elastiek	236
bixby	236
plukt	236
jennie	236
association	236
ravage	236
uitgestrekt	236
leerkrachten	236
rutledge	236
everglades	236
nai	236
holen	236
uitvond	236
mariah	236
rancune	236
fantaseert	236
neerwaartse	236
kronkelen	236
wraakactie	236
drugsbaron	236
knorrig	236
troeven	236
ontwaak	236
verontwaardigd	236
drummen	236
terechtgesteld	236
mariel	236
pullman	236
rondgelopen	236
vesuvius	236
eerbaar	236
zonsverduistering	236
search	236
napa	236
children	236
stift	236
wankel	236
hurst	236
mugenjin	236
taartenmaker	236
pleegkind	236
kopieer	236
early	236
mensenvlees	236
neuronen	236
poncho	236
wilshire	236
shut	236
showen	236
dukat	236
wallis	236
seasons	236
talkshow	236
afkickcentrum	236
vries	236
brommen	236
bern	235
synchroon	235
stuurloos	235
pubers	235
retour	235
uitdeelt	235
boekjes	235
wegkrijgen	235
onteerd	235
bruidssuite	235
beoordelingen	235
arnott	235
molesley	235
onbemande	235
booreiland	235
verslindt	235
fiscus	235
cleaver	235
gekerfd	235
heenga	235
zedendelinquent	235
parkeerplek	235
gefaxt	235
pleur	235
laaste	235
rekt	235
hypotheken	235
helsinki	235
cordy	235
peddelen	235
verbaas	235
forensics	235
ria	235
donoren	235
schandelijke	235
tipgever	235
beentjes	235
beheerde	235
stifler	235
melville	235
uithoren	235
fluffy	235
saxofoon	235
oogt	235
meningitis	235
schijnvertoning	235
neushoorns	235
wacht.	235
voetje	235
kolossale	235
wallen	235
opstandige	235
hartritme	235
deeltjesversneller	235
baze	235
ongeloofelijk	235
lolbroek	235
pharmaceuticals	235
opleverde	235
centimeters	235
driften	235
ransom	235
blaffer	235
gesmoord	235
intrek	235
22e	235
babbeltje	235
coy	235
tienermeisje	235
waarzegger	235
misloopt	235
wandelaars	235
verwissel	235
fashion	234
uitgeprobeerd	234
ingeruild	234
oostfront	234
dressoir	234
beentje	234
kaapstad	234
populairder	234
luck	234
bellevue	234
benedendeks	234
aisha	234
wankelen	234
fauna	234
goldie	234
antropoloog	234
dodental	234
vloekt	234
sloom	234
kreta	234
namaste	234
meegegeven	234
achtergronden	234
jap	234
universeel	234
tricky	234
subaru	234
fräulein	234
originelen	234
prius	234
last-minute	234
hervorming	234
geprikkeld	234
bandit	234
binnengaat	234
tweeen	234
zip	234
meegaand	234
huey	234
liefjes	234
sung	234
bogart	234
bernice	234
skippy	234
thethom	234
knaagt	234
milk	234
bryson	234
onbewuste	234
honor	234
genereert	234
drogeerde	234
flying	234
clitoris	234
gespietst	234
revere	234
inname	234
benjy	234
wii	234
vickers	234
holm	234
corn	234
afzette	234
inslagen	234
croissants	234
dowd	233
toffee	233
steekje	233
beheerste	233
kombuis	233
realistische	233
suki	233
lauw	233
trappelen	233
oa	233
blanc	233
ranzige	233
rox	233
vernieuwing	233
amin	233
weekly	233
pluim	233
voering	233
tall	233
djinn	233
lights	233
eenhoorns	233
niksnut	233
achterkomt	233
ozzy	233
gecamoufleerd	233
greendale	233
vermorzeld	233
aubergine	233
poppenspeler	233
onzekerheden	233
scheid	233
plagiaat	233
ems	233
toverstaf	233
kookboek	233
dhr	233
markiezin	233
meegerekend	233
tweederde	233
expliciet	233
propeller	233
vampire	233
studiegroep	233
jacksonville	233
vermommingen	233
haines	233
ampul	233
verpruts	233
dyke	233
beider	233
luidruchtige	233
abernathy	233
throat	233
invriezen	233
compagnons	233
aast	233
scooby-doo	233
drover	233
darken	233
arif	233
aanleren	233
piraterij	233
lupe	233
liefheb	233
zeshonderd	233
bordelen	233
krueger	232
dmitry	232
mahmoud	232
opereer	232
bebloed	232
mccluskey	232
wegkwam	232
pilaren	232
behoeftig	232
neerslag	232
centra	232
alley	232
scala	232
melkboer	232
dory	232
salades	232
socialistische	232
kniezen	232
getypt	232
krabbelen	232
herkenden	232
kernenergie	232
droid	232
afro	232
jenner	232
foutjes	232
coördinator	232
beloont	232
sleepten	232
blackberry	232
drumstel	232
texaanse	232
ketters	232
cécile	232
delko	232
azteken	232
slechterikken	232
delicatesse	232
biceps	232
kaan	232
zelfbeeld	232
uh-uh	232
oplichtster	232
handgemaakt	232
forten	232
woonwagen	232
weenie	232
millicent	232
nú	232
paté	232
merlot	232
croissant	232
foutloos	232
integratie	232
matje	232
stommelingen	232
betreurenswaardig	232
zandloper	232
minds	232
citeerde	232
rachid	232
kuilen	232
hellevuur	232
audi	232
zwakkeren	232
arabië	232
cynisme	232
folteren	231
cheerios	231
talrijke	231
zaterdagochtend	231
afgeeft	231
superioriteit	231
platinum	231
vervangende	231
grootst	231
rondvliegen	231
pestte	231
bres	231
manisch	231
f.b.i	231
ingezien	231
hydraulische	231
citaten	231
nyborg	231
hoedanigheid	231
meting	231
structurele	231
joffrey	231
veraf	231
daartussen	231
koolmonoxide	231
bureaucraat	231
doodslaan	231
contra	231
verzegelde	231
poederen	231
copper	231
dichthouden	231
romulaanse	231
vinyl	231
onstabiele	231
opperste	231
verrijzen	231
gabi	231
overstroomd	231
analyseert	231
eetcafé	231
inca	231
levensvatbaar	231
make-over	231
rijn	231
pats	231
gm	231
bomaanslagen	231
tinker	231
zeeniveau	231
draaiboek	231
akira	231
heerlijkheid	231
vergrendel	231
spongebob	231
schuldeisers	231
noodplan	231
inactief	231
balletjes	231
bizon	231
galapagos	231
schoolmeisjes	231
hoeverre	231
mishandelt	231
drugsprobleem	231
onbaatzuchtig	231
oorlogvoering	231
toekeek	231
ongetrouwde	231
reily	231
skylar	231
rohan	231
hummer	231
stijlvolle	231
aka	231
gekneusde	231
vijfjaar	230
kegel	230
verweerder	230
planetaire	230
sporters	230
claudio	230
windmolen	230
argus	230
ravioli	230
dmv	230
aantrekking	230
festiviteiten	230
belastende	230
caitlyn	230
zijdeur	230
barr	230
mccabe	230
mees	230
kuren	230
winn	230
sprekende	230
geschiedenisles	230
verklikt	230
eenvoudigste	230
buro	230
hersenoperatie	230
bazaar	230
musicals	230
verstrijkt	230
binnenshuis	230
uitdrijving	230
overstag	230
dubbelgangers	230
patriottisme	230
arne	230
knechten	230
geraffineerd	230
aanvangen	230
koppelt	230
perzië	230
passies	230
gannon	230
kameraadschap	230
bespoedigen	230
onherstelbaar	230
petrelli	230
beeldhouwer	230
racket	230
quest	230
pauls	230
terugtrok	230
bits	230
donkey	230
cougar	230
mongoolse	230
hashtag	230
tovenares	230
groupies	230
burgermeester	230
teamgenoot	230
ontoerekeningsvatbaar	230
dreig	230
mislukkelingen	230
klerezooi	230
rye	230
instaat	230
osaka	230
heffernan	230
kandidatuur	230
afgewend	229
reddingsmissie	229
zakkenwasser	229
ijspriem	229
zwaardvechter	229
keiko	229
satelliettelefoon	229
oh-oh	229
verdwaal	229
bloedtransfusie	229
bijbehorende	229
bevochten	229
barbados	229
hém	229
klemt	229
middenrif	229
hanteert	229
brant	229
suikerziekte	229
stelsels	229
kleurstof	229
verzonken	229
intimiteiten	229
bommelding	229
clandestiene	229
medicinale	229
grootvaders	229
getroost	229
incognito	229
vulden	229
doorkruisen	229
opoe	229
impala	229
tandjes	229
noordzee	229
bajoranen	229
kleverig	229
gladstone	229
aangekeken	229
dirigent	229
naliet	229
masha	229
smeekten	229
drago	229
kopstoot	229
gi	229
ingegrepen	229
editor	229
fernandez	229
electriciteit	229
hightech	229
besturingssysteem	229
granen	229
parkeerbonnen	229
uitleven	229
loven	229
enne	229
carmela	229
verhuurder	229
onnatuurlijke	229
bluth	229
bedot	229
x-files	229
sapiens	229
rotjoch	229
wanen	229
omgebouwd	229
verenigt	229
ondergetekende	229
mighty	229
jadzia	229
shalom	229
zwerft	229
zittende	229
adellijke	228
activeerde	228
klaargekomen	228
afpakte	228
mcphee	228
token	228
afvragend	228
weeks	228
tripje	228
geïmplanteerd	228
zoetigheid	228
shooter	228
shogun	228
nietmachine	228
weelde	228
ruimtevaart	228
denkwerk	228
aandoenlijk	228
omhelst	228
classic	228
voorzichtige	228
produceerde	228
stretch	228
brandtner	228
rokers	228
achttiende	228
verwerking	228
knipbeurt	228
ondeugd	228
riekt	228
beslissend	228
doakes	228
android	228
kietel	228
eclair	228
behoed	228
vooronderzoek	228
fazant	228
isle	228
vergooit	228
input	228
bijgebracht	228
cynische	228
toscane	228
charter	228
thermostaat	228
ongeneeslijk	228
automaten	228
fell	228
s.t.a.r.	228
tentamen	228
watchman	228
mopperen	228
stofwisseling	228
raadsleden	228
welbespraakt	228
voorgedragen	228
thriller	228
toneelspel	228
denktank	228
armada	228
aziaat	228
uitloopt	228
covington	228
nachtwacht	228
wentworth	228
kropen	228
zitplaatsen	228
klaart	228
struisvogel	228
triljoen	228
weather	228
geweerschot	228
mcgrath	228
getankt	228
kinderlijke	228
luidsprekers	228
parlementslid	228
replicator	228
gwendolyn	228
handschoenenkastje	228
breeze	228
maar-	228
streel	228
schooiers	228
ondervroegen	228
aanhang	228
leuning	228
waterput	228
laos	227
gokschulden	227
pao	227
viva	227
vervul	227
indient	227
nazareth	227
scharrel	227
elimineer	227
vleit	227
weerman	227
prothese	227
zeurpiet	227
stock	227
anorexia	227
wheels	227
wikipedia	227
onheilspellend	227
bowden	227
attaché	227
eelt	227
hervormingen	227
spookstad	227
halfweg	227
uitlaatklep	227
meo	227
uitvissen	227
duikboten	227
dahl	227
burcht	227
verdoof	227
normie	227
image	227
overschrijdt	227
kostelijk	227
overtocht	227
beyoncé	227
frey	227
eastman	227
kaaimaneilanden	227
signatuur	227
bankrover	227
ignacio	227
volgroeid	227
trustfonds	227
druïden	227
cream	227
goocheltruc	227
lips	227
misha	227
barack	227
bilal	227
stoffelijk	227
uitstralen	227
wegloper	227
zogeheten	227
verdubbelt	227
oneindigheid	227
neerdalen	227
mineraalwater	227
nia	227
xiang	227
nagus	227
ganz	227
pleuris	227
grootmeester	227
rotstreek	227
chrissie	227
dierbaarste	226
kantjes	226
phi	226
reinhardt	226
voorbode	226
wah	226
omvallen	226
rohypnol	226
petroleum	226
gould	226
kubieke	226
misdaadplaats	226
kapsones	226
pummel	226
straalde	226
fysiologie	226
aangrijpen	226
rondkomen	226
naamloze	226
platencontract	226
snoop	226
mausoleum	226
wederopbouw	226
voorhanden	226
smekend	226
verdorvenheid	226
round	226
opbrengsten	226
sterkst	226
volhoud	226
vreesden	226
obscene	226
rickie	226
yves	226
beslaat	226
oraal	226
bruiden	226
opsta	226
erts	226
henshaw	226
categorieën	226
aangedrongen	226
omleiding	226
heritage	226
onjuiste	226
ritsen	226
pulitzer	226
handmatige	226
rosenberg	226
opstrijken	226
walnoten	226
vlies	226
delacroix	226
presley	226
faam	226
fuzzy	226
veldtocht	226
strafte	226
wolff	226
corsica	226
corleone	226
neanderthalers	226
jarrett	226
krent	226
bakkebaarden	226
roosters	226
eenieder	226
morst	226
dade	226
nuttiger	226
pritchett	226
ophelia	226
gaia	226
gevarenzone	226
rottig	226
whip	226
verhonger	226
ophoesten	226
bureaucratische	226
aandeelhouder	226
botwin	226
onbedoeld	226
tegenprestatie	226
machtiging	225
matteo	225
glucose	225
rukten	225
boost	225
wilje	225
dorota	225
mondelinge	225
flag	225
orgel	225
tres	225
kunstgeschiedenis	225
hoeksteen	225
hepburn	225
arden	225
tere	225
deelgenomen	225
garber	225
volger	225
racisten	225
vragenlijst	225
doorgebrand	225
afdelingshoofd	225
symmetrie	225
negens	225
terugtocht	225
moordzuchtige	225
tourniquet	225
layton	225
piñata	225
neigt	225
beatty	225
marcellus	225
full-time	225
wonderful	225
svr	225
kingdom	225
binaire	225
driver	225
mlle	225
blackstone	225
evenzeer	225
verkreeg	225
escaleren	225
genua	225
helpende	225
gedocumenteerd	225
bestreden	225
oe	225
tre	225
zeemeerminnen	225
schoolreisje	225
omgevallen	225
sjonge	225
filosofische	225
benadrukt	225
system	225
squash	225
voorstad	225
ondergeschikt	225
gebaseerde	225
wrong	225
inzage	225
ontoelaatbaar	224
herprogrammeren	224
talentvolle	224
p.m.	224
juno	224
goedkomen	224
salamander	224
warden	224
bath	224
ooievaar	224
bolletjes	224
kwon	224
verzwakte	224
ongerustheid	224
dirt	224
wiebelen	224
botsten	224
ontario	224
nauwkeuriger	224
aanknopingspunten	224
plaatsvonden	224
tippelen	224
uranus	224
bibliothecaresse	224
achterzak	224
pretentieus	224
debielen	224
lekkende	224
zoden	224
handafdruk	224
ansichtkaart	224
saboteerde	224
regenachtige	224
rambaldi	224
perkamentus	224
toegangscodes	224
aantrek	224
umm	224
browns	224
luchtbel	224
eindspel	224
rekenden	224
verzen	224
uitgedokterd	224
andi	224
kenna	224
co-piloot	224
slaapliedje	224
fa	224
verafschuwt	224
cheerleading	224
teek	224
cilinders	224
pierrot	224
lantaarnpaal	224
wharton	224
daan	224
reizende	224
sgc	224
puistjes	224
specialiteiten	224
neurenberg	224
orsini	224
geraldine	224
verknipte	224
concentratiekampen	224
opstanding	224
productions	224
zion	224
sian	223
importeren	223
aanschaffen	223
passieve	223
onstuimig	223
playstation	223
yagami	223
amador	223
zuid-amerikaanse	223
verdergaat	223
leona	223
rings	223
fundament	223
postte	223
goodwill	223
koudste	223
opdraven	223
terechtstaan	223
babysit	223
paranoide	223
stoornissen	223
applausje	223
rodgers	223
overhouden	223
verona	223
joints	223
vroegste	223
cakeje	223
flood	223
smerigs	223
gleuf	223
corporatie	223
zwemmers	223
zakenmensen	223
fed	223
bergtop	223
razen	223
biljoenen	223
afkwam	223
lontje	223
calcutta	223
hani	223
opstapje	223
veiligere	223
piercings	223
vietnamees	223
ongeduld	223
uitvoerder	223
opgeraapt	223
gezondheidsproblemen	223
fozzie	223
fema	223
stropen	223
ritjes	223
socialisme	223
gerede	223
ontzegd	223
mayhew	223
kajuit	223
truitje	223
paniekaanvallen	223
voorstellingen	223
catch	223
lotte	223
rozemarijn	223
rattengif	223
doorgeknipt	223
kul	223
binnengekregen	222
aangrenzende	222
liposuctie	222
blane	222
haartje	222
reddingsactie	222
draaikolk	222
veldfles	222
haver	222
akkers	222
wingman	222
temporale	222
vergrendelen	222
aanfluiting	222
dodenlijst	222
sleutelgat	222
riolering	222
nauwkeurigheid	222
miserabel	222
banaal	222
latin	222
escalade	222
geografische	222
françoise	222
eropuit	222
zeurde	222
co-assistent	222
frustraties	222
pfeiffer	222
afhandig	222
oplader	222
duimafdruk	222
hurricane	222
felton	222
verbale	222
veroveraar	222
ontvangers	222
goochelaars	222
omschreef	222
winstgevende	222
holliday	222
controversiële	222
voorprogramma	222
flowers	222
verslechtert	222
toupet	222
tania	222
glibberig	222
decompressie	222
sri	222
muir	222
supermodel	222
wozniak	222
kranen	222
ap	222
nihil	222
resulteert	222
farce	222
subsidies	222
zpm	222
verminder	222
prachtigs	222
qasim	222
opereerde	222
overgaf	222
romantischer	222
siliconen	222
hechter	222
enigma	222
elkins	221
samenhang	221
colvin	221
beroering	221
overspoelen	221
bodemloze	221
gedenkwaardige	221
wetshandhaving	221
opdroeg	221
popel	221
gebabbel	221
williamsburg	221
wegleggen	221
bacteriële	221
ivoren	221
kringle	221
griselda	221
tarieven	221
anticonceptie	221
curzon	221
trommels	221
tsa	221
airbag	221
lamborghini	221
hirsch	221
redeneren	221
nabootsen	221
dum	221
dig	221
large	221
strijdmacht	221
collect	221
gebloed	221
blast	221
gehavend	221
sectoren	221
profiteer	221
verzilveren	221
rigby	221
rondbellen	221
frieda	221
jean-paul	221
abracadabra	221
ontdoe	221
hardcore	221
desai	221
kleverige	221
uhura	221
hoofddoel	221
maanbasis	221
hah	221
schillinger	221
aanvalsteam	221
ondraaglijke	221
terrace	221
wend	221
zelfvoldane	221
guam	221
yasmin	221
rube	221
denning	221
vindersloon	221
faser	221
uitgezaaid	221
cartoon	221
korn	221
interstellaire	221
dodelijker	221
goedgelovig	221
fantasiewereld	221
sh	221
2dads	221
moediger	221
abnormalen	221
kelton	221
veter	221
cecile	221
sjanghai	221
instabiliteit	221
technologisch	221
overmeesterd	220
wayward	220
scherpte	220
updaten	220
peperoni	220
behuizing	220
eastwood	220
organisator	220
cortés	220
helmut	220
chrysler	220
peddels	220
niall	220
slaper	220
gayle	220
ackerman	220
final	220
rapportage	220
notitieboek	220
panikeren	220
onhandelbaar	220
fawn	220
aegis	220
zeeleeuwen	220
wimpel	220
vibe	220
afro-amerikaanse	220
bruidspaar	220
holes	220
contactverbod	220
neervalt	220
inroepen	220
gevrijd	220
ontspoord	220
zwakkere	220
opdraagt	220
werklui	220
hartkloppingen	220
circulatie	220
oekraïense	220
fantaseer	220
euthanasie	220
finesse	220
regelgeving	220
vleeswond	220
prikje	220
fornell	220
gedrongen	220
liefgehad	220
indisch	220
part-time	220
uitdrukkelijk	220
glimt	220
beng	220
ruzieden	220
scheidden	220
letty	220
chocolate	220
knapen	220
voorspoedig	220
ondergrond	220
folsom	220
flap	220
afgeperst	220
eisten	220
accommodatie	220
profiler	220
veiligheidsredenen	220
cha	220
chronisch	220
ijsbaan	219
lolita	219
impulsieve	219
cali	219
mondeling	219
overschrijven	219
kwartiermeester	219
tweeëntwintig	219
vergokt	219
nemesis	219
bevoorrechte	219
oplettend	219
narn	219
aanhalen	219
uitgevochten	219
tegenwerkt	219
ikheb	219
vervoering	219
sheba	219
gemaskerd	219
saoedi-arabië	219
vrijstelling	219
uitschakelde	219
motherfucker	219
kerkers	219
doorbreng	219
eenzijdig	219
boksbal	219
verstekeling	219
ultraviolet	219
bewerk	219
oprakelen	219
dikte	219
bongo	219
telepaten	219
sterrenbasis	219
munson	219
infiltratie	219
uitgevraagd	219
subjectief	219
verrijken	219
vertragingen	219
pompstation	219
drommels	219
verzegelen	219
wereldse	219
zwoor	219
14-jarige	219
tierney	219
lai	219
protestant	219
vissticks	219
ziektekiemen	219
surrey	219
tran	219
renny	219
perst	219
middle	219
intellectuelen	219
provincies	219
trench	219
verdoemde	219
hulptroepen	219
pick	219
dateren	219
hoedanook	219
berovingen	219
carlene	218
verstopping	218
ongrijpbare	218
gecastreerd	218
huishoudelijk	218
gisburne	218
menselijker	218
jaaa	218
11e	218
pitch	218
intelligenter	218
bestaand	218
ennis	218
metatron	218
uitmuntende	218
fenomenen	218
uitlegde	218
telescopen	218
meedragen	218
kasjmier	218
looppas	218
hyperdrive	218
veroveringen	218
doodvriezen	218
aceveda	218
router	218
meldden	218
marionetten	218
sketch	218
veiligheidsgordel	218
ziektekostenverzekering	218
sappen	218
voorwendsel	218
kroonluchter	218
discrete	218
tijdsbestek	218
plaatsnemen	218
controverse	218
gewaden	218
gehuurde	218
pyromaan	218
laguerta	218
omschrijft	218
enkeltje	218
petekind	218
bloedgeld	218
zeebaars	218
doorga	218
dicteren	218
wetsdienaar	218
verouderde	218
bloedbaan	218
midland	218
erosie	218
karla	218
grogan	218
indianapolis	218
4de	218
allermooiste	218
kwantum	218
uitbetaling	218
prediken	218
migratie	218
specerijen	218
versterk	218
levensdoel	218
levy	218
mollige	218
lombard	218
improviseer	218
zeelieden	218
moor	218
radiogolven	218
hotelkamers	217
xo	217
ideetjes	217
wasstraat	217
snode	217
inzameling	217
transporten	217
zelfmoordneigingen	217
leeftijdsverschil	217
havenmeester	217
deurmat	217
gaza	217
detentie	217
ghetto	217
oortjes	217
mather	217
evaluaties	217
voederen	217
autistisch	217
onvoorspelbare	217
fm	217
25ste	217
gereanimeerd	217
geographic	217
hartverwarmend	217
procederen	217
riverdale	217
stilstaat	217
lagune	217
compact	217
begeleidde	217
luisteraar	217
bipolaire	217
afgerukt	217
huidcellen	217
mcnulty	217
indeling	217
jaartje	217
moro	217
squaw	217
opvat	217
boeide	217
snurk	217
alcoholisme	217
mmm-hmm	217
conservatorium	217
overneem	217
opgeschoten	217
finnerty	217
beeldjes	217
telen	217
verbondenheid	217
geul	217
gezoem	217
geadopteerde	217
steegjes	217
spil	217
quiche	217
glimmen	217
verloochenen	217
beaver	217
aardbol	217
morelli	217
cannes	217
vivien	217
progressieve	217
huwelijksproblemen	217
laptops	217
bizons	217
gentlemen	217
autodief	217
meespeelt	217
bey	217
catastrofale	217
aalmoes	217
vacatures	217
veganist	217
gegijzelden	217
luiaard	217
sigma	216
vulgaire	216
studentenraad	216
kruisvaarders	216
fantoom	216
b613	216
knock	216
ondoden	216
bijhoudt	216
barrie	216
lekkerst	216
veiliggesteld	216
blogs	216
bedrijfje	216
drugskartel	216
barts	216
bries	216
relations	216
parool	216
cordon	216
tolstoj	216
smerigste	216
tyra	216
krystal	216
reële	216
hobo	216
armitage	216
ilsa	216
escaleert	216
salueren	216
geslopen	216
carburateur	216
werktijden	216
wroeten	216
kadet	216
nona	216
intuïtief	216
schoonouders	216
harrow	216
barkley	216
kuit	216
console	216
regelmaat	216
av	216
kellogg	216
insinueert	216
constantinopel	216
schoenendoos	216
speakers	216
gedroegen	216
bezwijkt	216
anja	216
doper	216
dart	216
vullingen	216
mores	216
likje	216
maas	216
studeerden	216
lucratieve	216
caspar	216
hoektanden	216
ongezonde	216
anne-marie	216
apocalypse	216
malmö	216
ducks	216
bijelkaar	216
vroegtijdige	216
godsgeschenk	216
matsen	216
cavendish	216
gelijkmatig	216
vleien	216
j.p.	216
geperfectioneerd	216
eufemisme	216
verklaarden	216
nils	216
productieve	216
hari	216
coates	216
juk	216
plezant	216
presteert	216
golfclubs	216
veinzen	215
favor	215
presidentskandidaat	215
rokjes	215
nami	215
ontlading	215
scorebord	215
schaeffer	215
stakkers	215
assisteert	215
luiheid	215
speelgoedwinkel	215
hunnen	215
reina	215
afgehakte	215
uitwijken	215
aansprak	215
toevoer	215
weeskind	215
gekoeld	215
skynet	215
volhardend	215
wespennest	215
darrow	215
punctueel	215
weggooide	215
xi	215
luchtschip	215
pair	215
boeddhistische	215
klokje	215
monitors	215
lepeltje	215
kelk	215
stressvolle	215
studentje	215
orwell	215
tweets	215
avatars	215
samenzweren	215
bonken	215
eta	215
sack	215
liefdadigheidswerk	215
elixer	215
zandstorm	215
cacao	215
laramie	215
klaarkomt	215
stabiliseert	215
onderkaak	215
kens	215
buff	215
vreselijkste	215
alexandrië	215
wazige	215
rondzwerven	215
maze	215
toegeef	215
northwestern	215
kuisen	215
adèle	215
elly	215
vermengen	215
feet	215
mob	215
tafereel	215
id-kaart	215
sterretjes	215
cardinal	215
gogol	215
dink	215
informeert	215
zondagse	215
odyssey	215
meteoren	215
aubry	215
kinderafdeling	215
waco	214
cheddar	214
senna	214
goten	214
bestempeld	214
lego	214
notenkraker	214
desi	214
heeft-ie	214
geregisseerd	214
timo	214
klokkentoren	214
gedomineerd	214
werktuigen	214
inbreekt	214
geïmporteerd	214
stiefbroer	214
indiërs	214
verordening	214
belastingontduiking	214
kweekt	214
duifje	214
gamen	214
pittman	214
wereldleiders	214
sterilisatie	214
future	214
swearengen	214
uitdrukkingen	214
sieg	214
zwommen	214
rijles	214
jefe	214
kidd	214
lummel	214
uitgewezen	214
marston	214
bevriezing	214
reza	214
geoogst	214
ontsnappingsroute	214
duce	214
tansy	214
epa	214
bèta	214
farrah	214
andersson	214
levensverwachting	214
gebakje	214
gulzig	214
iib	214
eerzaam	214
itchy	214
hunne	214
filosofisch	214
lansing	214
paddo	214
pruisen	214
aangelegenheden	214
grafische	214
biscuit	214
mali	214
germain	214
toebehoren	214
bezeert	214
t-bone	214
eeuwigdurende	214
bahamas	214
bet	214
milder	214
razzia	214
leraars	214
guacamole	214
verdeelde	214
siberische	214
drukkerij	214
ta-da	214
catastrofaal	214
puma	214
muurschildering	213
benaming	213
gegronde	213
etiketten	213
aanvullende	213
zindelijk	213
aardappelsalade	213
amaro	213
downtown	213
varieert	213
geslachtsgemeenschap	213
yoon	213
heiligt	213
schoonfamilie	213
sofinummer	213
genoom	213
glij	213
dominguez	213
gerelateerde	213
gebergte	213
klarinet	213
kuiten	213
tzu	213
nierfalen	213
presidentieel	213
millers	213
planner	213
silvio	213
gekoesterd	213
abilene	213
stadia	213
egyptisch	213
harald	213
kentekens	213
strateeg	213
carlotta	213
aalmoezenier	213
terugkopen	213
müller	213
amazing	213
merg	213
treat	213
uitgevogeld	213
monogamie	213
lijdensweg	213
coven	213
retraite	213
groepstherapie	213
lulhannes	213
zwierf	213
cpd	213
omdraai	213
concessies	213
placebo	213
zondvloed	213
devalos	213
ouweheer	213
beaufort	213
binnengegaan	213
gouverneurs	213
atletiek	213
tinten	213
treur	213
hindernissen	213
erfelijke	213
edel	213
avondschool	213
jayne	213
bedrieglijk	213
gesplitst	213
dienstplicht	213
vervangster	213
zondagen	213
helix	213
langford	213
taurus	213
insinuaties	213
ordelijk	213
doornen	213
overlijdensbericht	213
moordlustige	213
trog	213
overmoedig	213
snoeien	212
vetklep	212
very	212
hitsig	212
luchtweg	212
vordering	212
overheersing	212
ontsnappingsplan	212
tekenden	212
mansion	212
gondel	212
drup	212
horowitz	212
vaderschapstest	212
twister	212
hoofdpersoon	212
stopbord	212
bti	212
dubaku	212
laxeermiddel	212
alarmlijn	212
chagrijnige	212
offerte	212
vorsten	212
meewerkte	212
geknald	212
hakim	212
mijd	212
soortgenoten	212
verlamde	212
mompelde	212
scar	212
coo	212
opknapt	212
kentekenplaten	212
golem	212
activatie	212
radioactiviteit	212
speuren	212
debs	212
politiecommissaris	212
event	212
ku	212
deskundig	212
perzen	212
ivar	212
verrotten	212
vechtlust	212
chlamydia	212
delven	212
leukers	212
sussex	212
neigen	212
uitlacht	212
weven	212
verschuift	212
afschrijven	212
pessimistisch	212
sledge	212
kaswell	212
hoeve	212
towler	212
averechts	212
opgroeiden	212
ontwikkel	212
hog	212
uitgelekt	212
facelift	212
zonnebloem	212
openstaande	212
zorro	212
gator	212
bovenverdieping	212
anticiperen	212
revenge	212
drietjes	212
uithoeken	212
elwood	212
hoofdrolspeler	212
torso	212
beinvloeden	212
vergaderkamer	212
sera	212
ozonlaag	212
overbodige	212
bouwwerken	212
hoedjes	212
spielberg	211
foei	211
crabb	211
lommerd	211
gegrift	211
competent	211
designer	211
deen	211
biseksueel	211
verkeerspolitie	211
lombardo	211
biggetjes	211
walging	211
fordham	211
assad	211
knieschijf	211
shahir	211
shield	211
levinson	211
genadeloze	211
boggs	211
drain	211
baseert	211
fleet	211
halle	211
kieuwen	211
gelijkaardige	211
ruwweg	211
toestond	211
immer	211
opmeten	211
concessie	211
aanbidders	211
pauzeer	211
metten	211
push-ups	211
welkome	211
boxen	211
lear	211
ouderavond	211
victorie	211
verovert	211
svetlana	211
achterpoten	211
hebreeuwse	211
hyper	211
doelstelling	211
afluisterapparaat	211
werkwoord	211
braithwaite	211
sommen	211
muilezels	211
fruitsap	211
prijsgeven	211
videobanden	211
brochures	211
hutton	211
kiezer	211
imiteert	211
behoeft	211
droomwereld	211
hondo	211
guns	211
cetera	211
palmbomen	211
mazzelaar	211
gevoegd	211
luidop	211
aww	211
lock	211
gilligan	211
jachtseizoen	211
rake	211
nighthorse	211
blythe	211
starend	210
amor	210
singles	210
bedwelmd	210
homofiele	210
4th	210
ely	210
14de	210
pesticiden	210
plankenkoorts	210
tikte	210
achting	210
kemal	210
afbraak	210
vaststelling	210
diepgaande	210
uittrekt	210
relikwieën	210
standard	210
zaklampen	210
mir	210
shinigami	210
muf	210
ozzie	210
e-mailadres	210
toverspreuk	210
tash	210
waart	210
oops	210
rukkers	210
ontwenningskliniek	210
versa	210
winkeliers	210
stilzetten	210
inmaken	210
pepermuntjes	210
onzen	210
hoefijzer	210
mustangs	210
ribbenkast	210
shui	210
fear	210
whelan	210
onverdraaglijk	210
nirvana	210
hiërogliefen	210
laroche	210
matthias	210
verrassingselement	210
bergkam	210
ged	210
paling	210
vluchtroute	210
achtereen	210
woodsen	210
domper	210
geologisch	210
plechtige	210
thaddeus	210
waterpijp	210
adebisi	210
bereden	210
holbrook	210
tsjechische	210
uitvaren	210
tiki	210
oorlogs	210
gewinkeld	210
viraal	210
zora	210
koesterde	210
marktwaarde	210
bluetooth	210
schuit	210
tung	210
voetenwerk	210
remsporen	210
zurich	209
kalifaat	209
ew	209
aardbewoners	209
gemanipuleerde	209
inkeer	209
siri	209
kantooruren	209
hersenschade	209
gezouten	209
hars	209
qin	209
jabba	209
hearts	209
dermot	209
inlaat	209
revolutionairen	209
particulier	209
gallery	209
kentekenbewijs	209
vervorming	209
eter	209
muisje	209
stratton	209
optellen	209
maitland	209
deren	209
portman	209
orgasmes	209
trefbal	209
klan	209
sardientjes	209
cheney	209
specimen	209
montoya	209
masseer	209
theems	209
flossen	209
jammie	209
deugdzaam	209
sloffen	209
bonenstaak	209
gegrond	209
consumenten	209
toy	209
morten	209
slijmerig	209
pythagoras	209
lelie	209
wish	209
henson	209
overhandigde	209
mikte	209
gap	209
blauwtje	209
electrische	209
pinkerton	209
langzaamaan	209
liefheeft	209
liquideren	209
leno	209
zeug	209
zelfbewust	209
verkoold	209
kwitantie	209
kevlar	209
laila	209
renault	209
dement	209
maeby	209
uitdaagt	209
bootsen	209
innovatie	209
dartmouth	209
wilton	209
zielsverwanten	209
southampton	209
voorvader	209
garry	209
bubble	209
draadjes	209
ringtone	209
strafrechtelijk	209
onruststoker	208
fantasy	208
demper	208
continuüm	208
ongelukjes	208
optimale	208
reservesleutel	208
geklaag	208
xiao	208
bangerik	208
egoistisch	208
exploderende	208
frosty	208
verdooft	208
treffers	208
alonso	208
zuivel	208
regionals	208
veiligheidsraad	208
uitlokking	208
ingeval	208
likeur	208
vastgeplakt	208
hagan	208
rwanda	208
vipers	208
toeneemt	208
creaties	208
eigenares	208
uitspansel	208
bronwater	208
birds	208
giswerk	208
buddha	208
ontkwam	208
kletsnat	208
airbags	208
geslachtsdelen	208
tumult	208
afweer	208
snuift	208
spuitbus	208
ruggegraat	208
flower	208
burrell	208
3rd	208
doosjes	208
golfer	208
quota	208
snoepgoed	208
drooglegging	208
keegan	208
health	208
gemuteerd	208
acteert	208
guinea	208
boeltje	208
regionaal	208
stripes	208
peach	208
bijtanken	208
bolwerk	208
naleven	208
huisgenote	208
briefpapier	208
triage	208
rebels	208
veilen	208
jing	208
labrador	208
samar	208
leerjaar	208
dwaal	208
herbouwd	208
elm	208
teague	208
landau	208
glinsterende	208
naars	208
supporters	208
koffiedrinken	208
rancho	208
vestigde	208
straalbezopen	208
zijwaarts	207
westside	207
joost	207
prototypes	207
scharnieren	207
gelazer	207
verongelukken	207
israëli	207
oogarts	207
haarspeld	207
taverne	207
kunstgebit	207
wilhelmina	207
leena	207
weekeinde	207
kostbaarste	207
marsmannetjes	207
wisselden	207
geboortestad	207
winkelcentra	207
vleselijke	207
legerbasis	207
sfinx	207
dromers	207
gerommel	207
finney	207
kiddo	207
tandenstoker	207
contacteerde	207
fascineert	207
aflezen	207
inhuurt	207
hobbel	207
intrigeert	207
lettergrepen	207
susy	207
dewitt	207
doors	207
hair	207
zakenmannen	207
gedate	207
knuffelt	207
pilatus	207
rainey	207
binnenliep	207
subruimte	207
geblust	207
foss	207
woonboot	207
tienjarige	207
opengedaan	207
vertier	207
mckinney	207
zephyr	207
alinea	207
lexx	207
cuthbert	207
belgen	207
wringen	207
doormaak	207
doorgeslikt	207
ibuprofen	207
levin	207
uitputtend	207
maybe	207
lectuur	207
crasht	207
listig	207
latif	207
bergplaats	207
tov	207
voetbalveld	207
overmatig	207
vanouds	207
fuseren	207
doorzetter	207
keerzijde	207
mcgarry	207
entertainer	207
zijn.	207
aantreft	207
vechtsport	207
bijzaak	207
bellers	207
cleary	207
minacht	207
domingo	207
tijdloos	207
overwegingen	207
kavanaugh	207
opengelaten	207
incompleet	207
verraadster	207
fake	207
experimenteerde	207
bemachtigd	207
restje	207
proteus	206
hardhandig	206
g.i.	206
battlestar	206
delphi	206
gibby	206
kapperszaak	206
verna	206
oorlogsverklaring	206
aapjes	206
achterblijvers	206
ontsmetten	206
bepleiten	206
niest	206
aanpakte	206
sasquatch	206
geestenwereld	206
stoorzender	206
misleidde	206
reiden	206
accenten	206
louisville	206
verwekken	206
dubbelleven	206
afgeknipt	206
wanner	206
achterstallige	206
chaperonne	206
zonnestraal	206
verwerpt	206
couture	206
insteken	206
harden	206
bowlingbal	206
omringende	206
lennie	206
heroïsche	206
sting	206
verduisteren	206
verdraagt	206
herbergen	206
trombone	206
straathoek	206
gejank	206
handgeschreven	206
bow	206
litt	206
fbl-agent	206
kaye	206
lanceerde	206
schipbreuk	206
24e	206
ondervrager	206
meesterlijk	206
premies	206
delfino	206
gelast	206
noden	206
stinson	206
duinkerken	206
hobbelig	206
meermin	206
drag	206
toranaga	206
sang	206
beatrix	206
dauw	206
hartinfarct	206
fourth	206
deportatie	206
versleutelde	206
petten	206
sporter	206
kruipruimte	206
deactiveren	206
tentamens	206
vooraanstaand	206
achtergrondinformatie	206
dorrit	206
vicente	206
ju	206
francie	206
klaagden	206
peterselie	206
gromt	206
échte	205
beieren	205
cranedriver	205
goren	205
sig	205
geweldadig	205
irv	205
roesten	205
consortium	205
thuisfront	205
afstappen	205
gewetenloze	205
waarnemers	205
kaft	205
afscheidsfeestje	205
driedubbel	205
openstaat	205
terugbel	205
vluchtelingenkamp	205
distributeur	205
gestimuleerd	205
trom	205
qaida	205
sisters	205
geografie	205
mullins	205
bovenlichaam	205
23ste	205
rees	205
`m	205
kuis	205
bouwbedrijf	205
ramse	205
werkgelegenheid	205
pesos	205
pacifist	205
snart	205
effen	205
ebenezer	205
voorgeleid	205
kneepjes	205
lonely	205
jeminee	205
fletch	205
verroest	205
joni	205
burroughs	205
hull	205
opvolging	205
gesigneerde	205
waardes	205
emmanuel	205
geweken	205
gewilde	205
meehan	205
hormoon	205
vogelen	205
negenen	205
lastigste	205
somnium	205
maja	205
verbrandden	205
vogelvrij	205
v.n.	205
krikken	205
montero	205
asociaal	205
bedenktijd	205
bendeoorlog	205
gefrituurd	205
vettig	205
cliffie	205
statuten	205
afmeting	205
istanboel	205
uitspookt	205
teleurstelt	205
hongerstaking	205
aai	205
rusteloze	205
schuilhouden	205
callisto	205
tukje	205
pus	205
herverkiezing	205
scheermesjes	204
flexibele	204
katoenen	204
gestrikt	204
minute	204
strottenhoofd	204
ritten	204
rachels	204
nieuwsbrief	204
wrakstukken	204
mullen	204
mambo	204
stooges	204
je-	204
hokjes	204
bepalend	204
lyme	204
tandje	204
stennis	204
kleedkamers	204
surrogaat	204
stroman	204
gevormde	204
piekfijn	204
blogger	204
afgeworpen	204
grootschalige	204
surfers	204
gemoeid	204
myles	204
silk	204
beminde	204
levendiger	204
suzuki	204
uiterlijke	204
botanische	204
maverick	204
tally	204
geweervuur	204
jeopardy	204
kwaadheid	204
weggeeft	204
doorgaf	204
psalm	204
sectionals	204
actuele	204
20-jarige	204
getransporteerd	204
sadistisch	204
oplos	204
toegift	204
vertaalteam	204
introduceer	204
hechtdraad	204
mailde	204
hoogmoed	204
baez	204
honduras	204
valkyrie	204
tiana	204
hines	204
musket	204
versneden	204
nikola	204
omgewisseld	204
armer	204
zoeter	204
glashelder	204
uitkoos	204
sluizen	204
wasmiddel	204
verplaatsten	204
oncologie	204
gehate	204
nav	204
levenloze	204
judson	204
hatfield	204
kimura	204
grillige	204
achterblijft	204
gutierrez	204
thesis	204
portsmouth	204
verhindert	204
londo	204
zuurkool	204
vanacht	204
another	204
brul	204
korrels	204
ploeteren	204
regeneratie	204
pepperoni	204
jolie	203
fung	203
wilkinson	203
jonkie	203
kathie	203
diagram	203
gemuteerde	203
non-actief	203
voornemens	203
catwalk	203
ciro	203
akkefietje	203
ontdekkingsreiziger	203
naderend	203
animatie	203
pollack	203
beekje	203
terrell	203
buurmeisje	203
bevruchting	203
zuidwest	203
kosmisch	203
smile	203
perrin	203
cirque	203
shining	203
mahal	203
tetanus	203
rubriek	203
gewas	203
vergroting	203
auteurs	203
wereldberoemd	203
kuisheid	203
doorkruist	203
sbk	203
weloverwogen	203
tipte	203
overheerst	203
regeer	203
ordeverstoring	203
putnam	203
ludlow	203
vraagprijs	203
annapolis	203
brandbaar	203
denkbaar	203
hologrammen	203
harbour	203
inteelt	203
denkers	203
mata	203
speelkamer	203
halfvol	203
nijlpaarden	203
ziekenhuisbed	203
nagelopen	203
sterretje	203
finnegan	203
grange	203
verleidelijke	203
geiger	203
landingen	203
fatah	203
grease	203
salomon	203
ruimtepak	203
stroper	203
aangeklaagde	203
afgebeeld	203
wolkenkrabbers	203
verstuikte	203
ondenkbare	203
parten	203
zonnestraaltje	203
onbeantwoord	203
rijm	203
overvliegen	203
ouwehoeren	203
zonnebrandcrème	203
bibliotheken	203
harmonica	203
zendmast	203
beweerden	203
belangenconflict	202
stoofschotel	202
paviljoen	202
schijntje	202
onderrug	202
auf	202
johnsons	202
mankeren	202
spleten	202
cultus	202
sticks	202
oprichting	202
purgatorium	202
danforth	202
schandalige	202
echtheid	202
peddel	202
mutaties	202
bijgewoond	202
nasser	202
dubbelagent	202
besluip	202
astrologie	202
millennia	202
neurologie	202
scranton	202
symposium	202
plug	202
stannis	202
colson	202
shinji	202
félix	202
nikkel	202
sportieve	202
verergert	202
puffen	202
kraal	202
spitsuur	202
bieten	202
voortgekomen	202
grootmoeders	202
lax	202
filet	202
baar	202
kruimeldief	202
magna	202
geprint	202
scheepsrecht	202
medicus	202
bolleboos	202
bucks	202
lawaaierig	202
zonnesteek	202
macintosh	202
w-wat	202
bedriegster	202
pluspunt	202
kattenvoer	202
teruggezet	202
rafi	202
misstappen	202
dáár	202
volkswagen	202
antony	202
benzinetank	202
onaangeroerd	202
gitaren	202
ashford	202
shaka	202
halifax	202
nugent	202
bloedstroom	202
oppakten	202
goedgekeurde	202
kegels	202
frog	202
thomson	202
trede	202
paz	202
capri	202
deck	202
elektromagnetisch	202
stads	202
klommen	202
vakantiedagen	202
haastte	202
armeniërs	202
operation	202
vijftigduizend	201
boerenkinkel	201
installaties	201
luthorcorp	201
scrotum	201
riggins	201
oestrogeen	201
intergalactische	201
gegijzelde	201
booty	201
loeder	201
und	201
kortzichtig	201
jeffers	201
gehoorapparaat	201
afschaffen	201
bestelbus	201
wegkom	201
mantra	201
mcneil	201
jĳ	201
im	201
romulus	201
gemaaid	201
buurthuis	201
bloedplaatjes	201
talentvol	201
schuester	201
dumont	201
monogaam	201
koreaan	201
interviewde	201
herbergt	201
lades	201
milkshakes	201
gungellan	201
adopteerde	201
boz	201
vane	201
goblin	201
achterhield	201
weerspiegelt	201
japon	201
provinciale	201
afgedankt	201
crenshaw	201
verkleint	201
uitelkaar	201
eenentwintig	201
chevrolet	201
saboteert	201
zwijggeld	201
guzman	201
façade	201
koters	201
gekwalificeerde	201
aardsen	201
sodom	201
brodie	201
openingszin	201
loert	201
zonnepanelen	201
uitrichten	201
kraker	201
omsingel	201
edo	201
judah	201
weggebleven	201
gedeeltes	201
kaaiman	201
canterbury	201
fotos	201
spruitjes	201
hotline	201
dagvaardingen	201
bruidsjurk	201
onleesbaar	201
angelique	201
nardo	201
uitgeloofd	201
pens	201
naief	201
snuffelt	201
wrakken	201
doorlezen	201
rechtsomkeert	201
schoonzuster	201
kromaggs	201
graceland	200
dobson	200
profiteerde	200
uitgeoefend	200
slagschepen	200
periscoop	200
kandelaar	200
bijgepraat	200
huisadres	200
managen	200
halssnoer	200
number	200
mimosa	200
kruisers	200
verslechterd	200
voorafgaande	200
afruimen	200
kletskoek	200
flow	200
vondsten	200
starlight	200
excentrieke	200
blaaskaak	200
doodskisten	200
gemini	200
stapelverliefd	200
rottigheid	200
sao	200
verkwist	200
salie	200
silicon	200
snuffel	200
hongaars	200
overvloedig	200
boulder	200
plannetjes	200
bloedvergiftiging	200
rammelen	200
akkoordje	200
zondes	200
afstoffen	200
aanvang	200
ivf	200
nicolaas	200
garages	200
limited	200
geïnterpreteerd	200
moordverdachte	200
oetlul	200
nagevraagd	200
gisterennacht	200
voorlas	200
wegduwen	200
sansa	200
beschamende	200
zwendelaar	200
kouwe	200
omstanders	200
hoes	200
uitrekken	200
opengereten	200
wijdde	200
antennes	200
beveiligingsteam	200
holding	200
vijfendertig	200
confessor	200
zoemen	200
belemmerd	200
movie	200
estate	200
sterrensprong	200
wederkeren	200
loss	200
pedaal	200
britannia	200
verstrengeld	200
zoutzuur	200
ontwijkend	200
schatkaart	200
onderkoeld	200
doorbrachten	200
tavern	200
rotterdam	200
probeerd	199
familiegeschiedenis	199
politiemannen	199
spetters	199
waakzaamheid	199
inzag	199
ontaarde	199
verwondt	199
pax	199
repel	199
mt	199
blitz	199
dejavu	199
wegrent	199
evenwichtig	199
handiger	199
wegzetten	199
opstapelen	199
losmaakt	199
ijver	199
tribbiani	199
faken	199
fudge	199
beulen	199
lanny	199
acuut	199
abces	199
capua	199
olly	199
claes	199
badlands	199
installeerde	199
ulrik	199
doelgroep	199
alissa	199
voortkomen	199
slippertje	199
productiviteit	199
appelmoes	199
microfilm	199
koralen	199
machtigen	199
nairobi	199
rowley	199
atoombommen	199
julita	199
midtown	199
veerkrachtig	199
middageten	199
bouwstenen	199
zo`n	199
renato	199
nascar	199
zopas	199
rogue	199
plons	199
snoezig	199
fragiele	199
kamal	199
lammeren	199
jetski	199
vermindering	199
ontsluiting	199
geklop	199
gehinderd	199
afstoten	199
saluut	199
hallucineer	199
proefkonijnen	199
gezondheidsdienst	199
keu	199
zoets	199
wegloop	199
bestuursvergadering	199
verkooppraatje	199
overstijgt	199
kruipend	199
payton	199
latrine	199
platenspeler	199
voortgebracht	199
weergeven	199
hollandse	199
duelleren	199
samenzweringen	199
buisjes	199
boerin	199
stoet	198
eames	198
pokerspel	198
jargon	198
bezemkast	198
musici	198
conditioner	198
loopband	198
lepra	198
werkkamp	198
o.m.	198
bloedmooi	198
mummies	198
luipaarden	198
tandafdrukken	198
derdejaars	198
solloway	198
caligula	198
uitbuiting	198
heetst	198
buurjongen	198
agh	198
duizendmaal	198
lobotomie	198
kontakt	198
huiver	198
thornhill	198
bovendruk	198
ophaal	198
opgebleven	198
struikel	198
catcher	198
store	198
riddler	198
welwillendheid	198
burgundy	198
majestic	198
ís	198
vicieuze	198
beugels	198
bijbaantje	198
fok	198
gangbare	198
geleider	198
charity	198
clement	198
politiekantoor	198
honkballer	198
basta	198
cork	198
einar	198
oudtante	198
voorverkiezingen	198
schond	198
promotor	198
grondwater	198
magiërs	198
sen	198
jérôme	198
overmand	198
weglaten	198
rookten	198
leefomgeving	198
saracen	198
maansteen	198
topeka	198
butcher	198
achtervolgers	198
piercing	198
chai	198
buskaartje	198
geamputeerd	198
servetje	198
blijde	198
beeldspraak	198
onthullingen	198
puzzelstukjes	198
weg.	198
sharif	198
cord	198
schildklier	198
amazones	198
apostel	198
pruilen	197
dagur	197
tae	197
hales	197
rechterlijke	197
lydecker	197
kolf	197
kohler	197
krijsen	197
bloeddorstig	197
sensuele	197
stoomboot	197
stinky	197
gegund	197
truuk	197
familietraditie	197
dakraam	197
undercoveragent	197
bevolkt	197
voortzetting	197
hoeveelste	197
boerenkool	197
aanspannen	197
videoclip	197
carlin	197
eindbestemming	197
dolce	197
gab	197
familiezaak	197
represailles	197
gereduceerd	197
handbediening	197
ecologische	197
genageld	197
exorcist	197
tikkeltje	197
nuys	197
finalisten	197
rechtvaardiging	197
vastklampen	197
java	197
lijstjes	197
wicked	197
lamme	197
supernatural	197
garagedeur	197
patriots	197
diaken	197
raydor	197
walgt	197
ara	197
leery	197
grammy	197
genereuze	197
sodomie	197
fredrik	197
gefolterd	197
koelcel	197
inbeslagname	197
kleurt	197
waanidee	197
balls	197
paramedicus	197
aleen	197
cremeren	197
pastrami	197
hebberige	197
campagneleider	197
tripoli	197
oppiepen	197
racine	197
overlevingskans	197
carmel	197
vloerbedekking	197
sneuvelde	197
bestijgen	197
gebrekkige	197
getreden	197
chromosomen	197
kellog	197
worteltjes	197
souterrain	197
concepten	197
derhalve	197
claxon	197
lis	197
helle	197
mcquaid	197
frons	197
lamont	197
osbourne	197
josiah	197
dynamics	197
financierde	197
rondte	197
symmetrisch	197
toelatingsexamen	197
vuurvliegjes	197
verwijd	196
massimo	196
kastanjes	196
verpanden	196
mont	196
renfield	196
sufkop	196
beeindigen	196
gebeiteld	196
schooljongen	196
gefluisterd	196
magazines	196
staakt-het-vuren	196
ademhalingsproblemen	196
sensationele	196
legering	196
sheri	196
tegenstribbelen	196
nekken	196
modieus	196
böck	196
arvin	196
17de	196
kray	196
notebook	196
zegden	196
leclerc	196
harkness	196
zuid-frankrijk	196
vanger	196
pijnen	196
seinen	196
henk	196
weggeroepen	196
langszij	196
somebody	196
sardines	196
rousseau	196
mitrailleur	196
dienders	196
janelle	196
ontlasten	196
visionair	196
thursday	196
gierige	196
veertje	196
pryor	196
hartman	196
stalkers	196
sturgis	196
sis	196
geilt	196
xandecs	196
desertie	196
kirkland	196
basisregels	196
pips	196
zorgelijk	196
target	196
sierlijk	196
geparkeerde	196
verklikkers	196
corrigeer	196
jimenez	196
mala	196
gothic	196
stoddard	196
vrat	196
asha	196
ijswater	196
vrijpostig	196
verkneukelen	196
hoon	196
olievelden	196
onophoudelijk	196
anesthesist	196
doolittle	196
kantoorbaan	196
luieren	196
trapten	196
bijdraaien	196
beëdigde	196
ex-vrouwen	196
boise	196
falk	196
reservatie	196
bandrecorder	196
on-line	195
bekommert	195
schietstoel	195
observeerde	195
prikkelen	195
streepjes	195
supermarkten	195
feeling	195
uitjes	195
pels	195
tibetaanse	195
cubaans	195
vergiet	195
plastiek	195
vaderdag	195
opvangt	195
bly	195
peak	195
saksen	195
caribisch	195
rising	195
meelevend	195
bajesklant	195
snufjes	195
dundee	195
pleasant	195
timmeren	195
codering	195
rigor	195
wijzig	195
thane	195
geleende	195
kwartel	195
booster	195
uitzendt	195
takelwagen	195
translation	195
boobytraps	195
wijzigt	195
sayonara	195
manoeuvreren	195
partridge	195
ondermijnd	195
robson	195
vechtkunst	195
uitgevreten	195
gepompt	195
opzette	195
urban	195
chas	195
mano	195
verkeerstoren	195
zo.	195
doordeweekse	195
cag	195
zitplaats	195
yuma	195
chumhum	195
ethanol	195
kruisiging	195
concentreerde	195
hebzuchtige	195
expedities	195
jacko	195
bavianen	195
wolsey	195
mats	195
tijdslimiet	195
sarajevo	195
together	195
ahab	195
liefdadigheidsinstelling	195
rawlings	195
verbleken	195
egel	195
geroep	195
augello	195
bespieden	195
orpheus	195
rechtsom	195
naburige	195
harpoen	195
dorsey	195
kumar	195
development	195
bloedspetters	195
oedipus	195
spandoek	195
theologie	195
bezinken	195
trillende	195
tienermeisjes	195
rechtsgebied	195
wegkwijnen	195
motorolie	195
geleidt	195
jia	195
ptsd	194
cruiseschip	194
joekel	194
heroes	194
hewlett	194
versnijden	194
isaiah	194
howards	194
visitekaartjes	194
beroepsmatig	194
mengeling	194
gelabeld	194
kloppende	194
kruisvuur	194
hoshi	194
witsec	194
weglopers	194
refereert	194
plaats-delict	194
á	194
minutes	194
handpalmen	194
vrijpartij	194
dulles	194
roarke	194
gezichtsverlies	194
janssen	194
islamabad	194
leugendetectortest	194
overschrijving	194
gillende	194
larve	194
vriendschappelijke	194
bekommer	194
ontplof	194
brandmerken	194
gesnurk	194
literair	194
overstaan	194
yosemite	194
glover	194
slaatje	194
éérste	194
dobbelsteen	194
vreugd	194
klontje	194
scavo	194
schenking	194
valentin	194
kriebelt	194
drankwinkel	194
levenloos	194
rebelse	194
breen	194
prospero	194
stoker	194
bros	194
meetellen	194
ondergedompeld	194
kiel	194
foltering	194
grim	194
titanen	194
misleidende	194
gadgets	194
bespeel	194
verzwolgen	194
pooh	194
indiër	194
jacoby	194
rondgehangen	194
onvolledig	194
wachttijd	194
regenereren	194
afzoeken	194
chiropractor	194
diepgang	194
inwoning	194
gebrul	194
rondgereden	194
tutu	194
geluidsgolven	194
paleizen	194
afgebeten	194
ontmoete	194
schoonvegen	194
gelijkwaardig	194
sweatshirt	194
sjah	194
choice	194
valleien	194
grafieken	194
tobbe	194
minouhse	194
rocksterren	194
surfplank	194
overtreders	194
chupacabra	194
variëren	194
explorer	194
dario	194
paaltje	194
verergerd	194
binnenging	194
heenbrengen	194
grodd	194
controlecentrum	194
ijslolly	194
keukens	194
menukaart	194
taxibedrijf	194
eigenaardigheden	194
corrine	194
buitenkans	194
voltage	193
nachtegaal	193
verpakken	193
baalde	193
dulcinea	193
walnoot	193
prille	193
dominus	193
beeldt	193
manden	193
bancroft	193
milities	193
onweerstaanbare	193
droombaan	193
noors	193
hoofdpijnen	193
hoofddoek	193
subtieler	193
wouw	193
göran	193
ingram	193
high-five	193
jasjes	193
kliek	193
afgedrukt	193
pemberton	193
gedijt	193
boyz	193
politiegeweld	193
samengekomen	193
prut	193
argentijnse	193
verdoemden	193
tacoma	193
biometrische	193
leann	193
rustte	193
meerderjarig	193
windmolens	193
ogh	193
vluchtleiding	193
doodsbenauwd	193
uitgemoord	193
blootsvoets	193
sony	193
sosa	193
bezetene	193
anika	193
smurfin	193
tegenstrijdigheden	193
verstrijken	193
qi	193
stormachtige	193
jongentje	193
helften	193
flipper	193
foxy	193
afgeroepen	193
gevloerd	193
chaotische	193
plunjezak	193
bluebird	193
brandweerlieden	193
moederland	193
charlatan	193
smythe	193
wurger	193
bracken	193
trotser	193
kleedje	193
sacramenten	193
albatros	193
motiveert	193
homecoming	193
combineert	193
slurf	193
plukte	193
stuitten	193
irrationele	193
tapdansen	193
fife	193
knielt	193
bretels	193
redders	193
jang	193
dearing	193
ï	193
fantaseerde	192
weggewerkt	192
oogballen	192
afstandbediening	192
hondenhok	192
bloods	192
irena	192
amour	192
plooi	192
remissie	192
aspirines	192
ia	192
tatoeëren	192
chroom	192
voorname	192
dankbare	192
erwin	192
doodswens	192
iceman	192
logs	192
telegrammen	192
radford	192
porseleinen	192
badmeester	192
overwicht	192
haviken	192
beginpunt	192
scoop	192
longmire	192
24-uurs	192
deserteren	192
begeren	192
cools	192
voortkomt	192
aanhebt	192
onderbrekingen	192
huisregels	192
linkshandige	192
prul	192
ongebonden	192
onderwerping	192
lifter	192
gacy	192
uitgraven	192
warboel	192
harlow	192
ingepland	192
onderhandelde	192
decoraties	192
hobbes	192
whatever	192
georgië	192
bevordert	192
boeddhist	192
zwijgplicht	192
pasha	192
geoorloofd	192
bloedverwanten	192
wolowitz	192
gefrustreerde	192
gecompenseerd	192
zendingen	192
mathers	192
splijten	192
simeon	192
charlton	192
zorgvuldige	192
onderwijzeres	192
piers	192
stoeprand	192
geprobeert	192
afkeuring	192
parkeerplaatsen	192
kwartet	192
luilak	192
6th	192
vervolgde	192
zwangerschapsverlof	192
baanbrekend	192
daytona	192
reddende	192
zilverkleurige	192
risa	192
hamsters	192
wait	192
vlaggenschip	192
huisvader	192
rhea	192
omruilen	192
vertegenwoordiging	192
jogger	192
doorslaggevend	192
looking	192
doen.	192
fransoos	192
bens	192
overtuigender	192
progressief	192
geloftes	192
bloedig	192
ascendant	192
goedkopere	192
bespeuren	192
rendement	191
beschermheer	191
beene	191
oorlogsmisdadiger	191
massavernietigingswapens	191
quill	191
ahoi	191
benoit	191
boekarest	191
kontgat	191
ingewijd	191
geknepen	191
wk	191
afgedekt	191
megafoon	191
johansson	191
sigmund	191
fanmail	191
krachtcentrale	191
those	191
propere	191
zwaktes	191
cumberland	191
tuba	191
vermoeiende	191
copeland	191
huppelen	191
bekostigen	191
sidekick	191
imitator	191
zoutjes	191
anything	191
integreren	191
stomheid	191
hersenspoelen	191
uitgaand	191
destroyer	191
shields	191
plunkett	191
gillespie	191
communistisch	191
onn	191
voorzitster	191
schrale	191
pianoles	191
uitstraalt	191
aanzette	191
maneschijn	191
tulband	191
afspeelde	191
lipgloss	191
liang	191
waffel	191
opving	191
regeerde	191
brandkast	191
stroomstoot	191
roan	191
gotti	191
ledemaat	191
openbaart	191
opgedoft	191
ribbetjes	191
danton	191
tish	191
voorleest	191
ontglippen	191
emails	191
virgin	191
afhandelt	191
deluca	191
liftschacht	191
panikeerde	191
krenken	191
wederhelft	191
parkeerboetes	191
shari	191
buitenhuis	191
medicijnkastje	191
parochianen	191
lichtpuntje	191
dyer	191
bloedvlek	191
freda	190
otters	190
alarmerend	190
inge	190
taartjes	190
radiozender	190
onfeilbaar	190
overbezorgd	190
prostitué	190
inentingen	190
afscheidskus	190
born	190
aanbreken	190
alpaca	190
tijdcapsule	190
totem	190
stig	190
bloemkool	190
dominicaanse	190
stahl	190
reef	190
medewerkster	190
eruitzie	190
roanoke	190
bloedprop	190
afsloot	190
geopenbaard	190
gevolge	190
definieert	190
zuurpruim	190
mylene	190
huwelijksgeschenk	190
strychnine	190
bijlen	190
rack	190
darin	190
augusta	190
geschoold	190
hbo	190
achtersteven	190
pakhuizen	190
serenade	190
dust	190
reces	190
linkerzijde	190
aster	190
gehandhaafd	190
begeef	190
gedrang	190
ombracht	190
ledere	190
weertje	190
broedplaats	190
adresboek	190
zonnevlam	190
diepst	190
alberta	190
kal	190
schoenafdruk	190
gecertificeerd	190
slingert	190
kinderziekenhuis	190
reddingsboten	190
teruggedraaid	190
fabeltje	190
afis	190
tissue	190
heydrich	190
latina	190
stillman	190
lariekoek	190
klaarmaakt	190
winger	190
voorliegen	190
teamlid	190
knieschijven	190
ready	190
staatsveiligheid	190
schroeder	190
eduard	190
paperclip	190
inhuman	190
biff	190
aberdeen	190
knielde	190
vrijkom	190
line-up	190
firewalls	190
vraagjes	190
kenmerkend	190
s.a.r.a.h.	190
bouwterrein	190
bezweek	190
appendix	189
shuttles	189
patser	189
whiplash	189
samenwerk	189
computersysteem	189
sandro	189
tromgeroffel	189
klantenlijst	189
honkbalwedstrijd	189
onrechtvaardigheid	189
sure	189
genezende	189
zonnestralen	189
suzette	189
inferieur	189
jaagden	189
pijplijn	189
krans	189
ontdooid	189
denzel	189
rosse	189
verdiep	189
butter	189
strafrechtelijke	189
vuilak	189
vakantiehuis	189
damp	189
ontmoetingspunt	189
avontuurlijke	189
sociologie	189
sleutelwoord	189
theekransje	189
harlee	189
binnenlands	189
masseria	189
clinic	189
omschrijf	189
lieflijk	189
objectieve	189
tussengekomen	189
mercia	189
zeef	189
gredenko	189
juilliard	189
roomijs	189
gepresteerd	189
aflevert	189
groeiend	189
winona	189
bemin	189
aftrap	189
nakomt	189
bunting	189
ogre	189
hefboom	189
overlaat	189
basketbalteam	189
controleur	189
vips	189
geconcentreerde	189
cancun	189
saboteur	189
high-tech	189
ahhh	189
overgekomen	189
verne	189
passeerden	189
feed	189
rail	189
zuid-afrikaanse	189
ordenen	189
suzaku	189
lijven	189
c.c.	189
afgebeld	189
omarmt	189
ceremoniële	189
babette	189
linkeroog	189
phryne	189
bunchy	189
jacobson	189
onzichtbaarheid	189
propaan	189
pootje	189
slijtage	189
verwaarloosde	189
mila	189
benijden	189
telepaat	188
wallander	188
mengele	188
ph	188
voortduren	188
tricorder	188
maserati	188
halliday	188
valstrikken	188
bridger	188
caffee	188
complimenteren	188
greenwood	188
trouwfeest	188
spierballen	188
paulina	188
onderschatte	188
soepele	188
sluitend	188
genghis	188
harddisk	188
omvatten	188
voldoe	188
miene	188
onverbeterlijk	188
bassist	188
harv	188
caputo	188
beschermheilige	188
kortgeleden	188
anatoly	188
ontvlambaar	188
afscheidsfeest	188
7de	188
zondagmorgen	188
burr	188
hypocrieten	188
verspelen	188
schaffen	188
zaf	188
resulteren	188
scratchy	188
interferentie	188
yugi	188
gaarkeuken	188
shangri-la	188
bevreesd	188
kindermishandeling	188
hartaanvallen	188
klysma	188
7th	188
kraamt	188
amateuristisch	188
loskoppelen	188
hatelijke	188
showroom	188
sferen	188
coulissen	188
portemonnees	188
persoonlijker	188
rupsen	188
knullen	188
cannoli	188
opgevuld	188
sneeuwpop	188
cas	188
kaboel	188
anesthesie	188
galavan	188
schepselen	188
gan	188
casual	188
voetmassage	188
toonbaar	188
fillory	188
tian	188
terugleggen	188
mischa	188
huichelaar	188
okay.	188
voorde	188
tallahassee	188
gesuggereerd	188
bayou	188
vrijgesteld	188
thackery	188
ononderbroken	188
halloran	188
kennish	188
portugese	188
cosmetische	188
fosters	188
verzend	188
transformator	188
vernuft	188
misvormde	188
gesorteerd	188
queeste	188
temidden	188
axelrod	188
circuleren	188
juten	188
satanische	188
beeltenis	188
viooltjes	187
salarisverhoging	187
jakey	187
dranken	187
bolin	187
derdegraads	187
waterkant	187
bouwer	187
bekering	187
barbecueën	187
smartphone	187
gymleraar	187
jims	187
mét	187
jolanda	187
canton	187
voortbrengen	187
incompetente	187
bedankt.	187
splijt	187
naden	187
schittering	187
vergooid	187
recreatie	187
hoodie	187
gru	187
softie	187
fayeed	187
ingrepen	187
norrie	187
zords	187
mcclure	187
verneder	187
hardwick	187
vertroebeld	187
privéterrein	187
decreet	187
zwevend	187
mcgraw	187
verdovingsmiddel	187
typt	187
handhaaf	187
reinig	187
rollin	187
staatsgrens	187
troebel	187
oahu	187
fairchild	187
reinste	187
rino	187
henley	187
frisjes	187
geïnd	187
mailtje	187
auditorium	187
gnoes	187
bevestigden	187
kraanwater	187
lichtgids	187
geweldadige	187
mancini	187
galt	187
