que	7796660
a	7608505
o	7310536
não	6184188
de	5386265
é	4217176
e	3648721
um	2717861
para	2508286
eu	2245082
uma	2017494
está	1730804
com	1659976
se	1652366
do	1566980
por	1468581
os	1319331
ele	1317770
mas	1282196
em	1275217
bem	1274031
isso	1217291
da	1209458
como	1152943
sim	1012528
as	955347
no	941810
mais	892867
na	882611
meu	835298
aqui	807410
me	796671
muito	760484
foi	752009
ela	747284
isto	691379
estou	686473
fazer	686159
vamos	651942
já	624617
ser	609411
vai	608385
à	596785
minha	594069
só	589929
ao	587019
tem	575074
tudo	568890
te	566286
porque	559356
há	552870
tenho	552603
vou	547784
tu	547309
sei	538688
quando	531356
agora	525909
estás	522891
você	495201
lá	486904
então	462434
ter	456958
era	445382
quem	440212
onde	439103
nada	438483
ou	421282
coisa	420098
dizer	405907
são	387784
quero	382693
estava	380620
sou	377827
seu	367140
pode	364981
mesmo	364076
esta	351190
eles	347740
nós	347405
sua	345099
dos	343519
todos	343245
nos	334736
mim	333626
posso	330693
bom	330491
ver	330416
este	329928
casa	327883
temos	326278
tens	320962
tua	319328
nunca	318443
estão	317676
até	314181
assim	309900
teu	308841
acho	305610
falar	305482
disse	304139
ainda	302165
tempo	298732
também	287150
ir	286005
pai	281920
sobre	281719
vez	277540
quê	274643
quer	265293
és	263643
favor	262661
depois	260198
tão	259927
melhor	258887
mãe	254232
talvez	251703
olá	250466
obrigado	247510
noite	245872
ti	243334
sabes	243083
sempre	242312
deus	237806
estamos	237471
alguém	237392
dia	237232
certo	235843
nem	233992
alguma	232630
vida	230367
anos	229635
dele	227691
sem	226123
vais	221707
das	220773
tinha	219573
estar	214441
queres	210363
coisas	210324
homem	209551
pessoas	207381
algo	204191
pelo	202560
ficar	200269
boa	199250
sabe	198914
parece	196026
claro	193113
dois	191185
verdade	187720
tipo	187709
preciso	187133
antes	186822
senhor	185767
lhe	179998
podes	179778
apenas	178086
sr.	177851
faz	176940
vocês	171133
ninguém	171093
trabalho	170826
outra	166312
espera	166121
saber	162729
comigo	161814
vão	159222
dinheiro	158237
aí	156918
podemos	156902
pouco	156218
essa	155507
esse	154945
grande	154236
pois	152733
pela	150292
qualquer	148593
disso	146771
num	145788
qual	142830
desculpa	142468
dela	140419
hoje	140011
toda	139207
deve	139151
mulher	139131
queria	136532
fora	136289
filho	135794
cá	135623
seja	135334
meus	134934
nosso	134227
olha	134111
vá	134028
daqui	132119
sério	131950
oh	131931
nossa	131559
certeza	128551
diz	128519
nome	128170
às	128145
outro	127779
todo	125965
dar	125486
tentar	125382
sair	124579
têm	122901
quanto	122204
pensar	121988
mal	121064
volta	120925
aconteceu	120882
consigo	119203
três	117847
mundo	117778
menos	117559
amigo	116478
contigo	116018
embora	115670
numa	115394
passa	114620
porquê	114429
problema	113095
carro	112839
lado	112082
vezes	111942
nas	110575
fez	109735
seus	109628
novo	109271
merda	108524
parte	108263
todas	107370
aos	106457
obrigada	105722
primeiro	105544
será	105228
lugar	104065
voltar	103862
pensei	103777
algum	103507
achas	101896
vem	101797
dentro	101661
família	98437
ali	97226
razão	96891
aquele	95995
dias	95779
fui	95744
anda	95146
querida	95091
sabia	95073
duas	94947
ideia	94880
hora	92986
si	91737
polícia	90805
podem	89806
forma	88041
entre	88040
caso	87701
gosto	87498
atrás	87246
homens	87192
devia	87192
aquilo	86650
amor	86628
pessoa	85824
ok	85815
podia	84910
uns	84775
desde	84753
somos	84445
cabeça	83678
horas	83007
deles	82793
fica	82660
ajudar	82459
tarde	82366
momento	82272
tal	82026
tenha	81823
pronto	81369
fiz	81220
foram	81152
ia	81080
cidade	80835
amigos	80672
encontrar	80656
frente	80596
sido	79778
passar	79691
deixar	79258
vi	79214
nenhum	78813
gente	78081
durante	77920
seria	77760
outros	76667
entrar	76447
chegar	76437
nova	75990
trabalhar	75809
quase	75737
desculpe	75659
amanhã	75541
tanto	75345
fosse	75300
história	74827
irmão	74224
cima	72879
contra	72442
morrer	72321
maneira	71717
suas	71713
enquanto	71585
alguns	71478
ajuda	71253
precisa	71228
morto	70567
primeira	70565
porta	70476
minhas	70206
medo	70192
morte	70105
aquela	69918
óptimo	69875
caminho	69509
vir	69452
feliz	69363
sinto	68905
minutos	68900
ouvir	68255
desta	68142
tive	67958
neste	67949
matar	67820
cada	67244
estes	67139
acontecer	66924
espero	66759
ano	66590
rapaz	65874
precisamos	65734
for	65337
causa	65189
feito	65149
sorte	64686
lamento	64650
filha	64513
acha	64437
teus	64304
levar	64215
conta	64214
estas	64065
arma	63815
pessoal	63581
quarto	63295
olhos	63175
senhora	63156
adeus	62858
cara	62852
disto	62249
algumas	61814
juntos	61241
difícil	61051
última	60823
única	60766
manhã	60720
importante	60414
poder	60215
mãos	60152
ei	60095
água	59596
começar	59403
faço	59227
perto	58772
cuidado	58431
sangue	58342
nossos	58320
semana	58178
mesma	57971
usar	57208
significa	57165
acredito	56788
querem	56678
cinco	56560
acabou	56229
problemas	56026
corpo	55187
altura	54985
disseste	54969
nisso	54557
chefe	54378
jogo	54361
guerra	54294
fala	54162
procura	54105
dr.	53872
sabemos	53863
fizeste	53799
ouve	53695
realmente	53660
terra	53588
havia	53560
ontem	53166
umas	53081
deixa-me	52829
dólares	52755
comer	52203
dormir	52185
dá	52148
escola	52105
logo	52019
querido	51974
sabem	51809
fim	51803
deste	51477
eram	51420
pára	51392
agente	51239
equipa	51176
rapariga	51106
marido	50972
calma	50824
coração	50813
segurança	50744
viver	50721
estado	50689
parar	50605
teve	50564
segundo	50553
muitas	50421
quatro	50360
mão	50295
baixo	50224
maior	50189
meio	50170
meses	49951
mau	49760
vê	48744
ouvi	48730
andar	48691
rápido	48635
número	48606
vejo	48440
mulheres	48323
morreu	48286
nenhuma	48230
acordo	47631
festa	47608
fazes	47485
capitão	47464
raio	47286
pais	47182
suficiente	46782
poderia	46672
sra.	46523
crianças	46450
estavam	46424
força	46344
muitos	46324
nesta	46217
presidente	46216
buscar	46195
filhos	46046
perder	45963
esperar	45714
viu	45703
irmã	45701
chega	45570
possível	45524
devias	45485
sai	45395
acabar	45328
rapazes	45181
precisas	45166
elas	45125
contar	45106
idiota	44911
olhar	44874
vossa	44852
teria	44675
foste	44577
estavas	44480
pena	44475
mil	44441
longe	44417
faça	43981
penso	43834
tivesse	43701
tuas	43583
pedir	43579
estranho	43506
importa	43472
fácil	43456
muita	43438
veio	43319
brincar	43210
bebé	43190
plano	43145
devo	42544
prazer	42516
velho	42402
conseguir	42290
passado	42087
tomar	42065
além	42025
jantar	41913
dá-me	41844
depressa	41624
pergunta	41524
tirar	41314
pequeno	40817
descobrir	40783
sala	40436
ah	40308
telefone	40267
trás	40236
seis	39970
culpa	39948
vos	39896
exactamente	39866
possa	39755
deixa	39728
errado	39687
vivo	39605
menina	39565
john	39542
casamento	39527
outras	39513
espere	39435
pensa	39341
jack	39310
nossas	39155
correr	39053
mudar	38981
diga	38943
paz	38785
sentir	38686
cama	38507
gostava	38473
sozinho	38458
pelos	38289
comida	38245
sequer	38174
falta	37969
ficou	37955
conheço	37890
gosta	37730
passou	37679
bastante	37552
deu	37551
provavelmente	37476
palavra	37450
demasiado	37434
diferente	37413
essas	37280
armas	37169
digo	37023
licença	36862
demais	36854
pagar	36833
médico	36748
seguir	36743
semanas	36681
consegues	36650
dizem	36601
matou	36586
único	36576
acreditar	36570
local	36471
fazem	36463
pior	36433
próprio	36430
continua	36405
vosso	36257
consegue	36026
fico	36021
diz-me	35872
país	35742
gostaria	35575
forte	35421
partir	35362
prisão	35259
próxima	35163
especial	35130
esteja	35049
livro	35039
oportunidade	34846
viste	34767
rei	34746
chegou	34703
esses	34683
continuar	34668
resto	34642
ar	34639
estive	34600
hospital	34579
sítio	34422
fazê-lo	34378
raios	34193
ligar	34153
porra	34131
minuto	34107
irá	34030
sentido	33982
atenção	33925
vim	33882
quis	33683
sam	33627
queremos	33584
direito	33578
café	33557
venha	33535
visto	33434
criança	33410
luz	33385
filme	33142
música	33018
portanto	33007
haver	32891
esteve	32832
aqueles	32818
pôr	32775
querer	32709
sexo	32629
fogo	32587
connosco	32452
beber	32429
toma	32426
mr	32383
houve	32246
tratar	32171
pequena	32116
ganhar	32104
ponto	31987
milhões	31952
manter	31864
precisar	31825
rua	31802
olhe	31762
pé	31744
fazemos	31621
encontrei	31615
miúda	31599
existe	31282
arranjar	31261
dez	31222
último	31217
assassino	31097
miúdo	31086
tinhas	30940
estávamos	30919
cedo	30879
vês	30772
boca	30761
boas	30709
acontece	30576
jovem	30530
preocupes	30466
comprar	30428
situação	30325
esposa	30325
sistema	30276
devem	30245
jogar	30222
natal	30081
capaz	30011
certa	29992
michael	29983
amiga	29977
seguro	29920
questão	29903
relação	29811
perguntas	29801
encontro	29770
sob	29735
cão	29674
quiseres	29623
negócio	29616
quiser	29535
nisto	29458
sinal	29396
linda	29300
facto	29295
mensagem	29278
próximo	29269
apanhar	29227
adoro	29117
crime	29057
banho	29012
própria	28963
deves	28895
grandes	28892
chamada	28632
finalmente	28628
novamente	28623
futuro	28456
começou	28450
perguntar	28417
notícias	28382
acabei	28251
fique	28162
ambos	28153
lhes	27971
chamar	27963
entendo	27944
cabelo	27916
entra	27874
grupo	27863
doutor	27814
salvar	27771
livre	27758
viagem	27700
vontade	27566
sozinha	27564
conversa	27504
tipos	27479
fugir	27477
palavras	27419
consegui	27407
tinham	27323
devíamos	27302
lista	27301
gostas	27275
lutar	27262
escritório	27160
peço	27142
final	26962
procurar	26943
deixou	26919
alto	26916
interessa	26809
bonito	26558
chão	26505
campo	26478
perfeito	26470
tio	26406
estiver	26390
pelas	26387
dito	26361
respeito	26328
completamente	26305
deveria	26296
vista	26285
charlie	26279
breve	26245
melhores	26137
á	26119
bonita	26119
normal	26084
devemos	26077
fiquei	26050
mortos	26023
faria	26018
tom	26017
mesa	25971
preso	25938
simples	25881
iria	25822
fixe	25822
emprego	25738
achei	25735
faças	25707
chama	25695
linha	25690
dizes	25672
real	25600
nave	25596
lembras-te	25525
assunto	25478
vale	25387
cala-te	25351
ataque	25342
pensava	25322
frank	25238
ai	25126
graças	25105
escolha	25016
ordem	25004
viva	24984
fundo	24980
terá	24919
doente	24909
acidente	24794
má	24788
the	24729
modo	24720
provas	24690
resposta	24685
bocado	24621
papá	24589
avião	24550
deixe-me	24466
vindo	24286
após	24280
erro	24260
acredita	24243
miúdos	24225
verdadeiro	24200
jesus	24177
idade	24163
fizeram	24143
fantástico	24119
pare	24103
morta	24091
leva	24087
percebo	24061
saiu	24028
pensas	23940
advogado	23859
conhece	23818
espaço	23805
estivesse	23744
fazia	23722
serviço	23693
missão	23651
ler	23548
louco	23517
bons	23511
conhecer	23483
nele	23451
lindo	23430
informação	23406
abrir	23372
mente	23366
mike	23343
perceber	23330
amo-te	23325
programa	23303
veja	23281
sol	23231
fomos	23182
simplesmente	23138
caixa	23135
sete	23076
senhores	23059
hotel	23042
nessa	22973
gostar	22957
incrível	22924
puta	22905
amo	22890
vai-te	22838
david	22829
dor	22805
joe	22759
dessa	22755
presente	22694
carta	22688
governo	22677
barco	22636
loja	22579
energia	22557
pra	22549
vítima	22549
roupa	22539
voz	22522
trouxe	22511
luta	22483
câmara	22457
disse-me	22441
fome	22418
professor	22353
estúpido	22349
mamã	22276
mostrar	22252
hipótese	22242
telemóvel	22142
reunião	22094
prova	22071
s	22037
percebi	22031
casar	22016
general	21998
peter	21989
volto	21965
trazer	21958
olho	21930
chamado	21913
conseguiu	21911
exército	21887
através	21878
lei	21782
digas	21742
banco	21720
naquela	21710
deixe	21708
nesse	21670
disseram	21659
conseguimos	21637
segunda	21622
tempos	21591
podias	21522
tocar	21455
mês	21443
tiro	21441
fbi	21381
soube	21365
tenhas	21357
quantos	21347
creio	21347
george	21331
papel	21235
sonho	21183
ver-te	21178
desse	21158
tínhamos	21105
bar	21103
povo	21103
tentei	21088
eras	20966
fizemos	20965
cena	20964
tenente	20939
centro	20921
tivemos	20913
conversar	20878
teres	20872
nao	20855
vê-lo	20850
proteger	20840
diabo	20830
parabéns	20812
bebida	20767
aposto	20750
base	20721
tradução	20707
sinto-me	20705
esperem	20699
excelente	20680
comandante	20659
voltou	20640
namorada	20627
precisam	20551
sabias	20549
empresa	20494
resolver	20482
metade	20445
impossível	20407
lembro	20366
desapareceu	20252
interessante	20222
acerca	20208
segundos	20185
cair	20161
engraçado	20156
bela	20150
mentir	20126
costas	20094
chave	20092
divertido	20068
ouviste	20057
juro	20055
escrever	20038
piada	20029
oito	19994
levou	19950
passada	19920
guarda	19916
controlo	19914
daí	19901
apartamento	19897
segredo	19896
decisão	19860
funciona	19850
posição	19844
surpresa	19830
parecia	19813
cerca	19716
céu	19679
negócios	19673
cabo	19665
receber	19663
motivo	19660
imediatamente	19601
olhem	19541
vidas	19538
passo	19477
tribunal	19405
max	19400
contacto	19380
começa	19363
ora	19349
ótimo	19343
bolas	19341
trabalha	19321
tenham	19299
inferno	19295
estrada	19273
delas	19254
falei	19237
diria	19226
cheio	19224
companhia	19201
ouça	19193
sejas	19155
horrível	19135
escuta	19108
saída	19071
ordens	19026
namorado	19017
norte	19004
explicar	19001
aprender	18986
senhoras	18951
fazendo	18934
encontrou	18913
quente	18911
querias	18898
esquece	18794
prometo	18777
saia	18766
padre	18725
detective	18715
ouro	18712
perigo	18698
perdi	18658
falou	18621
coronel	18616
alma	18612
diferentes	18590
naquele	18557
vestido	18557
últimos	18544
planeta	18541
máquina	18526
raparigas	18511
pés	18493
maioria	18469
tiver	18467
debaixo	18445
pronta	18437
parecer	18422
velha	18408
esquerda	18384
avó	18369
näo	18357
confiar	18313
destino	18297
contente	18294
pudesse	18271
frio	18191
vejam	18178
lidar	18155
regras	18140
homicídio	18078
precisava	18056
james	18024
aonde	17984
gajo	17958
vêm	17919
aniversário	17918
igreja	17884
conheces	17874
alex	17867
funcionar	17865
sul	17859
compreendo	17824
abre	17767
vossos	17758
carne	17744
tenta	17738
quantas	17735
vender	17732
sente-se	17722
abaixo	17666
desculpem	17627
direita	17609
liberdade	17601
cavalo	17591
droga	17589
área	17547
destes	17484
parem	17479
quais	17458
triste	17383
bomba	17374
espécie	17352
cérebro	17343
venham	17324
podíamos	17321
tanta	17299
vive	17294
henry	17267
estaria	17258
belo	17227
esquecer	17209
contrário	17203
cerveja	17190
experiência	17179
diferença	17155
animais	17132
humano	17110
branco	17105
honra	17080
mandar	17078
tentou	17077
lembro-me	17074
esperança	17063
iorque	17052
sente	17045
falo	17021
acaso	17006
saúde	16943
trata	16925
estará	16900
perigoso	16862
entendido	16852
inteligente	16850
drogas	16849
paul	16849
pareces	16846
conheci	16840
ideias	16816
público	16815
irei	16797
teste	16757
acham	16747
informações	16732
ben	16723
bola	16691
acaba	16676
aquelas	16642
cliente	16564
roubar	16541
mar	16529
dançar	16519
suspeito	16501
passei	16462
senta-te	16451
suposto	16413
miss	16393
risco	16382
bater	16348
entender	16340
tiveste	16316
nível	16285
rainha	16280
aceitar	16267
clube	16263
pobre	16261
dizer-me	16247
américa	16244
mestre	16227
conselho	16219
perdeu	16186
serão	16176
apesar	16171
parece-me	16166
disse-te	16164
computador	16150
jimmy	16128
alvo	16127
aparecer	16125
investigação	16091
entrada	16022
saiam	16010
janela	15986
dúvida	15954
danny	15950
preocupe	15925
estiveste	15923
nick	15920
realidade	15918
mary	15913
poderá	15909
código	15833
zona	15823
prontos	15822
longo	15819
totalmente	15810
propósito	15799
entrou	15793
provar	15781
avô	15780
ligação	15772
meia	15769
dizer-te	15757
basta	15751
seguinte	15737
menino	15714
chama-se	15697
esconder	15691
criar	15636
afinal	15628
colocar	15626
ias	15621
dê	15590
calhar	15555
dei	15550
loucura	15550
disse-lhe	15525
termos	15521
destas	15520
sargento	15515
vossas	15508
foto	15493
diga-me	15484
humanos	15462
tira	15461
meninas	15447
verificar	15391
terrível	15381
monte	15374
dar-lhe	15339
pedido	15337
ficas	15325
sarah	15324
chorar	15320
céus	15312
sejam	15308
contas	15305
ouviu	15294
usa	15270
preocupado	15263
sentes	15262
vós	15233
parecem	15233
exemplo	15231
rio	15215
liga	15206
jeito	15186
põe	15163
oficial	15158
odeio	15151
início	15144
enorme	15134
televisão	15124
suponho	15099
socorro	15097
dados	15079
responsável	15038
irmãos	15012
repente	14984
percebes	14978
segura	14952
acima	14918
pediu	14908
foda-se	14908
esperava	14905
almoço	14891
xerife	14887
cartão	14878
estarei	14822
planos	14811
cozinha	14802
dizer-lhe	14801
ray	14800
metros	14785
negro	14783
deixei	14753
operação	14749
preço	14722
pele	14714
existem	14705
diabos	14682
principal	14680
justo	14664
chá	14646
vinho	14641
lixo	14613
mudou	14603
novos	14599
relatório	14582
dra.	14580
necessário	14561
alta	14546
par	14542
perdido	14540
agentes	14536
dado	14482
imenso	14469
nomes	14459
defesa	14444
laboratório	14431
comando	14428
tia	14374
bill	14363
maravilhoso	14359
fotografia	14354
dizia	14348
fotos	14337
ilha	14334
subir	14334
farei	14329
opinião	14314
tony	14251
terminar	14251
acesso	14243
fato	14243
braço	14229
saco	14206
lembrar	14203
desejo	14200
correu	14187
senão	14186
pá	14176
série	14157
conseguiste	14150
nela	14138
jim	14131
comboio	14127
roupas	14116
cabra	14111
junto	14104
sonhos	14103
pernas	14084
ido	14080
pedi	14073
discutir	14071
livros	14066
saiba	14053
falamos	14046
saudades	14046
harry	13990
rádio	13976
destruir	13960
traz	13947
silêncio	13946
peça	13927
bob	13890
senti	13880
escolher	13874
carros	13865
maldito	13836
cheia	13816
limpar	13811
ama	13808
caramba	13794
nove	13792
ficam	13769
novas	13725
carrinha	13691
trato	13686
evitar	13676
seres	13648
pista	13621
departamento	13619
verão	13608
direcção	13604
soldados	13570
dessas	13565
errada	13563
justiça	13561
costumava	13556
mala	13541
foder	13541
leve	13532
daquela	13526
memória	13525
rabo	13521
azul	13507
calças	13478
graça	13477
tommy	13468
façam	13467
verdadeira	13457
hey	13452
restaurante	13448
comum	13444
confiança	13427
vens	13426
estação	13410
vídeo	13405
pressão	13401
sapatos	13395
inimigo	13388
ligou	13379
preparar	13379
diz-lhe	13368
ocupado	13367
duro	13366
várias	13354
deviam	13342
sendo	13340
cartas	13336
espírito	13328
igual	13326
prestes	13289
paris	13274
corre	13272
h	13272
inteiro	13269
branca	13264
gelo	13263
maluco	13254
bem-vindo	13231
cheguei	13230
apareceu	13227
cuidar	13204
vi.	13194
daquele	13191
magia	13187
universidade	13183
processo	13171
dentes	13166
porcaria	13163
copo	13154
noites	13148
vermelho	13127
responder	13124
volte	13124
apoio	13118
parque	13093
paciente	13070
quão	13061
tornar	13047
conseguia	13040
andas	13030
viram	12980
arte	12965
jake	12955
visita	12948
buraco	12947
cantar	12940
sucesso	12912
pegar	12910
queira	12896
la	12880
ajudá-lo	12873
infelizmente	12867
conduzir	12857
parede	12855
cheiro	12852
herói	12850
inglês	12828
devagar	12820
troca	12810
batalha	12770
steve	12768
ryan	12739
bala	12729
mentira	12715
férias	12706
emergência	12679
toca	12678
americano	12678
coragem	12637
encontrado	12633
vergonha	12631
caiu	12621
longa	12617
estrela	12616
animal	12615
achar	12611
teremos	12602
acção	12579
certamente	12568
tido	12567
juiz	12553
perna	12542
som	12508
desculpas	12484
edifício	12462
vieste	12448
aulas	12431
médicos	12430
will	12411
clientes	12390
enviar	12388
terem	12357
pescoço	12330
lua	12314
fiquem	12313
casaco	12309
monstro	12308
vimos	12305
chaves	12275
gostei	12267
começo	12267
irão	12249
falando	12235
parceiro	12226
ajuda-me	12219
imaginar	12216
recuperar	12197
normalmente	12193
estranha	12192
simpático	12178
valor	12177
cor	12152
histórias	12137
i	12127
serei	12102
devido	12100
terei	12096
londres	12087
soldado	12087
ajudar-te	12084
encontraram	12079
puder	12068
falas	12065
filmes	12064
richard	12063
serem	12056
fale	12043
especialmente	12041
vê-la	12028
doce	12021
dê-me	12010
vítimas	12002
natureza	11992
vieram	11987
johnny	11985
miúdas	11982
andado	11965
chamo-me	11962
líder	11959
desses	11956
billy	11946
haverá	11915
excepto	11909
máximo	11894
inocente	11891
prefiro	11888
autocarro	11869
más	11849
gabinete	11841
faca	11830
matei	11817
grávida	11812
desistir	11808
fé	11790
salvo	11790
exatamente	11785
espectáculo	11784
tamanho	11767
voar	11765
carreira	11748
limpo	11727
velhos	11724
porreiro	11718
gostam	11707
árvore	11704
preparado	11680
demorar	11679
possamos	11672
milhares	11670
disparar	11659
distância	11656
conseguem	11653
antigo	11650
brilhante	11647
dança	11633
chamas	11620
pedra	11612
conhecemos	11605
pensam	11592
faculdade	11591
imagem	11584
majestade	11581
serve	11578
caralho	11574
flores	11574
malta	11570
conhecido	11568
comecei	11561
doença	11560
julgamento	11555
nariz	11554
cortar	11551
estados	11534
sobreviver	11533
polícias	11510
óptima	11503
pontos	11479
preto	11473
éramos	11437
cadeira	11422
peixe	11416
encontramos	11409
gozar	11399
partido	11395
daniel	11390
bobby	11388
voo	11383
louca	11382
recebi	11371
casas	11371
jovens	11369
visão	11368
jane	11367
dar-te	11334
controlar	11310
felizes	11310
testemunha	11308
americanos	11299
fechar	11296
km	11295
unidos	11292
deixes	11255
queiras	11254
gritar	11251
brian	11226
jogos	11219
gato	11193
cães	11190
li	11188
canção	11187
lugares	11176
corrida	11169
mark	11168
deixado	11155
central	11148
notícia	11145
perdão	11143
chris	11139
come	11119
vários	11114
interior	11102
hei	11101
estilo	11100
acabado	11066
barulho	11045
vás	11038
robert	11035
estrelas	11030
obviamente	11017
velocidade	11014
ameaça	11000
dar-me	11000
movimento	10976
fará	10976
scott	10974
eric	10962
tantas	10955
correcto	10954
ligado	10953
clark	10946
vemo-nos	10941
poderes	10938
relógio	10935
entanto	10926
unidade	10920
braços	10916
marca	10905
regressar	10903
baixa	10900
andava	10895
números	10880
forças	10873
verde	10856
pega	10856
floresta	10850
total	10848
ponte	10845
confusão	10828
director	10826
maria	10826
culpado	10823
praia	10812
tv	10807
casos	10807
acreditas	10805
encontrámos	10797
tiveram	10777
língua	10749
descansar	10732
presa	10726
investigar	10723
lee	10717
meter	10716
matá-lo	10708
oi	10702
construir	10700
perdemos	10699
fotografias	10687
sinais	10678
banda	10674
kate	10666
rapidamente	10664
descobri	10662
perfeita	10661
ficará	10660
ficamos	10658
cabrão	10646
busca	10643
ouvido	10618
receio	10609
cristo	10593
atirar	10591
fingir	10587
respirar	10586
rosto	10583
ridículo	10582
mudança	10582
época	10578
nacional	10575
corpos	10564
fonte	10560
dou	10556
sentimentos	10552
major	10544
ando	10539
pense	10539
navio	10527
soubesse	10521
faz-me	10515
escapar	10513
cavalos	10508
d	10502
eua	10501
cansado	10492
aula	10491
rico	10484
íamos	10480
acordar	10478
charles	10475
fugiu	10462
preocupar	10450
humana	10450
tivesses	10446
beleza	10438
atrasado	10438
portas	10432
agir	10431
dedos	10415
rir	10410
walter	10394
dono	10384
kevin	10382
posto	10380
morre	10380
nervoso	10362
bordo	10362
mandou	10357
depende	10354
magoar	10344
entregar	10338
agradável	10336
preocupada	10326
eddie	10317
princesa	10316
calor	10301
vou-me	10301
gay	10299
óbvio	10293
washington	10287
colega	10287
pensou	10278
jornal	10275
interesse	10253
combate	10241
atacar	10228
profissional	10227
decidir	10221
anel	10216
pago	10214
esperto	10213
inteira	10175
idiotas	10162
levanta-te	10147
estejas	10145
espada	10134
iremos	10126
sentado	10118
luzes	10108
indo	10105
descer	10102
classe	10092
casado	10082
agradeço	10071
podiam	10067
estúpida	10056
aberta	10051
caro	10047
leite	10038
mercado	10037
política	10024
lisa	9982
milhão	9982
género	9981
oferta	9970
entendes	9969
tome	9962
teoria	9950
escuro	9946
ruas	9932
desaparecer	9927
uh	9926
antiga	9926
tê-lo	9919
cadeia	9915
levantar	9910
crescer	9900
continue	9899
via	9898
ouçam	9891
imprensa	9881
uso	9881
santo	9881
treta	9866
noiva	9851
acorda	9835
ajudar-me	9825
dan	9822
claire	9788
servir	9782
pequenos	9777
absolutamente	9776
venho	9766
perda	9762
descobriu	9756
resultado	9749
militar	9745
emily	9738
manda	9738
inglaterra	9737
disser	9724
material	9714
matt	9709
camião	9709
feita	9708
rede	9708
príncipe	9688
concordo	9683
momentos	9679
martin	9675
fantasma	9672
segredos	9671
confia	9666
solução	9651
ouvidos	9642
beijo	9640
encontraste	9627
impedir	9624
pessoalmente	9619
data	9613
jerry	9610
andam	9608
morreram	9594
conhecia	9594
garrafa	9592
dum	9588
orgulho	9585
fizer	9578
bolo	9573
propriedade	9559
maiores	9557
policia	9548
fuga	9545
sensação	9543
tecnologia	9540
iam	9539
peito	9537
futebol	9527
vinte	9522
terceiro	9511
levá-lo	9492
bilhete	9485
acabaste	9480
cinema	9474
vento	9461
rachel	9460
voltei	9452
jason	9452
táxi	9438
registos	9430
boleia	9426
quinta	9426
matar-me	9417
chapéu	9398
dedo	9390
mano	9388
mexer	9381
deu-me	9379
legal	9379
vingança	9373
dever	9361
exacto	9358
ajude	9350
porco	9345
dá-lhe	9335
doido	9332
pete	9319
raiva	9319
sê	9311
peso	9310
lembra-te	9310
treino	9302
algures	9288
natural	9281
foi-se	9279
estudar	9265
assistente	9243
partida	9229
responsabilidade	9228
esqueça	9226
maldição	9225
oeste	9224
inimigos	9222
viemos	9221
controle	9213
corte	9212
amy	9195
assassinato	9190
meninos	9187
sir	9184
tantos	9182
queriam	9181
acontecido	9177
entende	9170
acalma-te	9163
aparentemente	9161
apanhado	9158
toque	9157
chegaram	9155
baile	9152
aeroporto	9150
poucos	9148
aparece	9144
complicado	9132
mostra	9129
ouve-me	9114
pude	9109
convosco	9103
tente	9092
apresentar	9088
roubou	9084
fosses	9081
esqueci-me	9081
terás	9072
decidi	9069
lixar	9065
serviços	9062
universo	9061
frança	9057
bocadinho	9049
daqueles	9042
próprios	9036
don	9034
al	9011
interessado	9005
sacana	8999
respostas	8997
thomas	8989
agradecer	8978
chuck	8974
secretária	8970
morada	8967
mapa	8943
contou	8934
internet	8927
efeito	8925
bebe	8923
aconteça	8915
notas	8909
enfermeira	8901
super	8897
patrão	8895
importo	8887
resultados	8883
ouvir-me	8882
corredor	8881
conhecimento	8878
ficaria	8875
visitar	8873
ás	8869
aguentar	8863
dera	8853
adn	8850
aldeia	8848
razões	8848
guardas	8846
testes	8832
cirurgia	8831
aberto	8829
médica	8824
merece	8823
contrato	8815
vivos	8815
ter-te	8812
gás	8811
sociedade	8805
mata	8793
lar	8790
direitos	8790
instante	8785
leste	8781
usado	8772
mantém	8765
original	8763
zangado	8762
vinha	8754
adam	8753
familiar	8747
parecido	8727
imagino	8725
larga	8721
estejam	8717
pede	8717
haja	8716
luke	8711
pressa	8708
ferido	8698
passaram	8697
treinador	8691
voltas	8688
anteriormente	8666
cia	8664
cu	8663
chamadas	8662
quisesse	8660
duma	8660
crédito	8658
desligar	8653
costa	8648
projecto	8645
dão	8644
importantes	8641
encontrá-lo	8640
escreveu	8635
câmaras	8630
cancro	8624
bem-vindos	8623
afasta-te	8611
obter	8605
primo	8604
credo	8603
próximos	8597
cavalheiros	8592
carter	8586
andando	8574
encontra	8574
deixá-lo	8569
fossem	8554
desaparece	8553
perfeitamente	8551
objectivo	8550
partes	8550
ultimamente	8548
pedaço	8546
assuntos	8542
jardim	8538
opção	8538
sexual	8532
reino	8525
deixem-me	8524
diante	8521
grave	8518
aspecto	8512
membros	8504
lago	8503
lembra-se	8500
fumar	8489
mrs.	8488
deixem	8486
hipóteses	8485
crer	8484
ovos	8483
usou	8480
pequeno-almoço	8477
presença	8472
tornou-se	8444
melhorar	8439
imagens	8439
vitória	8433
pesquisa	8420
cheira	8414
centenas	8410
anna	8406
pertence	8405
abra	8402
membro	8399
camisa	8380
amigas	8379
ficaram	8378
viajar	8376
explosão	8375
presos	8370
vemos	8368
entendi	8365
giro	8362
útil	8358
maldita	8355
leo	8339
ó	8337
massa	8335
tempestade	8334
sofrer	8332
fortes	8328
jamais	8328
andy	8307
dave	8304
lembra	8300
falso	8286
loucos	8282
vencer	8280
paga	8279
neve	8277
protecção	8271
adorava	8270
aviso	8253
escrito	8247
simon	8236
admitir	8219
los	8205
annie	8202
negra	8201
kyle	8197
deuses	8196
últimas	8194
carl	8193
assalto	8189
alerta	8173
sábado	8166
pensaste	8165
bairro	8162
roma	8158
famílias	8152
completo	8140
fiques	8137
tratamento	8137
acredite	8131
maus	8120
dizendo	8111
chicago	8109
enganado	8092
esquadra	8082
saí	8057
farto	8049
ted	8048
vazio	8043
fazer-te	8035
resultar	8033
locais	8029
eis	8024
percebe	8019
avançar	8018
tentando	8010
impressões	8005
funeral	8004
bebidas	7987
ossos	7986
companheiro	7984
pequenas	7982
enfrentar	7972
testemunhas	7972
quieto	7962
despacha-te	7961
discurso	7953
liceu	7950
chocolate	7949
compras	7948
houver	7945
tentativa	7943
prédio	7939
serás	7934
caça	7933
tretas	7930
voce	7917
saltar	7913
equipamento	7912
bolsa	7911
génio	7901
primeiros	7894
terceira	7888
ganhou	7888
colegas	7881
kelly	7872
crimes	7871
ed	7869
começaram	7868
merdas	7852
mesmos	7849
caraças	7846
explodir	7845
amar	7842
erros	7842
definitivamente	7840
muda	7839
entrem	7839
aprendi	7837
violência	7832
envolvido	7827
condições	7814
ponha	7814
relações	7811
chamam	7794
sean	7794
guardar	7788
desaparecido	7787
montanha	7783
fraco	7775
c	7773
mensagens	7770
méxico	7768
emma	7762
vêem	7760
registo	7743
penses	7742
modelo	7730
topo	7720
william	7715
prémio	7711
vou-te	7710
anjo	7709
duvido	7709
confio	7702
chuva	7702
bêbado	7701
abby	7697
venda	7696
apaixonado	7694
deixaste	7688
vejo-te	7686
ladrão	7673
ciência	7673
fizesse	7672
pensado	7665
irmos	7664
deitar	7662
pão	7660
balas	7656
york	7648
cofre	7646
torna	7645
comunidade	7644
pânico	7642
recebeu	7636
detalhes	7620
social	7616
ficado	7610
casal	7608
phil	7606
mandado	7598
falaste	7597
califórnia	7596
ganha	7590
resta	7586
perdeste	7585
orgulhoso	7581
aguenta	7580
fecha	7579
consciência	7575
percebeste	7572
saibas	7570
pôs	7570
passe	7569
comportamento	7567
arriscar	7564
incluindo	7564
estiveres	7563
digo-te	7557
quiserem	7550
possas	7550
exame	7539
faremos	7536
sarilhos	7533
estares	7528
deram	7527
autorização	7516
castelo	7515
lavar	7508
disposto	7508
limpa	7506
custa	7488
perguntei	7485
zero	7483
terão	7483
digamos	7482
impressão	7481
assustador	7478
piloto	7477
princípio	7473
larry	7469
vírus	7465
passeio	7458
alice	7455
peças	7446
dói	7442
idéia	7434
mundial	7433
intenção	7429
curso	7427
domingo	7424
continuo	7424
entrei	7423
avisar	7421
acabaram	7420
mataste	7417
golpe	7409
dean	7404
jackson	7402
decidiu	7401
nota	7399
entrevista	7391
europa	7379
armadilha	7379
marcas	7378
documentos	7376
cansada	7371
recentemente	7365
trabalhos	7351
falam	7350
susan	7346
detesto	7342
karen	7338
lucy	7336
entretanto	7328
morrido	7325
árvores	7324
trabalhava	7324
queijo	7316
truque	7313
tendo	7311
estaremos	7309
roubo	7305
juntar	7304
alan	7301
francês	7286
ires	7282
legendas	7281
ajudá-la	7279
dura	7278
imbecil	7277
compreender	7276
sozinhos	7273
rápida	7272
segue	7267
new	7267
honesto	7266
tirou	7264
necessidade	7261
maravilhosa	7258
arthur	7258
particular	7254
mentiras	7247
angeles	7231
sede	7231
torre	7230
artigo	7230
pacientes	7224
palco	7224
gelado	7222
maggie	7221
sabiam	7221
quadro	7221
mataram	7217
cem	7216
directamente	7209
conhecê-lo	7204
extra	7201
carga	7188
tento	7187
comprei	7182
caras	7178
liguei	7171
lição	7168
vigilância	7164
chance	7163
fila	7157
vestir	7157
levado	7156
claramente	7154
escondido	7153
parvo	7149
sara	7141
garota	7141
voltamos	7139
humanidade	7136
superior	7136
geral	7136
prender	7135
pensamos	7115
ocupada	7115
fantástica	7114
grace	7114
piscina	7112
oferecer	7094
federal	7093
fronteira	7092
óculos	7088
ensinar	7087
ferida	7086
trocar	7081
joey	7077
maluca	7077
mexam-se	7072
inútil	7072
s.	7071
escadas	7070
basicamente	7065
jenny	7065
esqueças	7063
garantir	7059
diversão	7057
assinar	7055
jesse	7053
armário	7045
privado	7042
adorar	7041
deixa-o	7031
deserto	7030
esperamos	7025
barry	7022
ficava	7021
daquilo	7019
possibilidade	7017
incêndio	7016
acabámos	7013
voltem	7007
impressionante	7000
cumprir	6998
agência	6997
fábrica	6994
felicidade	6989
poderoso	6987
partilhar	6985
localização	6977
of	6976
regra	6974
mentiroso	6973
achou	6972
suicídio	6969
malas	6968
dou-te	6968
corda	6966
levá-la	6966
menor	6965
tire	6957
choque	6955
lois	6950
especiais	6950
aceito	6946
desculpe-me	6944
virar	6942
you	6941
tá	6939
álcool	6939
vires	6929
importância	6928
fase	6928
adivinhar	6927
partiu	6918
lily	6916
carteira	6908
vegas	6908
telefonar	6906
louis	6906
famoso	6902
bilhetes	6899
antigos	6897
fores	6894
digitais	6891
juntas	6889
atender	6878
dores	6878
rock	6877
passagem	6864
gordo	6862
possam	6855
pensando	6851
cura	6850
demónio	6848
madame	6848
responde	6846
deseja	6844
revisão	6842
sentar	6841
lixe	6834
roubado	6833
bolso	6829
chegue	6829
suficientemente	6829
vermelha	6827
quilómetros	6827
fazer-me	6818
esquisito	6818
talento	6816
identidade	6815
formas	6810
uau	6810
ouviram	6804
telhado	6803
proposta	6798
parou	6794
campanha	6780
tiros	6779
iguais	6774
josh	6772
city	6769
secreto	6768
levaram	6763
página	6758
ambulância	6755
fechado	6755
srta	6745
conhecem	6744
século	6744
discussão	6732
noutro	6730
identificação	6724
contei	6723
taylor	6718
morgan	6715
and	6711
ferro	6711
to	6706
nasceu	6697
ambas	6696
motor	6694
senador	6686
chegámos	6686
chateado	6686
humor	6679
assassinos	6678
nojento	6677
jones	6672
artista	6666
enviou	6662
falámos	6653
bebés	6652
difíceis	6652
tiveres	6642
mínimo	6640
amas	6635
urso	6634
danos	6632
estivemos	6631
terreno	6627
vivem	6626
experimentar	6624
dorme	6623
red	6614
terminou	6608
permitir	6601
brincadeira	6601
chamou	6595
canto	6594
acabou-se	6589
completa	6581
b	6578
canal	6577
van	6569
haveria	6568
certas	6566
quartos	6563
atravessar	6561
levo	6557
bruxa	6557
sinceramente	6556
vejamos	6549
directo	6549
sofá	6544
episódio	6540
solo	6537
perante	6535
irmãs	6533
festas	6532
fim-de-semana	6530
apanhou	6527
professora	6526
bando	6522
levar-te	6520
julia	6518
regresso	6506
convidado	6503
disco	6499
alegria	6498
ilegal	6492
rose	6490
parado	6490
hank	6489
roger	6486
amizade	6482
governador	6481
presentes	6480
chame	6476
kim	6472
coma	6470
permissão	6465
lados	6463
criminoso	6458
smith	6457
correio	6455
gigante	6454
robin	6446
adora	6444
começamos	6441
confortável	6433
consiga	6433
acordado	6432
ligue	6432
carregar	6428
estragar	6428
victor	6427
pesadelo	6427
facilmente	6424
defender	6421
ena	6418
tripulação	6413
queda	6409
der	6404
m	6401
clara	6396
alarme	6393
pó	6388
santa	6388
milagre	6387
cheque	6387
alemães	6385
jornais	6384
teatro	6382
convidados	6379
explica	6379
zangada	6376
capacidade	6370
entrega	6366
período	6362
estômago	6361
provável	6361
estranhos	6359
adorável	6359
acampamento	6354
ficaste	6348
china	6341
cela	6337
americana	6337
moda	6336
enganar	6329
madeira	6328
garganta	6326
fá-lo	6326
jeff	6321
acusação	6320
planear	6309
brancos	6309
continuas	6301
importa-se	6301
matar-te	6301
ambiente	6292
chegaste	6287
calmo	6287
bravo	6278
eh	6274
soa	6272
chloe	6270
garagem	6266
assustado	6262
libertar	6260
afastem-se	6259
montanhas	6257
adoro-te	6255
cave	6252
advogados	6252
aumentar	6252
dava	6249
aposta	6249
casada	6245
reserva	6245
erva	6243
retirar	6242
negros	6242
cala	6238
somente	6237
fazeres	6235
promessa	6235
gasolina	6226
patrick	6226
ouço	6217
jackie	6213
gary	6213
ganhei	6210
versão	6210
t	6210
sorriso	6206
relaxa	6205
campeão	6202
street	6194
causar	6192
gentil	6191
big	6190
rick	6189
seguros	6186
comprou	6179
fales	6172
inverno	6167
vizinhos	6166
tivessem	6160
procuro	6157
achava	6155
bate	6155
saímos	6153
texas	6151
diário	6149
digam	6145
apanha	6139
divisão	6139
praticamente	6134
daquelas	6131
julie	6127
júri	6121
operações	6119
tomates	6117
ajudou	6116
espelho	6115
fumo	6114
limites	6113
dás	6112
chegamos	6110
rosa	6110
dom	6108
padrão	6105
acções	6104
oliver	6101
secreta	6101
irás	6094
ver-me	6092
tenhamos	6082
garoto	6081
dúvidas	6075
conseguiram	6070
revista	6067
apanhei	6066
elevador	6064
queríamos	6062
tesouro	6056
rato	6056
st	6050
imagina	6048
ter-me	6046
amante	6045
pediu-me	6044
vantagem	6043
obra	6041
cometer	6033
escute	6033
marinha	6031
virá	6030
crise	6030
corrente	6024
pedras	6024
coincidência	6022
veneno	6020
paciência	6020
funcionou	6018
precisares	6014
deixo	6014
feitos	6008
legendagem	6005
livres	6001
atitude	5999
achamos	5999
aceita	5995
respira	5993
howard	5992
laura	5985
confirmar	5978
comprimidos	5976
memórias	5968
disseram-me	5957
estiveram	5950
empregada	5945
deixar-me	5939
sexy	5934
presumo	5934
fechada	5933
arranja	5928
combinado	5925
demora	5923
ligo	5921
decisões	5920
transporte	5919
bicicleta	5916
alternativa	5915
vidro	5914
fez-me	5909
selvagem	5906
limite	5906
sitio	5905
estarão	5903
saudável	5900
atirador	5896
percebeu	5894
macaco	5892
importas-te	5891
convencer	5890
tornou	5890
quantidade	5890
educação	5883
judeus	5881
tropas	5880
tratado	5878
repetir	5873
liga-me	5871
apostar	5859
conto	5856
turno	5856
pensamentos	5855
criatura	5854
confuso	5851
vendo	5851
medida	5851
vi-o	5851
cozinhar	5851
joelhos	5846
usam	5846
próprias	5839
nação	5834
saído	5833
sofrimento	5832
calado	5831
fazer-lhe	5829
medicina	5828
continuem	5820
tim	5820
paredes	5817
francisco	5816
biblioteca	5816
tomei	5815
armazém	5814
cavalheiro	5814
mandei	5812
atraso	5806
amava	5806
divórcio	5805
helicóptero	5802
fortuna	5801
deixaram	5798
saio	5798
simpática	5798
estudo	5797
papéis	5794
território	5793
forem	5792
ricos	5789
amanda	5789
escuridão	5785
nathan	5783
maneiras	5780
perguntou	5778
áfrica	5778
preferia	5778
vaca	5775
sombra	5774
nadar	5772
toques	5771
rebecca	5763
pobres	5763
bombas	5760
postos	5758
arranjaste	5750
motivos	5749
cadáver	5749
falado	5748
falha	5747
traseiras	5741
veremos	5740
faltam	5739
passos	5738
cópia	5736
inteligência	5734
mel	5732
prisioneiros	5730
queixa	5728
chamo	5723
leis	5718
tomou	5714
jogador	5705
botão	5703
batatas	5700
criado	5695
nascer	5689
deixar-te	5689
lucas	5688
explicação	5688
ministro	5687
alcance	5685
doces	5681
conheceu	5675
tornar-se	5671
almoçar	5671
poderíamos	5663
linhas	5659
autoridade	5658
reputação	5655
esforço	5650
carlos	5646
sono	5641
mexas	5640
oceano	5637
assumir	5637
fita	5629
estúdio	5629
nervosa	5628
treinar	5624
temo	5624
compra	5624
motorista	5618
fred	5616
mora	5616
deixam	5614
acabamos	5613
san	5611
sr	5611
areia	5604
tolo	5602
esperando	5601
fundos	5599
trouxeste	5595
poucas	5587
acreditam	5582
alunos	5581
medicamentos	5580
gostou	5580
devolver	5572
desafio	5571
park	5571
sangrar	5565
factos	5562
ciúmes	5562
bateu	5561
noutra	5559
recursos	5559
clínica	5553
conhecer-te	5544
miami	5544
segurar	5544
aguento	5544
cooper	5541
voltaste	5540
fã	5540
sós	5537
vincent	5536
superfície	5536
sessão	5534
ponta	5534
andrew	5530
paixão	5515
abram	5512
capazes	5510
alimentar	5510
ganho	5502
empregado	5500
ross	5498
elizabeth	5497
alemão	5497
acusações	5495
mortes	5491
estacionamento	5491
jogada	5486
criou	5486
assustada	5486
organização	5482
açúcar	5481
mamas	5478
stan	5477
larga-me	5465
marcar	5465
lobo	5463
tê-la	5462
seremos	5462
pássaro	5461
caixas	5458
máscara	5456
harvey	5455
falava	5452
meia-noite	5451
senhorita	5450
greg	5446
ajudem-me	5442
continuam	5441
pegue	5438
despedida	5438
prostituta	5437
caçar	5431
johnson	5429
abandonar	5429
interromper	5429
terras	5429
contaste	5428
russos	5427
preparada	5426
champanhe	5425
extremamente	5421
opções	5421
cabeças	5418
russo	5417
inacreditável	5417
bruce	5417
lembras	5416
doentes	5416
bem-vinda	5415
esquecido	5412
escolheu	5407
sobretudo	5405
charlotte	5405
inocentes	5404
máquinas	5402
vivemos	5401
dívida	5401
mistério	5401
tirei	5400
portão	5398
traga	5396
ficares	5396
assassinado	5395
sentia	5394
chegarmos	5391
qualidade	5391
percebido	5390
alemanha	5388
gajos	5387
noivo	5387
frota	5385
tyler	5384
seca	5383
feitiço	5383
criminosos	5382
atingido	5382
usando	5375
pausa	5372
circunstâncias	5369
trabalhou	5367
preocupa	5365
tarefa	5361
donna	5361
molly	5354
cole	5353
sopa	5353
abrigo	5353
preocupação	5351
análise	5348
afastar	5346
telefonema	5346
anterior	5343
cigarro	5341
dissesse	5341
enfim	5341
ritmo	5340
maravilha	5338
piores	5337
sistemas	5335
hitler	5331
ripadas	5329
puto	5328
pt-subs	5328
diga-lhe	5327
pagou	5323
pulso	5322
física	5317
derek	5316
veículo	5310
pensamento	5310
mesmas	5308
sujo	5306
ódio	5304
pagamento	5301
escrevi	5300
ouvimos	5299
katie	5297
trabalhas	5294
king	5291
visitas	5290
comunicação	5289
roy	5284
negociar	5276
sugiro	5271
cruel	5269
wilson	5268
dispositivo	5267
exterior	5264
deixas	5263
anúncio	5263
fio	5262
nestes	5262
arranjou	5259
montar	5257
passam	5257
exames	5257
normais	5250
virem	5249
pizza	5246
comissão	5237
adivinha	5234
prato	5232
atrasada	5231
sally	5222
engano	5221
evento	5220
esqueci	5219
nestas	5217
trabalhei	5210
pareceu	5209
chato	5207
esquina	5204
papai	5202
palhaço	5196
comissário	5196
suficientes	5193
recebemos	5192
encontrá-la	5190
amostra	5188
procuramos	5187
cego	5187
osso	5187
sermos	5182
passamos	5181
sujeito	5178
recompensa	5177
ataques	5166
marcus	5164
limpeza	5163
produção	5160
sobe	5155
museu	5152
atende	5152
perdida	5148
folga	5147
rezar	5145
levei	5145
preparados	5143
parker	5139
índia	5138
homer	5136
raça	5136
corta	5136
fria	5135
terry	5129
lábios	5129
lady	5122
porto	5121
mágico	5120
declaração	5119
chegado	5118
encontramo-nos	5116
resistência	5111
partam	5111
sabíamos	5109
militares	5107
deva	5107
pus	5102
civil	5102
filmar	5096
gerente	5085
onda	5083
salvou	5076
sentem-se	5074
curioso	5072
montes	5071
brown	5071
aliança	5070
mostrar-te	5067
significado	5065
dragão	5064
cidades	5062
castigo	5061
deixá-la	5060
secção	5059
homicídios	5058
deveríamos	5056
adoraria	5055
ficarei	5055
gira	5055
desastre	5054
ficheiros	5054
arder	5052
galinha	5050
mexe-te	5049
palácio	5046
paraíso	5040
despedido	5040
divertir	5038
jay	5037
poderiam	5036
sentimento	5036
popular	5032
huh	5031
colocou	5030
resgate	5023
acto	5021
passa-se	5020
maricas	5020
voltarei	5017
barriga	5015
helen	5015
sexta-feira	5011
acusado	5007
negativo	5003
metro	5001
encontrarmos	4997
molho	4996
pareço	4996
aliás	4993
cobertura	4990
chateada	4989
digo-lhe	4989
frango	4986
conjunto	4982
lançar	4981
império	4980
convite	4979
falhar	4978
gravação	4974
concerto	4972
el	4966
mina	4965
oficiais	4963
campos	4962
terapia	4961
terroristas	4960
glória	4957
pacote	4956
privada	4955
sal	4955
consequências	4954
vampiros	4953
prometi	4952
nate	4952
cargo	4951
vencedor	4946
tentado	4946
audiência	4946
jamie	4943
doutora	4943
terias	4939
e-mail	4939
doida	4937
mac	4933
botas	4932
estivesses	4932
fantasmas	4928
neles	4927
pessoais	4927
metal	4926
mudanças	4925
disponível	4925
suspeitos	4921
fizeres	4920
cenas	4919
show	4917
rota	4915
prisioneiro	4909
prenda	4908
pedaços	4907
jordan	4905
gibbs	4904
okay	4903
sumo	4902
feio	4901
favorito	4900
estiverem	4898
assistir	4897
literalmente	4897
combustível	4896
adaptação	4896
pistola	4895
temperatura	4895
bonitas	4894
firme	4888
condição	4886
responda	4880
doug	4878
olhes	4876
janelas	4876
seguida	4873
autoridades	4872
las	4868
mudei	4868
principalmente	4865
igualmente	4864
randy	4863
apaixonada	4863
solta	4863
febre	4862
identificar	4856
violação	4856
acontecendo	4855
libras	4855
buscá-lo	4855
foge	4851
cruz	4848
graus	4847
desliga	4845
virgem	4842
cobra	4842
infância	4841
sabendo	4840
adultos	4840
exercício	4839
teriam	4839
matado	4839
pistas	4837
conferência	4835
duplo	4835
vila	4833
mental	4830
justin	4827
daria	4824
lorde	4823
tivéssemos	4823
miller	4823
túnel	4821
trabalham	4821
casados	4817
especialista	4814
fresco	4812
unidades	4811
refeição	4809
bart	4808
conhecê-la	4807
pública	4806
beijar	4805
yeah	4805
instruções	4802
espacial	4800
concurso	4799
houvesse	4797
andei	4794
produto	4791
acabo	4788
incidente	4787
lenda	4785
sócio	4785
destruição	4781
templo	4781
poderei	4777
começam	4776
descobrimos	4775
comece	4774
localizar	4766
cento	4764
péssimo	4763
davis	4762
heroína	4762
passámos	4761
nuclear	4761
desapareceram	4760
atraente	4760
papa	4758
lata	4757
traidor	4757
naves	4754
jess	4750
venhas	4749
ajudar-nos	4748
gordon	4747
falsa	4745
bailey	4742
bruxas	4742
compreende	4741
lançamento	4740
romântico	4740
gostamos	4738
cuecas	4736
cardíaco	4733
teríamos	4731
lágrimas	4728
reais	4728
olivia	4728
livrar	4726
feitas	4726
jessica	4725
cinto	4725
seriam	4724
estarmos	4719
carol	4718
vivia	4715
sincero	4709
criaturas	4709
ratos	4705
terminado	4702
quebrar	4700
costume	4699
boston	4697
toby	4696
expressão	4694
perigosa	4694
importas	4693
asas	4691
sexta	4690
ombro	4690
origem	4689
ansioso	4689
frankie	4686
trânsito	4683
morrem	4681
hollywood	4679
tinta	4678
felizmente	4676
velhote	4675
passava	4673
vê-los	4673
incomodar	4671
elena	4669
ha	4669
filhas	4667
tensão	4667
lealdade	4666
judeu	4664
capitã	4664
lê	4661
satisfeito	4659
turma	4657
ethan	4657
compromisso	4655
bíblia	4655
participar	4652
sorrir	4650
desculpa-me	4649
cabana	4648
farta	4645
queimar	4644
imperador	4644
milhas	4642
primavera	4638
mamãe	4638
beth	4637
rússia	4637
moeda	4636
diamantes	4636
wayne	4634
aceite	4630
vizinho	4629
paragem	4627
mostra-me	4625
mães	4625
traseiro	4622
esquerdo	4622
metido	4619
pura	4618
combater	4617
celebrar	4617
trinta	4614
enviado	4613
impostos	4611
camisola	4605
gostavas	4602
reparar	4602
comercial	4600
largar	4599
golfe	4599
condenado	4597
levem	4595
casey	4594
escreve	4594
internacional	4592
sonhar	4591
monstros	4590
matemática	4587
assassínio	4572
competição	4572
moral	4570
votos	4567
união	4566
região	4565
gastar	4564
prazo	4563
resolvido	4562
conta-me	4561
armado	4560
frequência	4558
aviões	4554
mortal	4552
voto	4551
descobre	4551
transformar	4551
recolher	4550
cale-se	4548
passear	4548
pares	4546
marshall	4546
odeia	4546
romance	4544
imaginação	4544
jeremy	4544
custódia	4543
terrorista	4540
porém	4539
contactar	4535
temporada	4535
espião	4534
dylan	4533
contou-me	4533
inspector	4531
desporto	4531
endereço	4530
cai	4528
arquivos	4528
observar	4526
média	4525
escolhe	4524
traição	4523
walker	4522
steven	4521
depósito	4520
resultou	4515
questões	4515
peixes	4514
almas	4514
colar	4513
ladrões	4513
anne	4511
tentaram	4511
encontre	4505
cartões	4504
pudéssemos	4502
infeliz	4502
possivelmente	4499
vigiar	4498
barba	4496
permite	4496
trata-se	4494
pila	4492
poderemos	4490
hum	4488
acalmar	4486
certos	4484
oficialmente	4484
ajude-me	4484
estarem	4483
juízo	4483
deixou-me	4482
owen	4481
cultura	4479
perde	4476
tivermos	4475
fantasia	4474
eva	4471
entendeu	4469
dada	4465
conseguirmos	4465
brinde	4464
chinês	4461
espectacular	4459
pesado	4458
reforços	4457
catherine	4457
pegou	4457
apagar	4453
corajoso	4452
aproveitar	4450
chegada	4445
hei-de	4444
abriu	4443
azar	4439
título	4438
sincronia	4436
empresas	4434
posse	4434
impacto	4433
ian	4432
riscos	4432
experiências	4428
passaste	4428
vistos	4427
levam	4426
perfil	4424
estranhas	4421
policial	4420
computadores	4418
detetive	4417
ondas	4417
suspeita	4413
recado	4412
bancos	4412
souber	4406
recebe	4405
capital	4405
prata	4401
procurando	4398
caos	4396
positivo	4395
urgente	4394
desconhecido	4393
comi	4393
dispara	4389
interessada	4388
plantas	4388
considerar	4388
emoções	4387
ficheiro	4386
frase	4385
west	4381
salão	4380
jornalista	4375
efeitos	4375
analisar	4375
engraçada	4374
aventura	4374
direção	4374
besta	4374
marco	4371
puro	4371
dou-lhe	4369
carrie	4368
dei-lhe	4367
salto	4365
pediste	4363
face	4363
surpreendido	4360
mexa	4359
aborrecido	4359
michelle	4359
burro	4358
equipas	4356
nasci	4352
ideal	4348
ligo-te	4348
círculo	4348
multidão	4348
sentada	4348
mo	4346
lou	4345
usei	4342
sentir-se	4338
rasto	4333
iniciar	4332
marty	4332
imaginei	4327
reacção	4325
mortas	4324
reféns	4324
chffffff	4324
saíram	4323
fazerem	4323
uísque	4323
andou	4322
podermos	4321
existir	4320
bateria	4318
hannah	4317
pénis	4315
doze	4314
vince	4314
costuma	4311
orgulhosa	4310
águas	4310
booth	4310
salva	4309
disparate	4308
jacob	4307
vampiro	4306
disparou	4306
malditos	4306
mantenha	4305
escolhido	4305
pau	4303
voltará	4301
foda	4299
demónios	4299
rica	4295
geração	4295
usava	4295
gatos	4294
dick	4294
revolução	4293
deverias	4292
morar	4291
pergunto-me	4289
meritíssimo	4288
óleo	4285
dar-nos	4283
ê	4283
matá-la	4279
gravar	4278
brad	4277
desejar	4276
farias	4273
comeu	4271
angela	4269
dizeres	4266
desejos	4266
joga	4264
chegam	4261
russell	4260
aaron	4258
estudante	4257
existência	4256
ma	4252
primeiras	4251
sofreu	4248
guerreiro	4246
mate	4245
secretos	4244
uniforme	4243
novidades	4242
ellen	4241
pássaros	4241
sentes-te	4240
pouca	4238
plástico	4236
sammy	4234
séculos	4231
despedir	4227
rodas	4225
basebol	4225
deixa-te	4222
decente	4220
alô	4219
coroa	4218
compreendes	4216
beco	4216
repito	4215
cerimónia	4214
house	4211
atirou	4211
construção	4209
coelho	4208
afaste-se	4207
conseguires	4205
petróleo	4204
precisamente	4202
pecado	4201
nancy	4200
nobre	4199
tragam	4198
grant	4198
sincronizadas	4198
satélite	4197
oxigénio	4197
levas	4195
deixa-a	4195
cores	4195
julgar	4191
vira	4190
acordei	4188
familia	4188
formos	4187
aérea	4184
imensa	4182
capa	4182
geralmente	4181
invasão	4180
pôde	4179
nina	4179
cigarros	4179
faziam	4178
potencial	4177
confissão	4176
esperei	4174
mete	4174
sensível	4172
viagens	4168
puxar	4167
linguagem	4166
administração	4163
figura	4163
cavaleiro	4161
redor	4161
dês	4160
vai-se	4158
quilos	4157
edward	4156
heróis	4156
altamente	4156
caminhar	4155
criada	4155
baixar	4152
prima	4151
caridade	4149
cidadãos	4148
guia	4146
curto	4143
damos	4142
rips	4141
dali	4137
vazia	4136
testar	4135
apontar	4134
recente	4132
apostas	4129
piadas	4126
personagem	4125
logan	4123
acompanhar	4121
in	4121
saibam	4121
portal	4117
atingir	4116
intervalo	4116
poderosa	4113
disfarce	4113
matthew	4110
voltaram	4104
relatórios	4102
poderias	4102
manteiga	4102
atira	4099
ultrapassar	4098
exposição	4098
condicional	4096
ginásio	4096
mentiu	4093
abençoe	4091
andamos	4090
flor	4089
shane	4089
tiroteio	4088
lembre-se	4087
jennifer	4084
betty	4083
levanta	4082
nascimento	4082
pedimos	4081
copos	4081
miles	4077
acontecem	4074
quinn	4073
setembro	4073
sítios	4073
estudos	4072
descobriste	4071
todd	4069
patrulha	4067
jóias	4064
detrás	4064
hein	4058
voltares	4057
condutor	4057
renda	4056
doc	4055
salário	4053
stephen	4050
goste	4049
parto	4047
ovo	4046
pergunte	4046
black	4045
mentes	4044
vomitar	4044
trabalhamos	4042
entregue	4042
olhadela	4039
tradição	4033
lincoln	4032
pensem	4031
países	4030
honestamente	4030
noção	4029
deter	4028
paige	4028
phoebe	4026
técnica	4026
caroline	4025
anjos	4024
resistir	4024
coloca	4021
tema	4021
harold	4019
albert	4019
boneca	4018
culpar	4015
vão-se	4014
abertos	4013
perseguir	4013
trazido	4013
cocaína	4012
grupos	4011
conseguido	4008
assinatura	4008
egoísta	4007
dormi	4001
relaxar	4001
reparei	3995
leonard	3992
profundo	3992
dizemos	3992
sabor	3992
abraço	3991
joseph	3990
preparem-se	3990
dizer-nos	3990
bloco	3989
contado	3988
população	3987
cassete	3985
tragédia	3984
empregados	3984
bonnie	3979
cometeu	3979
cientista	3979
religião	3977
corações	3976
marie	3975
destruído	3973
civis	3972
planeado	3972
tecnicamente	3972
caneta	3970
liam	3969
cientistas	3967
sobrinho	3967
dama	3965
verdadeiros	3963
sagrado	3961
meias	3960
connor	3960
durar	3959
deixares	3959
bandeira	3959
mudaram	3958
falhado	3956
japão	3955
mereces	3953
contudo	3952
feira	3952
direi	3950
itália	3949
adulto	3948
respiração	3947
descoberto	3947
recebido	3945
arquivo	3944
imediato	3944
pastor	3942
apanhá-lo	3937
dêem	3936
cancelar	3935
arranjei	3932
tomo	3932
espantoso	3929
raymond	3928
diz-lhes	3927
genial	3927
earl	3926
sugerir	3925
asneira	3923
níveis	3922
delicioso	3921
reuniões	3921
tchau	3921
restos	3918
produtos	3917
mason	3917
n	3917
influência	3916
espetáculo	3916
penny	3914
símbolo	3911
voltes	3911
tecido	3910
piorar	3909
estupidez	3907
cobrir	3907
dennis	3907
gatilho	3905
esperas	3905
horário	3899
piano	3898
cerebral	3895
ocorreu	3893
leva-me	3892
lex	3892
selva	3891
adolescente	3890
academia	3884
luxo	3884
estudantes	3883
pasta	3882
apoiar	3882
pudesses	3880
nojo	3880
motel	3877
lembrem-se	3877
testemunhar	3876
mato	3875
sexuais	3871
furioso	3870
escravos	3869
publicidade	3868
próximas	3867
tentamos	3865
alteza	3864
sois	3862
sacrifício	3859
perguntar-lhe	3859
atacou	3859
descanso	3858
keith	3857
esperta	3856
decidimos	3854
psiquiatra	3854
hã	3852
feridas	3847
desaparecida	3847
doer	3847
pintar	3846
reunir	3844
fraude	3844
olhada	3841
cometi	3841
transferência	3841
baseado	3841
perderam	3840
aparelho	3840
agenda	3840
saberia	3838
duche	3837
firma	3836
excelência	3836
tina	3835
índios	3834
dá-nos	3833
ricky	3832
bens	3832
ferramentas	3832
conversas	3831
sentiu	3830
recusar	3828
tentaste	3828
assustar	3823
barato	3823
acertar	3822
conselhos	3822
jogadores	3820
perdoar	3819
acreditava	3819
unhas	3818
perguntar-te	3815
devêssemos	3814
rumores	3814
use	3813
escritor	3813
sophie	3813
tubo	3810
conhecida	3809
únicos	3809
espanhol	3808
teddy	3805
fãs	3805
lama	3801
usada	3800
sentimos	3799
feia	3799
nu	3799
respondeu	3798
informar	3797
concordar	3797
brinquedos	3793
praticar	3793
dose	3791
willie	3790
atrasados	3789
trabalhadores	3788
passas	3788
vives	3784
desgraçado	3782
estratégia	3782
poderão	3781
substituir	3781
terror	3780
novidade	3780
hércules	3775
contratar	3765
daisy	3764
escrita	3763
entraram	3761
confessar	3760
irem	3759
gostaste	3758
dizê-lo	3758
torna-se	3757
esqueçam	3755
luvas	3753
cheirar	3752
voltado	3751
conte	3749
propriamente	3749
b.	3748
esperam	3747
iriam	3747
convencido	3746
aumento	3745
letra	3745
sacos	3745
julian	3743
convidar	3742
verdadeiramente	3742
adoram	3740
folha	3738
formação	3735
acreditamos	3734
argumento	3733
frigorífico	3733
congresso	3733
naturalmente	3732
preferido	3731
indústria	3730
travis	3729
trago	3728
tatuagem	3724
termina	3723
apetece	3723
ação	3723
equipe	3722
franceses	3721
movimentos	3718
lance	3717
inventar	3716
rumo	3714
adorei	3713
conspiração	3710
lana	3709
possíveis	3709
ramo	3709
cemitério	3708
hill	3705
diana	3703
tanque	3701
bebê	3701
dúzia	3701
devesse	3699
solteiro	3698
tiverem	3697
stress	3697
dificuldades	3697
caçador	3697
poço	3697
p	3697
descoberta	3696
continuamos	3696
sejamos	3695
inconsciente	3695
vi-te	3694
mudado	3693
protocolo	3690
federais	3689
puxa	3689
repara	3687
spencer	3686
anormal	3685
professores	3684
amostras	3684
tirem	3683
amável	3682
deixamos	3680
espíritos	3679
curar	3678
largue	3678
white	3678
decidido	3677
fascinante	3677
barney	3676
ótima	3676
aparência	3676
chamava	3676
mickey	3675
personalidade	3675
castle	3671
salta	3669
absoluta	3669
escapou	3668
julho	3668
monsieur	3667
curta	3665
verifiquei	3662
cobarde	3661
reconhecimento	3661
progresso	3660
radiação	3660
altos	3658
dólar	3656
estrangeiro	3654
pecados	3653
traficante	3653
reconhecer	3649
saberá	3648
anthony	3647
pormenores	3647
familiares	3645
presta	3645
usá-lo	3642
receita	3640
arranjo	3640
jonathan	3638
pareça	3637
sentem	3637
reverendo	3635
transmissão	3633
ficarmos	3632
mereço	3632
privacidade	3632
deverá	3629
actividade	3628
chegarem	3627
ensaio	3626
prioridade	3626
comunicações	3623
salada	3623
começámos	3621
riley	3621
prometeu	3620
menti	3620
cachorro	3619
sobrevivência	3618
macacos	3614
condução	3613
dás-me	3613
margaret	3612
escada	3612
levar-me	3612
dificuldade	3611
chamar-me	3606
organizar	3604
barcos	3602
desce	3602
it	3601
luto	3600
encontros	3600
actor	3600
olhei	3599
roda	3599
malcolm	3596
olhou	3596
ignorar	3595
dona	3595
vier	3595
sairmos	3594
lewis	3593
sombras	3592
contar-te	3592
aço	3592
solar	3591
façamos	3590
ana	3586
tocou	3585
passageiros	3584
puderes	3584
acalme-se	3583
leitura	3583
eliminar	3582
depoimento	3582
acontecerá	3581
maya	3581
sydney	3581
estrutura	3577
canções	3575
williams	3572
palpite	3570
espanha	3570
alcançar	3570
acontecesse	3568
preocupados	3565
células	3562
chamamos	3561
segunda-feira	3561
azuis	3561
advogada	3559
italiano	3559
mostrar-lhe	3559
tais	3558
interrogatório	3558
sentir-me	3558
culpada	3557
explosivos	3556
adiante	3555
truques	3554
hemorragia	3553
contar-me	3551
conde	3551
letras	3549
representa	3546
perdidos	3545
diverte-te	3545
embaixador	3545
termo	3544
circo	3544
munições	3538
gloria	3537
favorita	3537
secretário	3537
contactos	3537
usamos	3536
tirá-lo	3531
separar	3531
trono	3531
blake	3530
excitante	3530
gabriel	3529
conduz	3526
fígado	3526
almirante	3525
martha	3524
kent	3524
leão	3522
político	3522
ficámos	3522
ficarem	3521
ihe	3521
escolhas	3520
mínima	3519
kenny	3518
zoe	3517
combinação	3517
namorar	3517
vozes	3515
bebo	3515
chip	3514
interesses	3511
função	3511
suportar	3509
olhando	3509
visual	3506
pintura	3506
desenho	3506
megan	3505
acordada	3505
páginas	3505
meios	3504
liz	3504
selvagens	3501
alfa	3501
sais	3501
nua	3501
rapto	3500
porcos	3499
quaisquer	3499
põe-te	3498
ligações	3497
encontrada	3496
cuida	3492
causou	3491
miserável	3491
diretor	3490
relacionamento	3490
pareceu-me	3489
fazermos	3489
buracos	3489
dividir	3488
cuidados	3487
gado	3487
cheios	3487
saíste	3485
pulmões	3484
acabe	3483
nora	3481
eventos	3479
doenças	3479
complexo	3477
holly	3477
buscá-la	3476
monk	3476
pagam	3475
quiseste	3473
morra	3472
solitário	3472
infantil	3470
pedir-lhe	3470
dobro	3469
acabam	3465
velhas	3465
gravata	3462
valer	3461
sinta	3458
funcionam	3456
ensinou	3455
apresentação	3453
coordenadas	3452
bastardo	3451
servem	3450
mostrou	3449
vice-presidente	3445
elliot	3443
agarra	3443
escolhi	3443
amarelo	3442
agarrar	3442
saem	3442
lindas	3441
simpson	3441
demos	3440
rotina	3440
quarta	3440
berlim	3440
revelar	3439
traduzido	3439
horríveis	3438
laranja	3438
beira	3437
cinzas	3436
falhou	3435
parecida	3433
péssima	3433
ameaças	3432
norman	3431
grátis	3429
crânio	3429
folhas	3427
escala	3427
archie	3427
economia	3426
importar	3424
motores	3424
intenções	3423
mande	3422
deveriam	3422
audição	3422
tapete	3422
arrancar	3421
mitch	3421
senti-me	3420
incomoda	3418
velas	3417
percebem	3417
prática	3416
ficasse	3416
gravidade	3416
mando	3415
consulta	3415
seth	3414
recepção	3412
lobos	3411
esperemos	3410
matéria	3410
verá	3410
descrição	3410
àquele	3409
estúpidos	3409
cumprimentos	3407
site	3405
piper	3402
francis	3402
curiosidade	3402
permanecer	3402
coluna	3401
chamem	3401
ocasião	3400
moedas	3398
procurador	3397
inveja	3396
francamente	3396
feridos	3395
procedimento	3395
criminal	3394
enterrado	3394
lentamente	3394
remédio	3393
estais	3393
cêntimos	3392
esquadrão	3390
acreditei	3389
assassina	3389
banheira	3389
instinto	3387
jean	3387
descobriram	3387
admito	3386
casino	3386
mudam	3384
samantha	3383
gus	3382
sentados	3382
tigre	3380
campeonato	3379
estivessem	3379
bandidos	3378
natalie	3378
estarás	3376
ouves	3376
explorar	3376
encher	3375
estelar	3374
sandy	3373
quinze	3372
estarias	3371
lojas	3371
comunicar	3371
arrumar	3369
passaporte	3367
clay	3367
ténis	3366
cria	3365
preocupem	3364
victoria	3361
magoado	3360
nelson	3360
lixado	3359
actual	3359
neil	3356
pratos	3355
fraca	3354
alvos	3354
sensores	3354
álibi	3351
aceitou	3351
antigas	3350
máxima	3350
pô-lo	3348
abertura	3347
séria	3347
habitual	3347
torres	3346
pensámos	3341
cenário	3339
eventualmente	3338
canta	3338
walt	3337
ganhaste	3336
ned	3336
global	3336
matar-nos	3334
lógica	3332
digital	3332
sensual	3331
divertida	3330
papelada	3328
andaste	3328
gorda	3327
harper	3327
tarte	3327
christine	3326
mágica	3325
peguei	3324
derrotar	3323
ron	3322
desperdiçar	3322
contagem	3321
cresci	3318
química	3317
eleições	3317
rever	3317
instalações	3315
rebeldes	3314
bestial	3313
correto	3311
razoável	3309
esclarecer	3308
pesca	3308
ira	3307
sandes	3307
elegante	3305
autópsia	3304
absurdo	3301
negar	3301
ficha	3301
conosco	3300
paguei	3300
voltarmos	3300
chamei	3299
medidas	3298
angel	3297
edith	3297
habilidade	3296
testamento	3294
pt-pt	3294
lane	3294
ponham	3293
marge	3293
man	3293
bombeiros	3292
república	3292
conheço-te	3291
caixão	3287
deixarei	3287
nicole	3286
naquilo	3284
distante	3283
há-de	3282
orelhas	3282
líderes	3281
deu-lhe	3280
eternidade	3280
cresceu	3278
sintomas	3277
vestígios	3276
fontes	3275
ofensa	3275
parvalhão	3275
cretino	3275
mitchell	3274
dormiste	3274
pergunto	3274
roubei	3274
seguido	3273
extraordinário	3272
médio	3271
metas	3270
traz-me	3269
escolas	3267
oiça	3267
prefere	3266
visse	3264
saias	3264
eli	3262
apuros	3261
entramos	3261
murphy	3260
disparem	3260
green	3259
nuvens	3258
companheiros	3257
ámen	3257
despachar	3256
wendy	3256
pedro	3255
políticos	3255
envolvida	3255
mochila	3253
doidos	3253
meio-dia	3252
cameron	3251
gritos	3249
profissão	3248
festival	3246
indica	3246
meteu	3245
irias	3244
siga	3243
álbum	3242
gina	3242
stone	3240
vendedor	3240
viúva	3239
vais-te	3239
fatos	3238
conheceste	3238
vende	3237
parceiros	3236
camarada	3235
informado	3234
realizar	3233
êxito	3232
griffin	3231
maio	3231
trouxe-te	3231
agressão	3229
profissionais	3225
peru	3224
saíres	3224
patético	3223
entendeste	3223
telefones	3222
fizermos	3218
dissemos	3218
famosa	3216
mantenham	3213
verifica	3213
honesta	3213
guerreiros	3212
procuram	3212
tirar-te	3210
tracy	3209
custo	3208
capítulo	3208
habilidades	3207
evan	3206
esquema	3205
estável	3205
perímetro	3204
disposição	3203
calar	3203
disposta	3203
detenção	3203
tortura	3203
considerado	3203
viesse	3202
aproximar	3201
pretende	3201
viveu	3198
separados	3198
interna	3198
telemóveis	3194
mexe	3194
solteira	3192
stanley	3192
físico	3192
césar	3191
mistura	3191
pudeste	3191
meg	3190
marte	3188
ruim	3188
controla	3186
deixaria	3186
iraque	3186
telefonou	3185
sobreviveu	3185
stark	3184
armados	3184
heather	3184
emoção	3183
oportunidades	3182
guiar	3178
carla	3178
abandonado	3177
diego	3177
pode-se	3177
corram	3177
funcionários	3177
deitado	3175
criação	3175
contratou	3175
parada	3175
barbara	3175
violento	3174
colecção	3174
leu	3174
chover	3172
esperanças	3172
esconderijo	3170
serena	3170
juventude	3167
achaste	3167
online	3167
mencionou	3167
escutem	3164
profundamente	3164
histórico	3161
vigia	3160
apanharam	3160
sapato	3160
necessidades	3160
objetivo	3159
desaparecimento	3154
fechados	3154
quieta	3150
deixá-los	3150
aproximar-se	3150
abril	3150
damon	3149
raro	3149
miguel	3148
ligaste	3148
brooke	3147
perdoa-me	3146
leves	3145
recebo	3144
recorde	3144
namorados	3141
decide	3141
coloque	3139
tristeza	3137
ocupados	3137
aprendeu	3135
sentença	3135
soubeste	3133
suja	3133
ingleses	3132
pedir-te	3131
little	3130
cirurgião	3130
palerma	3130
mudaste	3129
ronnie	3128
ferimentos	3127
vestida	3126
navios	3126
ashley	3124
estivermos	3123
enormes	3122
quero-te	3120
condado	3119
amado	3118
maçã	3117
admira	3116
objecto	3115
outubro	3114
harris	3114
nascido	3114
resulta	3112
sebastian	3111
flash	3109
embaixada	3109
prestar	3108
desenhos	3105
conclusão	3105
lembrar-me	3104
procuras	3103
ralph	3101
aterrar	3100
experimenta	3099
tenda	3098
florida	3098
dana	3098
rocha	3097
falaram	3097
milho	3097
testemunho	3096
confie	3096
junho	3095
kong	3095
dando	3095
tara	3094
boas-vindas	3094
baby	3094
bêbedo	3093
bo	3093
manhattan	3093
sentar-se	3092
votar	3092
graves	3089
meta	3088
surgiu	3088
falsas	3088
mato-te	3087
refém	3084
processar	3083
mantê-lo	3082
mover	3082
amanhecer	3081
desagradável	3081
vá-se	3079
soubesses	3078
cujo	3076
vendas	3076
comem	3076
perdoe-me	3076
precise	3075
vestidos	3074
àquela	3074
farão	3074
comecem	3072
ellie	3071
invisível	3070
misericórdia	3070
placa	3070
dale	3070
ala	3070
superar	3066
pressentimento	3066
confias	3065
levante-se	3065
juramento	3065
ministério	3064
bife	3064
piedade	3063
espingarda	3060
drama	3060
kit	3060
fraqueza	3059
piso	3059
entro	3057
shaw	3056
pontapé	3055
ford	3055
seco	3055
escondida	3053
valores	3051
blair	3051
acordou	3050
tonto	3050
warren	3049
empréstimo	3048
hábito	3048
envolver	3047
entraste	3047
hall	3046
caçadores	3046
órgãos	3045
importava	3044
faltar	3041
conflito	3041
invadir	3040
confusa	3040
tubarão	3037
lança	3037
enfermaria	3036
super-homem	3036
conseguiria	3036
aluno	3034
dará	3034
apanhei-te	3033
creme	3033
ouvir-te	3033
custar	3032
destruiu	3031
pescar	3031
kg	3031
constantemente	3029
queiram	3028
emocional	3027
fruta	3027
sociais	3027
suave	3026
calada	3026
tornado	3025
trabalhando	3025
procurado	3025
fazê-la	3024
julguei	3024
confidencial	3023
desgraça	3023
muro	3023
kitty	3022
poderás	3020
dizer-lhes	3020
rebentar	3020
mota	3019
tribo	3018
alterar	3016
infecção	3016
bosque	3015
recuperação	3013
lido	3010
projeto	3009
padrões	3008
ombros	3007
aquecer	3006
francesa	3006
comité	3005
casou	3005
tumor	3003
chineses	3003
entram	3002
protesto	3001
malucos	3001
tirado	3001
ligada	3000
ann	2999
pesada	2999
chatear	2998
assassinada	2998
sobreviventes	2998
precisavas	2997
lutas	2996
katherine	2996
dieta	2996
encantador	2993
curtis	2992
turner	2991
conheça	2991
ritual	2989
hanna	2988
trouxeram	2987
taça	2986
reis	2985
procurei	2985
atacado	2984
pudermos	2983
esqueceu	2983
fazias	2982
brooklyn	2982
túmulo	2982
medicação	2980
vanessa	2979
preferida	2979
voltam	2978
artes	2974
mísseis	2972
queridos	2972
detido	2971
quereria	2971
ja	2971
ligados	2970
ken	2970
prepara-te	2969
sincronização	2969
dar-lhes	2967
manny	2965
x	2965
tramar	2964
holmes	2962
vic	2962
planta	2960
neal	2959
merecem	2955
taxa	2955
mna	2955
encontrar-me	2954
star	2954
ajudado	2953
adrian	2953
parei	2953
leal	2952
minas	2951
mcgee	2951
ajudá-los	2951
juntamente	2951
m.	2949
atmosfera	2948
indivíduo	2948
encomenda	2947
representar	2947
tratamos	2947
cidadão	2944
cabelos	2944
gostarias	2943
seattle	2943
ouvi-lo	2942
troco	2942
mundos	2941
sugere	2941
armada	2941
quinta-feira	2938
ruth	2935
allen	2934
incrivelmente	2932
canadá	2932
karl	2931
sector	2930
philip	2930
prometer	2929
puseste	2929
mira	2929
diziam	2927
meredith	2926
poupar	2925
sobremesa	2924
russa	2924
justa	2924
caído	2923
isabel	2923
von	2922
cadáveres	2922
bonitos	2921
avaliação	2920
monica	2919
corridas	2919
complicada	2919
candidato	2917
ninho	2917
gerir	2916
portátil	2915
japoneses	2915
taco	2913
caminhos	2913
electricidade	2912
leva-o	2912
sabedoria	2911
musical	2910
us	2909
estrangeiros	2907
secundário	2905
terça-feira	2904
posições	2904
mostram	2904
clássico	2904
enganada	2902
conhecemo-nos	2901
israel	2901
kirk	2900
a.	2899
dente	2899
método	2899
permitido	2898
vendeu	2898
agrada	2898
medalha	2898
roubaram	2896
contar-lhe	2896
bishop	2896
jill	2892
situações	2892
distintivo	2891
execução	2891
d.	2888
consertar	2887
caverna	2887
desenvolvimento	2886
neto	2886
quentes	2886
lento	2885
ponho	2881
encontrei-o	2879
collins	2879
cal	2875
ex	2874
trauma	2874
viria	2873
recuar	2873
cabe	2872
civilização	2869
mijar	2869
colégio	2869
atrair	2868
buck	2868
encontrarem	2865
rápidos	2865
alison	2863
obras	2862
reconhece	2862
responsáveis	2862
lâmina	2861
vaga	2860
comemos	2860
grau	2858
conheço-o	2857
so	2857
elementos	2856
promoção	2856
island	2856
cinquenta	2854
emocionante	2854
garcia	2854
fabuloso	2853
trair	2853
cristal	2852
serias	2852
arruinar	2851
controlado	2851
máfia	2850
fiel	2849
afastado	2849
ficando	2849
fiança	2848
códigos	2844
típico	2844
palmer	2844
erradas	2841
principais	2840
emprestado	2839
durmo	2839
disseste-me	2838
cópias	2838
cadela	2838
lucro	2838
inteligentes	2837
magnífico	2836
aceder	2836
debbie	2835
christian	2834
tirando	2833
concentra-te	2832
revistas	2832
apetite	2830
despesas	2830
matem	2830
virginia	2830
noticias	2829
demorou	2829
orelha	2828
psicopata	2827
escravo	2827
escuta-me	2825
corra	2825
coloquei	2825
estaríamos	2825
capacidades	2824
gostaríamos	2824
residência	2823
veste	2823
músicas	2822
terminei	2822
chegares	2822
tentes	2822
vamo-nos	2822
nessas	2821
exceto	2820
ecrã	2820
derrubar	2819
agosto	2819
concorda	2819
manual	2819
possibilidades	2818
franklin	2817
fáceis	2817
novembro	2816
proibido	2816
martelo	2815
andares	2815
impressionado	2813
dupla	2812
terríveis	2812
vizinhança	2812
encontram	2812
miranda	2808
galáxia	2808
generoso	2808
concentrar	2808
vela	2807
fracos	2806
mandou-me	2806
perigosos	2806
cobre	2806
cowboy	2806
trazê-lo	2805
senso	2804
perseguição	2804
distrito	2804
finais	2803
audrey	2803
usas	2803
apertar	2802
directa	2801
garrafas	2801
chase	2800
aliados	2799
documento	2799
gps	2798
faço-o	2798
técnico	2798
oscar	2795
tendes	2795
aprendeste	2795
adolescentes	2793
despachem-se	2792
apanhados	2791
garotas	2791
vídeos	2790
colocado	2790
afeganistão	2790
tentam	2790
chinesa	2788
arriscado	2786
matam	2786
watson	2786
entendem	2784
britânico	2784
wyatt	2783
cervejas	2783
onze	2781
fi-lo	2781
cavaleiros	2780
quarteirões	2780
examinar	2779
desesperado	2779
bondade	2778
vivi	2777
duke	2776
trevas	2776
aves	2775
esperado	2773
gene	2772
lindos	2771
explodiu	2771
rob	2770
levem-no	2770
naomi	2768
harrison	2766
queimado	2766
empregos	2766
falsos	2765
reforma	2764
maquilhagem	2763
perfume	2761
times	2761
sheldon	2761
brinquedo	2760
preta	2759
calem-se	2759
tiraste	2758
agulha	2758
wallace	2758
programas	2756
espalhar	2756
julgo	2755
costumo	2755
envolvidos	2755
joão	2754
feche	2753
operar	2752
disparates	2752
dormiu	2752
liderança	2752
biscoitos	2751
pneus	2751
formar	2751
dirigir	2750
donald	2749
cabrões	2747
voltaremos	2745
tecto	2744
correcta	2743
grato	2743
caleb	2742
chego	2741
apelido	2739
janet	2737
insectos	2737
jenna	2737
cola	2736
cortes	2736
preocupações	2736
franco	2735
moscovo	2735
roubaste	2734
ausência	2734
guitarra	2733
usá-la	2732
mencionar	2730
patty	2730
arroz	2730
estradas	2730
altas	2729
sentiste	2728
veres	2728
descansa	2728
mentirosa	2727
grey	2725
melissa	2725
valeu	2725
craig	2724
tentava	2724
padrinho	2723
oficina	2723
l	2723
levamos	2722
fadas	2722
ângulo	2721
batido	2721
vinda	2720
superiores	2719
jo	2719
fama	2718
independente	2718
c.	2718
poesia	2717
atingiu	2715
requer	2715
hope	2715
algemas	2712
piratas	2712
frasco	2712
pesadelos	2712
orçamento	2711
blue	2711
kennedy	2710
correm	2710
pudessem	2709
recordar	2709
bagagem	2709
benjamin	2708
mostre	2707
relva	2705
nervos	2704
batman	2704
permanente	2700
pro	2699
irritado	2699
colin	2699
esconde	2698
rancho	2698
áreas	2698
oriente	2697
ligar-lhe	2697
jersey	2696
tranquilo	2696
equilíbrio	2696
encontrares	2692
chefes	2692
brancas	2692
lembrei-me	2691
festejar	2691
aéreo	2690
baixas	2690
christopher	2689
quintal	2689
recomeçar	2689
conduta	2688
noah	2687
supremo	2686
mikey	2686
anderson	2685
cabine	2685
artistas	2684
determinar	2684
stefan	2683
provocar	2683
fios	2683
sonhei	2683
escondidas	2682
conseguisse	2681
fritas	2681
constante	2681
recebeste	2680
marcha	2680
dignidade	2680
levava	2679
vi-a	2679
anteriores	2678
levante	2676
falares	2675
l.a.	2675
imaginas	2675
benny	2673
importam	2672
levo-te	2672
guerras	2671
cordas	2671
discos	2670
dívidas	2670
xadrez	2670
artigos	2669
março	2669
escudo	2667
hong	2666
prostitutas	2666
descrever	2666
bingo	2665
marcado	2665
competir	2665
nesses	2664
poirot	2664
joelho	2664
virão	2664
encontrem	2663
comeste	2663
belas	2662
ficarão	2662
mia	2662
rita	2661
sequência	2661
viciado	2660
celeiro	2660
saírem	2660
verdes	2658
cortou	2658
havido	2657
horror	2657
rosas	2655
corrigir	2654
profunda	2654
duque	2653
libertado	2653
bebi	2652
promessas	2652
proteção	2652
briga	2651
esqueceste-te	2650
colina	2647
nicky	2645
reconheço	2645
protegido	2645
radar	2645
vistas	2645
hector	2644
diz-nos	2644
janeiro	2643
telefonemas	2641
bolsos	2641
apropriado	2641
estou-me	2639
mantém-te	2638
ferimento	2638
khan	2637
media	2637
pornografia	2635
submarino	2634
enterrar	2634
deixava	2634
buscar-te	2632
hal	2632
perspectiva	2631
divertir-se	2631
jules	2630
assegurar	2629
concentração	2628
drogado	2627
sobrinha	2626
compaixão	2626
tremer	2626
ficaremos	2624
aparecem	2624
encontrar-se	2623
plataforma	2623
fogueira	2623
desligado	2623
apanho	2622
divirtam-se	2622
burke	2621
extraterrestres	2621
april	2621
è	2620
gravidez	2620
procurava	2619
parva	2619
diane	2619
disparo	2618
comentários	2617
tráfico	2616
certifica-te	2615
joan	2614
judy	2613
ansiosa	2611
poema	2610
oposto	2609
praga	2608
investimento	2607
espiritual	2607
matrícula	2606
bênção	2604
obcecado	2604
hmm	2604
específico	2603
disse-lhes	2603
enviei	2601
associação	2601
bauer	2600
cúmplice	2599
deixe-o	2599
reduzir	2599
falem	2596
utilizar	2596
whisky	2596
mata-o	2595
dezembro	2595
haviam	2595
abelhas	2593
pátio	2593
prometo-te	2593
parceira	2593
embaraçoso	2592
começaste	2592
deixa-nos	2591
urgências	2591
ocidental	2591
boyd	2590
margem	2590
louise	2588
toalha	2588
crane	2587
conforto	2587
encontrar-te	2587
apertado	2587
lembraste	2586
modelos	2586
acorde	2584
bolachas	2583
actriz	2582
mata-me	2582
misterioso	2581
sid	2581
lavandaria	2578
pretendo	2576
santos	2574
doloroso	2574
ácido	2573
sigam-me	2570
cresce	2570
compensar	2570
imagine	2568
encantadora	2567
curva	2567
comido	2566
estátua	2566
lawrence	2566
fox	2565
sugestão	2564
presas	2564
sotaque	2564
vivas	2563
tess	2563
vendido	2563
proteger-te	2563
g	2562
tomas	2561
beba	2561
relacionado	2561
mick	2561
deixando	2560
morgue	2559
disseres	2559
envia	2559
brutal	2558
pensaram	2558
spock	2558
verás	2554
interferir	2553
regressou	2553
decerto	2553
tentámos	2551
reclamar	2551
garantia	2550
águia	2549
trevor	2549
começas	2549
parentes	2549
acreditem	2548
objectos	2546
pretos	2545
jen	2545
sonny	2544
my	2544
quietos	2542
cam	2542
preencher	2541
impulso	2541
finn	2540
caí	2540
lanterna	2538
baker	2538
supostamente	2537
mortais	2537
basquetebol	2536
macho	2536
direto	2536
chegará	2535
ter-se	2535
contém	2535
may	2534
alegre	2532
v	2531
arrogante	2530
cuja	2530
quisermos	2530
conquistar	2529
gémeos	2529
mama	2529
helena	2529
ligou-me	2526
euros	2526
beijos	2525
confiante	2525
brincando	2524
mansão	2524
escudos	2523
destruída	2523
ilhas	2523
elefante	2521
clima	2521
prontas	2520
instituto	2518
one	2517
on	2516
produzir	2515
desperdício	2515
harvard	2514
pilotos	2514
bolos	2513
pacífico	2512
rapazinho	2511
exato	2511
nações	2511
pirata	2511
apareceram	2510
menores	2510
remover	2510
estabelecer	2508
garanto	2508
dêem-me	2506
esqueceu-se	2506
trabalhado	2505
japonês	2505
sortudo	2504
espécies	2504
escuto	2503
gota	2501
apanhamos	2501
liderar	2500
falarmos	2500
surpresas	2500
encontrar-nos	2499
incapaz	2499
macgyver	2498
oxalá	2498
pato	2498
allison	2498
quarenta	2498
lutador	2496
feiticeiro	2495
eterna	2491
odiar	2491
saberemos	2491
tira-me	2491
riqueza	2490
aprende	2490
senado	2490
detectives	2489
necessária	2489
leia	2488
carruagem	2488
batota	2487
discutimos	2487
solitária	2487
pam	2487
curtir	2486
núcleo	2485
conselheiro	2484
lord	2484
comeces	2484
reed	2483
concordou	2482
chama-me	2481
precisávamos	2481
beckett	2480
análises	2479
excepção	2479
cauda	2479
estariam	2478
murro	2477
actualmente	2477
internos	2477
autor	2477
amada	2477
colónia	2476
bati	2476
brilhantes	2475
libertação	2473
merlin	2473
bandido	2472
gaja	2472
prometeste	2471
ilusão	2471
conceito	2469
bacon	2469
capacete	2469
gerações	2468
músculos	2466
escolheste	2466
porter	2465
engenharia	2464
valioso	2464
diamante	2463
fundação	2463
conhecidos	2463
carson	2462
levará	2462
errados	2462
registado	2462
quinto	2461
wade	2460
balcão	2459
levaste	2459
anunciar	2459
tomado	2458
informador	2458
independentemente	2458
colher	2457
promete-me	2457
lucros	2457
reabilitação	2457
outono	2456
dirá	2456
pensão	2456
produtor	2455
lençóis	2455
sócios	2454
seguiu	2454
alívio	2454
respeitar	2453
robô	2450
líquido	2450
haley	2449
safar	2449
ver-nos	2448
prepara	2448
teresa	2448
levá-los	2448
planetas	2448
desconto	2448
tratou	2447
métodos	2447
vadia	2446
soltar	2446
ex-mulher	2446
tubarões	2445
freddy	2445
aquecimento	2445
interno	2444
tentem	2444
considerando	2443
perito	2443
graham	2442
duncan	2441
amantes	2441
brennan	2439
avery	2439
isaac	2439
covarde	2439
cicatriz	2438
sentar-me	2437
chávena	2437
debate	2437
construiu	2436
admite	2436
voa	2435
gaveta	2435
lloyd	2435
modos	2434
troy	2432
sue	2432
houston	2431
brevemente	2431
quadros	2430
ciclo	2430
manhãs	2429
julgas	2428
lavagem	2428
gesto	2428
essencial	2427
probabilidades	2427
juan	2426
promete	2426
colo	2426
atrasar	2426
passando	2425
mude	2425
fôssemos	2424
avança	2423
palmas	2422
coberto	2422
interessantes	2421
barata	2421
eléctrica	2421
engenheiro	2421
lembram-se	2419
significar	2419
trancada	2417
ares	2417
inferior	2417
sorri	2416
fresca	2416
forno	2416
lindsay	2414
descubra	2414
sons	2414
vacas	2413
ra	2413
repórter	2413
fariam	2412
desenvolver	2411
angie	2410
torneio	2410
casamentos	2409
mandato	2408
órbita	2408
sentidos	2408
compraste	2408
quarta-feira	2407
britânicos	2407
ida	2406
adequado	2405
tampa	2405
merecia	2403
ganhas	2402
rude	2402
rosie	2402
fecho	2402
intervenção	2402
transmitir	2401
aumenta	2400
fracasso	2399
digno	2399
restantes	2398
comércio	2397
miolos	2397
vira-te	2397
leon	2396
ande	2395
desconfortável	2395
desiste	2394
e-mails	2393
desenhar	2393
apreciar	2392
surpreendida	2392
inicial	2392
escócia	2392
depressão	2391
buddy	2391
juntar-se	2390
bell	2389
alimentos	2389
denny	2389
poderosos	2388
costumam	2388
faz-te	2387
perry	2386
sincera	2386
exagerar	2385
português	2384
adams	2384
custou	2383
tarefas	2382
amei	2382
ursos	2382
vingar	2381
irritante	2381
vê-se	2380
nuvem	2380
toquei	2380
crescimento	2379
elogio	2379
dna	2378
levar-nos	2377
forçar	2377
enterprise	2377
acusar	2376
fatal	2375
contes	2375
aranha	2374
comboios	2373
long	2373
câmera	2372
mulder	2371
darei	2371
klaus	2369
moderna	2369
observação	2369
escutar	2368
fugido	2368
escândalo	2366
delta	2366
perca	2365
josé	2365
apanhaste	2363
ganham	2363
zack	2363
laser	2363
ciente	2362
gordura	2362
subiu	2360
monroe	2360
tanques	2360
j.	2360
expulso	2359
reagir	2359
pareciam	2359
estejamos	2359
comemorar	2358
canalha	2357
falhas	2357
cindy	2356
dificil	2355
fisher	2354
dentista	2353
mergulho	2353
doyle	2352
esqueceste	2351
reese	2350
actos	2350
percebemos	2350
suspeitas	2349
microfone	2349
cheques	2349
únicas	2349
gancho	2347
semelhante	2347
lauren	2347
moça	2347
pensavas	2347
fiona	2347
nâo	2346
moro	2346
divertir-nos	2346
possui	2345
assassinatos	2343
galeria	2342
vodka	2342
trate	2341
preferes	2340
hóspedes	2340
beach	2339
científica	2339
dizer-vos	2338
assistência	2338
raramente	2338
obrigação	2338
praça	2337
contato	2337
activo	2337
caravana	2336
wells	2335
acontecimentos	2334
criei	2333
elemento	2331
ave	2331
vermelhos	2330
punho	2330
espiões	2330
dexter	2330
pagas	2329
consciente	2329
recordações	2329
ari	2327
ligar-te	2327
diagnóstico	2327
vulnerável	2327
east	2326
lutou	2325
lydia	2325
matá-los	2325
acreditou	2324
lesões	2322
retirada	2322
tarado	2321
começarmos	2321
brilhar	2321
embaixo	2321
perfeição	2320
carrega	2318
recentes	2318
dominar	2317
sacanas	2317
flynn	2316
comuns	2315
love	2314
alec	2314
decidiram	2314
claudia	2313
roman	2313
ouça-me	2312
retrato	2312
pat	2312
deusa	2312
donos	2310
zach	2310
jornalistas	2310
desligue	2310
assine	2309
alturas	2307
questionar	2305
apanhada	2305
incríveis	2305
isco	2303
saltou	2302
avenida	2302
tratei	2302
sullivan	2301
esforços	2300
desisto	2300
excitado	2299
mona	2298
moto	2298
cadeiras	2298
gigantes	2298
novato	2298
carmen	2297
batata	2296
noivado	2296
filadélfia	2296
medicamento	2295
aproximadamente	2294
adoras	2293
alienígena	2293
violar	2293
dica	2291
década	2291
rebelde	2291
aguenta-te	2290
fodido	2289
vai-me	2289
hospitais	2289
aceitei	2288
chamava-se	2288
morris	2286
atire	2286
denise	2286
pancada	2286
enfiar	2285
indicam	2284
cagar	2284
fala-me	2283
apresenta	2283
nazis	2282
adormecer	2281
urina	2280
carregamento	2280
devesses	2280
brandon	2279
ameaçou	2279
índio	2278
assusta	2278
profundidade	2278
cereais	2277
cheias	2277
almofada	2277
whoa	2276
legado	2275
kurt	2274
fê-lo	2274
tomem	2272
inspiração	2271
bebeu	2270
farás	2270
winston	2270
testa	2270
gerador	2268
manutenção	2267
veronica	2267
cale	2266
h.	2266
quisesses	2266
aborrecida	2266
fugiram	2266
valente	2264
autorizado	2264
loira	2264
vietname	2263
entrado	2263
comes	2263
responsabilidades	2263
sofre	2263
auto-estrada	2262
casei	2262
campbell	2261
diz-se	2261
aterragem	2260
verem	2259
thompson	2258
tomada	2257
brilho	2257
chata	2257
abri	2257
morrerá	2256
esquisita	2255
salvador	2255
potência	2255
escondidos	2255
vôo	2255
interrogar	2254
correntes	2254
rory	2254
empurrar	2253
lápis	2251
brincadeiras	2251
elaine	2250
conrad	2250
comédia	2250
parti	2250
ensinou-me	2249
lembrança	2249
contratado	2248
bates	2248
vagina	2247
princípios	2247
fardo	2246
continuou	2245
domínio	2245
surpreendente	2245
ridícula	2244
recusou	2244
grito	2242
carrinho	2242
derrota	2242
sagrada	2241
formidável	2240
ilegais	2240
lester	2239
negras	2239
extraterrestre	2239
inventou	2238
actividades	2238
transportar	2237
puseram	2237
rex	2236
sentir-te	2236
impede	2236
sanita	2236
panquecas	2236
respire	2235
bigode	2235
touro	2234
sindicato	2234
está-se	2233
mandaram	2233
volante	2233
exige	2233
brigada	2233
perguntaste	2232
ciências	2232
verdadeiras	2232
amber	2232
vindas	2230
chames	2230
reparado	2230
partimos	2230
falecido	2230
age	2230
ceder	2230
caros	2229
imensas	2229
fazíamos	2229
corajosa	2229
consideração	2228
começado	2228
queixo	2228
conseguirem	2225
promotor	2225
sintas	2225
drew	2225
tentas	2224
segui	2224
fisicamente	2224
agradecido	2224
casais	2223
interessados	2223
considera	2223
aprovação	2223
e.	2223
salvação	2223
lenço	2222
bud	2222
cano	2222
peguem	2222
omar	2222
sms	2222
violet	2221
correspondência	2221
pertences	2221
edição	2220
jaula	2220
srª	2220
pensávamos	2219
ofereceu	2218
entras	2217
urgência	2217
austrália	2216
porrada	2216
lembre	2216
chamaste	2215
actuar	2215
otário	2214
pediram	2214
cega	2214
vinhas	2214
jarod	2214
antepassados	2214
criados	2213
originais	2213
pões	2213
desespero	2213
feminino	2213
encantado	2212
gripe	2210
lembra-me	2210
brody	2209
chamá-lo	2209
ganhamos	2209
existia	2209
ho	2208
fugi	2208
toneladas	2208
sementes	2207
valem	2207
lésbica	2207
amigável	2205
funcionário	2204
hunter	2203
proprietário	2203
boy	2203
obrigar	2202
cody	2202
perdoe	2201
aquí	2200
propriedades	2200
aposentos	2200
abuso	2200
abandonou	2199
separação	2199
mancha	2198
disciplina	2197
amamos	2197
guião	2197
educado	2197
saltos	2196
ficção	2196
delegado	2195
machado	2195
morremos	2195
oração	2194
visões	2194
comprado	2194
acidentes	2194
fluxo	2192
boxe	2192
camiões	2192
valia	2192
valha-me	2192
boneco	2192
percas	2191
perco	2191
jornada	2191
rochas	2189
cavar	2188
avanço	2188
calibre	2188
resolve	2188
tola	2187
apareça	2187
preços	2187
pelotão	2187
odeio-te	2186
pólvora	2186
reservas	2186
especificamente	2185
instável	2185
lorque	2185
massagem	2185
contentes	2185
edifícios	2185
deram-me	2184
ameaçar	2184
quantia	2184
artie	2183
ensino	2183
usaste	2182
banana	2182
nalgum	2181
realização	2181
fúria	2181
alugar	2180
colete	2180
terapeuta	2179
susto	2179
protege	2179
balde	2178
remédios	2178
pablo	2178
odiava	2178
ajudem	2177
desculpar	2177
bata	2177
tucker	2177
club	2177
levou-me	2176
ópera	2176
queixas	2174
coreia	2174
chamou-me	2174
congressista	2173
feminina	2173
cheguem	2172
seguimos	2171
sanduíche	2171
estúpidas	2171
desejava	2171
ajudante	2170
túneis	2169
inglesa	2168
voltaria	2168
magoa	2167
coisinha	2167
mercadoria	2166
dei-te	2166
sabrina	2166
volume	2165
adiar	2165
matou-o	2163
partidas	2163
falhei	2163
véspera	2162
amoroso	2162
soco	2162
dourado	2162
prosseguir	2160
inevitável	2159
randall	2159
faça-o	2159
vulgar	2157
acharam	2157
mesas	2157
fada	2156
particularmente	2156
suite	2156
tiraram	2156
foster	2156
faleceu	2156
décadas	2155
colapso	2155
fazes-me	2153
ter-lhe	2153
talentos	2153
burt	2152
cobras	2152
kane	2152
convidada	2152
desistiu	2151
frágil	2150
executar	2150
voltarem	2149
avisado	2149
mataria	2149
archer	2149
richie	2149
especialidade	2147
meteste	2146
encerrado	2146
evolução	2146
usaram	2144
cm	2143
casa-de-banho	2143
fevereiro	2143
stella	2142
regressa	2142
implorar	2142
r	2140
fechadura	2140
democracia	2140
putas	2139
leilão	2139
envelope	2139
avisa-me	2139
personagens	2138
aprecio	2138
traficantes	2138
facas	2138
encarar	2137
becky	2136
guy	2136
herança	2136
parente	2135
passa-me	2134
finch	2134
le	2134
perceberam	2133
clã	2133
chatice	2131
cadastro	2131
precioso	2131
jazz	2130
dallas	2130
sigam	2130
kansas	2130
brenda	2129
cyrus	2129
aluguer	2129
chamar-lhe	2128
determinado	2128
homossexual	2128
cobrar	2128
gangue	2126
senta	2126
chandler	2126
dj	2125
suporte	2125
missões	2124
dimensão	2124
júnior	2124
deixasse	2123
tomaste	2123
cleveland	2123
estraguei	2122
relaxe	2122
careca	2122
forense	2122
morri	2122
materiais	2122
saudações	2121
vinham	2120
sheila	2120
gwen	2119
vire	2119
ataca	2119
roubada	2118
couro	2116
jonas	2115
stuart	2114
oiçam	2114
terrorismo	2114
estou-te	2114
diretamente	2113
instrumento	2113
veículos	2112
restam	2112
ações	2111
crítica	2110
pegadas	2110
bêbada	2110
cortado	2109
soro	2109
fórmula	2108
finanças	2108
desconhecida	2108
top	2107
dadas	2107
junta	2106
devon	2105
by	2105
fizerem	2105
necessariamente	2105
bay	2104
avaliar	2103
lenny	2103
químicos	2103
vizinha	2103
postal	2102
julga	2102
procure	2102
conforme	2101
pt	2101
surdo	2101
sra	2100
ligue-me	2100
acelerar	2100
máscaras	2100
evidente	2099
atento	2098
eleição	2098
dragões	2098
time	2097
conveniente	2096
olhas	2096
deixar-nos	2095
entusiasmado	2094
arranje	2094
ivan	2094
tristes	2092
arco	2092
digam-me	2090
discoteca	2090
convidou	2090
lava	2089
cesto	2089
guardião	2089
romanos	2089
galinhas	2088
nicholas	2088
scotty	2088
temer	2088
quero-o	2088
nucleares	2087
furiosa	2085
gravações	2084
mensageiro	2083
biliões	2083
invés	2082
suporto	2082
cais	2082
policias	2082
desfazer	2080
junior	2079
andem	2077
estragado	2076
ego	2076
cuba	2075
apaixonados	2075
anúncios	2075
privilégio	2075
habitantes	2075
procurem	2074
envolve	2074
assinou	2073
rastos	2073
jeffrey	2073
acender	2072
instintos	2072
aconteceria	2072
aprendemos	2072
conversamos	2072
pesquisar	2072
torno	2071
sábio	2071
alexander	2070
verei	2069
desfile	2069
injusto	2068
recurso	2068
partículas	2067
apanhámos	2067
vitais	2067
ouvindo	2066
ajudei	2066
escreveste	2065
capturar	2065
alicia	2061
coca	2060
maravilhas	2060
romano	2060
springfield	2060
aguardar	2059
centímetros	2059
magoou	2058
mentiste	2058
fugitivo	2058
representante	2057
arrepender	2057
freddie	2057
significava	2057
tabaco	2053
aproveita	2053
lho	2053
kara	2052
mexicano	2052
solidão	2051
quarteirão	2051
balão	2051
nelas	2051
yang	2050
deu-nos	2050
andrea	2050
buffy	2049
fazenda	2048
ouvem	2046
encontrá-los	2045
lua-de-mel	2045
ruby	2045
texto	2044
painel	2044
consultório	2044
apanhei-o	2044
estações	2044
encontraremos	2043
bernie	2042
lembranças	2042
federação	2039
legais	2039
convés	2039
terminal	2039
caminhada	2038
serviu	2038
carbono	2038
mexam	2037
desesperada	2037
bang	2036
cartel	2036
cabras	2036
madison	2035
transferido	2034
escrevo	2034
elvis	2034
crítico	2034
amam	2034
virou	2033
suba	2033
emboscada	2030
perguntar-me	2029
grand	2029
t-shirt	2029
bandas	2029
goa	2028
mantê-la	2028
escura	2028
editor	2027
dezenas	2027
f	2027
contam	2026
douglas	2026
kitt	2026
casar-se	2026
começando	2026
multa	2025
olha-me	2025
cozinheiro	2024
nolan	2023
convenção	2023
gostes	2023
paula	2023
forçado	2022
pulseira	2021
armadura	2021
bruno	2021
acertou	2021
fuzileiros	2020
lesão	2020
prendê-lo	2020
lola	2020
acalmem-se	2019
bloquear	2019
hunt	2018
mecânico	2018
costumávamos	2018
inclui	2018
castanho	2018
pôr-me	2017
dobrar	2017
adianta	2017
espadas	2017
tirá-la	2016
perturbado	2016
penas	2016
naturais	2016
chores	2015
vindos	2015
sun	2014
aponta	2013
buscar-me	2013
filosofia	2013
arizona	2012
podre	2011
nikki	2010
encosta	2010
mostre-me	2009
lições	2009
felix	2009
avisei	2008
carroça	2008
supermercado	2008
entregas	2007
construído	2007
palhaços	2006
trazes	2006
lionel	2006
prometes	2005
dispostos	2005
indiana	2005
secundária	2004
sherlock	2003
estivéssemos	2003
voltasse	2002
precisavam	2002
conheceram	2002
repete	2002
encontrados	2000
canhão	1999
tentares	1999
massacre	1999
silver	1998
chamados	1998
ooh	1998
atreves	1998
primeiro-ministro	1996
robbie	1995
recordo	1995
ligues	1993
hastings	1993
arranjado	1992
observa	1991
tiras	1990
fechou	1990
barreira	1990
ronda	1990
alguem	1989
demasiadas	1988
referência	1988
legista	1987
inocência	1987
dares	1987
mito	1986
municipal	1986
brasa	1986
sentar-te	1986
circuito	1985
barnes	1985
pierce	1985
donnie	1985
bispo	1984
vapor	1982
marinheiro	1981
estando	1981
óptimas	1981
intenso	1980
aguarde	1980
tonta	1980
leva-a	1979
bennett	1979
técnicas	1979
tambem	1977
grita	1977
lake	1976
sóbrio	1975
funcione	1975
chegando	1974
edgar	1974
escolar	1973
temporário	1973
faltava	1973
laços	1973
barão	1972
páscoa	1972
usados	1972
botões	1972
greve	1972
perdes	1971
ajudo-te	1971
segure	1971
gays	1970
milagres	1970
vou-lhe	1970
estás-me	1967
curiosa	1967
baixos	1966
encobrir	1965
directora	1965
levaria	1965
reynolds	1965
assustadora	1965
esperma	1964
carácter	1963
ficarás	1962
demonstrar	1961
humilde	1961
fins	1961
instituição	1960
odeias	1960
míssil	1960
dano	1960
evidências	1960
grayson	1959
telefónica	1959
dixon	1957
cobertor	1956
barra	1955
pazes	1954
orientação	1952
espertos	1952
damas	1951
barras	1951
soubemos	1950
pressionar	1950
queen	1949
alvejado	1949
guarda-costas	1948
comentário	1948
tê-los	1948
dê-lhe	1948
pneu	1948
causado	1947
poderem	1947
antigamente	1947
conteúdo	1947
bowling	1946
mandaste	1946
fixes	1946
girl	1946
pedir-me	1946
temporal	1945
sótão	1945
genética	1945
yo	1944
envergonhado	1944
póquer	1944
sobra	1944
ncis	1943
eve	1943
substituto	1942
leslie	1942
leio	1942
esquecerei	1942
invulgar	1941
bloqueio	1941
engolir	1941
pertencem	1941
ajudo	1941
clarke	1940
paro	1940
varanda	1939
cortesia	1939
drª	1939
consigas	1939
peyton	1938
cápsula	1938
lobisomem	1937
trabalhador	1937
bush	1936
tartaruga	1936
árabe	1935
políticas	1935
arca	1934
treinado	1934
burns	1934
demasiada	1934
rudy	1933
funções	1933
voltava	1933
adulta	1933
dormia	1933
armar	1932
saul	1932
estádio	1932
rocky	1932
telefona	1931
integridade	1930
escondeu	1930
entregou	1930
eficaz	1930
kira	1928
scully	1928
favores	1928
shawn	1928
liguem	1927
missa	1926
enfermeiras	1926
sabermos	1926
blá	1925
perdem	1925
parece-se	1925
lenta	1925
salvá-lo	1924
entusiasmo	1923
dormes	1923
acabará	1923
ohio	1923
imaginava	1923
joshua	1922
fêmea	1921
fusão	1921
colocá-lo	1921
refeições	1921
decidiste	1921
vais-me	1920
soubessem	1920
bares	1920
gratidão	1920
reparou	1920
turistas	1919
sharon	1919
pierre	1919
caíram	1918
beverly	1918
lindamente	1918
organizado	1918
campainha	1918
adversário	1917
votação	1917
that	1917
reparaste	1917
traiu	1916
ordenado	1916
lena	1916
sapo	1916
coitado	1914
morres	1914
saídas	1914
roubados	1914
portões	1912
camas	1912
teorias	1911
aberração	1911
vital	1911
grandalhão	1911
evacuar	1910
j	1910
quites	1909
maré	1908
bases	1908
connie	1908
mantido	1907
baleado	1907
chuveiro	1906
transferir	1905
ultima	1905
stephanie	1905
porteiro	1904
passados	1904
acabas	1904
jon	1904
peggy	1904
reid	1903
alimento	1903
calvin	1903
herdeiro	1902
elite	1902
saindo	1902
quartel	1902
dantes	1901
deixem-no	1901
criador	1900
solto	1900
amendoim	1900
borla	1900
mallory	1899
conseguirá	1899
agradar	1899
raj	1899
habituado	1899
pego	1897
molhado	1897
está-me	1896
demonstração	1896
julgava	1896
samuel	1895
prémios	1895
alemã	1895
extraordinária	1895
olhares	1895
arnold	1894
poeta	1894
inspetor	1894
pôr-te	1893
sem-abrigo	1893
pô-la	1893
detalhe	1893
salve	1893
patas	1892
drake	1892
seguranças	1892
encaixa	1892
costelas	1890
olham	1890
famosos	1890
jedi	1889
sobrou	1889
cor-de-rosa	1887
manteve	1887
granada	1887
saía	1887
all	1886
aceitas	1885
raptado	1885
restaurantes	1885
cooperar	1884
norma	1884
parados	1884
estimação	1884
ato	1884
irlandês	1883
grego	1882
rodney	1882
completar	1882
es	1882
obsessão	1882
deixarem	1881
chad	1881
pendurado	1880
glenn	1880
entrevistas	1880
ansiedade	1879
confirmado	1879
vejas	1879
shepherd	1879
paizinho	1878
secretas	1878
levada	1877
herr	1877
donde	1876
chef	1876
públicas	1876
joy	1875
vermelhas	1873
ir-se	1873
confirmação	1873
magoar-te	1873
bond	1872
han	1872
publicar	1872
brasil	1872
toalhas	1871
seios	1870
marcada	1869
avançado	1869
legalmente	1869
stevens	1869
infiltrado	1869
confessou	1868
limão	1868
suicida	1867
acrescentar	1867
xixi	1866
antonio	1866
raízes	1866
relativamente	1866
precisarem	1865
rouba	1865
mandam	1865
seguras	1864
instrumentos	1864
retiro	1864
rara	1864
supervisor	1864
pertencia	1863
pântano	1863
permita-me	1862
abordagem	1862
veem	1862
saberes	1862
atiradores	1861
software	1861
fortaleza	1861
inclusive	1861
teimoso	1861
gang	1860
selo	1860
esperávamos	1860
clyde	1859
austin	1859
apressar	1859
ocupar	1858
schmidt	1858
orfanato	1858
deixo-te	1857
monitor	1856
falemos	1856
desisti	1856
expor	1856
alfred	1855
ajudares	1855
largue-me	1855
vales	1855
irmandade	1854
garanto-te	1854
narcóticos	1854
road	1853
pensares	1852
disponíveis	1852
progressos	1852
imunidade	1851
protector	1851
seda	1850
gostasse	1850
desaparecidos	1850
terminamos	1849
básico	1849
quarentena	1849
salvaste	1849
toquem	1849
visitantes	1849
pop	1849
voyager	1848
comunista	1848
obedecer	1848
terça	1848
ellis	1847
permanece	1847
largo	1847
orações	1847
admiro	1847
canais	1846
masculino	1846
segue-me	1846
rogers	1845
bernard	1845
gelados	1845
guardado	1845
einstein	1844
excelentes	1844
morder	1843
tradicional	1843
activar	1843
ya	1843
colheita	1843
evans	1843
honestidade	1842
ligar-me	1842
envolvimento	1842
liv	1842
pararam	1841
executivo	1841
iniciativa	1841
ordenou	1841
torta	1840
enviada	1840
cassie	1839
adeusinho	1839
fronteiras	1839
pedidos	1838
inúteis	1838
excesso	1838
tinhamos	1838
rim	1837
borracha	1836
carvão	1836
pilotar	1835
elevado	1835
chen	1835
financeiro	1834
tao	1834
morro	1834
enlouquecer	1834
fechem	1834
né	1834
honrado	1833
mayor	1833
hambúrguer	1833
keller	1833
havemos	1832
senha	1832
terrestre	1830
oferece	1830
assinado	1829
transformou	1829
prever	1829
irlanda	1828
jared	1827
deixa-os	1827
chamaram	1826
culpados	1826
gentileza	1825
belos	1825
humanas	1825
desapareça	1825
evacuação	1824
passou-se	1824
trem	1824
bones	1824
frequentemente	1824
fotógrafo	1823
mandy	1823
mosca	1823
precisei	1822
sermão	1822
preocupo	1822
protegê-lo	1822
notável	1822
deixará	1821
necessito	1821
policiais	1820
dr	1819
divertir-me	1818
tintas	1817
cardíaca	1817
servidor	1817
faixa	1817
dawn	1816
deviamos	1816
diminuir	1816
jerusalém	1816
abertas	1816
seguir-me	1816
culto	1815
camaradas	1815
aconteceram	1815
baleia	1814
finalistas	1814
durou	1813
tratava	1813
injecção	1812
roll	1812
limpas	1812
bebes	1811
continente	1810
ovelhas	1809
porno	1809
comprador	1809
woody	1808
kathy	1808
is	1808
finge	1808
sabe-se	1808
overdose	1808
crescido	1807
gostado	1807
tornozelo	1806
nsa	1806
campus	1805
malvado	1805
tomamos	1804
desculpem-me	1804
tatuagens	1803
moore	1803
óptimos	1802
hans	1802
conhecesse	1801
salvou-me	1801
dvd	1801
sobrevivente	1800
refiro-me	1799
hills	1799
river	1799
pequenino	1798
surpreende	1798
dorothy	1798
impressionar	1797
condenados	1797
eleanor	1797
manchas	1797
andavam	1797
esperavas	1796
iríamos	1794
chora	1794
perigosas	1793
guarde	1793
unir	1793
estacionar	1792
delicado	1792
nazi	1792
certificar-me	1792
animado	1792
voluntário	1792
asneiras	1792
lotaria	1791
abandonada	1791
enganou	1790
chumbo	1790
pontas	1790
salvei	1790
perguntou-me	1790
captura	1789
gajas	1789
surpreso	1789
voltámos	1788
jefferson	1788
valha	1788
marvin	1788
fino	1788
automóvel	1786
falcão	1786
enganados	1785
preocupo-me	1785
wow	1785
limpos	1784
auxiliar	1784
orgulhosos	1784
wall	1783
churrasco	1783
cd	1783
estudei	1783
seguidores	1781
madrugada	1780
disse-nos	1780
manga	1779
marijuana	1779
bónus	1778
realizador	1778
oz	1778
ligas	1778
longas	1778
abatido	1777
ringue	1776
lembrar-se	1776
young	1776
positiva	1776
corredores	1776
toco	1776
pilha	1776
coro	1776
vermos	1775
comparar	1775
cuido	1775
warp	1775
expectativas	1775
larguem-me	1774
queens	1774
voluntários	1773
pijama	1773
detroit	1773
passar-se	1772
halloween	1772
notar	1772
pastilha	1771
hammond	1771
aproxima-se	1771
satisfeita	1770
serpente	1770
aliviar	1770
estreia	1769
raposa	1769
tás	1769
tubos	1769
salas	1769
litros	1769
confirma	1769
deita-te	1768
tímido	1768
encontras	1768
romântica	1768
santuário	1768
acampar	1768
bico	1767
bunker	1767
confirmou	1767
bébé	1766
legítima	1766
declarar	1766
opiniões	1766
erin	1766
diferenças	1766
fazer-nos	1765
contentor	1765
altar	1765
destinado	1765
insiste	1765
south	1764
necessita	1764
ruído	1764
alienígenas	1764
comparado	1763
cuide	1762
thor	1762
loucas	1762
laço	1761
negociações	1760
happy	1760
ervas	1759
sucedido	1759
pague	1759
preciosa	1759
phillip	1759
batalhas	1759
reza	1758
poupa-me	1758
pipocas	1758
demasiados	1758
avatar	1757
dedicado	1757
laurel	1757
phoenix	1757
atrevas	1756
satanás	1756
primos	1756
procurá-lo	1756
garras	1755
tornar-me	1754
amelia	1754
trazem	1754
dormido	1754
ouvi-la	1754
amo-a	1753
cacifo	1753
cortada	1753
concordamos	1752
percurso	1752
deves-me	1752
vivido	1752
peço-lhe	1751
cruzar	1751
filmagens	1751
apercebi-me	1750
digo-vos	1750
sesta	1750
wally	1750
fizeste-me	1750
stevie	1749
facebook	1749
lâmpada	1748
verme	1748
pervertido	1748
gatinho	1748
episódios	1748
ambição	1747
correndo	1747
garotos	1747
iris	1747
judicial	1747
perguntes	1746
sexto	1745
baía	1745
correctamente	1744
seguintes	1743
world	1743
sino	1743
actores	1743
county	1743
moderno	1743
hugo	1742
mantêm	1742
shakespeare	1742
boatos	1741
tratam	1741
ensaiar	1740
extremo	1740
aborto	1740
trazê-la	1740
magoe	1740
ta	1740
ajudaria	1739
golpes	1739
assumo	1738
netos	1738
morfina	1737
cachorros	1736
falou-me	1736
indivíduos	1735
mates	1735
refúgio	1735
amiguinho	1735
gideon	1734
vendi	1734
eterno	1734
fôlego	1733
actuação	1733
destrói	1733
aluna	1733
trouxemos	1732
reggie	1731
sentires	1731
pacto	1731
larguem	1731
gravado	1730
atacados	1730
ajudou-me	1730
contares	1730
etc	1729
avancem	1729
pensavam	1729
estragos	1728
chegas	1728
benefícios	1728
cat	1727
agradecer-te	1726
apaga	1726
fujam	1726
anual	1726
andavas	1725
tareia	1725
deita	1725
ponhas	1725
reconstruir	1724
cometido	1724
t.	1724
anéis	1724
recebem	1724
rené	1724
cavalaria	1723
cassetes	1723
improvável	1723
afirma	1722
pentágono	1722
descarregar	1722
escolho	1722
mana	1722
candidatos	1722
entradas	1722
puderem	1721
nenhuns	1721
doeu	1721
baixa-te	1721
summer	1721
entendemos	1720
dwight	1720
acompanhante	1720
dispare	1718
vera	1718
seguem	1718
comprido	1717
ward	1717
apresentou	1717
atacaram	1716
kung	1716
ventos	1716
aperto	1716
julgado	1715
encontrei-a	1715
joel	1715
esposas	1715
conduzo	1714
descobrirmos	1714
sacrificar	1714
mm	1714
significam	1713
simpáticos	1712
governar	1712
tarda	1712
fitz	1712
expedição	1712
diga-lhes	1712
comprimido	1711
espiar	1711
adrenalina	1711
acredites	1711
bastão	1711
ii	1710
hábitos	1710
fazê-los	1710
kirsten	1709
gorjeta	1709
desfrutar	1709
aventuras	1709
acidentalmente	1709
baratas	1708
girar	1708
arrasar	1708
conhecimentos	1708
tolice	1707
agressivo	1707
atirado	1707
deprimido	1707
matando	1707
fale-me	1706
antecedentes	1706
uid	1705
cristão	1704
donuts	1704
rodada	1704
deb	1703
tenciono	1702
usem	1701
eleito	1701
tirada	1701
paramos	1700
atreve	1700
manobra	1700
ferramenta	1699
editora	1699
gavin	1699
pergunta-lhe	1699
americanas	1699
conter	1698
hóquei	1698
vagabundo	1698
encontrará	1698
escova	1697
june	1697
exposto	1697
ligaram	1696
baltimore	1696
pesos	1696
profecia	1696
escreva	1696
rígido	1695
abanar	1695
vacina	1695
lareira	1693
neta	1693
queima	1693
ver-vos	1693
veias	1693
aperta	1693
misteriosa	1693
percy	1692
donovan	1692
fantasias	1692
glen	1692
tornaram-se	1692
cortinas	1692
perguntado	1692
falaremos	1691
asa	1691
vazias	1691
teal	1691
conheces-me	1690
cardeal	1690
explicações	1689
anton	1689
duros	1689
xena	1688
erica	1688
juízes	1688
trancado	1688
seguindo	1688
valley	1688
radical	1687
salvá-la	1687
começares	1687
câmbio	1687
põe-me	1686
redes	1686
abro	1686
sensato	1686
denunciar	1686
ernie	1685
empresário	1685
travar	1685
traseira	1685
variar	1685
tendência	1685
demissão	1685
investigador	1685
peço-te	1685
procedimentos	1685
bruto	1685
wes	1684
convincente	1684
gray	1684
egipto	1684
torne	1683
exigências	1683
investir	1683
passem	1683
senhoria	1683
farmácia	1681
anoitecer	1681
refere	1681
regina	1681
kramer	1681
ache	1680
trágico	1680
ava	1680
vaughn	1680
evelyn	1679
tirar-me	1679
relevante	1679
fechadas	1679
fu	1678
deste-me	1678
recordação	1678
serra	1678
aspeto	1678
historial	1678
bluff	1677
ganhámos	1677
hughes	1676
amorosa	1676
veado	1676
foram-se	1675
jessie	1675
entrarem	1675
entenda	1675
carinho	1675
paramédicos	1674
garrett	1674
brinques	1674
pequenina	1674
ir-me	1673
corresponde	1673
industrial	1673
garanto-lhe	1673
odeiam	1673
murray	1672
surgir	1672
compro	1672
perpétua	1671
cunhado	1671
categoria	1671
deixem-nos	1671
tóquio	1671
partiram	1671
círculos	1670
amém	1670
prossiga	1670
deu-te	1670
violada	1670
culpas	1669
insistir	1669
cheiras	1669
virgínia	1668
avós	1668
deixe-a	1666
carolina	1666
sr.ª	1666
podeis	1665
pedindo	1665
param	1665
agradecer-lhe	1665
valerie	1665
tronco	1665
mostrar-me	1664
põem	1664
segui-lo	1664
vício	1664
precaução	1664
hamilton	1663
poeira	1663
afectar	1663
cicatrizes	1663
arrastar	1663
atlanta	1663
bêbados	1663
fraldas	1662
honestos	1662
cocó	1661
ouvires	1661
prendas	1661
alterações	1661
rolo	1661
protegê-la	1660
suor	1660
substância	1660
continuava	1660
chantagem	1658
jurar	1658
sandra	1657
calendário	1657
começarem	1657
inventei	1657
mergulhar	1657
marilyn	1657
assaltar	1656
diga-nos	1656
segura-te	1656
alf	1655
coelhos	1655
arrependido	1655
seguidos	1655
arranca	1655
kid	1655
grata	1655
avançada	1654
culpo	1654
telegrama	1654
essência	1654
raptada	1654
levando	1654
caçada	1654
bófia	1653
psicologia	1653
batalhão	1652
bebemos	1651
pearl	1651
cálculos	1651
circular	1651
marcel	1651
salsicha	1651
facial	1651
venceu	1650
distracção	1650
assassinar	1649
hudson	1649
maldade	1648
muitíssimo	1648
receitas	1648
compreensão	1648
zonas	1647
porão	1647
levantem-se	1647
tornei-me	1647
insistiu	1646
bonecas	1646
latas	1646
apanhe	1646
queimaduras	1645
nó	1645
tornei	1645
lynn	1645
noivos	1645
poção	1645
algodão	1644
fizesses	1643
pedem	1643
literatura	1643
pesquisas	1643
maridos	1643
escolta	1643
levantem	1642
desviar	1642
coberta	1641
cristina	1641
deres	1641
dirige	1640
mintas	1640
definição	1639
arranjas	1639
troféu	1639
parece-te	1639
reflexo	1639
ouvia	1638
companheira	1638
ã	1638
jura	1638
sloan	1637
suar	1637
aproxima	1636
invenção	1636
cansados	1636
corrupção	1635
jogou	1635
queca	1635
brett	1635
semestre	1634
manter-me	1634
verifique	1633
mecanismo	1633
receberam	1633
deixe-nos	1633
sophia	1633
corrido	1632
recibo	1632
perfeitos	1632
técnicos	1632
sasha	1632
fatia	1632
calções	1632
descanse	1631
apresento-te	1631
mapas	1631
entres	1630
peste	1629
lutamos	1629
incómodo	1629
abraçar	1629
italianos	1628
atum	1628
representação	1628
descobrirem	1628
calculo	1627
deixei-o	1627
ex-marido	1627
arranjamos	1626
vivian	1626
deveres	1626
marcou	1625
deixou-o	1625
previsto	1625
jamal	1625
aparecido	1624
gelada	1624
armadilhas	1624
evidência	1624
atacada	1623
neill	1622
jr	1622
medos	1622
mostro-te	1622
assustar-me	1621
jogado	1621
alinho	1621
barril	1621
sonda	1620
altitude	1620
sepultura	1620
dói-me	1620
parecidos	1620
santidade	1619
antídoto	1619
reagan	1619
iniciais	1619
robot	1618
honrar	1618
confiei	1617
transplante	1617
henrique	1617
divertir-te	1617
jurisdição	1616
theo	1616
clubes	1616
capturado	1616
cimento	1615
provou	1615
mole	1615
claque	1615
desempenho	1615
atentos	1615
banheiro	1615
ocorre	1615
dormindo	1614
eugene	1614
atirem	1614
k	1614
envie	1614
tira-o	1613
sairá	1613
currículo	1613
cantor	1611
sylvia	1611
naqueles	1611
quebrou	1611
resíduos	1611
vejo-o	1610
tiramos	1610
bacano	1610
extensão	1610
pobreza	1610
investigações	1609
despedir-me	1609
contava	1609
silencioso	1609
exacta	1608
apanha-o	1608
veredicto	1607
constituição	1607
cartaz	1607
jan	1607
shirley	1607
acabaram-se	1606
corri	1605
prendeu	1605
consigamos	1605
matamos	1605
sessões	1605
preparem	1604
strip	1604
passageiro	1604
nasceste	1604
preparação	1604
declarações	1604
falarei	1604
apodrecer	1603
colorado	1602
mobília	1602
agradecemos	1602
seriamente	1602
hotéis	1601
moe	1601
fiz-te	1601
colaborar	1600
atentado	1600
mademoiselle	1600
del	1599
ética	1599
broadway	1599
adoramos	1599
tocas	1599
cancelado	1598
notei	1598
sacrifícios	1597
chegasse	1597
eficiente	1596
autêntico	1596
magoada	1596
prepare	1596
começava	1595
corrupto	1595
contabilista	1595
telefonei	1595
importe	1595
arranjar-te	1594
nikita	1594
mimi	1594
condicionado	1593
dar-vos	1593
respeita	1593
pertenço	1593
andre	1593
mills	1592
benefício	1592
demoro	1592
està	1591
resgatar	1591
piquenique	1590
exercícios	1590
bocados	1590
cabos	1589
conseguias	1589
probabilidade	1589
fornecer	1589
racista	1588
certificar	1588
nasa	1588
homenagem	1588
carregada	1588
revistar	1588
arena	1587
crescem	1586
tratas	1586
crias	1586
sidney	1585
inesperado	1585
espreitar	1585
especialistas	1585
desceu	1584
sexualmente	1584
amarela	1584
impedi-lo	1584
miséria	1584
cogumelos	1584
deixámos	1582
amador	1582
profeta	1582
meter-se	1582
isolamento	1582
custos	1581
ash	1581
religioso	1581
ninja	1581
independência	1581
trazia	1580
y	1579
simpatia	1579
dawson	1579
reação	1579
refiro	1579
marina	1579
táctica	1578
artilharia	1578
montgomery	1578
tanner	1578
contratos	1577
vias	1577
leões	1577
mandem	1577
partidos	1576
jipe	1576
línguas	1575
hilariante	1575
piscar	1575
pedrado	1575
passará	1575
apanhem-no	1575
cuidadoso	1574
expulsar	1574
entusiasmada	1573
ezra	1573
demoraste	1573
mentais	1572
sofia	1572
formal	1572
paranóico	1571
gil	1571
prisões	1570
cooperação	1570
olhava	1570
conseguiremos	1570
capela	1569
quebra	1569
companhias	1569
remoto	1568
turnos	1568
voltemos	1568
coco	1568
brady	1568
revelou	1567
apetecer	1567
bêbeda	1567
bree	1566
aguarda	1566
retorno	1566
combina	1566
pudemos	1566
insignificante	1566
cavernas	1566
zombie	1566
shelby	1565
suspenso	1565
tramado	1565
desejas	1564
plasma	1564
cérebros	1563
vire-se	1563
gregory	1563
cócegas	1563
imediata	1563
fulano	1562
leve-me	1562
espionagem	1562
matares	1562
delicada	1562
identificado	1561
dai	1561
nenhumas	1561
choro	1561
distribuição	1560
solta-me	1560
levados	1560
protegida	1560
perdidas	1560
doentio	1559
mudou-se	1559
detectar	1559
derrotado	1559
sozinhas	1559
entao	1558
fort	1558
públicos	1558
luthor	1557
pedes	1557
gabe	1556
luva	1556
morrendo	1556
pagamos	1555
criaram	1555
price	1554
apanhem	1554
bode	1554
refugiados	1554
tolos	1554
recusa	1553
secar	1553
abrandar	1553
feijões	1553
nevoeiro	1553
defeito	1553
católica	1552
rata	1551
mercedes	1551
divina	1551
isolado	1551
sentindo	1551
suíça	1550
charme	1550
estavamos	1550
oriental	1550
alpha	1549
spike	1549
we	1549
desligou	1549
operacional	1549
responde-me	1549
brilha	1548
resolvemos	1548
raptou	1547
farda	1547
respondi	1547
acordos	1547
desaparecem	1546
mudo	1546
pedi-lhe	1546
insecto	1546
pagamentos	1546
sólido	1546
violenta	1545
vendem	1545
compre	1545
cú	1544
cãozinho	1544
polly	1544
réu	1543
matty	1543
absoluto	1543
ressaca	1543
pimenta	1542
longos	1542
saberei	1542
estadual	1542
mantenham-se	1542
art	1542
pousa	1542
tammy	1542
gostavam	1541
lutam	1541
pope	1540
síndrome	1540
célula	1540
compartilhar	1540
bobo	1540
drive	1540
dificilmente	1540
comia	1540
discussões	1540
lutei	1539
planeia	1539
parava	1539
salvamento	1539
gritou	1538
fuma	1538
violou	1537
vê-las	1537
brien	1537
fichas	1537
necessários	1536
escolhemos	1536
esperou	1536
rich	1536
baxter	1536
abe	1536
letal	1536
celular	1536
paradeiro	1536
adopção	1535
francos	1535
esconder-se	1535
incomodado	1534
cathy	1534
baixe	1534
monty	1534
pode-me	1534
auto	1533
nojenta	1532
flecha	1532
assassinou	1531
avisa	1531
objectivos	1531
tornam	1531
irene	1531
foi-me	1531
conhece-lo	1531
g.	1530
futura	1530
aguente	1529
flutuar	1529
inicio	1529
qualidades	1529
dante	1528
hayes	1528
cristãos	1528
depor	1528
dinozzo	1527
combinar	1527
salvar-te	1527
artéria	1527
fenda	1527
específica	1526
deitada	1526
instalação	1525
batom	1524
eléctrico	1524
cheryl	1524
bolinhos	1524
imaginem	1524
val	1524
furacão	1523
refere-se	1523
tenho-o	1523
putos	1522
cimo	1522
conte-me	1522
satisfação	1522
cumpriu	1522
colchão	1522
jacto	1521
trocos	1521
fachada	1521
devo-te	1521
hostil	1520
casco	1520
stu	1520
enviaram	1520
entrares	1520
retirado	1519
generosa	1519
imortal	1519
canhões	1519
convidei	1519
feriado	1518
moscas	1518
golo	1518
mentido	1517
sentimental	1517
corporal	1517
avisei-te	1516
desafiar	1516
assina	1516
atravessou	1516
fofo	1515
gestão	1515
sabido	1515
lembrar-te	1513
cruzeiro	1513
otto	1513
recomendo	1512
fantásticos	1512
madre	1512
devas	1511
apocalipse	1511
tentarei	1511
gilbert	1511
brinca	1511
fugiste	1511
falência	1511
atleta	1510
discreto	1510
manuel	1509
levantou	1508
nã	1508
dc	1506
parares	1506
expressar	1506
insisto	1506
tacos	1506
ivy	1505
metida	1505
atendo	1505
raiz	1504
ofender	1504
ninguem	1504
ouviste-me	1503
perturbada	1503
montana	1503
feijão	1503
tocava	1502
lida	1502
viaja	1502
artificial	1502
chamar-te	1502
fractura	1501
soar	1501
paquistão	1501
consultar	1500
apartamentos	1500
galo	1500
digressão	1500
bota	1499
costumavam	1499
grades	1499
amo-o	1499
vega	1499
robinson	1499
desenhada	1498
meti	1498
legítimo	1497
mae	1497
portland	1496
percorrer	1496
baseada	1496
sacar	1496
ajudam	1496
possivel	1496
revolta	1496
cintura	1496
precisão	1495
jogamos	1495
marcação	1495
morava	1495
abençoado	1495
flórida	1495
gaita	1495
encerrar	1494
anedota	1494
violentos	1494
acontecimento	1494
chichi	1494
avariado	1493
nobres	1493
lote	1493
baleias	1493
chamam-lhe	1492
deeks	1492
ganharam	1492
encarregado	1491
addison	1491
irrelevante	1491
tranquila	1491
rios	1490
perdas	1490
enviados	1490
ruiva	1490
vegetais	1489
pêlo	1489
falasse	1488
domingos	1488
numero	1488
plena	1486
transmissor	1486
queixar	1486
instalar	1485
unidas	1485
cortina	1485
considero	1485
camioneta	1485
músico	1485
faz-nos	1485
cass	1484
frankenstein	1484
espetacular	1484
satisfazer	1484
acabares	1483
lateral	1482
raio-x	1482
sao	1481
air	1481
gama	1481
menu	1481
assustaste-me	1481
explique	1481
callie	1480
envergonhada	1480
tentarem	1480
servido	1480
projectos	1480
maurice	1480
insinuar	1480
causas	1479
lo	1479
assento	1479
debra	1479
robôs	1479
afecta	1479
ferir	1478
magro	1478
trazer-me	1478
estágio	1477
juíza	1477
autocarros	1477
passarinho	1476
your	1475
alá	1475
docinho	1475
sova	1475
procurou	1475
esgoto	1475
financeira	1475
eduardo	1475
ajustar	1475
doçura	1474
javier	1474
recorrer	1473
desaparecidas	1472
hannibal	1472
ditado	1472
zoológico	1471
grécia	1471
virei	1471
quereis	1471
emocionalmente	1471
saberão	1471
day	1471
desmaiou	1471
georgia	1470
pensaria	1470
marc	1470
esmagar	1469
imensos	1469
encontra-se	1469
desvio	1469
fabulosa	1469
powell	1468
asilo	1468
escritórios	1468
inteiramente	1467
willy	1467
fazer-se	1467
pinturas	1467
mccoy	1466
perguntei-lhe	1466
adequada	1466
mal-entendido	1466
stewie	1465
impecável	1465
garantido	1465
riso	1465
rins	1465
agências	1464
ironia	1464
britânica	1463
levares	1463
exigir	1463
picante	1462
idosos	1462
luis	1462
navegar	1462
lizzie	1461
vantagens	1461
simmons	1461
viu-o	1461
processos	1461
explosivo	1461
recolha	1460
oiço	1460
cometa	1460
doris	1459
tornaste	1459
potter	1459
caia	1459
comandar	1459
aplicação	1458
paisagem	1458
paras	1458
pouquinho	1458
passes	1458
chapéus	1457
criminosa	1457
tinha-me	1457
traidores	1456
quentin	1456
impressionada	1456
comentar	1456
costumavas	1456
convenceu	1455
cantos	1455
prometido	1455
congelado	1455
elijah	1454
pátria	1454
chegava	1454
repita	1454
forçada	1453
quanta	1452
sugar	1452
condessa	1452
ladra	1452
merecer	1451
peterson	1451
ligeiramente	1451
gates	1450
interferência	1450
podes-me	1450
joyce	1450
excitada	1449
dee	1449
bebia	1449
enterrada	1449
alcunha	1449
resolvi	1449
estadia	1449
melanie	1449
bem-estar	1448
escuras	1448
conclusões	1448
químico	1448
ensinar-te	1448
precisos	1447
vermes	1447
bombeiro	1447
matas	1447
aspectos	1447
malditas	1447
magoar-me	1447
consumo	1446
prejudicar	1446
nomeado	1446
pisar	1445
celebração	1445
despertar	1445
úteis	1445
explico	1445
estupor	1444
arodri	1444
mestres	1444
manipular	1444
construída	1444
fragmentos	1444
point	1443
preservativo	1443
verificação	1443
conhecias	1443
ruínas	1443
chulo	1442
camada	1442
pagos	1442
mantimentos	1442
siga-me	1442
incomum	1442
lori	1441
nalguma	1441
contrabando	1441
brandy	1441
conheças	1441
jenkins	1441
vilão	1440
rostos	1440
atingida	1440
ms.	1440
organismo	1439
preocupas	1439
encontremos	1439
esqueço	1439
contos	1439
morrerem	1438
janice	1438
rumor	1438
lorenzo	1438
formigas	1438
pico	1438
semente	1438
residentes	1437
contabilidade	1437
dinossauros	1437
vence	1437
mérito	1436
gasto	1436
correios	1436
concentrado	1436
abrimos	1436
tomaram	1436
sossegado	1435
farsa	1434
fossemos	1434
perdê-lo	1434
crack	1433
lume	1433
mi	1433
achámos	1433
borboleta	1433
formulário	1433
cinzento	1433
emprestar	1433
tenso	1433
bradley	1432
entretenimento	1432
latim	1432
vendemos	1431
peg	1431
títulos	1431
gaiola	1431
peruca	1430
reitor	1430
reportagem	1430
claras	1429
rodar	1429
acabem	1429
assaltos	1429
terrivelmente	1429
sérios	1428
tráfego	1428
boris	1428
dão-me	1428
manter-te	1428
deixarmos	1427
melinda	1427
north	1427
berço	1426
clássica	1426
psicólogo	1426
recuperou	1426
laurie	1425
hugh	1425
pan	1425
mandá-lo	1425
callen	1425
estatuto	1425
nadia	1424
apanhá-los	1424
morresse	1424
jasper	1424
exausto	1424
continuares	1423
wesley	1423
imigração	1423
empurra	1423
doméstica	1422
escutas	1422
maravilhosas	1422
símbolos	1422
shh	1422
calmos	1421
crucial	1421
comam	1421
biologia	1421
pano	1420
atropelado	1420
tomate	1420
judith	1420
maçãs	1419
oposição	1419
cohen	1419
stripper	1418
escolheram	1418
ventilação	1417
blusa	1417
fundamental	1417
dá-te	1417
divino	1417
voltando	1416
fi	1416
stewart	1416
mágicos	1416
insulto	1416
exércitos	1416
continuará	1415
carregado	1415
limusina	1415
reservado	1415
pulmão	1414
nocturno	1414
molhada	1414
dê-nos	1414
mack	1414
construímos	1414
patroa	1414
atirei	1414
emenda	1413
desça	1413
gostariam	1413
dalton	1413
raptar	1413
regimento	1412
créditos	1412
afastados	1412
gold	1412
entrámos	1411
denver	1411
partiste	1410
chegaremos	1410
faça-me	1410
cera	1409
pontaria	1409
enforcado	1408
tentativas	1408
apanhar-te	1408
viviam	1408
valiosa	1408
proteger-me	1408
calados	1408
cliff	1408
enlouqueceu	1407
ricardo	1407
christy	1407
abigail	1406
comprimento	1406
â	1406
matou-a	1406
case	1405
mexicanos	1405
porreira	1405
hambúrgueres	1404
tabuleiro	1404
decorrer	1404
vivendo	1403
transforma	1403
provocou	1402
belle	1402
afundar	1402
parvoíce	1402
entrarmos	1401
animar	1401
fax	1401
junta-te	1401
agradecimento	1401
zombies	1400
baixem	1400
recomendação	1400
re	1400
sherman	1400
obrigações	1400
hodgins	1399
d.c.	1399
jóia	1399
abater	1399
christina	1399
elefantes	1398
desejam	1398
simone	1398
primária	1398
equipamentos	1397
havai	1397
disfarçado	1397
comunistas	1397
arsenal	1397
aceitável	1397
lixados	1396
piza	1396
boss	1396
transição	1396
bebeste	1395
pudim	1395
dinamite	1395
sabão	1395
alucinações	1395
saint	1394
fina	1394
financeiros	1394
arredores	1393
soviética	1393
biológica	1392
ausente	1392
verifiquem	1392
batida	1391
terramoto	1390
religiosa	1390
senadora	1390
peles	1390
insensível	1390
alimentação	1390
precisou	1390
cúpula	1389
lsso	1389
tequila	1389
freira	1389
rezo	1389
deliciosa	1389
avisou	1389
referências	1389
estragou	1388
convidou-me	1388
violino	1388
cynthia	1388
italiana	1388
negociação	1388
negativa	1387
compromissos	1387
ensina	1387
transformação	1387
baixem-se	1387
salvos	1387
helicópteros	1386
nozes	1386
roubos	1385
sugeriu	1385
wolf	1385
prateleira	1385
gostaram	1385
gostávamos	1385
gata	1385
subam	1384
ss	1384
preguiçoso	1384
imperial	1384
caminha	1383
irónico	1383
livrar-se	1383
abelha	1383
lendas	1383
libby	1382
oferecer-lhe	1382
canja	1382
avisar-te	1382
congelar	1381
sustentar	1381
bosques	1380
puderam	1380
mandas	1380
monge	1380
legenda	1380
acontecia	1380
cruzamento	1380
labirinto	1379
matava	1379
misturar	1379
lenha	1378
quiseram	1378
bella	1378
gémeas	1378
valentine	1378
nevada	1377
resolveu	1377
ri	1376
condenação	1376
banquete	1376
ptpt	1375
afirmativo	1375
isabelle	1375
consultor	1375
exibição	1375
ficarias	1374
velhota	1374
camarão	1373
anão	1373
broche	1373
michigan	1372
chocante	1371
colinas	1371
jogas	1371
esfregar	1370
guardo	1370
servo	1370
comecemos	1369
experimente	1369
vicky	1368
destruídos	1368
apanham	1368
meter-me	1368
salsichas	1368
ajudava	1368
dispensado	1367
cêntimo	1367
mentiste-me	1366
interpretar	1366
sarilho	1366
lógico	1366
sétimo	1366
distribuir	1366
enviou-me	1366
ramos	1365
gruta	1365
confesso	1364
esfomeado	1364
polegar	1364
residente	1364
comunicado	1364
usadas	1363
apercebi	1363
lamentamos	1363
bastidores	1363
prenderam	1363
irritar	1362
marissa	1362
hipoteca	1362
gibson	1361
quadrante	1361
barbie	1361
saberem	1361
estragaste	1361
harmonia	1361
pôr-do-sol	1360
saudáveis	1360
arranja-me	1360
comprometido	1360
executado	1360
pata	1359
vedação	1359
surge	1359
lucky	1359
tocado	1359
prevenir	1359
arterial	1358
bebido	1358
lixem	1358
tac	1358
revela	1358
zoey	1357
be	1356
leituras	1356
juro-te	1356
roosevelt	1356
internacionais	1356
boné	1356
balões	1356
gin	1356
encontrasse	1355
knight	1355
vencedores	1355
veterinário	1355
chupar	1355
padrasto	1355
enigma	1355
pago-te	1354
juntem-se	1354
predadores	1354
deixas-me	1353
navegação	1353
crença	1353
luther	1353
rum	1353
falarem	1353
ocupação	1352
naval	1352
cerebrais	1351
concordas	1351
invadiu	1351
leva-nos	1351
matarem	1351
edwards	1350
pomos	1350
bordel	1350
anomalia	1350
cuida-te	1350
darem	1350
regime	1350
desapontado	1350
damien	1349
tou	1349
cantora	1349
disputa	1348
levasse	1347
chamam-me	1347
aceitamos	1347
roberts	1347
reunidos	1347
camille	1347
investigadores	1347
danielle	1347
favoritos	1347
turk	1347
conhece-o	1347
terminámos	1346
gabrielle	1346
liberta	1346
extras	1345
buscas	1345
sadie	1344
envenenado	1344
antónio	1344
temporária	1344
lançado	1344
danças	1344
au	1343
q	1343
angelo	1343
desapareçam	1343
recebes	1343
aturar	1342
sida	1342
joguei	1341
diariamente	1341
silas	1341
duvidar	1341
prue	1341
estaca	1340
peitos	1340
atracção	1340
automático	1340
morreres	1340
gases	1340
mato-o	1340
localizador	1340
reles	1339
determinada	1339
aplicar	1339
becca	1339
abraham	1338
recua	1338
falhados	1338
desmaiar	1338
agitado	1337
durma	1337
mostra-lhe	1337
bizarro	1336
àqueles	1336
exploração	1336
controlada	1336
marta	1335
concorrência	1335
dúzias	1334
jade	1334
contexto	1334
etiqueta	1334
promovido	1334
tirem-no	1333
tesoura	1333
iate	1333
ba	1333
seríamos	1333
ajudar-vos	1332
armstrong	1332
criativo	1332
agarrou	1332
permitiu	1332
disseste-lhe	1332
drogada	1332
casar-me	1331
peritos	1331
romeu	1330
chique	1329
mexa-se	1329
agradeço-te	1329
consumir	1329
vazios	1329
dirias	1329
encontrava	1328
afasta	1328
obstáculo	1328
namoro	1328
beija-me	1328
culturas	1328
mover-se	1327
implica	1327
dea	1327
admirar	1327
cuidadosamente	1327
u	1327
arranhão	1326
fruto	1326
caem	1326
reconhecido	1326
intruso	1326
ronald	1326
documentário	1325
daniels	1325
deixaste-me	1325
ginger	1324
boom	1324
treze	1324
perdendo	1324
infectado	1324
apanhou-me	1324
donny	1324
aleluia	1323
pontapés	1322
caixote	1322
z	1322
interessam	1322
klingon	1321
encanto	1321
necessárias	1321
darren	1321
impediu	1320
embarcar	1320
jorge	1320
uses	1320
elsa	1320
correcção	1319
ensinei	1319
participação	1319
distinguir	1319
acabarmos	1319
esther	1319
gotham	1319
termine	1319
morras	1318
tirem-me	1318
magoes	1317
estudou	1317
semelhantes	1317
foguete	1316
incêndios	1316
distrair	1316
patife	1316
existiu	1316
precisasse	1316
sushi	1316
grã-bretanha	1316
saberás	1316
stacy	1315
nega	1315
clayton	1315
dourada	1315
agulhas	1314
agradece	1314
conheço-a	1314
racional	1314
facilitar	1314
uniformes	1313
queimou	1313
discursos	1313
insuportável	1313
porca	1312
teto	1312
passaportes	1312
comparação	1312
reconheces	1312
livra-te	1312
chamando	1312
acelera	1311
presidencial	1311
tornam-se	1311
billie	1311
fantásticas	1311
banks	1311
ajudará	1311
karma	1310
spa	1310
exijo	1310
móveis	1310
queimada	1310
hálito	1310
preparei	1309
atrapalhar	1309
gastei	1309
dormimos	1309
frutos	1308
preferência	1308
conquista	1308
lembrava	1308
aliado	1307
ovelha	1307
passatempo	1307
esquilo	1307
preston	1306
orleães	1306
médicas	1306
protocolos	1306
encontres	1305
escumalha	1305
sabeis	1305
pateta	1305
apareceste	1305
propor	1305
penteado	1304
precises	1304
ajudasse	1304
crawford	1304
telefona-me	1303
defesas	1303
inaceitável	1303
pagaram	1303
aumentou	1303
go	1303
bastantes	1303
mordeu	1303
horizonte	1302
viajante	1302
passadas	1302
biológico	1302
medir	1302
restaurar	1301
lamber	1301
resolução	1301
poste	1301
brisa	1301
espantosa	1301
propaganda	1301
saísse	1301
p.	1301
alho	1301
gail	1300
wong	1300
he	1300
cocktail	1300
viste-o	1300
intensa	1299
chang	1299
sentia-me	1299
passarem	1299
gozo	1298
creek	1298
atenções	1298
preparar-se	1298
borda	1297
motim	1297
docas	1297
chelsea	1297
imobiliário	1296
sentiria	1296
news	1296
tomam	1296
contratei	1295
ama-me	1295
parlamento	1294
pegamos	1294
csi	1294
pinta	1294
andré	1294
tornaram	1294
ofendido	1294
viciada	1293
perigos	1293
senti-lo	1293
ginástica	1293
escavar	1293
cross	1293
rebelião	1292
pretendia	1292
levo-o	1291
nasce	1291
casca	1290
investidores	1290
bazar	1290
colocaram	1290
treinados	1290
demorei	1290
memorial	1290
ama-te	1290
hulk	1290
corria	1290
vaso	1289
virado	1289
muralha	1289
homenzinho	1289
afastar-se	1289
revisto	1289
marcy	1288
agricultores	1288
concorrer	1288
mexeu	1288
sombrio	1288
home	1288
juros	1288
usares	1288
humilhação	1288
crenças	1288
costeira	1287
parecias	1287
tentação	1287
convencê-lo	1287
relógios	1287
carlo	1287
esteban	1286
pesa	1285
briggs	1285
renee	1285
escrava	1285
gerald	1285
ocasiões	1285
tirar-lhe	1284
triplo	1284
placas	1284
dá-lhes	1284
realista	1284
apresentar-te	1283
palma	1283
porcarias	1283
paus	1283
correram	1283
square	1283
definir	1283
chester	1283
can	1283
move	1283
suspensão	1283
casaste	1282
refrigerante	1282
datas	1281
foco	1281
camelot	1281
consolo	1280
reformado	1280
chocado	1280
jogam	1280
rodeado	1280
pagar-te	1280
sózinho	1280
trey	1279
palavrinha	1279
gramas	1279
lilly	1279
irritada	1279
excitação	1279
cilada	1279
netflix	1279
concluir	1278
gallagher	1277
identificou	1277
desesperadamente	1277
falhaste	1277
querendo	1277
bicho	1276
leme	1276
indiano	1276
sinos	1276
ballet	1276
timmy	1276
exausta	1275
perdedor	1275
tempestades	1275
apollo	1275
tropa	1274
roland	1274
perguntam	1274
preferem	1274
formatura	1274
plantar	1273
sanchez	1273
namoradas	1273
filmagem	1273
jacques	1273
indícios	1272
sutton	1272
mudar-me	1272
agrada-me	1272
achado	1272
músculo	1272
consequência	1272
rusty	1272
baterias	1271
encontradas	1270
decido	1270
inventário	1270
yale	1270
crichton	1269
trouxe-me	1269
paulie	1269
preservar	1269
sacerdote	1269
atrai	1269
brincos	1269
esquecia	1268
abortar	1268
faço-te	1268
aceitam	1268
sirva	1267
clinton	1267
bryce	1267
up	1267
hipócrita	1267
frito	1267
ter-nos	1267
camisas	1267
nixon	1266
aurora	1266
garanhão	1266
alteração	1266
regular	1266
comerciais	1265
ator	1265
derreter	1264
áudio	1264
ajudaste	1264
farol	1264
extinção	1264
pormenor	1263
passar-me	1263
perturbar	1263
frases	1263
interruptor	1263
amar-te	1263
decoração	1263
bolhas	1262
abusar	1262
acertei	1262
astronautas	1262
referes-te	1262
vulcão	1261
tornar-te	1261
cabina	1261
atalho	1261
subitamente	1261
genes	1261
unido	1260
isqueiro	1260
dormem	1260
repare	1259
what	1259
escalar	1259
subtil	1258
prego	1258
agarrado	1258
presidência	1258
pulsos	1258
fuzileiro	1258
deprimente	1258
espuma	1258
consentimento	1258
permitem	1257
feias	1257
esquecemos	1257
reconheci	1257
falls	1256
descobertas	1256
relatos	1256
ouvi-te	1256
tratada	1256
torcer	1255
infinito	1255
noutras	1255
mostrou-me	1255
greene	1255
estacionado	1255
pintor	1254
vaguear	1254
high	1254
músicos	1253
assustados	1253
explosões	1252
armadas	1252
envelhecer	1252
transportes	1252
zecacurto	1252
mentem	1251
zoo	1251
viesses	1251
barb	1250
tate	1250
eternamente	1250
vinhos	1250
maravilhosos	1250
henderson	1249
expresso	1249
raptor	1249
trá-lo	1249
render	1249
iá	1249
perfeitas	1249
cintos	1249
duelo	1249
sujas	1249
imbecis	1248
tratados	1248
gémea	1248
fibra	1247
apanharmos	1247
fraternidade	1247
malucas	1247
intuição	1247
gangues	1247
assume	1247
mãezinha	1247
apagado	1247
brinco	1246
possuem	1246
instantes	1246
amarrado	1246
disparos	1246
weaver	1245
empire	1245
lyle	1245
ascensão	1245
cegos	1245
marinheiros	1245
pegas	1245
matei-o	1245
travões	1245
tanya	1245
detê-lo	1245
disparado	1244
suspeitar	1244
resolvo	1244
langley	1244
comprometida	1244
aprendido	1244
levarei	1243
complicações	1243
bebem	1243
kenneth	1243
voces	1243
proponho	1243
noticiário	1243
ligadas	1243
separado	1243
chamaria	1242
lanche	1242
conseguirei	1242
mexer-se	1242
salvaste-me	1242
motivação	1241
dramático	1241
satélites	1241
newton	1241
descubram	1241
email	1240
útero	1240
exemplar	1239
falar-lhe	1239
vidente	1239
arbustos	1239
candidatura	1239
brendan	1239
descansado	1239
outrora	1239
fugitivos	1239
assumiu	1239
fenómeno	1239
íntimo	1238
avenue	1238
google	1238
trabalhaste	1238
kev	1238
extrair	1238
arco-íris	1238
bloqueado	1238
incomodá-lo	1238
mentor	1238
pensilvânia	1237
animada	1237
historia	1236
trish	1236
padres	1236
brooks	1236
destroços	1236
suborno	1235
trará	1235
lunático	1235
diploma	1235
celas	1235
detonador	1235
astronauta	1235
trabalharam	1235
trigo	1235
fez-te	1234
presunto	1234
floyd	1233
queimados	1233
side	1233
sookie	1233
humilhante	1233
morrerão	1233
católico	1232
estatal	1232
rufus	1232
bateste	1232
gravador	1232
aceites	1232
sub	1232
hayley	1231
levarem	1231
punhal	1231
recuem	1231
ajuda-nos	1231
shannon	1231
boato	1231
divertimento	1230
ser-se	1230
solte	1230
gordos	1230
activa	1230
susie	1230
sobrevivido	1229
cova	1229
charuto	1229
desafios	1229
pólo	1229
hospitalidade	1229
agricultor	1229
pensasse	1229
carlton	1228
goku	1228
casacos	1228
deveras	1228
lutadores	1228
entendidos	1228
darryl	1228
knox	1227
courtney	1227
onu	1227
universal	1227
preservativos	1227
província	1227
group	1227
leve-o	1226
tomava	1226
justificar	1226
admitiu	1226
nativos	1226
planeou	1225
mordomo	1225
importam-se	1225
salmão	1225
am	1224
terço	1224
móvel	1224
desistas	1224
crowley	1224
sessenta	1224
relâmpago	1224
caluda	1223
torto	1223
sirvo	1223
apresento-vos	1223
morde	1223
frutas	1223
abóbora	1222
metes	1222
rap	1222
fornecedor	1222
aprovar	1222
barris	1222
estao	1222
porta-te	1221
compartimento	1221
patética	1221
descolar	1221
achavas	1220
esconder-me	1219
válvula	1219
científico	1219
trabalhe	1219
curado	1219
generosidade	1219
provisões	1219
tirares	1218
lynette	1218
registar	1218
burra	1218
rebentou	1218
crocodilo	1218
levou-o	1217
estranhamente	1216
descubro	1216
pagar-lhe	1216
ella	1216
porcento	1216
marion	1216
rival	1216
meritíssima	1216
alternativas	1215
pulsação	1215
nell	1215
zeus	1215
nus	1215
mistérios	1215
limonada	1215
extrema	1215
magnífica	1215
sigo	1215
combates	1215
vasculhar	1214
pregar	1214
biscoito	1214
treinos	1214
chame-me	1214
leonardo	1213
partilha	1213
revelação	1213
acusada	1213
habituada	1213
fósforos	1213
ocidente	1213
merdoso	1212
negação	1212
ganhe	1212
hetty	1212
dizias	1212
interpol	1212
erik	1212
vierem	1212
parvos	1211
compreendem	1211
obcecada	1211
ensaios	1211
tesouros	1211
kelso	1211
costumes	1211
serio	1211
dava-me	1211
entenderam	1210
trocou	1209
repugnante	1209
tecidos	1209
centavo	1209
spray	1208
rituais	1208
pretendes	1208
árabes	1208
traído	1208
confortáveis	1208
tosse	1208
surf	1208
quadrado	1207
voou	1207
chi	1207
prová-lo	1207
dizerem	1207
ásia	1206
duzentos	1206
falavam	1206
cassidy	1206
holden	1206
proibida	1206
cercado	1205
gostem	1205
ajudes	1205
podiamos	1205
simulação	1204
marquei	1204
confiava	1204
campeões	1203
canyon	1203
prove	1203
tiram	1203
exclusivo	1203
atlântico	1203
vigarista	1203
jj	1203
singh	1203
di	1203
dormitório	1203
bater-me	1202
mantenho	1202
provoca	1202
perguntares	1202
reconheceu	1202
lésbicas	1202
mudar-se	1201
gerar	1201
cunhada	1201
lutando	1201
ignorante	1201
post	1201
celebridade	1200
devolve-me	1200
item	1200
vi-os	1200
quebrado	1200
otis	1200
mandar-me	1200
consta	1200
agiu	1200
kaboom	1199
conheciam	1199
magoei	1199
proveito	1199
adicionar	1199
apaixonar	1199
faríamos	1199
comichão	1199
traje	1198
punição	1198
inquérito	1198
afogar	1198
patricia	1197
walsh	1197
usavam	1197
ricas	1197
larga-a	1197
prefeito	1197
vip	1196
tires	1196
team	1196
gole	1196
holt	1196
brigar	1196
indicar	1196
veria	1195
roberto	1195
factor	1194
mete-te	1194
jurei	1194
pesar	1194
prostituição	1194
predador	1194
engana	1194
aproximação	1193
rancor	1193
aquário	1193
esperes	1193
maníaco	1193
garra	1193
lila	1193
lagosta	1192
promover	1192
obrigou	1192
fry	1192
exagerado	1191
gotas	1191
anónimo	1191
jonah	1191
caderno	1191
kat	1190
bender	1190
identidades	1190
lançou	1190
justamente	1190
ferver	1190
arruinado	1190
florestas	1189
colaboração	1189
desista	1189
pêlos	1189
costumas	1189
manter-se	1189
exista	1189
mijo	1189
estibordo	1188
oral	1188
matança	1188
ligo-lhe	1188
tribos	1188
atletas	1187
fletcher	1187
sobreviveram	1187
felicidades	1187
lamentar	1187
aparelhos	1186
esplêndido	1186
amou	1186
antibióticos	1186
compreensível	1186
custe	1186
stanford	1186
atual	1186
bastardos	1186
souberem	1186
críticas	1185
veteranos	1185
musica	1185
celebridades	1185
drones	1184
loura	1184
livrar-me	1184
clarence	1184
cordeiro	1184
tela	1183
seminário	1183
atraído	1183
virtude	1183
pastilhas	1183
seguidas	1182
sawyer	1182
mamilos	1182
prioridades	1182
mexicana	1182
pagaste	1182
traga-me	1182
empréstimos	1182
nervosos	1182
iminente	1182
jax	1182
prepare-se	1181
parta	1181
marciais	1181
fizessem	1180
escritores	1180
composto	1180
entrava	1180
talentoso	1180
perdermos	1180
prisioneira	1180
senhorio	1180
1ah08	1180
desesperados	1180
doses	1179
suspensa	1179
incluir	1179
aah	1179
arde	1179
respondo	1179
construíram	1179
torturar	1178
encantada	1178
mario	1178
murdock	1178
armamento	1178
bridget	1177
chegados	1177
esforçar	1177
autógrafo	1177
virgil	1177
determinação	1177
leais	1176
ty	1176
doca	1175
compramos	1175
cereja	1175
virgindade	1175
permita	1175
limitado	1174
obstáculos	1174
sensibilidade	1174
ex-namorada	1174
envio	1174
audiências	1174
daphne	1174
cebola	1174
amas-me	1174
ocorrer	1174
respondam	1174
diverti-me	1174
chorou	1174
contem	1173
entregues	1173
madrid	1173
captar	1173
anfitrião	1173
paraste	1173
o.	1172
mangueira	1172
feitiços	1172
coral	1172
consigam	1172
ace	1171
ameaçado	1171
garante	1171
faze-lo	1171
meter-te	1171
antena	1171
pendurar	1171
secretamente	1171
passares	1171
privados	1171
negado	1171
sobrevive	1171
pacotes	1170
ajudas	1170
skinner	1170
distraído	1170
nat	1170
stargate	1170
atendeu	1170
wu	1170
nash	1170
papagaio	1169
trancar	1169
bronx	1169
derem	1169
marcos	1168
devolve	1168
cumprimentar	1168
atlantic	1168
señor	1167
dentada	1167
ouças	1167
masculina	1167
enterro	1167
with	1167
surpreender	1167
mmm	1167
inconveniente	1166
certidão	1166
associado	1166
traços	1166
qualificado	1166
mostrei	1166
chocolates	1166
enganei-me	1165
aiden	1165
tímida	1165
larga-o	1165
linhagem	1165
ficasses	1165
desiludido	1164
condenada	1164
gregos	1164
american	1164
martini	1164
programação	1164
medalhão	1164
entrando	1164
caças	1164
grady	1164
sanguínea	1164
buscá-los	1164
marketing	1163
respondeste	1163
ranger	1163
design	1163
aspirina	1163
protótipo	1163
complicadas	1163
livraria	1163
engravidar	1162
quilo	1162
cozinheira	1162
características	1162
respeitável	1161
inspecção	1161
inúmeras	1161
morcego	1161
maston	1161
souberes	1161
kay	1160
ex-namorado	1160
habituar	1160
richmond	1159
sujos	1159
comprometer	1159
dádiva	1159
marchar	1159
deixemos	1158
anónima	1158
mentindo	1158
malandro	1158
imitar	1158
pen	1158
souberam	1158
virmos	1158
tesão	1157
mostarda	1157
descida	1157
emitir	1157
night	1157
fica-te	1157
colômbia	1157
louvado	1156
ignição	1156
ajudinha	1156
tuvok	1156
rabos	1156
lema	1156
recados	1156
obrigados	1155
elevada	1155
inofensivo	1155
expandir	1155
continuarmos	1155
concordei	1155
golfo	1154
convencida	1154
agradeço-lhe	1154
contando	1154
rastejar	1154
confronto	1154
entrevistar	1153
urinar	1153
contamos	1153
woods	1152
implacável	1152
coop	1152
alexis	1151
bert	1151
moisés	1151
guardei	1151
frost	1151
morreria	1151
zangados	1150
sentar-nos	1150
profundas	1150
ganância	1150
certifique-se	1150
afirmar	1150
referir	1149
ollie	1149
obteve	1149
corremos	1149
lunar	1149
poderosas	1149
assédio	1149
temia	1149
rir-se	1149
pontuação	1148
v.	1148
ghost	1148
bancária	1148
contasse	1148
veia	1147
andaram	1147
afastada	1147
sugerem	1147
defeitos	1147
figuras	1147
judia	1147
cartazes	1147
drone	1146
apanharem	1146
parceria	1146
farinha	1146
veneza	1146
leito	1145
notou	1145
maureen	1145
castigar	1145
aprovado	1145
balança	1145
produtores	1145
patente	1144
hyde	1144
fofa	1144
viveram	1144
estabelecimento	1144
alegações	1144
módulo	1144
fibras	1144
royal	1144
trazer-te	1144
perseguido	1143
jardineiro	1143
pousar	1143
ajudaram	1143
irlandeses	1143
hóspede	1142
old	1142
discrição	1142
perderes	1142
ficavam	1142
bilhar	1142
brava	1142
massas	1141
desarmado	1141
vaivém	1141
passarmos	1140
declarou	1140
vigilante	1140
amuleto	1140
polónia	1139
conto-te	1139
ame	1139
catástrofe	1139
listas	1139
sensíveis	1139
glorioso	1139
pilar	1139
kensi	1138
suzanne	1138
mentalmente	1138
stiles	1138
apareces	1138
assado	1137
gemma	1137
aguentas	1137
prestem	1137
enterrados	1137
viajou	1137
conseguiam	1137
reno	1137
calculei	1136
chanceler	1136
perdoa	1136
universitário	1136
adivinhem	1136
imprudente	1136
canos	1136
aproximes	1136
tiffany	1136
despache-se	1136
viktor	1135
pirâmide	1135
dar-se	1135
sutiã	1135
ansiosos	1135
desportivo	1135
triângulo	1135
ola	1134
dispararam	1134
colocamos	1134
humphrey	1133
dutch	1133
encontrarei	1133
publicamente	1133
dicas	1133
sloane	1133
reactor	1132
boazona	1132
privadas	1131
manda-me	1131
recruta	1131
custam	1131
bronze	1131
alinhar	1131
adiantado	1131
pára-quedas	1131
detesta	1130
comunitário	1130
candeeiro	1130
ingredientes	1130
remorsos	1130
traumatismo	1130
mudares	1130
confiam	1129
fotográfica	1129
deste-lhe	1129
explode	1129
abras	1129
visível	1129
registada	1129
hassan	1129
avisá-lo	1129
modesto	1128
submundo	1128
postura	1128
center	1128
vargas	1128
viola	1128
rebanho	1128
gasta	1128
country	1128
tratamentos	1128
coça	1127
desilusão	1127
estatísticas	1127
ficariam	1127
experiente	1127
utilidade	1127
leitor	1127
theresa	1126
arame	1126
russ	1126
resulte	1126
safar-se	1125
intelectual	1125
temporariamente	1125
alérgico	1124
shelly	1124
bum	1124
véu	1124
agnes	1124
sinistro	1124
mandar-te	1124
reagiu	1123
operador	1123
espinha	1123
lisbon	1123
cristais	1123
tirou-me	1122
circulação	1122
ajudas-me	1122
dominic	1122
centavos	1122
conhecê-los	1122
agradecida	1122
japonesa	1121
deve-me	1121
cristã	1121
associados	1120
hormonas	1120
fábricas	1120
acabada	1120
citar	1120
tenho-te	1120
surpreende-me	1120
superficial	1120
facilidade	1120
certificado	1120
mostro	1119
sólida	1119
dizes-me	1119
dani	1118
samurai	1118
fortemente	1118
convento	1118
medula	1117
detector	1117
obrigatório	1117
activado	1117
telefono	1117
recuso-me	1117
espaciais	1117
mostrar-lhes	1117
republicanos	1117
muçulmanos	1116
vencido	1116
flint	1116
pilhas	1116
confundir	1116
higiénico	1116
apresente	1116
mantê-los	1115
partilhamos	1115
programado	1115
espelhos	1114
chorei	1114
agressor	1114
produz	1114
balística	1114
escolhidos	1114
genético	1114
sérias	1113
web	1113
abel	1113
destruíram	1113
animados	1112
tipa	1112
morreste	1112
escotilha	1112
inventado	1112
lara	1112
mecânica	1112
transcrição	1112
totó	1111
percentagem	1111
mula	1111
pesados	1111
take	1110
pôs-me	1110
harriet	1110
prof.	1110
naquelas	1110
tolerar	1110
andamento	1110
malley	1110
nigel	1109
supor	1109
hangar	1109
objecção	1109
óbvia	1108
aplica	1108
importaria	1108
atravessa	1108
encomendar	1108
recompensas	1108
bananas	1107
machos	1107
cultural	1107
comediante	1107
lindsey	1107
twitter	1107
salvar-me	1106
precisaria	1106
cinza	1106
futuros	1106
irmãozinho	1106
pratt	1104
alcoólico	1104
voltarão	1104
mordido	1104
bolha	1104
incomode	1104
gracie	1104
gorila	1104
circuitos	1103
vaticano	1103
espancado	1103
maca	1103
chin	1103
optimista	1103
swat	1103
cresceste	1103
prancha	1103
notado	1102
mares	1102
lacey	1102
cumpri	1102
lucious	1102
ziva	1102
ignorância	1101
apanhas	1101
quero-a	1101
desconhecidos	1101
allan	1101
sterling	1101
preparou	1101
montagem	1101
negativos	1100
trent	1100
oregon	1100
arrogância	1100
ally	1100
state	1100
ventre	1100
assembleia	1100
ancestrais	1100
preparativos	1099
patos	1099
arruinou	1099
caneca	1099
yuri	1098
imitação	1098
clareza	1098
sanders	1097
deve-se	1097
levantar-se	1097
fogão	1096
cortei	1096
entranhas	1096
epidemia	1096
vitima	1095
expansão	1095
lutem	1095
controlam	1095
arranjem	1095
ligam	1095
aria	1095
falido	1095
chan	1095
centros	1095
abriram	1094
forca	1094
winter	1094
consistente	1094
nasceram	1094
tranca	1094
rossi	1094
proteja	1093
íntimos	1093
celia	1093
noroeste	1093
aranhas	1093
edie	1093
fuja	1093
escuros	1093
agarra-te	1092
taxas	1092
corvo	1092
decides	1092
ames	1092
fernando	1092
regularmente	1092
mini	1092
elo	1092
colt	1091
andámos	1091
revólver	1091
dance	1091
ensinar-me	1091
barman	1091
cheira-me	1091
sucata	1090
voos	1090
divulgar	1090
lutaram	1090
coca-cola	1090
moras	1090
jeitoso	1090
pilot	1090
levou-a	1090
aproxima-te	1090
escapado	1090
paulo	1090
investimentos	1090
deram-lhe	1089
assustou	1089
irresponsável	1089
terminaram	1089
apetece-me	1088
geoffrey	1088
seguramente	1088
parcial	1088
willow	1088
compreendido	1088
resync	1087
matasse	1087
representam	1087
aproxime	1087
trabalhámos	1087
roubadas	1086
evidentemente	1086
crê	1086
considerada	1086
estuda	1086
combinámos	1086
orquestra	1086
considere	1086
crueldade	1086
ohh	1085
pertencer	1085
falharam	1085
florença	1085
perícia	1085
agradecia	1085
fundador	1085
havendo	1084
bandeja	1084
nordeste	1084
esgotos	1084
escape	1084
conste	1084
cometemos	1084
jogava	1084
degraus	1084
lembram	1083
fósforo	1083
procurá-la	1083
prazeres	1083
apanhaste-me	1083
assassinados	1083
terraço	1083
preparar-me	1083
nuca	1083
ideais	1082
vitórias	1082
columbia	1082
deixou-te	1082
kai	1082
compram	1082
deitar-me	1082
maestro	1082
parasita	1082
antiguidades	1081
pequenote	1081
profundezas	1081
usaria	1081
katrina	1081
dakota	1081
faz-se	1081
mataste-o	1080
out	1080
dunham	1080
sofisticado	1080
limitada	1080
corro	1080
united	1080
homossexuais	1080
garfo	1080
vencedora	1079
dewey	1079
horatio	1079
dita	1079
dirão	1079
sudoeste	1078
ofensiva	1078
du	1078
dispensar	1078
beta	1078
wright	1077
milionário	1077
satisfeitos	1077
isca	1077
esqueleto	1077
quintas	1077
manada	1077
corporação	1076
maratona	1076
manifestação	1076
säo	1076
retribuir	1076
telefono-te	1076
depender	1076
fitas	1076
indústrias	1075
diversas	1075
decifrar	1075
chamá-la	1075
informada	1075
acreditavam	1075
terrenos	1075
básica	1075
tocam	1075
bengala	1075
carteiro	1074
arrumado	1074
trouxe-o	1074
inimiga	1074
crystal	1074
stop	1073
estragues	1073
alí	1073
engenheiros	1073
rapidez	1073
izzy	1072
wheeler	1072
batem	1072
cobardes	1072
va	1072
laboratórios	1071
bicha	1071
alasca	1071
hás-de	1071
mercearia	1070
crescemos	1070
davam	1070
dançarina	1070
reddington	1070
mónica	1070
perceba	1069
dane	1069
escapa	1069
legumes	1069
acabaria	1069
quimioterapia	1069
dou-vos	1069
garantias	1069
atencioso	1069
construí	1069
pescador	1068
idéias	1068
veste-te	1068
percepção	1067
fiquemos	1067
condolências	1067
explicar-te	1067
ressentimentos	1067
infantaria	1067
matar-se	1067
catarina	1067
abranda	1067
jody	1067
secundários	1067
acreditaria	1066
veterano	1066
cassandra	1066
truman	1066
ocasionalmente	1066
skate	1066
grandeza	1066
puzzle	1065
malvada	1065
acabarem	1064
milo	1064
puxe	1064
síria	1064
danificado	1064
emergências	1064
enganei	1064
esfaqueado	1064
calcular	1064
ouvirem	1064
reboque	1064
dispositivos	1063
enganar-me	1063
lopez	1063
tratem	1063
supervisão	1063
espanhóis	1063
lês	1063
pílula	1063
armes	1063
lentes	1062
acelerador	1062
sujeitos	1062
descontrair	1062
palestra	1062
acompanhe	1062
punha	1062
quisessem	1062
caçadora	1062
pará-lo	1061
retira	1061
generais	1061
odeia-me	1061
melhorou	1061
violador	1061
apple	1061
malone	1060
kentucky	1060
órgão	1060
intimidade	1060
escolhes	1060
rush	1060
apelo	1059
tigela	1059
metáfora	1059
testículos	1059
amavas	1059
mentirosos	1059
pérolas	1059
cookie	1059
incidentes	1058
sujar	1058
preste	1058
regresse	1058
pleno	1058
respeitado	1058
salva-vidas	1058
cruzada	1058
fogos	1057
deprimida	1057
abdómen	1057
morrison	1057
bosta	1057
phillips	1057
perturbador	1057
importo-me	1057
publicado	1057
gravemente	1057
multas	1057
psiquiátrico	1056
administrador	1056
aproveite	1056
oferecer-te	1056
depósitos	1056
vereador	1056
resistente	1056
kgb	1056
est	1056
raven	1055
globo	1055
arrastado	1055
trudy	1055
apoia	1055
hart	1055
enfarte	1055
deriva	1054
deixar-vos	1054
escreves	1054
agitação	1054
campa	1054
obrigou-me	1054
blues	1054
arrependimento	1054
deixei-a	1053
dobra	1053
harbor	1053
receberá	1053
quartel-general	1053
arrefecer	1052
visitar-me	1052
obrigues	1052
impedir-me	1052
diários	1052
segurem-se	1052
drogados	1052
sully	1052
caranguejo	1052
argumentos	1052
poça	1052
connecticut	1051
prender-me	1051
maxwell	1051
conta-lhe	1051
atividade	1050
erupção	1050
cachorrinho	1050
enche	1050
iluminação	1050
temas	1050
interpretação	1050
credibilidade	1050
santiago	1049
lixada	1049
jogadas	1049
funcionamento	1049
national	1049
lã	1048
virtual	1048
puxou	1048
compreendi	1048
sintam	1048
conflitos	1048
múltiplas	1048
bonitão	1048
assistentes	1048
barraca	1048
dizem-me	1047
vance	1047
orgasmo	1047
perdê-la	1047
reparem	1047
buzz	1047
karev	1047
perguntaram	1047
crescente	1047
relacionamentos	1046
ferrari	1046
whitney	1046
devo-lhe	1046
apontada	1045
enfrenta	1045
bryan	1045
meto	1045
calmamente	1045
composição	1045
l.	1045
fizeste-o	1045
sequestro	1045
colisão	1045
encostar	1044
espertinho	1044
inicialmente	1044
spence	1044
representantes	1044
cook	1044
wraith	1044
imigrantes	1044
sobrenatural	1044
durão	1044
teimosa	1043
júpiter	1043
trilho	1043
operado	1043
vulneráveis	1043
fugimos	1043
magra	1043
tijolo	1042
cadete	1041
sinceridade	1041
darcy	1041
dissesses	1041
descobrisse	1041
décimo	1041
ofertas	1041
realizado	1041
apaixonei-me	1041
governos	1041
granadas	1041
amaldiçoado	1040
pa	1040
contenção	1040
sufocar	1040
fiscal	1040
psicológico	1040
terminada	1040
eco	1040
agricultura	1039
planeei	1039
adormeceu	1039
desvantagem	1039
tem-me	1038
adormeci	1038
variedade	1038
almofadas	1038
matthews	1038
penhasco	1037
masters	1037
discordo	1037
órfãos	1037
torná-lo	1037
conheci-o	1037
amadores	1037
mandamos	1037
mudamos	1036
apanhá-la	1036
falar-me	1036
tapar	1036
arrancou	1036
amendoins	1036
expulsa	1036
informados	1036
define	1035
michel	1035
suicidou-se	1035
rod	1035
contactou	1035
desprezo	1035
prédios	1034
igualdade	1034
grandioso	1034
isolar	1034
preliminares	1034
procurador-geral	1034
horários	1034
esquemas	1034
escolhida	1034
get	1034
sorria	1034
torpedos	1033
pílulas	1033
meteu-se	1033
vala	1033
mckay	1033
duras	1032
acesa	1032
claude	1032
ratazana	1032
viena	1032
divirta-se	1032
lang	1032
richards	1032
churchill	1032
punhos	1032
apertada	1031
tentasse	1031
demônio	1031
rabino	1031
mudará	1031
apoiado	1031
romper	1031
alterado	1031
les	1031
afastar-me	1031
abu	1031
populares	1031
agarrei	1030
concertos	1030
normas	1030
adjunto	1030
fotografar	1030
bonecos	1029
pedi-te	1029
louie	1029
assusta-me	1029
dêem-lhe	1029
vagas	1029
vidros	1029
gestapo	1029
encontrou-o	1029
nacionais	1029
trouxe-lhe	1029
aprecia	1029
melhora	1029
transformado	1028
financiar	1028
sanduíches	1028
solteiros	1028
willis	1028
sheppard	1028
hawk	1028
deixou-a	1028
aldeias	1027
charutos	1027
youtube	1027
oxford	1027
doação	1027
bailarina	1027
agressiva	1027
noutros	1026
bolsas	1026
vago	1026
copiar	1026
dog	1026
mantenha-se	1026
vejo-vos	1026
acende	1025
faraó	1025
pedires	1025
concordam	1025
automóveis	1025
sénior	1025
capuz	1025
deite-se	1024
patrulhas	1024
pretas	1024
raptores	1024
this	1024
chili	1023
faltou	1023
ova	1023
unha	1023
improvisar	1023
sonha	1022
aliviado	1022
pagava	1022
dolorosa	1022
springs	1022
mercenários	1022
dedicação	1022
aidan	1022
doar	1022
juntar-me	1022
observador	1022
life	1021
lucifer	1021
preocupar-me	1021
quer-me	1021
analista	1021
condenar	1021
tese	1021
cessar	1021
espaços	1021
realeza	1020
sortuda	1020
tambor	1020
possuir	1020
cuspir	1019
coloquem	1019
juliette	1019
lixeira	1019
isabella	1019
poemas	1019
ctu	1019
lembrado	1019
foguetes	1019
homicida	1019
tradições	1019
ketchup	1019
avise	1019
desordem	1018
confiável	1018
juntar-te	1018
exagero	1018
concordámos	1018
cap	1018
exigente	1018
livremente	1018
acertaste	1018
vitaminas	1018
separadas	1018
curtas	1018
achares	1018
envergonhar	1017
alimenta	1017
jogue	1017
subs	1017
analgésicos	1017
ultimo	1017
assentar	1016
permite-me	1016
crescida	1016
negligência	1016
passagens	1016
syd	1016
frederick	1016
mencionei	1015
ganhava	1015
chatos	1015
levarmos	1015
escritora	1015
ficavas	1015
injustiça	1015
colocada	1015
avante	1015
nuas	1015
yankees	1014
cora	1014
sugestões	1014
aleijado	1014
alarmes	1014
ide	1014
andávamos	1014
bora	1014
lembres	1014
selecção	1013
moon	1013
taxista	1013
rolar	1013
triunfo	1013
alérgica	1013
hawkins	1012
obama	1012
agonia	1012
ajudando	1012
equação	1012
sã	1012
prince	1012
necessitamos	1012
ambicioso	1012
merecemos	1012
ouvi-o	1012
relacionados	1012
jin	1012
chicote	1011
retaguarda	1011
jude	1011
olhamos	1011
eletricidade	1011
desprezível	1011
atingidos	1011
desgosto	1011
apagou	1011
impulsos	1011
dezoito	1010
posso-te	1010
comas	1010
orleans	1010
rejeitado	1010
colocá-la	1009
mosteiro	1009
separar-nos	1009
bin	1009
sudeste	1009
fran	1009
inauguração	1009
conexão	1009
ligamos	1009
infernal	1009
caitlin	1008
voador	1008
visitou	1008
consulado	1008
soma	1008
disparei	1008
mostrar-vos	1008
importes	1007
alvin	1007
comovente	1007
ressonância	1007
camponeses	1007
luís	1007
aplauso	1007
encontraria	1006
levo-a	1006
perderia	1006
gabby	1006
feroz	1006
corajosos	1006
deixei-te	1005
forçados	1005
assinei	1005
contaram	1005
criando	1005
retomar	1005
recorda	1005
ângela	1005
donzela	1005
coleção	1005
arranjaram	1004
pensarem	1004
externa	1004
jaime	1004
telefonado	1004
avariou	1004
devolva	1004
fracturas	1004
fanny	1003
limpou	1003
cona	1003
lembrei	1003
macarrão	1003
lsto	1003
bater-lhe	1003
conheçam	1003
imprevisível	1003
heidi	1003
traduzir	1003
oswald	1002
palm	1002
hera	1002
servirá	1002
decker	1002
atenda	1002
significou	1002
madeline	1002
medalhas	1001
gratos	1001
abdicar	1001
acordaste	1001
detidos	1001
esperavam	1001
visses	1001
adoro-o	1001
abismo	1001
illinois	1001
jurados	1000
moss	1000
andrews	1000
bolacha	1000
acusados	1000
argentina	999
mencionado	999
vendia	999
elias	999
beck	999
blocos	999
di-lo	999
lê-lo	999
milton	999
magnus	999
estrangeira	998
exposta	998
interessar	998
procuradoria	998
ate	998
aguentem	997
lin	997
bússola	997
plástica	997
sofrido	997
recuperado	997
pesadas	997
zoom	997
conduziu	997
preliminar	996
trabalhavam	996
existiam	996
carvalho	996
abrem	996
dá-mo	996
jurou	996
manter-nos	996
comeres	996
bate-me	996
cirurgias	996
adivinhe	995
pinguins	995
patterson	995
extracção	995
tyson	995
acerta	995
olhaste	995
more	994
atinge	994
sunny	993
acertado	993
aviso-te	993
ligares	993
chateies	993
tijolos	993
financiamento	993
ciumento	993
disse-vos	993
sonya	993
acompanhado	993
resumo	992
darmos	992
estábulo	992
down	992
privilégios	992
mania	992
inferiores	992
caíste	992
demônios	992
comportar	991
boyle	991
comandos	991
führer	991
fizeram-me	991
chamavam	991
anita	991
arquitecto	991
subúrbios	991
tartarugas	991
educada	990
desliguem	990
cante	990
extorsão	990
admissão	990
registros	990
timothy	990
canalizador	990
gastou	989
vernon	989
anotações	989
hood	989
noel	989
juntou	989
beija	989
averiguar	989
burton	989
eramos	989
lamenta	989
artur	988
holanda	988
auge	988
ioga	988
hale	988
funerária	988
intervir	987
acordem	987
perdoado	987
trenó	987
fiz-lhe	987
odor	987
cachimbo	987
eminência	986
iogurte	986
moya	986
convites	986
grossa	986
jogando	985
sherry	985
republicano	985
faminto	985
tácticas	985
espertalhão	985
atacam	985
deitou	985
imposto	984
preocupa-se	984
mantém-se	984
citação	984
afecto	984
tem-se	984
aprendiz	984
físicos	984
cargas	984
mutantes	984
automática	983
cromo	983
criadas	983
rangers	983
marado	983
vovó	983
clive	983
fralda	983
cobertores	982
ahh	982
thea	982
trovão	982
potenciais	982
falávamos	982
lorraine	981
dirigir-se	981
batia	981
posta	981
autorizada	981
francine	980
tratar-me	980
beatles	980
pira-te	980
compradores	980
excepcional	980
descobrem	980
baratos	979
sinclair	979
cerco	979
feitio	979
precisará	979
miseráveis	979
inscrição	979
sentisse	979
alfândega	978
reverter	978
explicaria	978
wc	978
teme	978
trazeres	978
anatomia	978
engraçadinho	978
experimental	977
anular	977
video	977
podres	977
planeamento	977
napoleão	977
contribuir	977
alfredo	976
georgie	976
esfera	976
descarga	976
rendição	976
divertimo-nos	976
proteínas	976
afaste	976
dinossauro	976
jardins	976
giles	975
judas	975
seguiram	975
desportos	975
precisaremos	975
lagarto	975
temperamento	975
escaparam	975
et	975
caine	975
esposo	975
largou	975
conferências	975
beethoven	974
bisbilhotar	974
acostumado	974
bufo	974
impaciente	974
morram	974
defende	974
pegaram	974
prende	974
luca	974
iowa	974
espelunca	973
sinto-o	973
elogios	973
nocturna	973
entregá-lo	973
liga-lhe	973
talentosa	973
escurecer	973
agradecer-me	973
spartacus	973
sergei	972
informática	972
tinto	972
eleitores	972
voam	972
permitirei	972
passasse	972
lobisomens	971
cowboys	971
cruzadas	971
impedido	971
moram	971
ingénuo	971
digna	971
herbert	971
atlantis	971
intacto	971
desmond	970
candy	970
escondem	970
infelizes	970
fendas	970
gere	970
aparecerem	969
reage	969
desenvolveu	969
tartes	969
esconde-te	969
camelo	969
segundas	969
marcial	968
presumir	968
bocas	968
custa-me	968
giros	968
cujos	968
morango	968
colmeia	968
evita	968
alugado	968
oklahoma	967
sensor	967
concentrar-me	967
hacker	967
rafael	967
explicar-me	967
exibir	967
rufia	967
adoráveis	967
uvas	966
parecesse	966
bifes	966
signifique	966
extraordinárias	966
legião	966
transformou-se	966
ming	966
preocupam	965
cordão	965
tremendo	965
pedia	965
árbitro	965
or	965
estabilidade	965
on-line	965
aplausos	965
chances	965
fode	965
preferir	965
tábua	964
parámos	964
nascem	964
físicas	964
petição	964
roubou-me	964
ofereço	964
carregador	964
diriam	964
tragam-no	963
rampa	963
igrejas	963
arrependo	963
subo	962
butch	962
hospedeiro	962
moço	962
compatível	962
enviem	962
monitorizar	962
frances	962
quadrados	962
golden	962
punk	961
mago	961
chega-te	961
arranjar-me	961
empatar	961
frontal	961
roxo	961
mudando	961
julgam	960
arranjar-lhe	960
recreio	960
provado	960
doe	960
oceanos	960
fixo	960
informou	960
juvenil	960
jennings	959
conviver	959
matámos	959
paddy	959
robbins	959
cylon	959
cegas	959
picada	959
dizer-se	958
viverá	958
apropriada	958
recusa-se	958
bateu-me	958
deixou-nos	958
unida	958
espanhola	958
pote	958
sela	958
tobias	958
castanhos	958
raylan	958
recusado	957
quantidades	957
pálido	957
átrio	957
tribunais	957
camisolas	956
coleira	956
sonia	956
comeram	956
sofrem	956
messias	956
encontrarás	956
dezasseis	956
conseguirás	956
salem	956
mostrem	955
nobel	955
pendurada	955
palha	955
àquilo	955
argo	955
ruptura	955
an	954
desfiladeiro	954
amnésia	954
transformar-se	954
visitá-lo	954
imobiliária	954
cantina	954
amargo	954
atiraram	954
bon	954
soltas	953
ópio	953
moção	953
visitante	953
reconstrução	953
freiras	953
su	953
bourbon	953
burros	953
defensor	952
paranóia	952
tropical	952
equivalente	952
olive	952
repouso	952
nº	952
invencível	952
conhecermos	951
indicações	951
seduzir	951
oitavo	951
coincide	951
culpes	950
recrutar	950
incomodar-te	950
desejei	950
arrombar	950
verificou	950
mentir-me	950
pagar-me	950
espectro	950
apresentado	950
hip-hop	949
milão	949
oitenta	949
perverso	949
escocês	949
povos	949
vice	949
metidos	949
façam-no	949
butler	949
betsy	949
newman	949
receba	949
imploro-te	948
anestesia	948
leah	948
shelley	948
arrepios	948
artefacto	948
tango	947
baunilha	947
compraram	947
maryland	947
objeto	947
cho	947
vómito	947
quereres	946
adoptar	946
exercer	946
milha	946
soa-me	946
confies	946
degrau	946
abaixa-te	946
tomando	946
ritchie	946
bull	945
ocorrido	945
alega	945
salvares	945
grão	945
caminhão	945
mrs	945
fogem	945
en	945
autêntica	945
gaius	945
continuei	945
dilema	945
essencialmente	944
eliminado	944
voltarás	944
viu-me	944
rastrear	944
rápidas	943
martinez	943
bebam	943
insultar	943
servidores	943
libertou	942
vadio	942
barreiras	942
terrestres	942
esparguete	942
xander	942
frias	942
referia	941
celeste	941
críticos	941
contei-lhe	941
cheirava	941
funcionava	941
selos	941
jerome	941
ethel	940
embarque	940
admirável	940
deliberadamente	940
soprar	940
matem-no	940
vassoura	940
nato	940
criamos	940
aterrou	940
decência	939
darwin	939
expostos	939
congelador	939
percam	939
esteróides	939
ligeira	938
pinguim	938
esgotado	938
humidade	938
roubam	938
precauções	938
ponham-se	938
haven	938
põe-no	938
leva-os	937
tinha-o	937
crachá	937
locke	937
rupert	937
apanhar-me	937
fizéssemos	937
grelha	937
usá-los	937
viciados	937
confiamos	937
procurados	937
abraços	937
mantemos	936
frios	936
ip	936
comendo	936
mero	936
harlem	935
jantares	935
geleia	935
tarzan	935
ex.	935
stanton	935
gastos	934
dramática	934
anormais	934
castigado	934
r.	934
vai-nos	934
ultra	934
amorzinho	934
rendimento	934
registro	934
cirurgiões	934
contou-te	933
confidenciais	933
distúrbio	933
reparações	933
brindar	933
contar-nos	933
electrónica	932
cubo	932
puxem	932
ilegalmente	932
camadas	932
anões	932
maddy	932
esticar	932
carly	932
safado	931
desempregado	931
cruéis	931
curvas	931
luar	931
utilizado	931
cox	931
inspirado	931
deslizar	931
maine	931
sóbria	931
todo-poderoso	930
respondem	930
seeker	930
descontrolado	930
tanga	930
buda	929
benton	929
sereia	929
tostão	929
sobrenome	929
represento	929
ice	929
vendida	929
encontrarão	928
bass	928
sabê-lo	928
concorrentes	928
descreve	928
felicity	928
bactérias	928
viajantes	927
tirar-nos	927
soviéticos	927
hão-de	927
tira-a	927
magoá-lo	926
explicar-lhe	926
k.	926
ofereceu-me	926
lidamos	926
manda-o	926
hot	926
potente	926
dispor	925
caseiro	925
pistolas	925
marcador	925
bloom	925
mantinha	925
asma	925
mata-a	925
corto	925
desnecessário	925
hoover	925
sensacional	925
tóxico	925
chegaria	924
protegidos	924
achasse	924
chiça	924
acordados	924
direcções	924
imploro	924
mcdonald	924
levaram-no	924
pesquisei	923
contornar	923
ônibus	923
cyril	923
gorjetas	923
libertem	923
dillon	923
demonstra	923
retirou	923
bonzinho	922
preocupa-me	922
anotar	922
bridge	922
localizado	922
previsão	921
ouçam-me	921
restrição	921
indiferente	921
frustrante	921
diaz	921
graxa	921
fechaduras	921
natasha	921
convencer-me	921
byron	921
marjorie	920
órfão	920
madrasta	920
devoção	920
golfinhos	920
estás-te	920
andes	920
gelatina	919
câmeras	919
raros	919
odo	919
virgens	919
massachusetts	918
criativa	918
gala	918
resumindo	918
nico	918
coulson	918
subterrâneo	918
perguntem	918
rosen	918
monges	918
repetidamente	918
intacta	917
mandaram-me	917
bruta	917
faith	917
vendê-lo	917
remota	917
alvejou	917
partem	917
informe	916
falsificação	916
revelado	916
alergia	916
cheyenne	916
lamentável	916
colheitas	916
lares	915
minta	915
bisturi	915
morria	915
reconfortante	915
ll	915
impostor	915
conduza	915
gangster	915
europeu	915
israelitas	915
vara	915
portugal	915
porta-voz	914
tirá-los	914
fêmeas	914
banqueiro	914
tragam-me	914
natação	914
criticar	914
víamos	914
vc	914
un	913
ilusões	913
noventa	913
cumpre	913
retire	913
manobras	913
adaptar	913
emissão	912
demitir	912
mereceu	912
grimm	912
discutiram	912
adega	912
jensen	912
louisiana	912
reilly	912
escritos	912
voçê	912
joanna	911
starbuck	911
malik	911
buster	911
vendedores	911
filmado	911
dodge	910
know	910
adormecido	910
vieres	910
fedor	910
criam	910
decorar	910
disney	910
poupanças	909
devidamente	909
dell	909
conversámos	909
entes	909
escondi	909
reviravolta	909
encarregue	908
sobrevivi	908
union	908
apresento	908
conheceres	908
atiro	908
mera	908
mostrado	908
ligava	908
agradeça	908
psicológica	907
aberrações	907
inesperada	907
ambiental	907
suavemente	907
cadillac	907
gossip	907
alien	907
emocionais	907
an4	907
melodia	907
smallville	907
aproveitem	906
portuguese	906
distantes	906
destruí-lo	906
esponja	906
cheiram	906
impotente	906
ponha-se	906
link	906
cortaram	906
boys	906
levem-na	906
parasitas	906
metralhadora	905
casual	905
radiante	905
phyllis	905
sogra	905
fins-de-semana	905
descendente	904
daryl	904
jà	904
lillian	904
direta	904
prático	904
montado	904
cometeste	904
agradáveis	904
regional	904
alexandre	904
tornaste-te	904
lima	904
fraquinho	903
religiosos	903
deslumbrante	903
morrerei	903
alpendre	903
bairros	903
hamlet	903
acabasse	903
herman	902
evitado	902
confere	902
dedicada	902
denunciou	902
apanhámo-lo	902
penetrar	902
cálculo	902
múltiplos	902
ramon	902
julieta	901
chaminé	901
patriota	901
alojamento	901
elise	901
elenco	901
reviver	901
astrid	900
tomares	900
iniciou	900
obstrução	900
chorando	900
costeletas	900
coiro	900
tentarmos	900
worf	900
acidental	900
óscar	899
temperaturas	899
tailândia	899
atraída	899
leland	899
cartuchos	899
cápsulas	899
bilhões	899
esmagado	898
torturado	898
harley	898
chama-lhe	898
angus	898
disserem	898
cafés	898
lha	898
gostares	898
automaticamente	898
mova	898
genuíno	898
noticia	898
trocado	898
destruídas	898
aceitaria	898
fecharam	897
disseram-nos	897
adquirir	897
infiel	897
huck	897
aguardem	897
terminaste	897
julio	897
mataram-no	897
c.j.	896
guardou	896
intensidade	896
adoro-vos	896
pediram-me	896
frescos	896
warner	896
apresento-lhe	895
alavanca	895
suécia	895
tacada	895
conta-nos	895
mutação	895
preces	895
obriga	895
xarope	895
cercados	895
poupa	894
cumprida	894
stacey	894
sedativo	894
mutuamente	894
pedrada	894
espingardas	894
jardas	894
travão	894
restou	894
incendiar	893
fôr	893
cruzado	893
ordenar	893
avaria	892
manuscrito	892
tratá-lo	892
cece	892
smoking	892
inspira	892
arqueiro	892
filtro	892
dividido	892
casou-se	892
norris	892
jaffa	892
pregos	891
enviaste	891
tensa	891
recipiente	891
recibos	891
ruína	891
desgraçados	891
sites	890
jarvis	890
mountain	890
barbeiro	890
estragada	890
cantam	890
convidaste	890
pusemos	890
mangas	890
peão	890
danço	890
baralho	889
redondezas	889
tramados	889
guarda-roupa	889
dedicar	889
pô-los	889
urânio	888
catálogo	888
winchester	888
dó	888
rasgar	888
millie	888
plantação	888
bandeiras	888
esquilos	888
interrogado	888
sarar	887
beau	887
natas	887
empurrão	887
limpezas	887
persegue	887
instrutor	887
falar-te	887
cresceram	887
pararem	887
causada	886
perdi-o	886
engatar	886
borg	886
castor	886
seta	886
abaixe	886
henri	886
fofinho	886
vestes	886
panela	886
concreto	886
lexi	885
setenta	885
cultivar	885
anca	885
benson	885
atualmente	885
reportar	884
furo	884
bennet	884
explica-me	884
mei	884
típica	884
adorado	884
significaria	884
polo	884
fera	884
gostasses	884
lion-o	884
poker	884
angariação	883
defensiva	883
chove	883
estäo	883
tigres	883
concha	883
escute-me	883
redução	883
ensinado	883
brent	883
acabava	883
fraquezas	883
sorriam	882
cornos	882
interrupção	882
firmes	882
foreman	882
fabricante	882
mostra-nos	882
reparação	882
sing	881
mercúrio	881
morcegos	881
webber	881
contínuo	881
pike	881
lembrares	881
aparente	881
muçulmano	881
just	881
odin	881
arguido	881
shots	881
ouvi-los	880
ancas	880
testemunhou	880
recusei	880
âncora	880
indicado	880
edna	880
reconsiderar	880
focar	880
permanentemente	879
contribuição	879
tocaste	879
juliet	879
estáveis	879
perguntando	879
repórteres	879
alumínio	879
desenhou	879
diabetes	879
tendências	879
demitido	879
abençoada	879
ocular	879
enfermeiro	879
matriz	879
asiático	878
beijei	878
reinado	878
médico-legista	878
tessa	878
expliquei	878
estritamente	878
seringa	878
troféus	878
alertar	878
vilões	878
banhos	877
artístico	877
deixe-se	877
deixaremos	877
imprimir	877
sofreram	877
qu	877
deixada	877
mpenaf	877
fritz	877
margens	877
corres	877
clone	877
ganhares	877
escorpião	877
tocar-lhe	876
aprendes	876
dirige-se	876
preferidos	876
sobrancelhas	876
aparências	876
sweets	876
cenouras	876
gentilmente	876
gatinha	875
alzheimer	875
perder-te	875
turista	875
turco	875
subconsciente	875
preocupares	875
jasmine	875
q2	875
recepcionista	875
frustrado	875
ariel	875
pepper	875
ensinaram	875
ike	875
lemon	874
gangs	874
saliva	874
protestar	874
wisconsin	874
aceitaste	874
regressei	874
conselheira	873
atriz	873
escritas	873
giras	873
auggie	873
dividimos	873
are	873
super-herói	873
licor	873
previsível	873
she	873
básicas	873
achavam	873
obvio	872
descreveu	872
caligrafia	872
esquisitos	872
manto	872
mordida	872
assaltado	872
tenciona	872
semelhança	872
carroll	872
massagens	872
pintado	871
rejeitar	871
lamentas	871
circunstância	871
batedor	871
krusty	871
ve	871
barragem	871
funcionando	871
vampira	871
diversões	871
princeton	870
mutante	870
desfeito	870
armários	870
imortalidade	870
surfar	870
mercados	870
comanda	870
compreenda	870
destinados	870
democratas	870
aprendem	870
marley	869
fode-me	869
heil	869
prometo-lhe	869
pecadores	869
ofício	869
crocodilos	869
subida	868
aborrecer	868
genebra	868
esqui	868
min	868
fidelidade	867
round	867
pinto	867
torneira	867
obscuro	867
económica	867
cotovelo	867
abaixem-se	867
covil	866
vinci	866
f.	866
honor	866
centímetro	866
saberias	866
estupendo	866
conhecem-se	866
estufa	866
baba	866
origens	866
mantem	866
ernest	866
corey	866
artifício	865
conhecidas	865
jed	865
colocam	865
transportador	865
salários	865
acolhimento	865
verso	865
resolva	864
disfarçar	864
despir	864
avise-me	864
bette	864
descobrires	864
dharma	864
decida	864
infectados	864
beijinho	864
saibamos	863
tratarei	863
chore	863
telefónicos	863
pia	863
romances	863
impor	863
vergonhoso	863
coitada	863
apareceres	862
boo	862
duende	862
fofinha	862
pontes	862
dispares	862
insanidade	862
absorver	862
evoluir	862
moradores	862
adorou	862
afirmação	861
mandados	861
galactica	861
chamo-lhe	861
aeryn	861
quark	861
correta	861
missouri	861
assustou-me	861
milícia	861
america	861
mantive	861
acreditaste	861
retornar	861
boone	861
claros	861
waffles	861
arranjares	861
power	861
aproximem-se	860
cadê	860
activos	860
genro	860
cavalgar	860
vissem	860
sócia	860
elevadores	860
ensinam	859
magnética	859
avance	859
stock	859
canela	859
good	859
referia-me	859
marian	859
vingar-se	858
pedisse	858
pensarmos	858
pêsames	858
enrolar	858
drácula	858
daily	858
preocupar-se	858
magoá-la	858
verificamos	857
boletim	857
existisse	857
anciãos	857
anima-te	857
histórica	857
largas	857
metam	857
falará	857
memorando	857
renunciar	856
diamond	856
mon	856
espia	856
conveniência	856
julgamentos	856
delícia	856
grissom	855
light	855
tédio	855
entendimento	855
antiquado	855
loiro	855
ages	855
mesquita	855
mágicas	855
matará	855
daremos	855
morty	855
vibração	854
grites	854
muros	854
envenenamento	854
cancelou	854
derrame	854
cumprimento	854
embalagem	854
dependem	854
vigiado	854
charmoso	854
proprietários	854
chupa	853
fragmento	853
sopra	853
chuis	853
encerrada	853
gritando	853
philippe	853
des	853
bagageira	853
compor	852
respondes	852
ptbr	852
mentiu-me	852
ressurreição	852
divisões	852
detonar	852
basquete	852
meteram	851
comprámos	851
tito	851
grosso	851
honras	851
cylons	851
filhote	851
aguentava	851
frascos	851
colónias	851
ceia	851
chamamos-lhe	851
mentiria	851
colocaste	851
manta	851
nápoles	851
aperitivos	850
influenciar	850
dimensões	850
passaria	850
irracional	850
oui	850
imaginado	850
praias	850
pneumonia	850
quererá	850
bárbaros	850
ria	850
dev	850
sky	850
bianca	849
múmia	849
utah	849
qué	849
organizações	849
atiraste	849
actualização	849
espectáculos	849
ataquem	848
progredir	848
reaver	848
incriminar	848
coxas	848
muralhas	848
prudente	848
duquesa	848
pilas	848
hà	848
harlan	847
afiada	847
espanto	847
relembrar	847
charley	847
componentes	847
prestam	847
hanson	847
sofri	847
perkins	846
ratazanas	846
favoritas	846
catorze	846
colaterais	846
táxis	846
barrett	846
navalha	846
soja	846
instituições	846
plenamente	846
separe	846
fazem-me	846
observado	846
prendemos	845
carver	845
conduzia	845
françois	845
beijar-te	845
intestino	845
qi	845
cobb	845
dependendo	845
tonelada	845
cansativo	845
assaltante	845
tolerância	845
alabama	845
converter	844
pulgas	844
implante	844
servia	844
beijou	844
pombo	844
smart	844
pergunte-lhe	844
ofensivo	844
janeway	843
like	843
implantes	843
chateia	843
fodam	843
orson	843
caindo	843
aconselhamento	843
metais	843
donut	843
adele	843
radicais	842
entreguei	842
abertamente	842
vendeste	842
pónei	842
tralha	842
criaste	841
ementa	841
numas	841
turquia	841
roupão	841
mariquinhas	841
hi	840
cairo	840
óbito	840
echo	840
fowler	840
localizá-lo	840
explicou	840
vinde	840
rivais	840
introduzir	840
recrutas	840
deixe-os	840
duck	839
silva	839
formam	839
aprenderam	839
metem	839
oprah	839
pergunta-me	839
papo	839
sacramento	838
artefactos	838
camuflagem	838
tributo	838
principio	837
darius	837
tréguas	837
comê-lo	837
verdades	837
conseguíamos	837
discordar	837
munição	837
espalhados	837
village	837
quilómetro	837
declaro	837
apagão	837
fechei	837
inapropriado	836
morena	836
puser	836
aveia	836
constipação	836
escrevia	835
aprenda	835
lábio	835
sábados	835
control	835
aparecesse	835
amores	834
panamá	834
prometemos	834
divorciado	834
assumindo	834
reúne	834
decentes	834
deficiente	834
bear	834
bunda	834
abordar	834
mudámos	834
neelix	833
similar	833
fiéis	833
confidencialidade	833
nascença	833
perguntarem	833
isolada	833
escreveram	833
envenenar	833
demorará	833
cisco	832
everett	832
indicação	832
gémeo	832
sermões	832
iii	832
entrasse	832
chocada	831
continuemos	831
haveis	831
voando	831
comê-la	831
geórgia	831
setor	830
dax	830
sierra	830
matinal	830
executivos	830
banca	830
pequim	830
ragnar	830
tomadas	830
apontamentos	830
vagabundos	830
balançar	830
madrinha	830
esvaziar	830
avançamos	830
surto	830
hardy	830
dermos	829
scanner	829
fitzgerald	829
monta	829
parecemos	829
trá-la	829
feixe	829
strike	828
parques	828
assombrada	828
gloriosa	828
manicómio	828
irmãzinha	828
caveira	828
cate	828
plateia	828
gueto	828
sinatra	828
conduzes	828
torpedo	828
mascote	828
aliens	828
elevados	827
colunas	827
entäo	827
vencemos	827
soluções	827
lyon	827
digo-lhes	827
objetos	827
vejo-a	827
batas	827
acusar-me	827
abres	826
krishna	826
rima	826
traí	826
atenta	826
simpáticas	826
revolucionário	826
vinnie	826
trazê-los	826
tabela	825
ling	825
aroma	825
itens	825
apito	825
assino	825
doador	825
molhar	825
escalada	825
assassínios	825
pores	824
hillary	824
cume	824
ameaçar-me	824
cruzados	824
telescópio	824
pizzas	824
investiguei	824
parasse	824
vácuo	824
pescadores	823
maligno	823
atos	823
alterou	823
acreditaram	823
grade	823
concorrente	823
mostras	823
queimadura	823
cadetes	823
católicos	823
keen	823
intermediário	823
chatear-me	822
gretchen	822
lux	822
teoricamente	822
tornozelos	822
leitores	822
gardner	822
avesso	822
oleg	822
capturados	822
amos	822
piorou	822
flora	822
bote	822
abastecimento	822
gostos	822
plaza	821
decidires	821
kayla	821
superintendente	821
reyes	821
cofres	821
franca	821
constrangedor	821
dicionário	821
profundos	821
desemprego	821
atendedor	820
habituais	820
aperte	820
alce	820
adicional	820
conhece-la	820
tennessee	820
tesla	820
nomear	820
maternidade	820
guardam	820
traidora	820
tona	820
rádios	820
relatar	820
africano	820
bicicletas	820
confiem	820
atómica	819
encurralados	819
sondagens	819
arruma	819
ganso	819
eixo	819
forçou	819
errar	819
frescas	819
cenoura	819
contador	819
maduro	819
bravura	819
competente	819
metropolis	819
húmido	819
credível	819
imundo	819
adiantar	818
executiva	818
libertada	818
fuller	818
audições	818
marines	818
acompanha	818
directos	818
frequências	818
trabalharmos	817
europeus	817
enforcar	817
ouves-me	817
balanço	817
sinceros	817
agido	817
maço	816
encurralado	816
papi	816
compara	816
culinária	816
holandês	816
ocupadas	816
trágica	816
shopping	816
arch	816
parecidas	816
brick	816
adversários	816
apontou	815
precedentes	815
yu	815
tripas	815
norm	815
chapman	815
herb	815
espirito	815
chamaste-me	815
ressuscitar	815
bagunça	815
baixou	814
redenção	814
vasta	814
prometeu-me	814
flagrante	814
tanas	814
tenho-a	814
raras	814
restante	814
bestas	814
ecstasy	814
ervilhas	814
disse-o	814
sémen	813
relacionada	813
pi	813
falecida	813
remediar	813
flexível	813
interrompido	813
caçadeira	813
fenomenal	813
vicki	812
abaixa	812
alianças	812
demorado	812
skye	812
seguir-nos	812
hotch	812
fezes	812
vagão	812
psicótico	812
liberal	812
bruxaria	812
etapa	812
acabados	812
perguntava	812
recusou-se	811
lilith	811
seymour	811
mostraram	811
cantando	811
estimado	811
verificado	811
génios	811
pittsburgh	811
garden	811
mártir	811
enfiado	811
aquisição	811
divertidas	811
assinaturas	810
grega	810
gravou	810
continuaremos	810
caseira	810
gerard	810
meteres	810
ruiz	810
catedral	810
vénus	810
desistido	810
pediria	810
nathaniel	809
punido	809
liberte	809
cancelada	809
importares	809
wagner	809
yoga	809
louros	809
incentivo	809
cantava	809
sucedeu	809
estraga	809
miuda	809
lanternas	809
estrago	809
alas	809
afectado	808
pombos	808
separa	808
sonhava	808
conhece-me	808
impune	808
barulhos	808
tende	808
coreano	808
aliviada	808
astuto	807
linus	807
discretamente	807
monumento	807
alvarez	807
corretor	807
duvida	807
pegada	807
confrontar	807
trajectória	807
lisonjeado	807
inteiros	807
x.	807
partilham	807
radio	807
descontrai	807
desembucha	806
oferecido	806
clássicos	806
brigas	806
considerável	806
envolveu	806
caffrey	806
enjoado	805
heights	805
excursão	805
turcos	805
calorias	805
flanco	805
convulsões	805
parafusos	805
todavia	805
operacionais	805
devolvê-lo	805
at	805
individual	804
thornton	804
cafeína	804
turtle	804
carpete	804
náuseas	804
tirámos	804
matou-se	804
formulários	804
manifesto	804
batendo	803
suporta	803
roubar-me	803
elástica	803
mercê	803
varinha	803
desististe	803
antoine	803
compreendemos	803
tetas	803
castro	803
surpreendentemente	803
viatura	803
mustang	802
fluidos	802
mantém-me	802
padaria	802
panfletos	802
mandei-o	802
guarda-chuva	802
anunciou	802
charro	802
contar-lhes	802
despejar	801
forenses	801
flechas	801
baixinho	801
percebia	801
karaté	801
concentrar-nos	801
invisíveis	801
vibrações	801
chips	801
mostraste	800
riacho	800
matarei	800
é-me	800
ducky	800
abbott	800
jornalismo	800
sogro	800
rejeição	800
porsche	799
amarrar	799
tendem	799
bank	799
ofereci	799
blur1.5	799
not	799
mineiros	799
chui	799
pacífica	799
preocupava	799
pede-lhe	799
reforço	798
saborear	798
solte-me	798
raciocínio	798
combinam	798
designado	798
bastava	798
ocultar	798
complexa	798
ostras	798
ultrapassa	798
tiradas	798
convencional	798
cabedal	798
cujas	798
empregadas	797
respondas	797
auto-estima	797
xangai	797
deverão	797
creche	797
esconder-te	797
fornecimento	797
deixem-na	796
modernos	796
tróia	796
minto	796
nojentos	796
domina	796
laden	796
destinada	796
ganancioso	796
agitar	796
decomposição	796
mastigar	796
esqueces	796
dinastia	796
provei	796
vasto	796
zeke	796
trazemos	796
reformar	795
substâncias	795
n0te	795
acompanhar-me	795
ramsey	795
paralelo	795
mudes	795
borboletas	795
brando	795
capitólio	794
vegetal	794
patrões	794
gênio	794
baza	794
baú	794
tirarmos	794
internas	794
incomodá-la	794
nevar	794
libertados	794
luna	793
alcateia	793
grite	793
ides	793
ursinho	793
amanha	793
experimentei	793
j.d.	793
desço	793
tirava	793
aéreas	793
psiquiátrica	793
ajude-nos	792
lagos	792
pureza	792
propostas	792
lizzy	792
município	792
sê-lo	792
derramar	792
independentes	792
referes	792
rhodes	791
nadine	791
seita	791
peluche	791
apanhou-o	791
mandei-te	791
monitores	791
mosquitos	791
escultura	791
provocado	791
divorciar	791
ca	791
escolhem	791
soutien	791
espectadores	791
louça	791
pérola	791
cometeram	791
bateram	790
miriam	790
pararmos	790
morreremos	790
mars	790
beatrice	790
cambridge	790
con	790
rahl	790
marsh	790
esperares	790
telefonaste	790
snow	790
estagiário	789
quagmire	789
polaco	789
rodriguez	789
arrombamento	789
futuras	789
diálogo	789
aubrey	789
batimento	789
minnesota	789
passeios	789
viam	789
impossíveis	789
julius	789
viking	789
magnético	789
válido	788
dezassete	788
universidades	788
tutor	788
bethany	788
escondeste	788
traga-o	788
subindo	788
segui-la	788
paneleiro	787
sussurrar	787
tripp	787
dr.ª	787
alugou	787
culpar-me	787
saír	787
compensação	787
substituição	787
presidentes	787
silenciosa	787
pular	786
rezei	786
medricas	786
pêssego	786
who	786
usarem	786
pintou	786
proa	786
manos	786
divertidos	786
ouvisse	785
fazem-no	785
falhada	785
engraçados	785
malibu	785
voçês	785
invadiram	785
camarim	785
gritei	785
samaritano	785
teia	785
dispensa	785
babe	784
loretta	784
descendentes	784
famosas	784
sim.	784
mútuo	784
cain	784
webster	784
pondo	784
cancela	784
formado	784
violado	784
servos	784
oculto	784
feriu	784
hopper	784
demore	784
faísca	784
nomeação	784
dwayne	784
barrow	784
páre	784
minúsculo	783
embalar	783
precisarmos	783
marks	783
prime	783
secos	783
imperatriz	783
acenar	783
fez-nos	783
sugeres	783
vulcano	783
feto	783
comprida	783
cabeleireiro	783
secas	783
controla-te	783
jurado	783
trouxe-a	782
levantado	782
pousada	782
sentiram	782
bunny	782
ingrid	782
suspiro	782
atenas	782
hectares	782
jamaica	782
especulação	782
ré	781
estreito	781
hino	781
colocados	781
dígitos	781
greta	781
estabilizar	781
introdução	781
collier	781
memphis	781
refeitório	781
po	781
energias	781
asseguro-lhe	781
rhonda	781
coxa	781
desapareceste	781
multibanco	781
mundiais	780
carniceiro	780
analisei	780
desenvolvido	780
sabotar	780
net	779
grosseiro	779
efectuar	779
gerry	779
empate	779
filas	779
fosso	779
pip	779
julien	779
tios	779
destrua	779
chakotay	779
geneticamente	779
er	779
sueco	779
comete	779
macio	778
aprendizagem	778
viu-a	778
clint	778
sairemos	778
deixarão	778
len	778
assegura-te	778
suprimentos	777
recuperei	777
cruzes	777
grãos	777
ânimo	777
dinamarca	777
enfrentamos	777
contacte	777
admirador	777
perdia	777
boi	776
grama	776
magoaria	776
perdoo-te	776
way	776
aproximar-me	776
milímetros	776
assumi	776
egito	776
democrata	776
sentiu-se	776
limpei	776
cautela	776
surgiram	776
troquei	776
passaram-se	776
trip	775
blog	775
autorizar	775
entrego	775
substituído	775
mariana	775
relacionadas	775
ajuda-o	775
quarterback	775
dador	775
contactá-lo	775
erguer	774
eléctricos	774
xavier	774
aceitares	774
wang	774
vomitou	774
manipulação	774
kirby	774
but	774
deliciosos	773
convicção	773
shield	773
odeio-o	773
maddie	773
limpe	773
guardanapo	773
andromeda	773
mantendo	773
levem-nos	772
entreter	772
fundadores	772
voluntariamente	772
ajudarem	772
desçam	772
marshal	772
abdominais	772
melhoras	772
participou	772
enviamos	772
começará	771
sanguíneo	771
bondoso	771
básicos	771
cinderela	771
vivíamos	771
voluntária	771
hiro	771
distinção	771
aprovada	771
josie	771
migalhas	771
lutado	771
town	771
abandona	770
mudaria	770
abriste	770
gales	770
s.h.i.e.l.d.	770
deixaram-me	770
homem-aranha	770
punir	770
coleman	770
seal	770
mostro-lhe	770
reinos	770
tomarei	770
pariu	770
durant	770
continuarem	769
recordo-me	769
refazer	769
concelho	769
tiger	769
esquiar	769
frita	769
dex	769
significativo	769
intestinos	768
bundy	768
levá-las	768
traria	768
auxílio	768
ori	768
proceder	768
abrires	768
individuais	768
fugindo	768
sigilo	768
manning	768
foguetão	768
safa	768
envolvidas	768
bichos	768
virou-se	768
seven	767
duração	767
subi	767
savage	767
passavam	767
apólice	767
lia	767
jai	767
vermont	767
quinhentos	767
bombista	767
coloco	767
vaidade	767
diz-te	767
there	766
confusos	766
caviar	766
frustração	765
casámos	765
ângulos	765
lâminas	765
muscular	765
matador	765
chet	765
denúncia	765
horrivel	765
nascemos	765
sdi	765
viste-a	765
mandá-la	765
terminarmos	765
queridas	765
lute	765
hiccup	765
delito	765
selar	764
ligaduras	764
planeava	764
sobrevivem	764
solomon	764
entidade	764
anomalias	764
guiada	764
enviar-te	764
guisado	764
corruptos	764
greer	763
higgins	763
acreditasse	763
brock	763
porquinho	763
gesso	763
sódio	763
granger	762
regulamentos	762
lendo	762
confiou	762
electrónico	762
considerados	762
papeis	762
recupera	762
tomámos	762
moinho	762
agitada	762
ligeiro	761
srtª	761
ingénua	761
bad	761
sensata	761
tenho-me	761
seguia	761
sentou-se	761
coruja	761
sair-te	761
delegados	761
cardíacos	761
encontro-me	761
desesperadas	760
ofereceu-se	760
fá-lo-ei	760
soou	760
costura	760
bochechas	760
selado	760
disparados	760
sisko	759
lente	759
preferias	759
incomodes	759
podido	759
elliott	759
obtive	759
klein	759
transferida	759
despediu	759
arranhões	759
carregue	759
pente	759
ídolo	759
organizou	759
jethro	758
profetas	758
submarinos	758
barton	758
tragas	758
empurre	758
got	758
surda	758
savannah	758
fingiu	758
interessava	758
imóvel	758
rodeada	758
consultas	758
fumas	758
alberto	758
toa	758
ganharmos	757
rabbit	757
aparecia	757
agi	757
viável	757
supõe	757
jose	757
wanda	757
mercy	757
vigor	757
marque	756
obrigar-me	756
prendam	756
underwood	756
celestial	756
imune	756
dolores	756
discreta	756
nódoa	756
dolly	756
enganas	756
capitao	756
sobrevivemos	756
pulmonar	756
externo	756
chinatown	756
derramado	756
barbear	756
espiral	756
rosemary	756
acreditado	755
regressem	755
valentim	755
rusga	755
argumentar	755
sexualidade	755
encerramento	755
instantaneamente	755
misturado	755
hollis	755
manchester	755
ultrapassado	755
encaixar	755
allie	755
surgem	754
guerreira	754
robots	754
preferiria	754
arrependida	754
ajudem-nos	754
tirarem	754
cenários	754
carneiro	754
nódoas	754
dançarino	754
sucedida	754
foi-lhe	753
prometida	753
recebia	753
continha	753
cary	753
skip	753
mando-te	753
doméstico	752
peculiar	752
pamela	752
noruega	752
buckley	752
luxúria	752
atores	752
preocupar-te	752
dental	752
costela	752
dorian	752
tasha	751
deem	751
moreno	751
now	751
hicks	751
rodrigo	751
hilary	751
fang	750
vendê-la	750
cinzenta	750
czar	750
visitá-la	750
convencê-la	750
apostei	750
eficiência	750
rotas	750
kappa	750
niki	749
sonhando	749
litro	749
impeça	749
hodges	749
meditação	749
relvado	749
varrer	748
largura	748
bombardeamento	748
particulares	748
täo	748
atuar	748
porte	748
raines	748
encontrou-a	748
chambers	748
kerry	748
relato	748
lars	748
mm-hmm	748
comprei-te	748
usasse	748
bombordo	747
romana	747
trocas	747
reflexos	747
macia	747
incluído	747
recarregar	747
agarre	747
caímos	747
devamos	747
inchaço	747
regressado	747
pagará	746
pretendem	746
musicais	746
ardeu	746
pub	746
avanços	746
let	746
trincheiras	746
hippie	746
stein	746
inventaram	746
raul	746
conhaque	746
maxilar	746
barro	745
declarado	745
inimigas	745
diarreia	745
uva	745
holograma	745
lemos	745
íntima	745
desactivar	745
jeanne	745
exílio	744
algas	744
apagadas	744
lem	744
gaby	744
fugas	744
mudem	744
mildred	744
arriscou	744
admita	744
sintoma	744
passe-me	744
ruivo	743
atrevido	743
egípcios	743
morangos	743
abri-la	743
raças	743
ardente	743
sentirá	743
nota-se	743
continuando	743
protejam	743
viajam	743
familiarizado	743
agarrem	742
palavrões	742
seio	742
lâmpadas	742
banido	742
errei	742
casarmos	742
soletrar	742
esperarmos	742
continuarei	742
delirar	742
económico	741
wood	741
villa	741
incompetente	741
espreita	741
taberna	741
desistes	741
animação	741
oráculo	741
servimos	740
irrita	740
usá-las	740
controlador	740
anónimos	740
caloiro	740
imaginam	740
prêmio	740
beijar-me	740
recomendar	740
entendas	740
family	740
cretinos	740
charleston	740
preocupante	739
agem	739
pálida	739
apaixonei	739
arábia	739
leila	739
estrague	739
proximidade	738
recebida	738
irving	738
começaremos	738
joias	738
exorcismo	738
preparar-nos	738
guardava	738
criminais	738
mantém-no	738
lynch	738
abusos	738
virias	738
gordas	738
distúrbios	738
damos-lhe	738
escravatura	738
paragens	738
partindo	738
kristen	738
i.	738
concentre-se	737
viverem	737
declan	737
reclusos	737
postais	737
borracho	737
negou	737
invasores	737
credenciais	737
desrespeito	737
conjunta	737
escondê-lo	737
falavas	736
horrores	736
ajuste	736
formato	736
supervisionar	736
pendente	736
educar	736
congelada	736
reflectir	736
bexiga	736
pauline	736
rip	735
cherry	735
violações	735
evitá-lo	735
regulamento	735
candidata	735
avisos	735
inspirar	735
cinturão	735
leve-a	735
wendell	735
originalmente	735
patins	735
tour	735
lda.	735
lingerie	734
baço	734
montecito	734
chateados	734
concebido	734
higiene	734
ç	734
saddam	734
humilhado	734
angústia	733
minhoca	733
sentei-me	733
confirmada	733
hoffman	733
reich	733
deixaste-o	733
detenções	733
punhado	733
tolices	733
conceder	733
quer-te	733
rebuçados	733
bmw	733
junte-se	732
subsolo	732
farmacêutica	732
junte	732
bom-dia	732
depoimentos	732
chanel	732
rosco	732
aniversários	731
rufias	731
morrermos	731
júlia	731
agua	731
sorvete	731
hematomas	731
aceitaram	731
resume	731
lolaus	731
diária	731
paco	730
cosmos	730
confusões	730
mindy	730
leroy	730
gritava	730
actuais	730
contentores	730
pergaminho	730
restrições	730
moran	730
sairia	730
cativeiro	730
estripador	730
feios	730
congelados	730
trata-me	730
freud	730
utiliza	730
desagradáveis	729
fechamos	729
micro	729
weston	729
mara	729
burocracia	729
babysitter	729
arranjam	729
kang	729
desculpar-me	729
pára-brisas	729
sangrenta	729
parvoíces	729
custou-me	729
assaltantes	729
vegeta	729
royce	728
estúdios	728
salsa	728
ow	728
carolyn	728
provaste	728
flauta	728
tentaria	728
repentino	728
átomos	728
t-shirts	728
asgard	727
saunders	727
acolá	727
detida	727
abutres	727
concordaram	727
atacou-me	727
admiração	727
soberano	727
dossier	727
descuidado	727
câncer	727
ousado	727
primitivo	727
anal	727
usámos	726
aproximar-nos	726
rotação	726
dunn	726
sarcasmo	726
detestava	726
ballard	726
picasso	726
fodida	726
decepção	726
dead	726
engole	726
rindo	726
arranque	726
emprestada	726
cebolas	726
severo	726
fluido	725
camarote	725
filhotes	725
apaches	725
igor	725
convenci	725
demoram	725
diligência	725
armazéns	725
deputado	725
abandono	725
hopkins	724
simpsons	724
aneurisma	724
altera	724
empatia	724
redonda	724
chamam-se	724
compreendeu	724
ridge	724
ahmed	724
pirâmides	724
incisão	723
adoro-a	723
mãozinha	723
ingrediente	723
vagabunda	723
alemãs	723
carris	723
justifica	723
chegarão	723
mede	723
temem	723
espalhar-se	723
inúmeros	723
olharem	723
alucinação	723
sai-me	722
fostes	722
tornares	722
cortadas	722
vocação	722
jarro	722
canalização	722
thorne	722
solares	722
mandava	722
promissor	722
enviadas	722
caramelo	721
tambores	721
ignora	721
dá-lo	721
recluso	721
missy	721
ruins	721
tornaria	721
descobertos	721
buffalo	721
tellos0	721
estou-lhe	721
álbuns	721
wolfe	720
torradas	720
planet	720
peras	720
matrimónio	720
intrusos	720
saca	720
imaginário	719
empolgante	719
receptor	719
sossego	719
elétrica	719
vil	719
hidrogénio	719
administrar	719
escorregar	719
bombardeiros	719
zane	719
comerciante	719
calmas	719
calça	719
machucar	719
manteres	719
cargueiro	719
libertá-lo	718
ofensas	718
estruturas	718
telefonou-me	718
empurrou	718
clary	718
descolagem	718
criámos	718
suv	718
perseguidor	718
ventilador	717
removido	717
bebendo	717
destroçado	717
aleatório	717
escaldante	717
preparadas	717
diretora	717
abandonei	717
ram	717
achas-te	717
desvendar	716
derrotados	716
arnie	716
larvas	716
algoritmo	716
gel	716
engate	716
jeans	716
edison	716
reservada	716
pianista	715
cambada	715
habitat	715
orlando	715
eclipse	715
quisemos	715
mackenzie	715
clones	715
dirijo	715
repetição	715
tremenda	715
ajudamos	715
saboroso	715
contagioso	715
encontro-te	714
comprem	714
soubermos	714
r2	714
liberty	714
salvem	714
parsons	714
mai	714
escondes	714
indianos	714
ferguson	714
ganga	714
persistente	714
multidões	714
hilda	714
falaria	714
nervo	713
aperceber	713
autorizou	713
saudita	713
hollow	713
irregular	713
observe	713
diplomática	713
deixo-o	713
confirme	713
estimativa	713
crescendo	713
mudas	713
proteína	713
porta-bagagens	713
concentrada	712
cirurgiã	712
oponente	712
decidem	712
parafuso	712
louro	712
esquecer-me	712
panda	712
clínico	712
graduação	712
debater	712
bowman	712
conversarmos	712
pretexto	712
potencialmente	711
perdeu-se	711
mellie	711
vladimir	711
temporizador	711
pagares	711
berkeley	710
adão	710
acusou	710
danificada	710
cometem	710
shore	710
truz	710
esqueço-me	710
diminui	710
vasos	710
desconfiado	710
risos	710
dominion	710
não.	710
excluir	709
auschwitz	709
reiniciar	709
saga	709
tocha	709
fartos	709
distinto	709
desligo	709
reter	709
habitação	709
conhecíamos	709
apontam	709
facada	709
gravada	709
ladrar	708
restava	708
peludo	708
inquilinos	708
deserta	708
imaginou	708
bird	708
termino	708
morgana	708
infantis	708
tornará	708
personalidades	708
unica	708
acusá-lo	708
comunidades	707
florence	707
queres-me	707
provávelmente	707
esquisitas	707
transmissões	707
tentador	707
resiste	707
amarelas	707
marechal	707
sheridan	707
seguir-te	707
trate-me	707
recife	707
aterrorizado	707
usarmos	707
juntei	707
buenos	707
lidera	706
amava-a	706
engoliu	706
hostis	706
remotamente	706
bancário	706
soviético	706
caesar	706
tornando	705
duplos	705
levantou-se	705
lasanha	705
sofremos	705
concedido	705
margo	705
adoptado	705
perdoar-me	705
abri-lo	705
trazendo	704
apareço	704
publicou	704
queques	704
pantera	704
orgânico	704
tc	704
práticas	704
exceção	704
proteger-nos	704
árduo	704
arranjo-te	704
encontra-o	704
esperaria	704
tríade	704
europeia	704
lip	703
encoste	703
gentis	703
deveis	703
salvado	703
alfinete	703
engraçadas	703
tapetes	703
sagrados	703
escusado	703
ocidentais	703
rupias	703
apache	703
esfomeada	703
ciganos	703
fritos	703
otários	703
force	702
poupado	702
infectada	702
confiado	702
amarrada	702
mostrares	702
deitei	702
bohannon	702
conselheiros	702
perdi-me	702
paralisia	701
socorros	701
leela	701
cristbet	701
importasse	701
peço-vos	701
peçam	701
speed	701
conhecer-vos	701
amarelos	701
abundância	701
palermas	701
paternidade	701
cuidarei	701
coelhinho	700
darão	700
mostra-lhes	700
carinhoso	700
italiansubs	700
presumi	700
criatividade	700
permanecem	700
purgatório	700
espalhado	700
telefonar-lhe	700
disparam	700
sire	700
prisional	700
levei-o	700
afirmou	700
metralhadoras	700
seguradora	700
espalha	700
dot	699
apanharam-no	699
bancárias	699
emerson	699
chinelos	699
insultos	699
retiradas	699
penitenciária	699
isolados	699
eddy	699
esqueçamos	699
apresentar-me	699
melvin	699
irina	699
frigorifico	699
cachecol	699
armazenamento	699
óssea	699
tumba	699
servi	698
pickles	698
flanders	698
caldeira	698
calipigia	698
lendário	698
stern	698
penelope	698
subornos	698
izzie	698
fiada	698
tira-lhe	698
perdedores	698
ny	698
fischer	697
geradores	697
lucille	697
paralisado	697
tomes	697
sangrento	697
brutalidade	697
moléculas	697
faz-lhe	697
pedirei	697
fertilidade	697
consideram	697
consiste	697
california	697
ganhos	697
funerais	697
istambul	697
năo	697
adolescência	696
reside	696
precisarei	696
telefónicas	696
centena	696
dão-nos	696
ir-te	696
áustria	696
conhecia-o	696
moradas	696
puré	695
cana	695
convidá-la	695
híbrido	695
compete	695
toni	695
explicado	695
impasse	695
set	695
menta	695
sucção	695
cómico	695
davey	695
august	695
mauzão	695
maionese	695
bilionário	695
pecador	694
suspender	694
apareçam	694
hesitar	694
maconha	694
detonação	694
suicidou	694
ver-se	694
dickie	694
súbita	694
irlandesa	694
aparenta	694
adiantamento	694
salvas	694
cortem	693
aang	693
falhanço	693
esqueceram	693
xeque	693
admirado	693
mozart	693
adicionais	693
enxofre	693
reduzida	693
batemos	693
piolhos	693
brutalmente	693
insetos	693
trataste	693
envenenada	693
aguentou	693
subornar	693
campeã	693
gráfico	693
suposição	692
cúmplices	692
tree	692
yard	692
non	692
montou	692
dinâmica	692
magistrado	692
bárbaro	692
justine	692
dominante	692
duram	692
apanhei-a	692
recrutamento	692
whiskey	692
atadas	692
una	692
segura-o	692
tres	692
hospedeira	692
deixasses	691
fazê-las	691
shot	691
reduz	691
karaoke	691
cubanos	691
conan	691
lockhart	691
processado	691
gabar	691
rã	691
fritar	691
website	691
constance	690
alfaiate	690
death	690
mayday	690
grávidas	690
montreal	690
condutores	690
concedida	690
parcialmente	690
rodeios	690
run	690
atividades	690
funcional	689
fez-lhe	689
procurámos	689
viessem	689
playboy	689
estimulante	689
tire-me	689
panfleto	689
fat	689
sentias	689
jogaste	689
tocar-me	689
raja	689
correspondem	689
aceitado	689
virada	689
devolvido	689
bravos	689
finja	689
delgado	689
deitados	689
levantar-me	688
cairá	688
sento-me	688
coloca-o	688
mercenário	688
entregar-me	688
investigado	688
cuddy	688
casar-nos	688
específicas	688
furiosos	688
paguem	688
matem-nos	687
perspicaz	687
vendidos	687
scarlett	687
killer	687
magoaste	687
ferry	687
gozes	687
aprovou	687
fingindo	687
viajei	687
engenho	687
desejaria	686
reformatório	686
cuide-se	686
saltei	686
coitadinho	686
pôr-nos	686
brinque	686
mit	686
interrogatórios	686
keaton	686
textos	686
direitinho	686
territórios	686
escrevem	686
investidor	686
opera	686
decididamente	686
fanático	686
fulo	686
tê-las	686
ancião	686
afogado	686
encontraram-no	686
correspondente	686
bélgica	685
vitimas	685
riquezas	685
ousa	685
sapos	685
parâmetros	685
rand	685
sorrisos	685
êxtase	685
whitey	685
medieval	684
histérica	684
portador	684
insulina	684
yankee	684
desejamos	684
jeannie	684
sopro	684
polar	684
rastro	684
arbusto	684
rameira	684
informa	684
buchanan	684
estão-se	684
centrais	684
porreiros	684
nono	684
causando	684
mudei-me	684
20h	683
fértil	683
polvo	683
informadores	683
brass	683
fabricar	683
amava-o	683
desabafar	683
apagada	683
dark	683
partires	683
verificámos	683
esboço	683
trabalhem	683
kms	682
brandt	682
madura	682
senta-se	682
separada	682
infinita	682
anos-luz	682
covardes	682
bernadette	682
supergirl	682
pandora	682
ouviu-me	682
dublin	682
arrisca	682
ía	682
miudo	682
psiquiatria	682
paolo	681
recriar	681
escuteiro	681
prosperidade	681
escondendo	681
back	681
lorelai	681
alinhas	681
trabalhadora	681
morais	681
apreensão	681
estalo	681
brothers	681
identificá-lo	681
reduzido	680
estátuas	680
cuidadosa	680
detectado	680
pressionado	680
compensa	680
ambulante	680
tens-me	680
liza	680
casares	680
mccarthy	680
tuck	680
investiga	680
empreiteiro	679
sylvester	679
judaica	679
cadeado	679
colarinho	679
odiei	679
governamental	679
inchado	679
dissestes	679
providenciar	679
avozinha	679
cocktails	678
rondas	678
hoyt	678
suspeitava	678
causei	678
enfrentou	678
strippers	678
trazer-lhe	678
pica	678
vínhamos	678
característica	678
séc	678
infelicidade	678
bato	678
sociopata	678
expiatório	678
transacção	678
barulhento	678
escrituras	678
enjoada	678
desenterrar	678
cobaia	677
entendia	677
transparente	677
detê-los	677
inspirador	677
hades	677
cianeto	677
anya	677
aha	677
metanfetaminas	677
concluído	677
yvonne	677
condomínio	676
tú	676
felicia	676
saque	676
evie	676
búfalo	676
castanha	676
jet	676
ouvir-nos	676
fornece	676
aguentam	676
grana	676
benji	676
contaminação	676
pôr-se	675
aparição	675
sonhou	675
latino	675
vertical	675
expulsos	675
taxi	675
serpentes	675
derrotou	675
delia	675
renovar	675
traficar	674
trava	674
governanta	674
lençol	674
alferes	674
toronto	674
segues	674
crente	674
indecente	674
apostado	674
lenços	674
arrancado	674
carteiras	674
apanhamo-lo	674
edmund	674
mercer	674
gandhi	674
microondas	674
chutar	674
rahul	673
intencionalmente	673
continuaram	673
possuído	673
veloz	673
alinha	673
toxina	673
perez	673
lembrou	673
molecular	673
apertados	673
vegetariana	673
laranjas	672
detetives	672
terrivel	672
inseguro	672
manuais	672
tirano	672
fixa	672
salvatore	672
amir	672
himmler	672
acharem	672
destinos	672
ficaríamos	672
mississippi	672
nerd	672
pedófilo	672
mafioso	672
e.u.a.	671
pol	671
aldeões	671
escobar	671
myers	671
pacific	671
retaliação	671
apercebido	671
substituta	671
carrinhas	671
vão-me	671
noticiários	671
levaram-me	671
fazer-vos	671
status	671
desligues	671
howie	671
implicar	671
honrada	671
asteróide	670
webb	670
barracão	670
poe	670
estudado	670
antiguidade	670
powers	670
deborah	670
colleen	670
tocando	670
vegetariano	670
vê-me	670
humildade	670
maia	670
pediste-me	670
flick	670
importou	670
bi	669
insolente	669
acordes	669
sair-se	669
blaine	669
encontrámo-lo	669
germes	669
felipe	669
loucuras	669
discutido	669
ginny	669
universitária	669
pupilas	669
identificada	669
amesterdão	669
discutem	669
over	669
hospício	669
raptaram	668
kono	668
aspirador	668
trezentos	668
fá-la	668
buscá-las	668
alcoólica	668
expectativa	668
limpem	668
réplica	668
katy	668
fluir	668
sauna	668
rivers	667
acesas	667
escorregou	667
papas	667
paisana	667
mäe	667
fire	667
w.	667
pride	667
sibéria	667
obrigadinho	667
merci	667
suprema	667
transforma-se	667
amizades	666
destacamento	666
novatos	666
latina	666
mudar-te	666
contêm	666
tocares	666
estojo	666
ibm	666
madonna	666
esmeralda	666
abençoados	666
encomendas	666
moralidade	666
pouse	666
genitais	665
parece-lhe	665
fases	665
afirmam	665
strauss	665
rembrandt	665
popa	665
recebê-lo	665
alegres	665
trates	665
gigantesco	665
médium	665
confirmam	665
luas	665
cuidou	665
vivermos	665
avariada	665
alvejar	665
fodidos	665
bárbara	665
politicamente	665
ceo	664
atacante	664
metemos	664
licenças	664
meia-idade	664
main	664
sofria	664
queixar-se	664
essenciais	664
sabotagem	664
alternativo	664
erecção	664
juntou-se	664
amá-lo	664
imóveis	664
sabonete	664
destruíste	664
negociante	664
chocar	664
cafetaria	664
giovanni	664
gale	664
pum	664
epinefrina	664
barcelona	664
wild	663
civilizado	663
acompanhantes	663
tórax	663
encontrei-me	663
preguiçosos	663
dava-lhe	663
paranóica	663
tru	663
confessa	663
curada	663
desmaiado	663
sofisticada	663
antecedência	663
jardinagem	663
jace	663
atendes	662
pagaria	662
procuravam	662
atraiu	662
painéis	662
ajustes	662
fantoche	662
corvos	662
algemado	662
rasca	662
filipinas	662
rochedo	662
whoo	661
iv	661
mister	661
pose	661
perderá	661
sagradas	661
impossivel	661
diversos	661
custas	661
névoa	661
delegacia	661
end	660
cartwright	660
dardos	660
exterminador	660
exclusiva	660
grove	660
griffith	660
interminável	660
salvamos	660
il	660
ferreiro	660
restrita	660
humilhar	660
levámos	660
trek	660
casamos	660
israelita	660
fda	660
recta	659
download	659
ocorreram	659
paramédico	659
desonesto	659
injusta	659
fornecedores	659
franz	659
apanha-a	659
gera	659
surra	659
carpinteiro	659
soltem-me	659
pregador	658
colocar-te	658
tranquilidade	658
recém	658
limitar	658
contusões	658
deixam-me	658
avengers	658
mascarado	658
slim	658
desligada	658
integral	658
gorilas	658
hobbs	658
indicador	658
hem	658
talbot	658
frequente	658
suicidas	658
havias	657
desconfiar	657
barker	657
michaels	657
conseguirão	657
ingrato	657
oferecem	657
inteiras	657
galáxias	657
sábia	656
velhice	656
shanti	656
trocamos	656
prometi-lhe	656
intimidar	656
escritura	656
part-time	656
entusiasmados	656
instrução	656
ernesto	656
ko	656
tinha-se	656
atirou-se	656
tj	656
ficávamos	655
fénix	655
prá	655
quilômetros	655
acreditares	655
pronunciar	655
joguinhos	655
discretos	655
dimitri	655
terno	655
azeite	655
casaram	655
tirania	654
reforçar	654
andasse	654
loiça	654
marcados	654
ter-vos	654
kaos	654
assisti	654
salvá-los	654
ofereceram	654
hello	653
afectou	653
abraça-me	653
justos	653
marfim	653
interceptar	653
instalado	653
colocando	653
motas	653
lúcifer	653
fazemo-lo	653
deite	653
atraentes	653
vovô	653
esgotamento	653
agarra-o	653
jérsia	653
lançada	652
milhouse	652
preferidas	652
oferecemos	652
atirar-me	652
rações	652
deixavam	652
funcionará	652
perdesse	652
apanhares	652
trouxeste-me	652
contacta	652
egípcio	652
salvar-nos	652
irresistível	651
chico	651
levem-me	651
arrepender-te	651
harmon	651
misericordioso	651
vito	651
amigão	651
empurrem	651
trunfo	651
randolph	651
murros	651
amigáveis	651
visitar-te	651
fingi	651
ótimas	651
conhecesses	651
inserir	651
olga	651
bolinho	651
verificaste	651
partirmos	651
habituados	651
fanáticos	650
pugilista	650
amasse	650
comerem	650
deduzo	650
cratera	650
planícies	650
hampshire	650
planeias	650
apertem	650
lindíssima	650
desligados	650
have	650
rapaziada	650
despedidas	650
toxinas	650
levar-vos	650
exigem	650
documentação	649
existo	649
significativa	649
puxado	649
benedict	649
esquecida	649
tô	649
clare	649
quebrei	649
apresentações	649
preparando	649
pratica	649
popularidade	649
segurá-lo	649
eliza	649
comerciantes	649
exemplos	649
turbo	649
guardem	649
acordares	649
joanne	649
sofro	649
goldman	648
traíste	648
emprestas-me	648
desmaiei	648
concordado	648
hierarquia	648
descobres	648
trimestre	648
cutler	648
tapa	648
marlene	648
caráter	648
censuro	648
regressaram	648
summers	648
carreiras	648
escuteiros	648
furado	647
brincam	647
lutaste	647
morton	647
agradecimentos	647
caracóis	647
enxerto	647
imploro-lhe	647
cuidadosos	647
direitas	647
comprá-lo	647
recinto	647
caber	647
intencional	647
turbulência	647
agindo	647
delegação	646
assustadores	646
cálice	646
mármore	646
localizei	646
liras	646
toupeira	646
descendo	646
soneca	646
conor	646
esperaste	646
ponche	646
condutas	646
quebrada	646
neutralizar	646
duendes	645
là	645
canalhas	645
mendigo	645
injecções	645
distração	645
matraca	645
reprodução	645
vó	645
treinadores	645
escravidão	645
guardá-lo	645
telhados	645
fixar	645
obrigue	645
dobbs	644
obra-prima	644
casinha	644
planeio	644
nicki	644
aviação	644
watts	644
fodeste	644
assinada	644
interiores	644
want	644
soubéssemos	644
eliot	644
civilizações	643
calas	643
trepar	643
emocionado	643
vikings	643
deram-nos	643
desejo-te	643
marquês	643
desiludir	643
utilizador	643
víbora	643
sweet	643
águias	643
encontram-se	643
convidar-me	643
salgada	643
gritam	643
colonos	643
estábulos	643
freya	643
trump	643
tarados	642
empurrado	642
fumaça	642
finjas	642
olimpíadas	642
jacuzzi	642
organizada	642
andie	642
precipício	642
subiram	642
ball	642
roubá-lo	642
líquidos	641
esperámos	641
trago-te	641
trela	641
retrete	641
lançador	641
viral	641
batam	641
rebekah	641
insistes	641
vendes	641
ucrânia	641
contrataram	641
tomara	641
sondagem	641
precisem	641
zelândia	641
espalhou	641
alface	640
sensei	640
necessitam	640
obediência	640
arranjá-lo	640
chow	640
controlá-lo	640
vestir-me	640
brecha	640
zangues	640
dá-ma	640
av	640
bebedeira	640
morrerás	640
desliguei	640
dependente	640
abbey	640
resolvidos	640
arrepiante	640
lambert	639
intrigante	639
racial	639
lavatório	639
marla	639
viveste	639
adoeceu	639
comprei-o	639
sustento	639
sensuais	639
bater-te	639
artística	639
pagarei	639
ante	638
indemnização	638
minoria	638
odiar-me	638
amaldiçoada	638
right	638
avançados	638
roubamos	638
angariar	638
engravidou	638
scofield	638
atires	638
convida	638
fizestes	638
perspetiva	638
remorso	638
suíço	638
combatentes	638
sonar	638
chuto	637
reunir-se	637
escondia	637
canil	637
gestos	637
demoraram	637
carrasco	637
torrada	637
al-qaeda	637
bug	637
goza	637
bowl	637
if	637
oferecer-me	637
tocaram	637
cubano	637
livrar-te	637
india	637
aprenderes	637
versões	637
trapalhada	637
liguei-lhe	637
lyla	636
western	636
derrubou	636
preocupas-te	636
serves	636
cisne	636
uss	636
costumamos	636
dino	636
rebenta	636
tem-no	636
francesas	636
contou-lhe	636
contracto	636
faixas	636
esquecer-te	636
permitiria	636
congregação	636
duffy	636
emails	636
apresentar-vos	635
ocorreu-me	635
suicidar-se	635
performance	635
acabando	635
caca	635
ordeno	635
callahan	635
abandonados	635
bea	635
doutoramento	635
elegância	634
suicidar	634
saudação	634
deficientes	634
jaguar	634
margot	634
racismo	634
arrepender-se	634
crie	634
islândia	634
caio	634
agarrem-no	634
klingons	634
vestidas	634
titus	634
explicas	634
trouxesse	634
chamares	633
impedi-los	633
tava	633
walden	633
arquitectura	633
baterista	633
tamanha	633
receberes	633
hawaii	633
winnie	633
disparaste	633
sanidade	633
dourados	633
poços	633
retardado	633
beijinhos	633
charlene	632
assuma	632
gomez	632
convém	632
salvaram	632
sapatilhas	632
eliminação	632
fodas	632
treinadora	632
hayden	632
chamas-te	632
cordelinhos	632
propulsão	632
javi	632
saldo	632
rainhas	631
sugeri	631
ramirez	631
cauteloso	631
ambições	631
prateado	631
kimberly	631
correrá	631
apto	631
guru	631
absurda	631
abrigos	631
owens	631
mandou-te	631
validade	631
eagle	630
relaxante	630
contrata	630
potássio	630
endireitar	630
mentalidade	630
chifres	630
bancada	630
enzo	630
rj	630
quero-os	630
financeiras	630
password	630
trixie	630
sentas	630
actualizar	630
mudar-nos	630
here	630
observações	629
serial	629
pearson	629
oakland	629
peido	629
mendoza	629
galdéria	629
planeiam	629
usar-te	629
combinamos	629
tencionava	629
estupido	629
arranjos	629
when	629
porção	629
destruidor	629
pegá-lo	629
colombo	629
ponham-no	629
prender-te	629
penhores	628
graal	628
psicopatas	628
prometeste-me	628
autógrafos	628
acordas	628
ensinaste	628
tendas	628
prendam-no	628
preparar-te	628
acalme	628
perfurar	628
protejam-se	628
tecnologias	628
apoiantes	628
internado	628
salomão	627
cnn	627
colheres	627
constrói	627
directores	627
largues	627
terminará	627
blood	627
rover	627
serve-te	627
dons	627
ultrapassou	627
aponte	627
hostilidade	627
excêntrico	627
tira-nos	626
precisemos	626
definitivo	626
draper	626
afastes	626
dispenso	626
ficassem	626
theodore	626
guardiões	626
deitar-te	626
desanda	626
levantei	626
imoral	626
reacções	626
usarei	626
rigor	625
aguardo	625
operários	625
magoem	625
renascer	625
jfk	625
egoístas	625
soda	625
assombrado	625
meigo	625
égua	625
permito	625
wi-fi	625
paranormal	625
microscópio	625
place	625
lucien	625
valentes	625
joalharia	624
darling	624
conway	624
desejado	624
nobreza	624
grado	624
n.	624
decidirem	624
viajo	624
manualmente	624
chorava	624
intoxicação	624
autorizados	624
wars	624
waters	624
apaixonou-se	624
suzy	624
deficiência	624
limitações	624
carnaval	624
curiosos	623
mcnamara	623
contratada	623
contínua	623
mostrando	623
jacobs	623
válida	622
empresarial	622
leopardo	622
competência	622
assustá-lo	622
arduamente	622
enrolado	622
guias	622
acessórios	622
christie	622
contarei	622
pt-br	622
escavação	622
declara	622
baseball	622
mumbai	621
piça	621
blindado	621
mcgarrett	621
banqueiros	621
livrar-nos	621
herpes	621
catalina	621
caixotes	621
adesiva	621
protegê-los	621
dora	621
resolvermos	621
gustav	621
distraída	621
pontual	621
marnie	621
preciosos	621
trabalharem	621
canhoto	621
enlouqueceste	620
ameaçada	620
equilibrar	620
casar-te	620
houdini	620
dirk	620
comporta	620
fartei-me	620
tardes	620
toxicológico	620
golfinho	619
planeada	619
benção	619
inclinado	619
preciosas	619
trouxe-nos	619
asiática	619
escolham	619
arranjava	619
assustes	619
ministros	619
subimos	619
desarmar	619
cortaste	619
steph	618
átomo	618
alergias	618
orgânica	618
assentos	618
acelerado	618
tradicionais	618
telefonista	618
traduções	618
lingua	618
assustadoras	617
homie	617
rocco	617
demoras	617
componente	617
jt	617
neutro	617
sentimo-nos	617
fish	617
dessem	617
relíquia	617
salte	617
bbc	617
suaves	617
camponês	617
lágrima	617
ração	617
berger	617
protagonista	617
atuação	617
afastar-te	616
jem	616
snake	616
consome	616
conseguíssemos	616
exteriores	616
iron	616
abalado	616
perfuração	616
regente	616
church	616
bilião	616
karan	616
ouvinte	616
químicas	616
mata-os	616
bloqueada	616
impedi-la	615
lulu	615
diplomata	615
sultão	615
discípulos	615
testado	615
choram	615
bonitinho	615
abandonaste	615
teso	614
bronzeado	614
remar	614
observem	614
alimentado	614
conhecerem	614
vacinas	614
perturbação	614
venci	614
regiões	614
luisadom	614
classes	614
polegadas	614
pepe	614
darnell	614
nassau	614
iamos	614
disfarces	614
domicílio	614
00h	614
batimentos	613
sentirei	613
stokes	613
coincidem	613
talyn	613
romeo	613
levei-a	613
prateleiras	613
stressado	613
ocupa	613
enferrujado	613
problemático	613
boulevard	613
aches	612
ding	612
mandarem	612
solucionar	612
idiotice	612
enviam	612
carrego	612
mossad	612
arrisquei	612
dispensados	612
poluição	612
apresentados	612
sacerdotes	612
vendendo	612
desmontar	612
encenação	612
afiado	612
errou	612
esqueceres	612
religiões	612
vigiá-lo	612
polígrafo	612
partiu-se	612
misteriosas	612
cru	611
trincheira	611
alexandra	611
inventa	611
duplicar	611
plausível	611
itinerário	611
mostrar-nos	611
acostumar	611
3d	611
camera	611
conduzi	611
blanche	611
bajor	611
demonstrou	611
contaste-lhe	611
fracas	611
fleming	611
veludo	611
apostou	611
aprendo	611
desejoso	611
loucamente	611
inn	611
munique	610
estática	610
capataz	610
sorriu	610
aura	610
vestia	610
dre	610
bochecha	610
marianne	610
gorducho	610
reabrir	610
seguirem	610
idades	610
juíz	610
procuraram	609
rural	609
slade	609
devagarinho	609
aguda	609
viriam	609
prometeram	609
blusão	609
jd	609
lápide	609
matadouro	609
janine	609
hakeem	609
anulação	609
maravilhosamente	609
touchdown	609
ensinar-lhe	609
sucessor	609
prentiss	609
penal	609
marrocos	609
enganou-me	609
hara	609
espantado	609
mastro	609
coçar	609
marinho	609
lançados	608
passemos	608
apareci	608
patentes	608
seguirmos	608
mount	608
neural	608
agarrada	608
lawson	608
primeira-dama	608
irritar-me	608
entraremos	608
obtém	608
quântico	608
divertiste-te	608
resistiu	608
estabelecido	608
chatices	608
preferimos	608
extremos	608
atração	607
socos	607
whitman	607
pino	607
desgraçada	607
relaxado	607
despensa	607
acalma	607
exercito	607
respeitam	607
demos-lhe	607
apanhem-nos	607
levantes	607
mercadorias	607
tractor	607
damian	607
narizes	607
sentirem	607
estima	607
aceitação	606
permitirá	606
impressora	606
tratá-la	606
fedorento	606
conservador	606
levaram-na	606
song	606
uh-huh	606
chegues	606
estéril	606
politica	606
cláusula	606
insubs	605
dolares	605
torna-te	605
conversando	605
filósofo	605
fun	605
ecografia	605
jarra	605
manténs	605
mortos-vivos	605
repensar	605
cobertas	605
encontra-me	605
trouxer	605
pulseiras	605
lutámos	605
swan	605
enfia	605
son	605
formou	605
palestina	605
certifiquem-se	604
moças	604
cigana	604
orientar	604
from	604
despedidos	604
willard	604
pinça	604
porem	604
bêbedos	604
abandonaram	604
treinada	604
convidar-te	603
operadora	603
davies	603
coisinhas	603
cantou	603
condescendente	603
assegurar-me	603
herdeira	603
lagoa	603
encontrei-te	603
efectivamente	603
shay	603
cozinho	603
finalista	603
tocamos	602
cobertos	602
dei-lhes	602
beijaste	602
caução	602
incapacidade	602
luc	602
factura	602
matar-vos	602
quântica	602
sobreviverá	602
apresentei	602
atf	602
iluminar	601
capas	601
leigh	601
árctico	601
helga	601
demanda	601
espinhos	601
herdou	601
explico-te	601
invocar	601
africana	601
teclado	601
harding	601
tóxicos	601
humm	601
tristan	601
salt	601
atreva	601
bebês	601
kiki	601
pertenceu	600
bullock	600
corretamente	600
chuvas	600
cabeceira	600
josef	600
certinho	600
quererem	600
johnnie	600
existido	600
pântanos	600
cosmo	600
ringo	600
diabólico	600
prova-o	600
salva-me	600
paradise	600
tampões	600
controlos	600
rifle	599
copas	599
vivam	599
intensivos	599
espetar	599
manterem	599
camp	599
leucemia	599
fazia-me	599
divorciados	599
furar	599
montada	599
javali	599
anexo	599
valiosas	599
fujas	599
esclarecido	599
chantagear	598
olímpicos	598
interpretes	598
extravagante	598
elevar	598
recuperá-lo	598
finas	598
velório	598
infame	598
garth	598
males	598
turismo	598
inquilino	598
sózinha	598
elmo	598
rédeas	598
súbito	598
procuradora	598
foca	598
silenciosamente	598
mandes	598
saires	597
dividida	597
pisa	597
ninjas	597
atirar-se	597
tornarem	597
viação	597
cromos	597
cozido	597
desenhei	597
zachary	597
ciúme	597
bombardear	597
apelar	597
sobrecarga	597
sabine	597
entrará	597
abalada	597
gohan	597
raptos	597
faculdades	597
cordelia	597
beneficiar	597
atentamente	597
tê-lo-ia	597
thundercats	596
liguei-te	596
femininas	596
esquecem	596
batedores	596
hipnose	596
maninho	596
renascimento	596
choques	596
sujidade	596
pás	596
reg	596
arcebispo	596
prodígio	595
proctor	595
gatinhos	595
novela	595
garantida	595
court	595
fez-se	595
riscas	595
peters	595
transmite	595
darby	595
15h	595
senadores	595
apercebeu	595
projecção	595
nichols	595
dá-se	595
rendimentos	595
mortalidade	595
motoristas	595
gerência	595
italian	595
específicos	594
finjo	594
mandou-o	594
lixes	594
distribuidor	594
perguntava-me	594
neville	594
levadas	594
viveres	594
incomodo	594
sobrar	594
genocídio	594
burger	594
carinha	594
hilton	594
paróquia	594
aumente	594
sintonia	593
poetas	593
protestos	593
mi6	593
posses	593
parrish	593
embriagado	593
anfitriã	593
descartável	593
warwick	593
sétima	593
coser	593
empresta-me	593
haiti	592
emprestar-me	592
desenhado	592
ativo	592
igualzinho	592
amava-te	592
detestas	592
devolveu	592
dançam	592
shea	592
yakuza	592
bartowski	592
famintos	592
london	592
amarga	592
heterossexual	592
severa	592
mata-te	591
gritaria	591
matarmos	591
masmorra	591
francesca	591
rice	591
page	591
convencidos	591
norton	591
espontânea	591
destruí	591
boazinha	591
pareces-me	591
vigilantes	591
claud	591
tornasse	591
dash	591
atiram	591
divorciada	591
people	591
besteira	591
tradutor	591
procurei-te	591
espalhem-se	590
orgia	590
escutei	590
pitt	590
nudez	590
gringo	590
viajando	590
becker	590
exagerei	590
ressentimento	590
abre-a	590
descartar	590
valentão	590
terrence	589
paga-me	589
perita	589
informático	589
nero	589
trilha	589
cavidade	589
feiticeiros	589
compositor	589
repleto	589
fields	589
decreto	589
express	589
religiosas	589
season	589
garanto-vos	589
verões	589
deverei	588
adormecida	588
trancadas	588
arruinada	588
thunder	588
observando	588
mandarei	588
mataste-a	588
portar	588
mosqueteiros	588
conheci-a	588
vejo-os	588
erguida	588
moca	588
candace	588
doctor	588
reservar	588
picos	588
pólen	588
ruídos	588
enganou-se	588
devlin	588
metê-lo	588
idosa	588
alhada	587
comportar-se	587
núpcias	587
pegando	587
contaminado	587
scotland	587
empenho	587
cota	587
foley	587
apresentador	587
foges	587
complicar	587
lsd	587
revelam	587
fileiras	587
ter-me-ia	587
hetero	586
prometa	586
mg	586
crises	586
córtex	586
colesterol	586
havana	586
transmitido	586
coordenar	586
avental	586
conseguisses	586
obedece	586
hamptons	586
anseio	585
russas	585
complicados	585
húmida	585
produtora	585
cause	585
bate-lhe	585
descemos	585
arranjes	585
wilkes	585
sola	585
agrado	585
korra	585
cantem	585
champagne	585
vestir-se	585
hitchcock	584
dubai	584
trataram	584
comportamentos	584
axel	584
confundido	584
picar	584
molde	584
inventaste	584
destacado	584
fury	584
notaste	584
considerei	584
uat	584
sairei	584
focado	584
coroação	584
deixados	584
bruxelas	584
preocupa-te	583
torradeira	583
ligá-lo	583
solteiras	583
utilização	583
ajudantes	583
rales	583
tortas	583
solitários	583
deseja-me	583
kathleen	583
castelos	582
cínico	582
hobby	582
rondar	582
adler	582
sumiu	582
estratégias	582
sayid	582
enviá-lo	582
wesen	582
jackpot	582
armou	582
tópico	582
asfixia	582
fundamento	582
gladys	582
faróis	582
emmett	582
formiga	582
fizeram-no	582
andarem	582
transfusão	582
funcionária	581
escombros	581
conhecendo	581
mestrado	581
meteorito	581
tomografia	581
disfarçada	581
buffet	581
lavo	581
retórica	581
ligando	581
fui-me	581
alinhamento	581
considerou	581
violentas	581
correrem	581
parecem-me	580
sobras	580
caldwell	580
priya	580
protestantes	580
guardanapos	580
contusão	580
sobem	580
alegar	580
mp	580
determinados	580
comprava	580
condiz	580
hazel	580
gilmore	580
causam	579
gangsters	579
habitualmente	579
voltinha	579
destemido	579
urbana	579
intrometer	579
estender	579
escrevemos	579
two	579
decepcionado	579
bing	579
pequeninos	579
deu-mo	579
comprar-te	579
alucinar	579
indefeso	579
fascista	579
batidas	579
esqueceram-se	579
ditador	579
levou-nos	579
vagamente	579
assuste	579
nascida	578
pago-lhe	578
pareço-te	578
pancho	578
advocacia	578
solidariedade	578
mate-me	578
deixo-vos	578
conte-nos	578
formalidade	578
manifestantes	578
psicóloga	577
horace	577
fugires	577
designer	577
mineral	577
bem-sucedido	577
aeroportos	577
perfis	577
omega	577
voadores	577
perguntamos	577
anders	577
roubando	577
ciclos	577
derrick	577
namoriscar	577
aprova	577
braddock	577
trilhos	577
calminha	577
mate-o	577
corporações	577
tremor	576
carole	576
híbridos	576
ogiva	576
contactado	576
comidas	576
une	576
gino	576
cardassianos	576
aceitava	576
apanho-te	576
conhece-a	576
tai	576
retirem	576
retirar-se	576
10h	576
completos	576
perseguir-me	576
cantas	576
roberta	576
cage	576
soltem	576
escrevendo	576
sím	575
olhado	575
convidá-lo	575
fósseis	575
amar-me	575
enterrou	575
levi	575
garrison	575
inventor	575
apresentar-lhe	575
flexões	575
desfruta	575
protegem	575
legendasproject	575
glee	575
cedeu	575
titanic	575
reproduzir	575
yates	574
cortados	574
irs	574
desconhecidas	574
guardada	574
utilizada	574
previu	574
detém	574
operada	574
bip	574
decrescente	574
maguire	574
delinda	573
forrest	573
objetivos	573
ris	573
quota	573
regulares	573
bryant	573
wilcox	573
empenhado	573
tomarem	573
tok	573
lasers	573
trailer	573
equador	573
lembrou-se	573
palheiro	573
deixei-me	573
extremidade	573
fiasco	573
great	573
abatidos	573
wilma	573
espancar	573
marselha	573
tampouco	573
comparecer	573
porcelana	573
informal	572
gracias	572
assaltou	572
deck	572
idoso	572
wyoming	572
ski	572
nego	572
pistoleiro	572
presunçoso	572
aproximam-se	572
coiote	572
sd-6	572
contaria	572
brighton	572
milénio	572
presto	572
aplaudir	572
ocorrência	572
idênticos	572
associada	572
ensine	571
tech	571
apaixonou	571
fúnebre	571
ensinamentos	571
indelicado	571
estaleiro	571
túmulos	571
heller	571
sofra	571
comunhão	571
desci	571
newport	571
gostarem	571
aa	571
empresários	571
exclusivamente	571
intersect	571
pavor	571
segui-los	570
demito-me	570
compensar-te	570
inspeccionar	570
waldorf	570
maddox	570
a.c.	570
ruben	570
africanos	570
contratados	570
atingiram	570
mande-o	570
mija	570
incluem	570
vocãª	570
continuasse	570
cospe	570
utilizando	570
inundação	570
binóculos	569
venezuela	569
alfabeto	569
afetar	569
restrito	569
imaginaste	569
patrulhar	569
definido	569
envia-me	569
bateu-lhe	569
gasosa	569
realizou	569
ciao	569
aterrorizada	569
dormente	569
zeros	569
champô	568
publicação	568
ótimos	568
primário	568
cumprido	568
said	568
22h	568
bruxo	568
cataratas	568
how	568
gengibre	568
daddy	568
wei	568
lanças	568
malha	568
nebraska	568
sí	567
braun	567
ponha-o	567
hematoma	567
sádico	567
trabalhares	567
veados	567
umbigo	567
leiam	567
hubert	567
shepard	567
tomás	567
coincidências	567
terri	567
arruinaste	567
dougie	567
hansen	566
magricela	566
bambi	566
percebas	566
feiticeira	566
9h	566
remoção	566
produzido	566
espalhadas	566
doutores	566
musa	566
visíveis	566
segurem	566
conseguirias	566
cremos	566
traço	566
mitologia	566
supondo	566
cash	566
mimada	566
treinei	566
suposta	566
feno	566
compton	566
sarjeta	565
propõe	565
upper	565
juice	565
convulsão	565
bem-vindas	565
controlar-me	565
treinamento	565
estagiária	565
trégua	565
minúscula	565
biografia	565
intimação	565
tornes	565
aj	565
joker	565
poupança	565
governamentais	565
atacarem	565
escória	565
forman	565
liu	565
che	564
vao	564
aproximem	564
aceitá-lo	564
envolva	564
colocá-los	564
singapura	564
governadora	564
patinar	564
rabugento	564
corno	564
tinha-te	564
stand	564
recital	564
escoceses	564
pm	564
esterco	564
sudão	564
mosquito	564
danvers	564
pendentes	563
solta-o	563
amáveis	563
brittany	563
aumentaram	563
roscoe	563
delaney	563
kendra	563
rafa	563
holocausto	563
entreguem	563
loki	563
chile	563
partirem	563
salazar	563
repararam	563
esperarei	563
nádegas	563
vogel	563
rias	563
fungo	563
bam	563
paso	563
desempenhar	562
afogou-se	562
despertador	562
cansaço	562
oca	562
timing	562
elle	562
sortudos	562
imperdoável	562
engenhoso	562
tiraram-me	562
abana	562
encontrou-se	562
viste-me	562
oval	562
dolan	562
zen	562
vestígio	562
levaremos	562
tripulantes	561
filipe	561
mamíferos	561
vestuário	561
pressiona	561
virtualmente	561
gibbons	561
burrows	561
della	561
despercebido	561
prestas	561
viajamos	561
escolheria	561
superstição	561
rene	561
almôndegas	561
abdul	561
carregando	560
construtor	560
gracinha	560
piscinas	560
construções	560
wilder	560
venderam	560
separem-se	560
pascal	560
gigantesca	560
exploradores	560
deslize	560
adivinhado	560
bahamas	560
fatias	560
convencê-los	560
dudley	560
legendado	559
cliché	559
equipado	559
atacamos	559
queimaram	559
bashir	559
refrescar	559
co	559
couve	559
hipoteticamente	559
ignorado	559
clientela	559
arranjámos	559
traçar	559
moses	559
bebas	558
valiosos	558
prior	558
clifford	558
dissermos	558
zo	558
filho-da-puta	558
frequentar	558
remo	558
recheio	558
atropelada	558
acompanha-me	558
vin	558
atropelamento	558
levantamento	558
aconselho	558
despedir-te	558
formalmente	558
acumular	558
empolgado	558
realistas	558
linden	558
impresso	558
coletes	558
diplomacia	558
gratuita	557
teixeira	557
votou	557
raios-x	557
recupere	557
jeitosa	557
traseiros	557
meyer	557
recordes	557
embrulho	557
troll	557
perderem	557
injectar	557
recuso	557
consideramos	557
perdemo-lo	557
beka	557
desperdiçado	556
segurando	556
cds	556
dusty	556
mer	556
enganaste	556
partilho	556
liso	556
tesouras	556
lavado	556
alterada	556
atitudes	556
optar	556
alexandria	556
arrependimentos	556
engordar	556
capone	556
choi	556
eileen	556
mandou-nos	556
amá-la	556
divida	555
hewes	555
fugitiva	555
desintoxicação	555
biológicos	555
gavetas	555
franqueza	555
maxine	555
regressam	555
katya	555
vocabulário	555
simms	555
interrogá-lo	555
unicórnio	555
descansada	554
abdominal	554
mediterrâneo	554
infantário	554
quahog	554
mordam	554
mandíbula	554
coroas	554
panteras	554
dixie	554
space	554
receava	554
encontrou-me	554
negociador	554
contar-vos	554
queimadas	554
trajes	554
confirmaram	554
starling	554
pretty	554
skywalker	554
lil	554
incapazes	554
pocilga	554
destruindo	554
canetas	554
liberais	553
períodos	553
assada	553
irritação	553
apertadas	553
destruí-la	553
touros	553
desmancha-prazeres	553
golias	553
furto	553
cansei-me	553
salvei-te	553
sabores	553
providência	553
mencionaste	553
derrubado	553
esmagada	553
fixamente	553
beisebol	553
íntimas	552
jessi	552
congo	552
porta-aviões	552
elimina	552
participantes	552
tentavam	552
deacon	552
yi	552
tuberculose	552
arlo	552
mensageiros	552
conspirar	552
enfiou	552
imitador	552
modificar	552
desistimos	552
hesitação	551
afastou	551
comermos	551
conduzido	551
juntem	551
ligasse	551
enganaste-me	551
matrículas	551
calares	551
disparada	551
complexos	551
rodeia	551
elanna	551
apague	551
convocar	551
tremores	551
órfã	551
madeleine	551
idêntico	551
estaline	551
raju	550
adultério	550
ryder	550
was	550
avisem	550
cessar-fogo	550
modesta	550
permaneçam	550
westen	550
concussão	550
transtorno	550
enviar-me	550
donas	550
mao	550
prevenção	550
totós	550
nojentas	550
massagista	549
cubos	549
sonhado	549
saudade	549
iniciado	549
abrirem	549
permanentes	549
urna	549
dirigido	549
bandos	549
canadiano	549
sossegada	549
estreita	549
atrasadas	549
continuamente	549
doações	549
mateo	549
comunicador	549
brutus	549
maturidade	548
adama	548
diâmetro	548
positivos	548
lisonjeada	548
desapontada	548
controlamos	548
nilo	548
tumores	548
prolongar	548
five	548
admiti-lo	548
memorável	548
agrediu	548
deli	548
cortador	548
je	548
enterrá-lo	548
acessível	548
estrume	548
funcionado	548
georgetown	548
atiras	548
similares	548
maçaneta	548
ajoelha-te	548
provam	548
chamá-los	548
põe-na	547
intérprete	547
aproximando	547
dirigindo	547
conversei	547
reeves	547
manson	547
juras	547
insignificantes	547
kip	547
dependesse	547
balneário	547
universitários	547
usa-o	547
rugas	547
responderam	547
vão-te	547
carnificina	547
exigiu	546
bonjour	546
walters	546
asiáticos	546
mudarem	546
pine	546
colado	546
hurley	546
farra	546
polegares	546
cortez	546
ocorrem	546
cesta	546
aquece	546
ovni	546
doninha	546
brewster	546
sucessão	546
liverpool	546
perversa	546
reembolso	546
fecham	545
matilha	545
enfraquecer	545
caraíbas	545
jantamos	545
cotovelos	545
indicada	545
venenosa	545
escapei	545
sicília	545
esforçar-me	545
discernimento	545
enviar-lhe	545
reze	545
tirasse	545
malária	545
idioma	545
venenoso	545
mitzvah	545
puramente	545
parágrafo	545
cruza	545
guarnição	545
correia	545
moriarty	545
monopólio	544
alunas	544
urbano	544
company	544
division	544
recolhe	544
aceleração	544
acho-o	544
encontra-te	544
sardinhas	544
josephine	544
olhar-me	544
gravei	544
ralo	544
encontrámo-nos	544
nemo	544
miniatura	544
parto-te	544
excita	544
psiquiatras	543
lao	543
lu	543
cresça	543
desapontar	543
elegantes	543
manha	543
parteira	543
disses-te	543
permitam-me	543
gestor	543
minerais	543
lixívia	543
encorajar	543
ordena	543
chamarei	543
contei-te	543
basil	543
jillian	543
cólera	543
selma	543
hut	543
comunica	543
monsenhor	543
tori	543
especificações	543
conchas	542
leve-nos	542
incendiário	542
suma	542
davenport	542
séries	542
16h	542
bellamy	542
larson	542
varsóvia	542
classificação	542
dardo	542
informá-lo	542
delicadeza	542
queridinha	542
relaxem	542
perjúrio	542
ribeiro	542
soprano	542
horn	542
referiu	542
publico	542
channing	542
tariq	542
interface	542
destruímos	542
apêndice	542
científicos	541
aprecie	541
kendall	541
põe-se	541
vitamina	541
conferir	541
deixá-las	541
roupeiro	541
mantida	541
atropelou	541
sulu	541
carlson	541
comandantes	541
newark	541
mostres	541
levantada	541
giz	541
leram	541
aconselhar	541
usaremos	541
casinos	541
suzie	540
tias	540
ativar	540
call	540
minnie	540
censura	540
avisados	540
julgues	540
receberem	540
favorável	540
casei-me	540
reclamações	540
odiaria	540
desperta	540
guardamos	540
terminam	540
descansem	540
marine	540
certezas	540
eie	540
proibição	540
bloqueia	540
excessivo	540
maura	540
ka	540
sombria	540
decidida	540
atar	540
nona	540
cavanaugh	539
tratar-te	539
britney	539
estilhaços	539
apoiam	539
men	539
matulão	539
tomará	539
aquático	539
transe	539
joana	539
possuída	539
protectora	539
desajeitado	539
ganhando	539
rolos	539
stitch	539
densidade	539
tirem-nos	539
abutre	539
abstinência	539
finley	539
pc	539
melhoria	538
académico	538
beijá-la	538
macy	538
responda-me	538
cleópatra	538
piora	538
prendi	538
holland	538
opostos	538
uhtred	538
caixões	538
segure-se	538
mereça	538
térmica	538
ético	538
colocas	538
dormires	538
australiano	538
cc	538
adoravam	538
farrell	538
farmacêutico	538
mcqueen	538
despedir-se	538
peck	538
puseram-me	538
marisol	538
pertencemos	537
18h	537
pode-nos	537
pobrezinha	537
fracassado	537
doentia	537
departamentos	537
cozinhas	537
guitarrista	537
foleiro	537
fine	537
cutter	537
baldwin	537
afeta	537
escolares	537
puxei	537
iluminado	537
acostumada	537
répteis	537
continuado	537
azeitonas	537
agressivos	536
mamilo	536
crockett	536
justificação	536
lina	536
pobrezinho	536
excepções	536
portos	536
anarquia	536
colorido	536
colateral	536
organismos	536
conquistador	536
vivesse	536
horton	536
shaun	536
passarei	536
cercada	536
anti	536
lavada	536
arlene	535
alegadamente	535
records	535
ki	535
orange	535
avc	535
supera	535
saltem	535
poster	535
idaho	535
roer	535
evangelho	535
kowalski	535
aborrecidos	535
quecas	535
redondo	535
púrpura	535
consegui-lo	535
contactei	535
adolf	535
mantermos	535
vómitos	535
forasteiro	535
executados	535
stressante	535
magnum	535
especular	535
florista	535
bubba	535
carcaça	535
sentinela	534
w	534
ridículas	534
wellington	534
cher	534
maluquice	534
dióxido	534
utilizou	534
choras	534
contou-nos	534
sunset	534
polacos	534
boa-noite	534
crânios	534
prescott	534
lentos	534
suado	534
concentrem-se	534
pedi-las	534
pingar	534
secretaria	534
niles	534
terças	534
previsões	534
apaixonar-me	534
honorários	534
pôr-lhe	534
apanhava	534
wilfred	534
girls	533
sacou	533
novinho	533
inspirou	533
íman	533
substancial	533
recebendo	533
boomer	533
usar-me	533
carroças	533
reuniu	533
siobhan	533
deitar-se	533
weir	533
cônsul	533
fossa	533
domésticos	533
processamento	533
terminares	533
comprometidos	533
demores	533
intervalos	533
novata	533
choramingar	533
normalidade	533
tamanhos	533
viagra	533
espalhou-se	533
justas	533
honolulu	532
t.j.	532
zebra	532
sybil	532
phasers	532
f.b.i.	532
rafe	532
comemoração	532
metia	532
fazendeiro	532
malvados	532
zelda	532
estalagem	532
focinho	532
caloiros	532
abaixe-se	532
caírem	532
gradualmente	532
maroto	532
sextas	532
clemência	532
feitiçaria	532
espreitadela	532
épico	532
petey	532
atraídos	532
teri	532
agradecidos	532
broca	532
culpe	532
artérias	532
mulas	531
falsificar	531
marx	531
cegueira	531
pediu-lhe	531
acordá-lo	531
transportado	531
sharp	531
encomendou	531
mattie	531
parks	531
economias	531
procuraste	531
dependência	531
17h	531
recuperá-la	531
calleigh	531
entrarei	531
levantar-te	530
mandá-los	530
vulcanos	530
barbas	530
inspector-chefe	530
marisco	530
arrecadação	530
consola	530
xeque-mate	530
rowan	530
profissionalmente	530
oxigênio	530
pendurados	530
krypton	530
faces	530
fede	530
cullen	530
recaída	530
scooter	530
preocuparia	530
mentiram	530
contribuintes	530
orador	530
impressionantes	530
viúvas	529
microfones	529
compreensivo	529
ternura	529
comunismo	529
deixai-me	529
levavam	529
garret	529
achais	529
estende	529
seguires	529
prematuro	529
imortais	529
vesti	529
descrito	529
biopsia	529
nuns	529
hippies	528
bagas	528
roube	528
causados	528
sirene	528
jeremiah	528
lonnie	528
traste	528
curtos	528
acreditarem	528
terramotos	528
bombaim	528
jurídico	528
enviámos	528
energética	528
adalind	528
forbes	528
tons	528
durará	528
amo-vos	528
acalmar-te	528
pertence-me	528
vitela	528
heróico	527
mesquinho	527
freeza	527
faço-lhe	527
envolvendo	527
burgess	527
damasco	527
pôs-se	527
snarf	527
endereços	527
sirenes	527
demência	527
incrivel	527
sands	527
principiante	527
produzem	527
pessimista	527
deixa-lo	527
casper	527
desafio-te	527
escadaria	527
ten	527
incerteza	527
subsídio	527
penn	527
winters	526
kiss	526
ampliar	526
encontrássemos	526
digam-lhe	526
trapos	526
four	526
deixassem	526
asher	526
indefesa	526
cdc	526
antecipar	526
bancários	526
fortalecer	526
barlow	526
cómoda	526
tiraste-me	526
assistiu	526
protejo-te	526
dêem-nos	526
infringir	525
conservar	525
kaplan	525
atendimento	525
juntarem	525
sandálias	525
garza	525
anzol	525
aires	525
salgado	525
jato	525
alarido	525
deep	525
décima	525
ouvi-a	525
ada	525
sindicatos	525
apoiar-te	525
sábios	525
atendas	525
dragon	525
desmoronar	525
escondam-se	525
brenner	524
hemingway	524
afundou	524
pegaste	524
ter-te-ia	524
russel	524
nelly	524
enforcamento	524
morales	524
bristow	524
dirijam-se	524
dirigia	524
fá-los	524
respondido	524
razoáveis	524
conner	524
reservei	524
protestante	524
grava	524
lucrar	524
buzina	524
históricos	524
estrangular	524
apavorado	524
pisos	524
dou-lhes	523
compatriotas	523
defender-se	523
taelons	523
desconforto	523
firewall	523
pastelaria	523
betão	523
visibilidade	523
remy	523
velhotes	523
matricula	523
sífilis	523
rejeitou	523
avançou	523
sheriff	522
negativas	522
camden	522
bentley	522
auscultadores	522
apresentam	522
decorações	522
landry	522
avisá-los	522
constantes	522
juntar-nos	522
tico	522
consumidores	522
chb7aa2d	522
minhocas	522
magoar-se	522
trio	522
salinger	522
psíquica	522
corporais	522
fazer-lhes	522
aumentando	521
lula	521
bret	521
cuidando	521
arranjarmos	521
gruber	521
cava	521
marada	521
admites	521
egoísmo	521
trazerem	521
olsen	521
torná-la	521
escorregadio	521
licenciatura	520
índice	520
pagarem	520
largado	520
diremos	520
propulsores	520
apanharam-me	520
marlon	520
guido	520
per	520
cimeira	520
cumpro	520
permaneceu	520
cornell	520
angelina	520
tornamos	520
bisavô	520
primárias	520
encheu	520
apresente-se	520
insegura	520
islão	519
atrases	519
lutadora	519
orgulho-me	519
íris	519
mill	519
marcadas	519
ripostar	519
rafeiro	519
acompanhá-lo	519
afogou	519
oitava	519
ganchos	519
clandestino	519
perseguem	519
complicação	519
paixões	519
tang	519
coágulo	519
lutava	518
lançaram	518
cometas	518
fodi	518
mc	518
protetor	518
agressividade	518
mal-educado	518
meti-me	518
robe	518
tamara	518
aorta	518
field	518
voltasses	518
inclinação	518
estante	518
deslocado	518
quebra-cabeças	518
metanfetamina	518
meditar	518
passaremos	518
optimo	518
estilista	518
programada	518
valeria	518
proibidos	518
intelecto	517
marionetas	517
jericho	517
cuidamos	517
reclamação	517
lidei	517
rótulo	517
devastador	517
rohit	517
assar	517
moody	517
convenceste	517
raina	517
apaixonar-se	517
vibrar	517
gate	517
totalidade	517
shaolin	517
freeman	517
varíola	517
ordinário	517
fedelho	517
ni	517
destroem	517
genuína	517
canoa	517
desforra	517
juanita	517
cromwell	517
vijay	517
oculta	517
descontrai-te	517
aquecedor	517
receia	516
spring	516
fazio	516
dançando	516
teyla	516
first	516
weiss	516
descontrolada	516
vespa	516
concursos	516
resistentes	516
chimpanzé	516
mete-o	516
seguiste	516
tormento	516
declínio	516
chevy	516
versos	516
rimmer	516
pegam	516
ipod	516
permaneça	516
impenetrável	516
baloiço	516
cinzeiro	516
atrasos	516
fumava	515
viragem	515
adoramos-te	515
expressões	515
virar-se	515
juntam	515
coitadinha	515
rolling	515
cortam	515
grimes	515
voight	515
causaram	515
aziz	515
emitiu	515
envolvem	515
contados	515
nan	515
envenenou	515
alejandro	514
olharam	514
reality	514
acolhedor	514
cahill	514
parecendo	514
poppy	514
hazzard	514
puberdade	514
chamou-lhe	514
mitos	514
desiludida	514
perdi-a	514
talhante	514
frasier	514
meramente	514
esquece-o	514
entendendo	514
joanie	514
conquistou	513
moira	513
acharia	513
goodman	513
semelhanças	513
puros	513
incomodou	513
raivoso	513
conversinha	513
maría	513
amabilidade	513
bev	513
formada	513
pilares	513
prometa-me	513
esfaqueou	513
acharmos	513
viu-te	512
inicia	512
fitch	512
travesti	512
q.	512
sykes	512
hendricks	512
concentrar-se	512
bartlet	512
espantalho	512
viajado	512
sentia-se	512
concessão	512
diversidade	512
caranguejos	512
trarei	512
brincalhão	511
capturou	511
8h	511
sera	511
manifestações	511
andróide	511
see	511
game	511
bofetada	511
orion	511
relâmpagos	511
legislação	511
fargo	511
renovação	511
condecorado	511
calculado	511
esconder-nos	511
sand	511
faye	511
ponderar	510
smithers	510
exprimir	510
ignorantes	510
inofensiva	510
mudasse	510
pauzinhos	510
baseia-se	510
patton	510
afogamento	510
arturo	510
sharpe	510
pacificamente	510
mail	510
estourar	510
cientes	510
pavilhão	510
cometidos	510
capacetes	510
começasse	510
adora-te	510
hell	510
poupe	510
contratempo	510
enganam	510
mu	510
brilham	510
trabalhasse	510
andrei	510
ilustre	510
lhalves	510
júlio	510
jimbo	509
slogan	509
liberdades	509
molhadas	509
sonhaste	509
afogar-se	509
banal	509
oposta	509
saturação	509
hai	509
parvas	509
talho	509
scottie	509
divorciar-se	509
mesada	509
suponha	509
clique	509
despachado	509
empreendimento	509
continues	509
mordeu-me	509
cacau	509
dás-nos	509
cortar-te	509
explorador	509
motivado	508
rach	508
bee	508
sento	508
investido	508
ensina-me	508
elfos	508
esquecê-lo	508
lightman	508
fraser	508
dote	508
pressões	508
insuficiência	508
elétrico	508
opressão	508
tiroteios	508
fiambre	508
esquecimento	508
fórum	508
entendam	508
verbal	508
perseguidos	507
matemático	507
davina	507
ganharem	507
custer	507
channel	507
cirúrgica	507
assustá-la	507
chung	507
picha	507
esquecendo	507
divertindo	507
partiremos	507
venceste	507
namora	507
defendeu	507
primitiva	507
atendeste	507
solicitar	507
larsen	507
patriotas	507
candidatar	507
cateter	507
visitar-nos	507
tem-nos	507
almoços	507
objeção	506
conhecer-me	506
relativo	506
ases	506
científicas	506
sox	506
caísse	506
ia-me	506
especiarias	506
pós-traumático	506
tomarmos	506
viv	506
fungos	506
filhinha	506
explosiva	506
estrondo	506
sabre	506
burrito	506
derretido	506
arrisco	506
amaste	506
serviria	506
caminhando	506
vegetação	506
swift	506
cálcio	506
testemunhos	506
sedução	506
casulo	506
saíam	505
remos	505
hare	505
manda-os	505
dificultar	505
posso-lhe	505
necessitar	505
chorão	505
conto-lhe	505
matou-os	505
invenções	505
pio	505
estrangulada	505
lorna	505
langston	505
beliche	505
projetos	505
saberiam	505
destruam	505
identificados	505
qualificada	505
chapa	505
desobedecer	505
ambientais	505
mudarmos	505
movam-se	504
job	504
ciumenta	504
encontrá-las	504
continentes	504
omaha	504
extremas	504
rígida	504
planeámos	504
pagando	504
mackey	504
quincy	504
desejo-lhe	504
distintos	504
pequei	504
gargalhadas	504
tire-o	504
zhang	504
socialmente	504
garfield	504
alargar	504
gráficos	504
coleccionador	504
distâncias	504
nba	504
fabrico	504
hospedado	503
capitalismo	503
pager	503
feng	503
fala-se	503
factores	503
crowder	503
rapariguinha	503
modernas	503
tratares	503
mídia	503
nutrientes	503
queimando	503
berma	503
ligadura	503
leeds	503
chat	503
negada	503
encomendei	502
cancele	502
biquíni	502
tournée	502
queimei	502
dariam	502
espécime	502
actua	502
exótico	502
mueller	502
disfarçados	502
vomitei	502
ripley	502
pensarei	502
comer-te	502
sa	502
riggs	502
colocaria	502
retiraram	502
riem	502
mendez	502
zulu	502
encontras-te	502
latinos	502
reanimação	501
enganar-te	501
passadeira	501
bendito	501
chamaram-me	501
estabeleceu	501
existes	501
areias	501
ramona	501
concluída	501
conta-lhes	501
viro	501
recomendou	501
investigou	501
negocio	501
matei-a	501
jekyll	501
mcbride	501
sutura	501
meia-hora	501
decisivo	501
ruthie	501
contrataste	501
devorar	501
baldes	501
vomitado	501
calar-te	501
cory	501
campanhas	501
enfiada	501
apaguem	501
tocar-te	501
comparada	500
museus	500
deram-te	500
cerimónias	500
suspense	500
búfalos	500
ravi	500
bermudas	500
súbditos	500
miligramas	500
honey	500
hélio	500
zelador	500
cartucho	500
autores	500
mecânicos	500
narcisista	500
deu-se	500
governante	500
rabinho	500
mme	500
transacções	500
blackjack	499
casaria	499
urgentes	499
finalidade	499
kathryn	499
involuntário	499
baronesa	499
judd	499
taquicardia	499
montalbano	499
bracelete	499
estalar	499
abrindo	499
nativo	499
agatha	499
palermo	499
socapa	499
wo	499
suplente	499
colby	499
afeição	499
definitiva	499
bobagem	499
penthouse	499
tentaremos	499
devolvo	499
despejo	499
cantores	499
treinou	498
passar-te	498
bailes	498
sangramento	498
localizada	498
eléctricas	498
combustão	498
casadas	498
sonja	498
cósmica	498
babylon	498
vestem	498
espectaculares	498
lockwood	498
roleta	498
compatíveis	498
tratando	498
aceitem	498
mindinho	498
comício	498
cocas	498
hogg	498
sobreviveste	498
belga	498
variáveis	498
nascente	498
valerá	498
vénia	497
roxy	497
conhecer-nos	497
poupe-me	497
lowell	497
bactéria	497
acordamos	497
encontraste-o	497
disseram-lhe	497
bênçãos	497
boxers	497
radha	497
ianques	497
cilindro	497
chamamento	497
restauração	497
herdar	497
emilio	497
aguentar-se	497
assustar-te	497
maminhas	497
entregamos	497
miudos	497
nicolas	497
porcas	497
robertson	497
pensará	497
mantiveram	497
acho-te	497
saida	497
colaboradores	496
golf	496
beijado	496
lancaster	496
volts	496
lucrativo	496
criadores	496
bicos	496
crua	496
berry	496
albuquerque	496
sg-1	496
atirar-te	496
colonial	496
earp	496
doutra	496
davas	496
bacia	496
desaparecerem	496
emil	496
platina	496
portaste-te	496
grutas	496
economizar	496
trance	496
esqueletos	496
provocação	496
crowe	496
dançamos	496
geografia	495
mexeres	495
afastem	495
trocaram	495
cesar	495
hydra	495
adaga	495
micro-ondas	495
virtudes	495
subterrânea	495
assenta	495
vadios	495
shin	495
cursos	495
intocável	495
morse	495
cumprimenta	495
vistes	495
abre-o	495
soltou	495
vão-nos	495
sininho	495
foi-nos	495
cascata	495
injustamente	495
perceberem	495
acompanho-te	495
implicações	494
hackers	494
taças	494
digerir	494
educados	494
desistiram	494
kris	494
traumas	494
letreiro	494
fornicar	494
surpreendeu	494
mostrem-me	494
aperitivo	494
meados	494
mostra-te	494
mantenhas	494
noz	494
consistentes	494
hiperespaço	494
combinações	494
hepatite	494
largue-a	494
iniciação	494
receção	494
true	494
sofrendo	494
levas-me	494
bertie	493
perceberes	493
renal	493
sinbad	493
simultaneamente	493
reuben	493
velejar	493
ligarei	493
violoncelo	493
sujeira	493
concretizar	493
chegarei	493
pinga	493
ferengi	493
emmy	493
mostrava	493
refrescante	493
cubro	493
baby-sitter	492
continuação	492
resíduo	492
operatório	492
estocolmo	492
fiscais	492
intriga	492
impedir-te	492
impulsivo	492
cripta	492
eleitoral	492
denso	492
dezanove	492
recuperamos	492
darlene	492
24h	492
pressione	492
reciclagem	492
edificio	492
ancestral	492
pisou	492
relevância	492
socialista	492
dominado	492
aguentei	492
hemisfério	491
gansos	491
divide	491
confissões	491
cerimônia	491
mantém-nos	491
setas	491
permitindo	491
dizia-me	491
yvette	491
autoestrada	491
mágoa	491
assinaste	491
encolher	491
vinagre	491
micah	491
poole	491
preconceito	491
recompensado	491
extradição	491
fula	491
deixaram-no	491
bizarra	491
mexericos	491
tofu	491
esquecer-se	491
certificar-se	491
aja	491
coreanos	490
vu	490
esqueces-te	490
mabel	490
paradoxo	490
perspectivas	490
fracção	490
ambrose	490
emergir	490
carona	490
apolo	490
web-dl	490
co2	490
crónica	490
bd	490
serviram	490
demolição	490
19h	490
kal-el	490
singular	490
livra	490
jangada	490
qualificações	490
sinceras	490
confusas	490
abastecer	490
haverias	489
frágeis	489
carrossel	489
recrutado	489
pragas	489
tumulto	489
rijo	489
recompor	489
norfolk	489
lili	489
desastres	489
aproxime-se	489
expulsou	489
facadas	489
tentemos	489
gunther	489
distrital	489
confiantes	489
patsy	489
mato-a	489
demente	489
planeamos	489
secador	489
silicone	488
dubois	488
despertou	488
suplemento	488
prendê-la	488
preparo	488
tobin	488
semanal	488
novak	488
bertha	488
paixoneta	488
melhore	488
seleção	488
farpado	488
conas	488
transporta	488
vespas	488
etiquetas	488
rygel	488
sven	487
levantei-me	487
entregá-la	487
prejudicial	487
recomendações	487
cachorro-quente	487
manipulado	487
cecil	487
ridículos	487
filial	487
milady	487
roth	487
desperdices	487
rinoceronte	487
cigano	487
tank	487
acompanhada	487
abria	487
doidas	487
aniversariante	486
super-heróis	486
rebentaram	486
regressamos	486
finos	486
jogaram	486
arranco-te	486
falante	486
homo	486
tucson	486
ananás	486
regionais	486
carruagens	486
seção	486
leva-te	486
patrocinador	486
surpreendidos	486
roubava	486
lona	486
movimentar	486
emite	486
rápidamente	486
metamorfo	486
passarão	486
rivera	486
calcanhares	485
navid	485
perturba	485
mayer	485
comporta-te	485
mos	485
chegavam	485
cuidem	485
key	485
descapotável	485
aumentam	485
acusa	485
atlas	485
julgada	485
transtornado	485
reflexão	485
tranquilizante	485
essex	484
assombrar	484
violeta	484
bolton	484
adoptada	484
ganharia	484
preocupou	484
examinei	484
ícone	484
pusesse	484
bach	484
envolver-me	484
anteontem	484
emery	484
manhoso	484
penetração	484
tábuas	484
valho	484
move-se	484
trabalhavas	484
votem	484
exterminar	484
vlad	484
assustadas	483
pagãos	483
lavei	483
cristianismo	483
plutónio	483
reconhecem	483
fotógrafos	483
trampa	483
fiável	483
horrivelmente	483
estagiários	483
cha	483
beneficência	483
suicídios	483
superou	483
amén	483
estilos	483
camarões	483
casam	483
esplendor	483
hammer	483
minimamente	483
marin	483
noturno	483
sweeney	483
fascinado	483
lisboa	483
resolveste	482
bartlett	482
realizada	482
pegado	482
superioridade	482
mort	482
spears	482
desportiva	482
palace	482
tyr	482
navais	482
separaram	482
emmet	482
aluguei	482
entenderia	482
entregares	482
margie	482
concerteza	482
blunt	482
pede-me	482
transtornada	482
jacqueline	482
deixem-se	482
embarcação	482
autodestruição	482
emissário	482
mimado	481
despe	481
batidos	481
amiguinhos	481
dib	481
penitência	481
moribundo	481
afastares	481
gomas	481
leopold	481
portais	481
esperaram	481
perdoem-me	481
financeiramente	481
addicted	481
duvidei	481
vodca	481
amarras	481
baixe-se	481
monique	481
feriados	481
templos	481
revolucionária	481
aceitasse	481
distintas	481
tijuana	481
gerais	480
chinesas	480
estrangeiras	480
alcança	480
desfeita	480
titânio	480
tira-os	480
possuo	480
severamente	480
activada	480
abandone	480
dá-la	480
dissessem	480
imparcial	480
adriana	480
capangas	480
enredo	480
saturno	480
toca-me	480
estudava	480
ness	480
versus	480
posterior	480
zumbido	480
despistar	480
pooh	480
desorientado	480
obrigá-lo	480
acerto	480
pratas	479
rejeitada	479
corresponder	479
sea	479
softcopi	479
cuidei	479
valium	479
poderiamos	479
steele	479
pancadas	479
encharcado	479
continuarão	479
sonora	479
twilight	479
kumar	479
válvulas	479
firmemente	479
olharmos	479
larkin	479
controles	479
acres	479
àquelas	479
cobaias	479
curandeiro	479
teóricos	479
automáticas	479
importaste	479
adequadamente	478
romero	478
desenvolveram	478
habituar-me	478
luka	478
aproximou	478
compressão	478
hipocrisia	478
sparks	478
brincas	478
copa	478
eiffel	478
femininos	478
lamechas	478
desfazer-se	478
aproveitar-se	478
rompeu	478
medíocre	478
capitães	478
renas	478
observar-nos	478
danificar	478
convenientemente	477
dia-a-dia	477
devida	477
mantenha-o	477
crês	477
cartéis	477
poria	477
planeaste	477
tropeçar	477
normandia	477
curto-circuito	477
excluído	477
sinta-se	477
margarita	477
invejo	477
concepção	477
proporções	477
imigrante	477
suponhamos	477
rezamos	477
aprovo	477
atirando	477
desleixado	477
pagámos	477
nino	477
marquesa	477
aparecerá	477
mostramos	476
beberes	476
misteriosamente	476
horroroso	476
nasal	476
trocados	476
concorde	476
flack	476
identificaram	476
transferidos	476
grover	476
moramos	476
aproximou-se	476
vestiário	476
hip	476
flutuante	476
escrúpulos	476
odeie	476
torna-o	476
estrangulamento	476
prestígio	476
filmou	475
menciona	475
príncipes	475
esfaquear	475
ugh	475
atrelado	475
dirigida	475
geometria	475
libertar-me	475
noivas	475
peidos	475
recolhemos	475
expulsão	475
agradeças	475
continuaria	475
fizemo-lo	475
cone	475
negligente	475
sepulturas	475
lexie	475
crosta	475
ring	474
guaxinim	474
ultrapassei	474
cbi	474
retido	474
ahhh	474
piggy	474
arriscada	474
gravitacional	474
cabeludo	474
acertada	474
folheto	474
fodeu	474
moray	474
muad	474
faminta	474
prejuízo	474
contestar	474
beaumont	474
sintético	474
histeria	474
úlcera	474
picado	474
lider	474
meteoro	474
demitiu-se	474
carrinhos	474
meio-irmão	474
urgentemente	474
desentendimento	474
moldura	474
retirados	474
rayburn	474
soul	474
orquídea	474
alegra-me	474
idênticas	473
filma	473
herrmann	473
cell	473
atras	473
tossir	473
motos	473
trazer-nos	473
canivete	473
contanto	473
santificado	473
orar	473
palavra-passe	473
instantânea	473
provaram	473
kiera	473
apanhar-nos	472
hamster	472
submeter	472
prestou	472
beirute	472
caril	472
registados	472
diminuiu	472
achem	472
imparável	472
invadido	472
keating	472
sorridente	472
restar	472
controlas	472
civilizada	472
janey	472
esquizofrenia	472
perdoo	472
fugia	472
diagnosticado	472
fascistas	472
verniz	472
resolvida	471
porta-luvas	471
babá	471
craniano	471
arrasado	471
tex	471
adoecer	471
lavabos	471
refrigerantes	471
budista	471
zia	471
princesas	471
comprar-lhe	471
acabarão	471
enfrentam	471
marés	471
racistas	471
mexidos	471
amgod	471
terminarem	471
belfast	471
avalanche	471
incerto	470
vícios	470
pagasse	470
cupido	470
siegfried	470
mística	470
inexplicável	470
conversão	470
esquecemo-nos	470
axe	470
desactivado	470
rascunho	470
anakin	470
colocadas	470
dustin	470
sombrios	470
borrão	470
apaguei	470
inquieto	470
telefonar-te	470
demo	470
cláudia	470
salvadora	470
escutado	470
retratos	470
substitui	470
tocada	470
masturbação	470
temple	470
escolheres	469
amen	469
nah	469
consolação	469
ofendida	469
ridiculo	469
infiltrados	469
recusaram	469
organiza	469
leary	469
gostoso	469
infectar	469
sentinelas	469
darias	469
sutter	469
crescidos	469
põe-nos	469
testosterona	469
risca	469
look	469
lutaremos	468
gaines	468
destruirá	468
atravessei	468
franny	468
orquídeas	468
montante	468
injeção	468
discutiu	468
osama	468
amazonas	468
perderemos	468
sobremesas	468
gladiador	468
donnelly	468
fisk	468
head	468
vestir-te	468
melão	468
desfecho	468
ogivas	468
gore	468
premir	468
mortimer	468
lacrosse	468
sociedades	468
distinta	468
vandalismo	468
buy	468
esconda	467
alimentar-se	467
programar	467
enriquecer	467
destaque	467
berros	467
furtivo	467
jodi	467
brincava	467
mordidela	467
avisá-la	467
colocar-me	467
clavícula	467
rigsby	467
suíte	467
lástima	467
conduzem	467
marcadores	467
derramamento	467
gratuito	467
finges	467
caias	467
esgotar-se	467
castigada	467
maléfico	467
reconciliação	467
ale	467
peregrinos	467
geoff	467
astral	467
apresentá-lo	467
frigideira	466
investi	466
alimentares	466
singer	466
peões	466
adoração	466
say	466
mandamentos	466
circulo	466
disciplinar	466
aperfeiçoar	466
caçam	466
boate	466
proprietária	466
lafayette	466
warrick	466
formosa	466
edwin	466
acompanhá-la	466
superman	466
vancouver	466
postas	466
lixou	466
law	466
vigário	466
néctar	466
lan	466
picard	466
hagen	466
portar-se	466
sobreviva	466
recusaste	466
aplicações	466
pô-las	465
apresentar-se	465
bloqueou	465
school	465
gema	465
checar	465
lutarem	465
senhoritas	465
apoiou	465
carreguem	465
uther	465
inspire	465
acasalamento	465
concordaria	465
abbie	465
incompetência	465
mamar	465
loomis	465
aceitarei	465
absolvição	465
próstata	465
melhorado	464
arrastou	464
agrade	464
individuo	464
assassinaram	464
convicções	464
coiso	464
sharona	464
adaptar-se	464
hampton	464
fetiche	464
esmagados	464
dotado	464
luigi	464
baseados	464
levanto	464
pseudónimo	464
almeida	464
maçarico	464
baril	464
movendo	464
nocturnos	464
composta	464
dispersar	464
promovida	464
intravenosa	464
samson	464
charada	464
eliminados	464
vota	464
suposições	464
repleta	464
dover	464
cool	463
michele	463
hard	463
aprendendo	463
reinar	463
lembraste-te	463
propôs	463
propósitos	463
parecerá	463
thatcher	463
procurar-te	463
diplomático	463
ramón	463
imunda	463
colombianos	463
ligarem	463
alimentam	463
louisa	463
observadores	463
agiste	463
condor	463
comprares	463
aldrabão	463
corto-te	463
segui-o	463
quiséssemos	463
georges	463
interessadas	463
conceber	462
roteiro	462
atribuído	462
matava-me	462
cortá-lo	462
consegue-se	462
raptados	462
stones	462
samir	462
rasgado	462
agimos	462
xxi	462
reagem	462
heart	462
horizontal	462
starbucks	462
calem	462
acompanhar-te	462
asqueroso	462
desertor	462
they	462
metano	462
infiltrar	462
humildes	462
agrícola	462
excessiva	461
batista	461
espetáculos	461
annalise	461
namorei	461
leres	461
artrite	461
guardiã	461
pênis	461
chamarem	461
virilha	461
mace	461
co-piloto	461
hackear	461
honrados	461
exageres	461
vikram	461
camilla	461
entregar-te	461
cargos	461
tropeçou	461
21h	461
anonimato	461
exigência	461
queima-roupa	461
movido	461
assustei	461
travessia	460
catering	460
lutarei	460
derradeiro	460
rúpias	460
acha-se	460
perguntei-te	460
dickens	460
patrocinadores	460
embaraço	460
reservatório	460
bagagens	460
esfomeados	460
competitivo	460
kings	460
tropecei	460
connors	460
ahrens	460
precipitado	460
id	460
necessitas	460
dar-te-ei	460
meros	460
merecido	460
parecerem	460
yin	460
clínicas	460
davidson	459
depositar	459
lowe	459
lubrificante	459
libra	459
carlisle	459
fútil	459
deveriamos	459
ganhará	459
rapido	459
myka	459
capô	459
chamem-me	459
carmine	459
nucky	459
cuidava	459
defender-me	459
atribuir	459
juntaram	459
advertência	459
interagir	459
trancados	459
elaborado	459
transforme	459
julgados	459
sonhador	459
anedotas	459
dever-me	459
hardware	459
garotinha	459
cortamos	459
levantá-lo	459
românticos	458
psicológicos	458
sangrou	458
dirija	458
moldar	458
hm	458
traiu-me	458
deslocar	458
secções	458
carregas	458
estica	458
mudava	458
kanan	458
empacotar	458
lister	458
wing	458
banir	458
conscientes	458
rodeo	458
velocidades	458
subtitles	458
sucedidos	458
mexido	458
bois	458
prosperar	457
partilhado	457
rodeados	457
lembrem	457
selada	457
danificados	457
mccall	457
travesseiro	457
tornava	457
gastas	457
débil	457
mergulhadores	457
acaba-se	457
cerâmica	457
êxitos	457
pronúncia	457
xau	457
cappuccino	457
safar-te	457
indício	457
tas	457
ordenei	457
ronny	457
radioactivo	457
rigoroso	457
alcançou	457
firmeza	457
persa	456
infecções	456
pomba	456
eden	456
scan	456
matrimonial	456
embrulhar	456
atingi	456
indicou	456
deliciosas	456
pós	456
cólon	456
beijou-me	456
aceitará	456
vendedora	456
dure	456
kovac	456
intensamente	456
convenceu-me	456
desfrutem	456
mafiosos	456
ensiná-lo	456
assumimos	456
apanhaste-o	455
identificações	455
obediente	455
cubram	455
dirigem-se	455
mandámos	455
carnes	455
saiste	455
fergus	455
solenemente	455
discotecas	455
dizem-nos	455
protegeu	455
meyers	455
misteriosos	455
assustam	455
concretas	455
perdoai-me	455
obsceno	455
mafia	455
nikolai	454
divindade	454
weber	454
cirúrgico	454
saltado	454
masculinidade	454
haveriam	454
descobriremos	454
biológicas	454
cincinnati	454
deixaste-a	454
limbo	454
neha	454
conquistas	454
inesquecível	454
tencionas	454
armazenar	454
despesa	454
canário	454
pinóquio	454
agredido	454
espirituais	454
desonra	454
revelaram	454
comprada	454
desodorizante	454
félix	454
simular	454
erika	454
atrevida	453
embebedar	453
civilizados	453
relutante	453
espera-se	453
folgo	453
pu-lo	453
especado	453
palhaçada	453
cesariana	453
tornem	453
bafo	453
frangos	453
trancou	453
queimem	453
televisor	453
agarrou-me	453
jonesy	453
masculinos	453
saldos	453
tranças	453
bambu	453
descafeinado	453
existam	453
tentará	453
formem	453
fabricantes	453
mantém-na	453
pedreira	453
registou	453
rouge	452
talia	452
riam	452
marwan	452
limitados	452
danado	452
trazida	452
existente	452
concentrados	452
brutais	452
semáforo	452
audácia	452
aquiles	452
detergente	452
combinados	452
património	452
atirou-me	452
raquel	452
gogh	452
ameaçador	452
tricia	452
dina	452
puma	452
cultivo	452
verónica	451
mereci	451
pêssegos	451
eixos	451
aluguel	451
medusa	451
godfrey	451
toc	451
navegador	451
extraordinários	451
väo	451
entediante	451
devil	451
violentamente	451
pervertidos	451
cidadã	451
mudá-lo	451
sô	451
chatas	451
tinha-a	451
renegado	451
alcoólicos	451
dispostas	451
detecção	451
optimus	451
dispensada	451
desistires	451
compro-te	451
estudando	450
assobiar	450
trama	450
deseje	450
carregou	450
hailey	450
reina	450
comprá-la	450
cacete	450
sync	450
viper	450
cumpra	450
caídos	450
xelins	450
eureka	450
eisenhower	450
passou-me	450
papão	450
cortar-lhe	450
convenções	450
ordinária	449
requerem	449
armando	449
vocalista	449
perseguindo	449
regressarmos	449
tocarem	449
bowie	449
johann	449
atrocidades	449
aw	449
aprendam	449
plantações	449
pintada	449
barricada	449
sniper	449
fingimos	449
escondo	449
wormhole	449
milorde	449
indefinidamente	449
thorn	449
adorada	449
arranha-céus	449
electrónicos	449
contraste	449
esculturas	449
desaparecesse	449
interferências	449
clarice	449
constitui	449
faltando	448
corras	448
poético	448
custado	448
diárias	448
viajem	448
preservação	448
esquecidos	448
possessão	448
inverter	448
nabo	448
c-4	448
fugirem	448
recitar	448
têem	448
ro	448
ponha-me	448
girafa	448
buscar-nos	448
controladas	448
ajudarei	448
polir	448
collants	448
imaturo	447
homicidio	447
despedi	447
vestiu	447
ferris	447
restabelecer	447
odeio-a	447
gratificante	447
motins	447
desconfiança	447
tem-na	447
discursar	447
meteorologia	447
muller	447
passei-me	447
maciça	447
best	447
preguiça	447
bess	447
abate	447
convence	447
patifes	447
chapada	447
free	447
votei	447
revistem	447
caminhadas	446
avançadas	446
experimentou	446
abbs	446
irma	446
ravina	446
curou	446
produziu	446
contras	446
lêem	446
controlados	446
autodefesa	446
interessa-me	446
estàs	446
paradas	446
bronco	446
durmam	446
harrington	446
compreendas	446
imprevisto	446
precoce	446
juntamos	446
treina	446
comitê	446
zé-ninguém	446
olaf	446
desapareces	446
milly	446
duff	446
zé	446
casasse	446
glass	446
lucius	446
mcgill	445
incomodada	445
adiantados	445
pisca	445
waldo	445
vicodin	445
convencer-te	445
vulcões	445
rosewood	445
safo	445
investigamos	445
executada	445
arrancar-te	445
virem-se	445
levanta-se	445
shows	445
inscrever	445
aéreos	445
assassinadas	445
importamos	445
tramada	445
guardados	445
preenchido	445
sairam	445
dmitri	445
encaixam	445
descobrirá	444
groot	444
cobre-me	444
nottingham	444
soltos	444
requisitos	444
cuidará	444
duvidas	444
excitados	444
rohan	444
retirei	444
herbie	444
modificações	444
calçado	444
joguinho	444
voadora	444
peixinho	444
slater	444
donativo	444
lecter	444
yoko	444
sigas	444
bypass	444
velhinha	444
duane	444
matilda	444
utilizadores	444
pará-los	444
nado	444
nutrição	444
apresentada	443
concebida	443
arkady	443
acompanhe-me	443
pinheiro	443
facilita	443
moreira	443
accionistas	443
individualmente	443
shalom	443
baton	443
eleita	443
darhk	443
ceptro	443
presumindo	443
imperativo	443
bófias	443
tramou	443
mouth	443
seguirá	443
mergulha	443
berrar	443
janta	442
tresanda	442
safou	442
chaleira	442
pergunto-lhe	442
melody	442
zodíaco	442
jameson	442
pintas	442
aspirar	442
viverei	442
estã	442
ambulâncias	442
traiçoeiro	442
esconderijos	442
her	442
colada	442
patti	442
condenações	442
influente	442
causaste	442
satisfaz	442
giants	442
veer	442
experimento	442
benta	442
faltas	442
parish	442
palavra-chave	442
industriais	442
especializado	442
gargalhada	442
corcunda	442
odiamos	441
gastaste	441
pediatra	441
reunimos	441
fazia-o	441
emocionada	441
ratas	441
talibãs	441
magic	441
estatística	441
românticas	441
schultz	441
insano	441
esconderam	441
chamar-se	441
brother	441
rubi	441
recortes	441
storybrooke	441
informante	441
caída	441
entregaste	441
jeep	440
capturada	440
menção	440
pressinto	440
demoraria	440
hola	440
fujo	440
enrique	440
emissões	440
lexington	440
inestimável	440
desafia	440
elevadas	440
sentamo-nos	440
agradecer-vos	440
caldo	440
punheta	440
intrigado	440
snyder	440
duvidoso	440
elixir	440
sequestrado	440
recear	440
jactos	440
infiltrada	440
ménage	440
apontem	440
nbc	440
intelectuais	440
satisfatório	440
mad	440
fumei	440
mandando	440
calder	440
transformá-lo	439
ziggy	439
crawley	439
deteve	439
marciano	439
aventureiro	439
estafeta	439
nervosas	439
esquinas	439
esperteza	439
nebulosa	439
humildemente	439
nine	439
oculares	439
servi-lo	439
variação	439
z.	439
esquece-se	439
portou-se	439
cuspo	439
box	439
graciosa	439
sarcástico	439
adquirido	439
dame	439
odessa	439
pus-me	438
marmelada	438
evoluiu	438
aeronave	438
hemorragias	438
identificámos	438
pairar	438
cozinhados	438
consumidor	438
atirada	438
discriminação	438
escondemos	438
apetecia	438
preferiu	438
disneylândia	438
georgina	438
crazy	438
spider	438
engodo	438
perdoou	438
enigmas	438
parvalhões	438
sanguessugas	438
werner	438
encriptação	438
stressada	438
camionista	438
devoto	438
diesel	438
distracções	437
ironicamente	437
resolvem	437
múltipla	437
delírio	437
sylvie	437
assinaram	437
lucia	437
expira	437
aterrador	437
ferrugem	437
encha	437
margarida	437
pedirem	437
pastores	437
serva	437
vulgares	437
acreditará	437
calçar	437
roubámos	437
florescer	437
enterrei	437
incendiou	437
encontra-a	437
mahoney	437
critério	437
bono	437
chefia	437
altruísta	437
desembarque	437
adoravas	437
entediado	436
ashton	436
ephram	436
péssimas	436
referir-se	436
matassem	436
rir-te	436
enfermagem	436
ilumina	436
vigília	436
juntares	436
precipitadas	436
bernardo	436
viajava	436
aloha	436
elaborar	436
amem	436
humilhada	436
pensasses	436
mário	436
interrompida	436
milwaukee	436
ousada	436
riscar	436
atrevem	436
arrebentar	436
incomodar-me	436
caxemira	436
vai-lhe	436
levamo-lo	436
prado	436
kes	436
gostosa	436
arrependo-me	436
incomoda-me	436
completas	436
apanho-o	436
revestimento	436
hop	436
preconceitos	435
natalia	435
killian	435
evasão	435
mulherengo	435
mudaram-se	435
precedente	435
povoado	435
dormiram	435
lannister	435
manager	435
magnitude	435
condizer	435
devastada	435
encontrem-no	435
aguardamos	435
indique	435
trair-me	435
gregor	435
n.º	435
edimburgo	435
lanie	435
delaware	435
proíbe	435
palmadas	435
ousadia	435
isis	435
recordas	435
trolls	435
afectada	435
permitidos	435
secretárias	435
magoou-se	435
lucinda	435
consumido	435
persuadir	434
fá-lo-ia	434
crepúsculo	434
saudar	434
radiador	434
pareçam	434
transplantes	434
kincaid	434
ângelo	434
ponho-te	434
mikhail	434
rãs	434
processá-lo	434
rena	434
lidas	434
guloseimas	434
vou-vos	434
rixa	434
bateres	434
tirem-na	434
inchada	434
bucky	434
mexes	434
laurent	434
vinny	434
tripla	434
cooperativa	433
reabastecer	433
hauser	433
didi	433
adiamento	433
chiana	433
mágoas	433
espontâneo	433
passa-lhe	433
juntado	433
eufemismo	433
artagnan	433
defiance	433
grisalho	433
fume	433
lew	433
repentinamente	433
britânicas	433
atacadores	433
columbo	433
inversão	433
questionário	433
educadamente	433
auditoria	433
traduzidas	433
ensino-te	433
premeditado	433
defendê-lo	433
esfaqueada	433
carregados	433
manda-a	433
arriscaria	433
assistindo	433
encontramo-lo	433
magoam	433
guardá-la	432
land	432
mantiver	432
sonham	432
encontraram-na	432
teller	432
dançarinos	432
inquisição	432
fumado	432
healy	432
mandares	432
zhaan	432
anotado	432
zangar	432
colhões	432
passávamos	432
chamasse	432
confiares	432
voei	432
admirava	432
meteoritos	432
cabeca	432
lixar-me	432
historiador	432
rocket	432
enviarei	432
herc	432
beale	432
detectou	432
forasteiros	432
sulista	432
lab	432
kendrick	432
patéticos	432
infalível	432
entusiasmante	432
obrigatória	432
deitem-se	432
abrirmos	432
pin	432
faciais	432
port	431
pinky	431
chino	431
entregar-lhe	431
hendrix	431
preocupadas	431
espiã	431
permanecerá	431
gonzalo	431
fodasse	431
equações	431
caracol	431
pensassem	431
tónico	431
estudaste	431
correctas	431
gonna	431
perde-se	431
nata	431
adeptos	431
mystic	431
letais	431
aviso-o	431
yan	431
melhorias	431
governa	431
apetece-te	431
correctos	431
barclay	431
interrogação	431
meretíssimo	431
caga	431
cotton	431
roulotte	431
kelvin	431
cbs	431
táctico	430
tenho-os	430
encontrei-os	430
comprar-me	430
transar	430
segurá-la	430
viram-no	430
fallon	430
visitei	430
skipper	430
bem.	430
tibete	430
surfista	430
funda	430
externas	430
enfrentá-lo	430
yoda	430
percebam	430
trai	430
brasas	430
pró	430
serie	430
imaginando	430
demoníaca	430
gastam	430
explodido	430
coreografia	430
adquiriu	430
perigosamente	430
jung	430
tribal	430
transferências	430
marota	430
sioux	430
ameixa	430
plásticos	430
desfrute	430
expediente	430
avisem-me	430
nypd	429
responderes	429
corar	429
relíquias	429
pepino	429
ocean	429
acerta-lhe	429
doadores	429
contracções	429
yes	429
crow	429
suco	429
instalou	429
inspirada	429
deixariam	429
pedir-lhes	429
escorrega	429
vietnam	429
profecias	429
elisa	429
proximidades	429
rosario	429
esposito	429
encarrego-me	429
faltavam	429
continental	429
rudolph	428
queriamos	428
alistair	428
narrativa	428
trabalhávamos	428
anubis	428
hadar	428
breves	428
doem	428
canibais	428
abc	428
esfrega	428
descubras	428
dróides	428
atirá-lo	428
cansar	428
sei-o	428
kessler	428
elfo	428
ameaçaram	428
valsa	428
superficiais	428
cus	428
psíquico	428
conjuntos	428
mega	428
lidou	427
berlin	427
descontraído	427
incomoda-te	427
chiu	427
apalpar	427
diverti	427
chopper	427
olhai	427
péssimos	427
substitutos	427
modéstia	427
juntaram-se	427
levarão	427
avisar-me	427
rolex	427
abraão	427
tau	427
sandoval	427
precisaste	427
holloway	427
angelica	427
conheceram-se	427
gritado	427
reator	427
recordas-te	427
aptidão	427
elyse	427
prendido	427
aliada	427
abominável	427
nadinha	426
exaustão	426
pipa	426
rolha	426
auditório	426
gêmeos	426
bean	426
preguiçosa	426
execuções	426
vaqueiro	426
experientes	426
alem	426
metálico	426
redimir	426
quantico	426
barbearia	426
desaparecerá	426
excalibur	426
aconteceu-me	426
evitar-me	426
aflição	426
chuta	426
skippy	426
vintage	426
tomasse	426
repentina	426
dançava	426
minimizar	426
esboços	426
sentadas	426
localizou	426
sedutor	426
mexer-me	426
discutas	426
acordámos	426
vigiada	426
despedaçado	426
alegou	426
carregadas	426
organizados	425
resolvam	425
cancelei	425
pioneiros	425
mantenha-me	425
vestindo	425
embrulhado	425
confiscar	425
revelada	425
alvejada	425
embrulhada	425
talheres	425
perseguiu	425
afiados	425
interpretado	425
concluiu	425
camelos	425
comovido	425
forneceu	425
gorro	425
tornamo-nos	425
ensinaste-me	425
internato	425
alfonso	424
crusoe	424
wessex	424
repousar	424
gob	424
inventada	424
acompanhamento	424
cachorros-quentes	424
chama-o	424
gillian	424
sobrenaturais	424
ii.	424
acalmar-se	424
arrancar-lhe	424
mútua	424
impróprio	424
encenar	424
pechincha	424
óvulos	424
uci	423
defiant	423
heavy	423
participei	423
experimentaste	423
localizámos	423
estímulo	423
23h	423
albany	423
orla	423
calha	423
mouse	423
compridas	423
buckingham	423
ouvirá	423
corporation	423
projectar	423
sirva-se	423
srs.	423
gladiadores	423
blade	423
espancada	423
ilimitado	423
lixei	423
alexei	423
generosos	423
bancadas	423
khalid	423
induzir	422
trataremos	422
forreta	422
windsor	422
criminosas	422
sangra	422
controvérsia	422
pizzaria	422
gracioso	422
amnistia	422
enfermeiros	422
influências	422
publicitário	422
shadow	422
âmbar	422
ajuda-lo	422
amorosos	422
surdos	422
vêr	422
indonésia	422
montra	422
castillo	422
encantadas	422
cheese	422
avisei-o	422
detritos	422
rambo	422
traíste-me	422
bedford	422
resort	422
conceitos	422
pareceria	421
gravatas	421
cleo	421
sensações	421
mandela	421
enrolada	421
ignorou	421
indefesos	421
embaixadora	421
permiti	421
tonturas	421
lancelot	421
castanhas	421
reescrever	421
abade	421
desceram	421
abadia	421
cumplicidade	421
ebay	421
arrancada	421
hussein	421
rendo-me	421
pediu-te	421
incontrolável	421
vs.	421
holandeses	421
delinquentes	421
comê-los	421
jaz	421
guarda-o	421
frustrada	421
mestra	421
carreguei	420
fraudes	420
visitado	420
psicose	420
debates	420
calcanhar	420
passageira	420
páras	420
baptismo	420
elton	420
c4	420
olhinhos	420
transformaram	420
secret	420
elevação	420
dava-te	420
scooby	420
ligámos	420
folhetos	420
extremidades	420
nomeou	420
archibald	420
desenvolvimentos	420
arranjaremos	420
vínculo	420
aproveitou	419
delhi	419
assaltada	419
hábil	419
boba	419
delinquente	419
fundamentais	419
arkansas	419
maquiagem	419
exactas	419
andi	419
casarem	419
derby	419
venceram	419
presságio	419
subestimes	419
spector	419
certeiro	419
worth	419
depravado	419
fechas	419
vendidas	419
cobro	419
optimismo	419
canadianos	419
continuidade	419
goodwin	419
crescia	419
delilah	419
melancia	419
ensopado	418
kimmy	418
peralta	418
magoasse	418
salvará	418
sobriedade	418
off	418
protegerem	418
obriga-me	418
destruir-te	418
caiam	418
tornas	418
loiras	418
aceitarem	418
sereis	418
desmoronar-se	418
representava	418
caixinha	418
ordeno-te	418
rasgou	418
asseguro	418
livrarmos	418
revelações	418
espeto	418
hoss	418
cristiano170	418
salvou-nos	418
vigaristas	418
mergulhador	418
pedacinhos	418
acorrentado	418
fica-lhe	418
precisámos	418
annabelle	418
viveria	418
escorreguei	418
sedativos	417
fabrica	417
hercule	417
compreendia	417
vingar-me	417
tá-se	417
conhecia-a	417
correria	417
vigias	417
queque	417
inscrições	417
alibi	417
sucede	417
aldo	417
gostando	417
pensemos	417
tornámo-nos	417
namoramos	417
dormias	417
pegava	417
avisaste	417
hunm	417
faltei	417
tempinho	417
nice	417
culpá-lo	417
sex	417
winslow	417
contrabandistas	417
iniciada	417
adoptivos	417
preferível	417
willa	417
adoraram	417
gallo	417
lordes	417
ambiciosa	416
escovar	416
homossexualidade	416
estatura	416
prepara-se	416
never	416
proeza	416
tecla	416
dorido	416
sequestradores	416
evacuem	416
anunciado	416
transformam	416
instagram	416
caseiros	416
amarei	416
fixação	416
aspirante	416
perdoarei	416
serenidade	416
passá-lo	416
pétalas	416
carótida	416
afiadas	416
interprete	416
curativo	416
encara	416
hernandez	416
achá-lo	416
violadores	416
psicologicamente	416
prendê-los	416
suportava	416
resultam	416
ofereceram-me	416
fardas	416
anjinho	416
scanners	416
marcianos	415
rala	415
frederic	415
apressa-te	415
abusou	415
estrangulado	415
pretensioso	415
clínicos	415
tranquilamente	415
liguem-me	415
cupões	415
observar-te	415
televisões	415
entremos	415
desistem	415
plantou	415
quererias	415
arrastada	415
día	415
recomenda	415
fenómenos	415
music	415
charlatão	415
torrente	415
elisabeth	415
aproximam	415
travers	415
repor	415
respondia	415
fingia	415
cósmico	414
hadley	414
escutem-me	414
doem-me	414
divertimos	414
dinamarquês	414
respeitosamente	414
apontado	414
vern	414
vs	414
contaminada	414
tanaka	414
abrisse	414
fair	414
estava-me	414
reúna	414
críquete	414
palpites	414
dediquei	414
dedicou	414
megatron	414
agarrem-se	414
joguem	414
eficácia	414
auxiliares	414
pediatria	413
acho-a	413
cidadania	413
roménia	413
haskell	413
parecia-me	413
cachorrinhos	413
achados	413
lançamentos	413
tática	413
emblema	413
fê-la	413
fong	413
estimular	413
lazer	413
batoteiro	413
ápice	413
loção	413
usual	413
peabody	413
atentados	413
tornar-nos	413
apavorada	413
kern	413
avozinho	413
inglesas	413
prestável	413
apreciado	413
vocais	413
marguerite	413
silencio	413
render-se	413
sina	413
conservadores	413
aya	413
tique	412
palestras	412
descem	412
rapar	412
davy	412
incorrecto	412
esquadrões	412
separar-se	412
cy	412
ganhasse	412
heroísmo	412
richter	412
matam-me	412
pisei	412
limusine	412
estacionou	412
6h	412
espertas	412
bash	412
ágil	412
baptizado	412
florestal	412
tsunami	412
obscura	412
alicate	412
aguentamos	412
paparazzi	412
inspectora	412
arranjarei	412
jogadora	412
abrir-se	412
salpicos	412
separamos	412
ianque	412
obcecados	412
avisou-me	412
oak	412
fingem	412
posar	412
lennox	412
atormentar	412
relacionar	411
larguei	411
tivessemos	411
drill	411
live	411
atiramos	411
sorteio	411
sentou	411
deixadas	411
patologia	411
ajudarmos	411
sublime	411
contratou-me	411
judah	411
sebo	411
abandones	411
atrasar-nos	411
avançam	411
carr	411
ireis	411
alexx	411
argélia	411
carinhosa	411
roubas	411
zurique	411
ouviste-o	411
poseidon	411
culpar-te	411
usará	411
chrissy	410
acessos	410
patel	410
pietro	410
tiro-te	410
solene	410
editores	410
petersburgo	410
hélice	410
florrick	410
cerejas	410
flocos	410
bernstein	410
partas	410
localiza	410
comodoro	410
atacar-nos	410
obrigar-te	410
adivinho	410
propinas	410
kepner	410
amaldiçoados	410
tomaremos	410
éden	410
fundou	410
planearam	410
gianni	410
conversações	410
mundialmente	410
five-0	410
comissões	410
procurávamos	410
imunitário	409
cancelaram	409
templários	409
ultron	409
omeleta	409
construídas	409
carimbo	409
hurra	409
convocou	409
quiz	409
knicks	409
clemente	409
dahlia	409
prefira	409
lindíssimo	409
calmante	409
gritem	409
desenha	409
confesse	409
capricho	409
codificado	409
trazes-me	409
largada	409
open	409
tintim	409
colchões	409
densa	409
identifiquei	409
seinfeld	409
separarmos	409
mann	409
envolveu-se	409
instantâneo	409
entraria	409
patinagem	409
maleta	409
notificação	409
afectados	409
ajudo-o	409
queime	409
enviando	409
tea	409
oferecida	409
partícula	409
legiões	409
chaz	408
travessura	408
saíu	408
detê-la	408
cervical	408
full	408
laptop	408
ortega	408
medina	408
pink	408
tragam-na	408
funcionasse	408
amish	408
sumos	408
coordenação	408
passar-lhe	408
desportivos	408
beije	408
branson	408
vencê-lo	408
ténue	408
acabemos	408
easy	408
beijas	408
micky	408
budapeste	408
mumm-ra	408
00ffff	408
crentes	408
habilidoso	408
amiguinha	408
neela	408
investiu	408
lennon	408
pélvis	408
make	408
six	408
dirigiu	408
zeta	408
cupcakes	408
psicótica	407
signo	407
curt	407
detestar	407
confirmei	407
moralmente	407
eagles	407
rockefeller	407
defensores	407
simplicidade	407
hotchner	407
divulgado	407
dirás	407
produtivo	407
landon	407
corky	407
explodiram	407
acena	407
valete	407
encobrimento	407
bubbles	407
recém-nascido	407
driscoll	407
donner	407
analisa	407
mtv	407
emir	407
canguru	407
leva-lo	407
fortunas	407
enganou-nos	407
pães	407
complexas	407
afortunado	407
14h	407
paisagens	407
ventoinha	407
voilà	407
severide	407
detestável	407
baseadas	407
montei	407
contada	407
antiquada	407
coiotes	406
desprevenido	406
estabelecemos	406
nalguns	406
libertar-te	406
filho-da-mãe	406
sofreste	406
pagão	406
inspeção	406
escoltar	406
our	406
devastado	406
layla	406
briefing	406
coloca-a	406
marcia	406
ditas	406
merlyn	406
analistas	406
resumir	406
scorpius	406
aterra	406
atravessado	406
lancha	406
hogan	406
ingrata	406
levanta-o	406
espessura	406
tagarelar	406
pensões	406
otimista	406
sanderson	406
encantos	405
nana	405
resolvê-lo	405
pincel	405
cruzou	405
zed	405
gavião	405
reconheça	405
alegrias	405
mccord	405
radiologia	405
deito	405
pijamas	405
índias	405
inflação	405
falidos	405
provérbio	405
soltá-lo	405
bibliotecário	405
merrill	405
satã	405
traça	405
pitada	405
envelopes	405
pomada	405
ginecologista	405
desviado	405
pombinhos	405
anota	405
bennie	405
carmichael	405
enganas-te	405
margaritas	405
doo	405
internada	405
esfregona	405
cobriu	405
martinis	405
quentinho	404
trivial	404
engane	404
deveremos	404
bronson	404
retro	404
falhámos	404
payne	404
apanha-me	404
mochilas	404
confirmo	404
carregam	404
clair	404
dion	404
kemp	404
matariam	404
arquiteto	404
babilónia	404
divórcios	404
desrespeitar	404
registadora	404
bolt	404
station	404
prossegue	404
tiago	404
teatral	404
ives	404
passatempos	404
jojo	404
ferro-velho	404
sanatório	404
limiar	404
colaborador	404
magnata	404
importei	404
fode-te	404
ninjitis	404
mr.	404
recompensar	404
construindo	404
bat	404
panqueca	404
chegadas	404
épica	404
dás-lhe	404
sequestrador	404
apoiá-lo	404
consenso	404
hr	403
criativos	403
luisa	403
fusíveis	403
intimidação	403
salina	403
protegendo	403
tornar-se-á	403
imprevisíveis	403
lopes	403
solicito	403
dirigem	403
levo-os	403
kimber	403
avaliações	403
alegação	403
some	403
atendido	403
entenderá	403
sangrando	403
traqueia	403
devolva-me	403
telefonaram	403
partiu-me	403
leve-os	403
derrete	402
j.j.	402
rimas	402
tracey	402
emitido	402
ama-lo	402
galos	402
pretendente	402
quer-nos	402
copenhaga	402
monstruoso	402
inválido	402
potável	402
caravanas	402
atacando	402
autoclismo	402
apresse	402
aspirinas	402
milionários	402
nerds	402
lorelei	402
obtivemos	402
trajecto	402
bradshaw	402
gastamos	402
college	402
alpes	402
cheguemos	402
neblina	402
protegeres	402
senti-la	402
atacar-me	402
encontrarmo-nos	402
bagdad	402
anuncio	402
dempsey	401
artificiais	401
atrasou	401
esmola	401
retaliar	401
bannon	401
aplicada	401
regressares	401
orgasmos	401
esperasse	401
usa-a	401
dunbar	401
nicotina	401
persegui-lo	401
caía	401
saltam	401
nzt	401
protectores	401
delirante	401
rain	401
jer	401
fale-nos	401
cansei	401
cletus	401
documentar	401
revolucionários	401
julgou	401
irreal	401
castiel	401
enron	401
foder-me	401
vote	401
ventricular	401
agradeci	401
piccolo	401
atravessamos	401
sinfonia	401
drenar	401
indispensável	401
literal	401
desconfio	401
baleada	401
amavam	401
armand	401
comitiva	400
gage	400
rígidos	400
substituí-lo	400
convença	400
acordá-la	400
votaram	400
rodeiam	400
alegremente	400
queiramos	400
bipolar	400
quarteto	400
coxo	400
rommie	400
bigodes	400
mostre-nos	400
perdoar-te	400
recue	400
carpenter	400
mão-de-obra	400
contarmos	400
dramas	400
espiar-me	400
exótica	400
convido	400
causadas	400
continuavam	400
league	400
alcançado	400
tiara	400
conspirações	400
acreditemos	399
simbólico	399
península	399
mete-me	399
away	399
brócolos	399
patriotismo	399
corinne	399
exagerada	399
saberíamos	399
ocasional	399
adoptiva	399
prateada	399
jocelyn	399
glaciar	399
kryptonite	399
escutando	399
moranguita920	399
bati-lhe	399
amei-te	399
babaca	399
mordem	399
regressará	399
pensarão	399
resultará	399
unânime	399
rivalidade	399
comunique	399
penélope	399
colette	399
devolvê-la	399
janie	398
líbia	398
localizamos	398
jogámos	398
deixamo-lo	398
escrevam	398
hook	398
codificada	398
místico	398
stackhouse	398
recomendado	398
afastadas	398
mandei-a	398
calcutá	398
sacrificou	398
ade	398
pedir-vos	398
s.r	398
johan	398
prepará-lo	398
sentirem-se	398
obscuros	398
achas-me	398
tratasse	398
banha	398
adoção	398
micróbios	398
three	398
meter-nos	398
junta-se	398
mexem	398
bolinhas	398
modificado	398
juntam-se	398
conserto	398
serge	397
afundar-se	397
arranjei-te	397
adoro-os	397
decadência	397
incondicional	397
dodd	397
elástico	397
sentas-te	397
prognóstico	397
sparky	397
wexler	397
cannon	397
voltavas	397
pornográfico	397
hamburgo	397
atravessam	397
levantares	397
perseguida	397
directas	397
doa	397
moles	397
sentamos	397
abraçar-te	397
curly	397
estaciona	397
hérnia	397
vasquez	397
quilates	397
doreen	397
nigéria	397
impressionados	397
perguntasse	397
decepcionar	397
frankfurt	396
iii.	396
duran	396
safari	396
obtido	396
deixo-a	396
considerava	396
irritou	396
ultimato	396
destroçada	396
master	396
láctea	396
escorrer	396
hindu	396
disparamos	396
tratámos	396
brunch	396
calçada	396
truta	396
sólidos	396
herald	396
rapper	396
carecas	396
lambe	396
controlava	396
howe	396
guardaste	396
existiram	396
sucessos	396
estendido	396
integrar	396
merecias	396
thad	396
investigadora	396
modus	396
perguntaste-me	396
deitaste	396
shrek	396
esgotar	396
baltar	396
international	396
perderei	396
lembramos	396
asseguro-te	396
mensal	396
portem-se	396
alaska	396
cortar-me	395
idêntica	395
escassez	395
rebento	395
adequadas	395
sésamo	395
douradas	395
merecedor	395
pêras	395
espera-me	395
entregar-se	395
combatente	395
observatório	395
dignos	395
pára-choques	395
ortiz	395
doutrina	395
cozinhado	395
apressado	395
bombear	395
tratar-se	395
reece	395
projectado	395
carlyle	395
película	395
moveu	395
construtores	395
pegajoso	395
macbeth	395
adiada	395
veterinária	395
filtros	395
cruise	395
alertas	395
esperarem	395
abriu-se	394
desliza	394
erótico	394
indígenas	394
deu-lhes	394
cuidam	394
arrasa	394
refinaria	394
gill	394
metabolismo	394
colônia	394
costello	394
maru	394
telefonas	394
suplicar	394
pasadena	394
pregaste-me	394
marshmallows	394
inexperiente	394
trapo	394
assaltaram	394
irrelevantes	394
watkins	394
finalizar	394
calar-se	394
recorda-se	393
aumentado	393
despe-te	393
funcionaria	393
richardson	393
pintei	393
lamentes	393
respondendo	393
licenciado	393
espesso	393
insultado	393
assessor	393
vingadores	393
preferires	393
jock	393
positivas	393
trapaceiro	393
blanca	393
ajudou-nos	393
corais	393
poções	393
concordaste	393
gee	393
embuste	393
junção	393
venice	393
ofereci-me	393
hutch	393
dl	393
purcell	393
melbourne	393
apresentaram	393
separaram-se	393
rhode	393
explique-me	393
perseguia	393
vira-se	392
vórtice	392
ligas-me	392
tocasse	392
libertá-la	392
manchar	392
telefono-lhe	392
textura	392
horta	392
colton	392
provocada	392
dianteira	392
guilherme	392
tozz	392
lidam	392
laceração	392
dirija-se	392
aleatória	392
ninhos	392
envolver-se	392
escapatória	392
gostará	392
anticorpos	392
2h	392
ouvi-os	392
roswell	392
terços	392
existentes	392
delírios	392
lukas	392
assistido	392
alcatrão	392
fusível	392
ajudaste-me	392
aram	392
dirty	392
maternal	392
constroem	391
rutherford	391
envelhecimento	391
esforçado	391
varão	391
incriminado	391
empolgada	391
transformar-me	391
começaria	391
arrumou	391
gareth	391
marinhos	391
piratear	391
equivale	391
intrusão	391
arcos	391
penicilina	391
persuasão	391
horizontes	391
mentir-te	391
adiado	391
solta-a	391
determina	391
ccd	391
cheng	390
pepsi	390
distancia	390
dottie	390
contrariar	390
quebraste	390
genevieve	390
clãs	390
acreditavas	390
demoníaco	390
paladar	390
olímpico	390
donativos	390
fuhrer	390
willoughby	390
vendê-los	390
gatas	390
frequenta	390
reflecte	390
krista	390
consideraria	390
acontecerem	390
preparamos	390
alphonse	390
magnifico	390
prendem	390
salvámos	390
tratadas	390
cogumelo	390
herdei	390
cubículo	390
constitucional	389
esforçar-se	389
burkhardt	389
apresse-se	389
ups	389
bla	389
eficientes	389
acolher	389
pulha	389
identificamos	389
dir-lhe-ei	389
arqueiros	389
alcatraz	389
fausto	389
álgebra	389
ditadura	389
acordava	389
cases	389
instáveis	389
shen	389
tropicais	389
reconhecê-lo	389
fertilizante	389
acasalar	389
johns	389
proibidas	389
chaney	389
falta-lhe	389
agredir	389
pinos	389
hymie	389
enganar-nos	389
virei-me	389
julgue	389
beberam	388
dept.	388
orientais	388
matavam	388
apoie	388
juntarmos	388
disfunção	388
enxaqueca	388
apresentamos	388
guie	388
substituiu	388
swing	388
temido	388
dever-te	388
especializada	388
avançando	388
descodificar	388
apanhou-a	388
ojai	388
impedirá	388
cascos	388
afogar-me	388
desembarcar	388
descontente	388
temo-lo	388
movem	388
capelão	388
comer-me	388
fisioterapia	388
descendência	388
garantiu	388
laterais	388
magos	388
bem-parecido	387
preenche	387
voilá	387
enforcados	387
levar-lhe	387
lagartos	387
touché	387
conseguiríamos	387
hercules	387
tatiana	387
constantine	387
focada	387
frobisher	387
presunção	387
deline	387
chaplin	387
cade	387
andreas	387
cantamos	387
mentimos	387
sãos	387
fascínio	387
arrume	387
ami	387
molhados	387
desligaram	387
topas	387
contrabandista	387
orgânicos	387
sintética	387
tóxica	387
rapagão	387
regista	387
classificado	387
reclama	387
fémur	387
bagdade	387
replicadores	386
blogue	386
baldrick	386
redacção	386
eyes	386
julgamos	386
capturaram	386
ahn	386
seamus	386
guatemala	386
revoir	386
decidam	386
vadias	386
wrestling	386
aguente-se	386
submissão	386
trabalhes	386
pegasus	386
mimos	386
formigueiro	386
addy	386
alcoólicas	386
enid	386
blasfémia	386
animador	386
marcamos	386
escutou	386
dizei-me	386
medicinal	386
cientificamente	386
adoptivo	386
contactá-la	386
varrido	386
editorial	385
esconderes	385
fogo-de-artifício	385
segmento	385
reparo	385
riu-se	385
sairão	385
gritas	385
indiferença	385
dão-te	385
gafanhotos	385
ursa	385
cestos	385
reunido	385
marcaram	385
bolívia	385
cadeias	385
woo	385
objecções	385
cinta	385
voc	385
rambaldi	385
carente	385
enviá-la	385
linc	385
destruir-nos	385
pretendemos	384
visuais	384
manchado	384
externos	384
ficássemos	384
traumático	384
salvar-lhe	384
infiltração	384
esferas	384
faltado	384
valido	384
possuía	384
bronca	384
apunhalado	384
haxixe	384
impensável	384
aleatórios	384
tong	384
malcriado	384
esforcei-me	384
sanguíneos	384
noturna	384
kingston	384
regressaste	384
contido	384
procures	384
desejou	384
discípulo	384
prometas	384
rosalee	384
won	384
chalé	384
samuels	384
mussolini	384
bloody	384
inflamável	384
frequentes	384
barnaby	384
primitivos	383
óbvias	383
mauzões	383
roubaram-me	383
glasgow	383
facção	383
existirem	383
oportuno	383
ping	383
ay	383
punidos	383
viras	383
adequados	383
manequim	383
construíste	383
distorção	383
analisou	383
procurar-me	383
seguimento	383
tell	383
envergonhar-me	383
cobrem	383
arlington	383
radiografias	383
lutes	383
domésticas	383
simplificar	383
only	383
lúcido	383
vilas	383
ressuscitou	383
tagarela	383
coligação	383
apoiar-me	383
robby	383
dar-lhe-ei	382
fay	382
drogar	382
queria-te	382
suspeitamos	382
ludwig	382
noé	382
mestiço	382
achando	382
alçapão	382
invólucro	382
candidatar-se	382
atingimos	382
videojogos	382
lixa	382
sunshine	382
navarro	382
magoares	382
cio	382
atravessando	382
manejar	382
seul	382
cheire	382
palmada	382
reconhecida	382
esplêndida	382
desnecessária	382
birkhoff	382
acreditando	382
repercussões	382
fracassar	382
depilação	382
devolver-me	382
ânus	382
discute	382
augusto	382
procurá-los	382
flui	382
vibrador	382
envolvia	381
lembrasse	381
prestado	381
arrogantes	381
chucky	381
piercing	381
incompleto	381
downton	381
atado	381
hipotermia	381
curte	381
aniquilar	381
herdeiros	381
cheiros	381
desastrado	381
manterá	381
montão	381
minúsculos	381
estabelece	381
ralphie	381
roxa	381
xícara	381
malte	381
riu	381
conhecessem	381
entregaram	381
xx	381
amamos-te	381
distingue	381
vigie	381
nfl	381
grandiosa	381
vigiem	381
carregadores	381
cj	381
broches	381
pinças	380
annette	380
crescerem	380
sereias	380
pâncreas	380
intercâmbio	380
orientador	380
inovador	380
prestações	380
resolveram	380
premonição	380
demolir	380
bem-sucedida	380
equipados	380
casta	380
elogiar	380
swanson	380
desperdicei	380
armar-se	380
caprica	380
break	380
mereciam	380
taiwan	380
túnica	380
armação	380
compreensiva	380
rachar	380
radiografia	380
cedric	380
enganaram	380
mentires	380
saimos	380
die	380
mural	380
segura-a	380
kali	380
aparecemos	380
ama-a	380
abuses	380
acordar-te	380
sobrinhos	380
mississipi	380
descobrissem	379
horrendo	379
problemática	379
sec	379
libertaram	379
jennie	379
guiné	379
frazier	379
destruí-los	379
whitaker	379
petra	379
sunrising	379
chávenas	379
segurem-no	379
antimatéria	379
gargantas	379
jeanie	379
rebuçado	379
saltas	379
estratégica	379
falasses	379
nellie	379
avisada	379
formalidades	379
coxear	379
querem-me	379
violaram	379
assassinas	379
galen	379
contactar-te	379
protejo	379
residencial	379
sforza	379
bondosa	378
caçado	378
anulado	378
mozzie	378
saltamos	378
hungria	378
voltarias	378
tardar	378
patch	378
chau	378
dent	378
diva	378
bastou	378
flutua	378
encostado	378
fazem-nos	378
raoul	378
reformas	378
temo-nos	378
nameless	378
desligá-lo	378
cabanas	378
imaginamos	378
baliza	378
congeladas	378
focas	378
difamação	378
atlântida	378
solitárias	378
opa	378
erótica	378
proporção	378
enterradas	378
indestrutível	378
heinrich	378
jobs	378
organizei	378
mets	378
mostrasse	377
construídos	377
cabecinha	377
ferragens	377
recuperada	377
bradford	377
anseia	377
êxodo	377
renard	377
perguntar-se	377
kylie	377
odiar-te	377
preencha	377
forrester	377
inseto	377
infravermelhos	377
viraram	377
discovery	377
saladas	377
contribuições	377
obrigaram-me	377
balboa	377
atormentado	377
cercar	377
pensos	377
oskar	377
bassam	377
explodem	377
aparelhagem	377
rabi	377
enxaquecas	377
estão-me	377
observei	377
pastas	377
silenciador	377
pearce	376
livre-se	376
aplicam	376
vader	376
pradaria	376
adi	376
caldeirão	376
fayed	376
tontos	376
causaria	376
amados	376
tiny	376
atingem	376
tomaria	376
moretti	376
ajudá-las	376
encruzilhada	376
pessimamente	376
escolhia	376
viveremos	376
visa	376
cilindros	376
blye	376
tranquilizantes	376
torácica	376
viramos	376
last	376
vislumbre	376
sobraram	376
marcaste	376
arruinei	376
sarin	376
dançarinas	376
chamberlain	376
voamos	376
admirada	376
ouvida	376
configuração	376
limões	376
guerrilha	376
ofendi	376
koenig	376
roxanne	376
foder-te	376
rizzo	375
largos	375
phelps	375
specter	375
nachos	375
derrotas	375
insígnia	375
selina	375
arrasada	375
aceso	375
diafragma	375
tornas-te	375
adereços	375
virás	375
gemer	375
detectores	375
french	375
burnett	375
honestas	375
muhammad	375
kieran	375
arquivado	375
inimaginável	375
momo	375
taj	375
contributo	375
vulnerabilidade	375
deduzir	375
alcoolismo	375
cane	375
matam-nos	375
beecher	375
golos	375
ligou-lhe	375
demasia	375
baralhado	375
tranquilos	374
cansa	374
processador	374
rasteira	374
derreteu	374
faltaste	374
confessora	374
suspeitei	374
devessemos	374
cómodo	374
voice	374
ventura	374
peregrinação	374
envolvas	374
olhavam	374
horrorosa	374
importavas	374
tragédias	374
deitas	374
raspar	374
achará	374
exata	374
gaze	374
damos-te	374
fascinantes	374
quiosque	374
licitação	374
deitá-lo	374
pertenciam	374
filhinho	374
storm	374
recolheu	374
superei	374
livrado	374
barnett	374
adorávamos	374
castigados	374
falador	373
canalizar	373
telefona-lhe	373
greenwich	373
jolly	373
adoraríamos	373
saborosa	373
vudu	373
fita-cola	373
arranje-me	373
leoa	373
heh	373
inovação	373
moose	373
latitude	373
ajuda-a	373
diverte	373
canadiana	373
incomodam	373
democrático	373
tratará	373
dai-me	373
alinhados	373
detectada	373
cantei	373
passas-me	373
previ	373
chumbar	373
derradeira	373
dizeis	373
extensões	373
acabes	373
anã	373
atendi	373
energético	373
lyman	373
glóbulos	372
tully	372
fica-se	372
adentro	372
intimidado	372
inadequado	372
levantas	372
trouxeram-me	372
ferozes	372
crêem	372
executor	372
sondas	372
discutindo	372
crio	372
discutirmos	372
franks	372
mexo	372
jaqueta	372
emissor	372
e.u.	372
critérios	372
procurarem	372
volvo	372
fora-da-lei	372
texugo	372
combustíveis	372
espaço-tempo	372
trace	372
telefone-me	372
administrativo	372
myrtle	372
raphael	372
hipotecas	372
deke	372
oferenda	372
line	372
trazidos	372
neutra	372
tirei-o	372
contemplar	372
derrotá-lo	372
acabaremos	372
monkey	372
pioneiro	372
memorizar	372
fiz-me	372
robusto	371
convocado	371
transformar-te	371
sketch	371
seeley	371
pelant	371
apagados	371
magoa-me	371
atravesse	371
caminhe	371
deixas-te	371
espremer	371
buscar-lhe	371
missionário	371
aguardam	371
aborrecimento	371
desafiou	371
académica	371
volta-te	371
insistem	371
huey	371
distintivos	371
integração	371
cresceres	371
nomeada	371
pedacinho	371
manipulador	371
hiv	371
verificaram	371
cummings	371
fizes-te	371
irrita-me	371
prem	371
iv.	371
relativa	371
magníficos	370
reencontro	370
lost	370
afastar-nos	370
cocô	370
gertrude	370
remessa	370
trabalhinho	370
publica	370
giuseppe	370
estabelecida	370
whistler	370
cold	370
skyler	370
falida	370
olímpica	370
emotivo	370
dedicados	370
troncos	370
lembrá-lo	370
inconscientes	370
operandi	370
detestaria	370
somália	370
cockpit	370
seguirão	370
stars	370
privilegiada	370
sobrevoar	370
hancock	370
deem-me	370
talk	370
limita-te	370
afeto	370
apanhasse	370
vice-versa	370
bretanha	370
eficazes	370
fornalha	370
mentiu-nos	370
entidades	369
sentirias	369
àgua	369
grua	369
falcões	369
controlá-la	369
infracção	369
adesivo	369
nashville	369
tênis	369
ham	369
tad	369
ganza	369
mentir-lhe	369
divididos	369
ouvirmos	369
nr	369
viu-nos	369
transformada	369
formando	369
bright	369
jeanette	369
dentadas	369
kaiser	369
comprei-a	369
servir-te	369
jurídica	369
atrasar-me	369
supostos	369
rainbow	369
imaginária	369
metropolitana	369
funerário	369
sincronizado	369
eloise	369
single	369
u.	369
aterrorizar	369
adivinhas	368
óptica	368
estacas	368
rebentado	368
devastação	368
mereceste	368
vaginas	368
demitiu	368
mudada	368
tornados	368
combóio	368
perdê-los	368
espalhe	368
atravessaram	368
violei	368
prevê	368
baze	368
acompanho	368
contentar	368
réptil	368
quill	368
teletransporte	368
nivel	368
neptuno	368
clem	368
tirá-las	368
conquistado	368
acedeu	368
interacção	368
detalhada	368
forjar	368
sondar	368
masturbar	368
birmingham	368
mississípi	368
thorpe	368
trá-los	368
irritados	368
bullying	368
examinado	368
pagou-me	368
quadrada	367
antecipada	367
postes	367
sabe-lo	367
goela	367
markham	367
acertaram	367
cavalinho	367
transmitida	367
chamar-nos	367
ritz	367
traga-a	367
tailandesa	367
pediu-nos	367
abre-se	367
arjun	367
kuwait	367
variações	367
escandaloso	367
givens	367
resultaria	367
chamo-te	367
ênfase	367
fogueiras	367
kenobi	367
clooney	367
niko	367
encalço	367
atraem	367
receberão	367
priscilla	367
gaivotas	367
mccann	367
pulitzer	367
galões	367
allah	367
theta	367
ellison	367
mandasse	367
bien	367
apreço	367
guthrie	367
emile	367
asteróides	367
neves	367
negociável	367
haverão	366
ne	366
oásis	366
censurar	366
tripulante	366
acendeu	366
venenos	366
phaser	366
alvorada	366
esconde-se	366
protege-me	366
recuperaste	366
astronomia	366
evoluíram	366
vingativo	366
rendas	366
reconheceria	366
manchete	366
mordo	366
inesperadamente	366
patinho	366
chicken	366
colossal	366
manicura	366
kahlan	366
arrow	366
autocolante	366
verídica	366
relevantes	366
indolor	366
identifique-se	366
infiéis	366
wan	365
enganá-lo	365
lagostas	365
ousas	365
infidelidade	365
agirmos	365
visualizar	365
largares	365
activação	365
interrompemos	365
ama-la	365
sentiam	365
spot	365
hubble	365
enganos	365
nitrogénio	365
milagrosa	365
cruzei	365
jor-el	365
borrego	365
dorsal	365
litoral	365
interfira	365
pasto	365
andarmos	365
resume-se	365
acenda	365
clouseau	365
comprovar	365
sargt	365
moz	365
trairia	365
recuperámos	365
tem-te	365
falei-lhe	365
pavel	364
xiii	364
abaixem	364
brindemos	364
compostos	364
magoo	364
representado	364
pryce	364
jacaré	364
jonny	364
épocas	364
cubra	364
miudas	364
paranoico	364
procuravas	364
yolanda	364
wonder	364
lunáticos	364
contagiosa	364
well	364
logótipo	364
faro	364
subestimar	364
vigiar-me	364
emendar	364
liderou	364
trois	364
caloira	364
dávamos	364
infinitamente	364
sinistra	364
monetário	363
aeródromo	363
geladas	363
igualar	363
tipicamente	363
sentir-me-ia	363
mandar-nos	363
recebermos	363
gravadas	363
oiça-me	363
fazedor	363
sark	363
play	363
grelhador	363
cartman	363
respiratória	363
vicente	363
assustas	363
conservação	363
matá-las	363
prestei	363
plataformas	363
subterrâneos	363
arrasta	363
sancho	363
empatados	363
convidaram	363
crixus	363
band	363
astro	363
gramática	363
cloud	362
disparas	362
amplo	362
telefónico	362
mongo	362
pêra	362
tratarmos	362
provares	362
tranque	362
mcmanus	362
trocam	362
candidatar-me	362
notificar	362
om	362
visionário	362
gordinho	362
sherwood	362
clarkson	362
anuário	362
sobrevivermos	362
ressonar	362
caça-fantasmas	362
matrix	362
defendo	362
antwon	362
wilkins	362
triagem	362
tyrone	362
desejosa	362
fator	362
decadente	362
articulações	362
abafado	362
admitido	362
acordaram	362
capítulos	362
usou-o	362
ampla	362
laia	362
esgotada	362
prévio	362
bristol	362
maçada	362
trocadilho	362
polares	362
celebramos	362
quénia	362
vigiando	362
operário	362
roderick	361
chamou-te	361
vanguarda	361
esporos	361
ouve-se	361
roubar-lhe	361
atlético	361
equívoco	361
sapateado	361
refletir	361
cruzador	361
chocou	361
dumas	361
hipócritas	361
pendura	361
arranhar	361
deixa-as	361
fechaste	361
jaulas	361
perucas	361
ogre	361
chimpanzés	361
ajuda-te	361
11h	361
atira-me	361
despede-te	361
viúvo	361
tranquem	361
palito	361
voltagem	361
prestava	361
complexidade	361
meticuloso	361
temor	361
mohammed	360
vender-me	360
levemente	360
urnas	360
adivinhou	360
traz-nos	360
schneider	360
barbatanas	360
bombardeamentos	360
senil	360
roubaste-me	360
chatsworth	360
ão	360
descrevê-lo	360
ihes	360
asno	360
olhasse	360
canecas	360
ileso	360
epilepsia	360
rigorosa	360
despeço-me	360
incenso	360
bloqueadas	360
levantem-no	360
paspalho	360
proibir	360
recessão	360
henrietta	360
formou-se	360
centauri	360
extintor	360
separatistas	360
ama-o	360
amêndoas	360
panorama	359
odeies	359
barulhenta	359
margaux	359
vingador	359
palhinha	359
cortando	359
funk	359
trocaste	359
faraday	359
albright	359
4h	359
abafar	359
esvazia	359
scylla	359
inflamação	359
escândalos	359
testando	359
tatuado	359
berta	359
agarra-a	359
segue-o	359
colocámos	359
cardassiano	359
imaginaria	359
remarcar	359
leias	359
arromba	359
xx.	359
saiu-me	359
nitrato	359
vencem	359
escondi-me	359
ártico	359
olimpo	359
insubordinação	359
maquis	358
mortífera	358
apagaram	358
conheço-os	358
misty	358
corresse	358
promotoria	358
bombons	358
trocámos	358
dancei	358
acalmar-me	358
portar-te	358
classificados	358
evite	358
astúcia	358
telefonar-me	358
pirar	358
intactos	358
ignora-o	358
ri-te	358
encontra-lo	358
conseguiriam	358
perdoem	358
discórdia	358
menti-te	358
guardadas	358
sentisses	358
nublado	358
becos	358
uno	358
abominação	358
giselle	358
constipado	357
sentirás	357
gananciosos	357
contrabandear	357
vascular	357
raposas	357
mecanismos	357
garak	357
irritantes	357
corrimão	357
inevitavelmente	357
kosher	357
indígena	357
podes-te	357
amplificador	357
gafanhoto	357
diabólica	357
atira-a	357
avisaram	357
demitir-me	357
tosta	357
inquieta	357
diálise	357
iémen	357
colocarmos	357
acontecer-me	357
about	357
riker	357
malásia	357
variedades	357
purificação	357
surreal	357
selados	357
moderado	356
mexi	356
portáteis	356
anuncia	356
queimam	356
chamei-te	356
suceder	356
ansiosamente	356
vontades	356
tochas	356
chamavam-lhe	356
lidocaína	356
recuperaram	356
magda	356
topa	356
nim	356
aquecido	356
gant	356
nadador	356
implorou	356
ulisses	356
atropelar	356
mandar-lhe	356
canibal	356
cure	356
desobediência	356
frentes	356
tupac	356
iraquianos	356
descuido	356
mata-lo	356
transferiu	356
espirrar	356
columbus	356
cove	356
cortas	356
cartola	356
salame	356
desapareço	356
goma	356
rom	356
clarissa	356
reencarnação	356
vimo-lo	356
precisarás	356
encontrassem	356
marítima	355
saiamos	355
embaraçosa	355
moloch	355
persuasivo	355
malia	355
mcguire	355
talismã	355
vietnamita	355
adrianna	355
unir-se	355
dizermos	355
mata-nos	355
convidas	355
murph	355
brianna	355
insisti	355
3h	355
triangular	355
rama	355
formaram	355
ratoeira	355
obtemos	355
jeffersonian	355
permitida	355
cala-me	355
pelt	355
pintores	355
comprei-lhe	355
destrancada	355
ente	355
detalhado	355
atrase	355
dê-lhes	355
trade	355
durona	354
clareira	354
amargura	354
caimão	354
bué	354
nativa	354
ronon	354
beijá-lo	354
confiaria	354
ac	354
meterem	354
coloque-o	354
lê-la	354
omelete	354
assimilar	354
omnisubs	354
bastar	354
corleone	354
benevolente	354
aposentado	354
desenvolvida	354
torcido	354
lembrete	354
escondeu-se	354
bacalhau	354
sofisticados	354
correste	354
genéticas	354
preocupar-nos	354
alexa	354
levassem	354
vous	354
walton	354
pêga	354
autenticidade	354
fazeis	354
aquando	354
segurei	354
japonesas	354
belezas	354
falham	354
rochester	354
desportista	354
rapidinha	354
acampamentos	354
morriam	353
pos	353
delicadas	353
antro	353
meadow	353
comportamental	353
borbulhas	353
acordam	353
desligadas	353
comprando	353
despedimento	353
apresentadas	353
malignos	353
cronómetro	353
instabilidade	353
sobreviveria	353
líbano	353
logística	353
maomé	353
viaturas	353
gaza	353
podem-se	353
ouvir-vos	353
maquinista	353
compraria	353
rollins	353
feminista	353
dedução	353
dão-lhe	353
gerou	353
custaria	353
pedestal	353
picles	353
separou	353
republicana	353
mostrei-lhe	353
provoques	353
obstante	353
sos	352
demoramos	352
principe	352
beaver	352
desconfortáveis	352
odiado	352
sacaninha	352
abandonem	352
conversaram	352
levaram-nos	352
ohhh	352
mantem-te	352
dava-nos	352
eliminou	352
praticado	352
niklaus	352
dói-te	352
activou	352
sacudir	352
sonhas	352
trufas	352
exibicionista	352
pirataria	352
respiro	352
talão	352
martine	352
casting	352
fugirmos	352
limita	352
steel	352
gozado	352
prostituto	352
infinitas	352
regeneração	352
escapaste	352
macdonald	352
abraça	352
inflexível	352
sentares	352
estrutural	352
panthro	352
tire-nos	352
ameaçam	352
murdoch	352
examinou	351
examiná-lo	351
daedalus	351
convertido	351
descrições	351
7h	351
comportado	351
teo	351
pilinha	351
esquecerá	351
panthers	351
cheeseburger	351
voodoo	351
limparam	351
sinagoga	351
arriscamos	351
jeffries	351
wichita	351
mofo	351
prossigam	351
observar-me	351
cumpriste	351
disputas	351
teclas	351
emprestou	351
analisado	351
corrupta	351
detestei	351
wilde	351
ultraje	351
dependentes	351
hidra	351
assiste	351
harpa	351
atirares	351
penetra	351
ideologia	351
corriam	351
apreciem	351
baseia	351
fabulosos	351
pré-nupcial	351
agressores	351
luminoso	351
retirar-me	350
senhas	350
dolorosas	350
unicamente	350
party	350
saxofone	350
camaleão	350
conserva	350
saltaram	350
fusco	350
identifica	350
compota	350
havíamos	350
meiga	350
maça	350
dizíamos	350
fadiga	350
desejares	350
deixai	350
tragam-nos	350
recolhi	350
experiencia	350
ligaria	350
snifar	350
morno	350
costeleta	350
industries	350
espasmos	350
limpamos	350
gostassem	350
marlo	350
mckinley	350
rourke	350
saloon	350
atrasou-se	350
crown	350
ligaram-me	350
invento	350
categorias	350
engoli	350
karin	350
marsha	350
franja	350
remetente	350
pagarão	350
armar-te	350
argila	350
bugiar	350
alegado	349
extremistas	349
snotlout	349
criminalidade	349
recolhido	349
australianos	349
diagrama	349
carmela	349
atrasei-me	349
convencionais	349
tel	349
comprou-me	349
monumentos	349
shinji	349
passarinhos	349
delicadamente	349
concreta	349
sansão	349
cochran	349
utopia	349
detecto	349
estudamos	349
pas	349
maldoso	349
saltaste	349
marv	349
pesava	349
sólidas	349
calos	349
besouro	349
carey	349
implorei	349
hand	349
bósnia	349
rezem	349
caucasiano	349
bloqueios	349
ligou-te	349
analogia	349
puseres	348
castidade	348
ultrajante	348
colocava	348
tentáculos	348
largue-o	348
nestor	348
mantiveste	348
entregasse	348
projéctil	348
existimos	348
hardman	348
proteger-se	348
dumbledore	348
recém-casados	348
maui	348
metáforas	348
conseguindo	348
seguiu-me	348
colorida	348
electromagnético	348
tornarmos	348
relaxada	348
coelhinha	348
suprimir	348
mártires	348
piorio	348
gigi	348
crista	348
donnell	348
much	348
processados	348
deixaram-nos	348
escudeiro	348
aviadores	348
heresia	348
abandoná-lo	348
desistam	348
imunes	348
devolver-lhe	348
meteoros	348
kenshin	348
aconselho-o	347
limitadas	347
agarrar-me	347
francesco	347
concentrar-te	347
apanhes	347
beatriz	347
alonzo	347
importação	347
water	347
perú	347
where	347
uganda	347
manterei	347
curá-lo	347
acabarei	347
quadrilha	347
abandonadas	347
lakers	347
ajudei-o	347
partilhou	347
aspiração	347
rmds	347
cosima	347
livrares	347
agudo	347
encontraste-a	347
detestam	347
rende-te	347
atwood	347
locomotiva	347
lombar	347
lacerações	347
exaustos	347
isobel	347
fartou-se	347
proveniente	347
chifre	347
dancem	347
brutamontes	347
clarão	347
sugerindo	347
interrompa	347
enzimas	347
padeiro	347
ditar	346
voe	346
refrigeração	346
perturbados	346
permitam	346
mandaste-me	346
patologista	346
revi	346
colocares	346
estratégico	346
esquecê-la	346
garantir-lhe	346
shapiro	346
mercador	346
milhar	346
addic7ed	346
rola	346
planície	346
enlouquecido	346
delicados	346
benfeitor	346
ouvintes	346
aborrece	346
pesticidas	346
lenore	346
note	346
chihuahua	346
volátil	346
tablet	346
marlowe	346
klan	346
panelas	346
fast	346
antenas	346
prematura	346
fóssil	346
associar	346
insuficiente	346
merle	346
dianap	346
sobreviverem	346
sedan	346
solicitou	346
tracção	346
fundações	346
testemunhei	346
pormos	346
solis	346
publicada	345
caminho-de-ferro	345
uhh	345
protegemos	345
airlines	345
segurou	345
namorava	345
casanova	345
abundante	345
arranjasse	345
embalagens	345
maninha	345
marisa	345
sock	345
berman	345
banguecoque	345
antibiótico	345
natalício	345
lendária	345
desempregados	345
pálpebras	345
toxicologia	345
colocarem	345
universos	345
igualzinha	345
cidadezinha	345
camareiro	345
invade	345
shiva	345
estância	345
separadamente	345
afortunados	345
obi-wan	345
xamã	345
prece	345
rashid	345
prolongada	345
partirei	345
contradição	345
protegidas	345
staten	344
investigando	344
paulson	344
capitalista	344
recusam	344
pavão	344
inalador	344
defendido	344
ressler	344
marinhas	344
procura-se	344
desarmados	344
ange	344
exercitar	344
devam	344
reginald	344
avançarmos	344
pooja	344
persianas	344
dróide	344
nostalgia	344
soalho	344
democrática	344
farnsworth	344
eleitos	344
colocação	344
declaro-vos	344
tejadilho	344
hour	344
coreana	344
teias	344
afastou-se	344
bolor	344
ameaçando	344
natais	344
browning	344
masmorras	344
monarca	344
desabar	344
kol	344
forge	343
nik	343
cloro	343
clandestina	343
galho	343
fidel	343
autora	343
belém	343
telepatia	343
robótica	343
lótus	343
congelou	343
sorrindo	343
prometheus	343
julgar-me	343
vogue	343
placenta	343
enviou-nos	343
hodge	343
regressarei	343
xix	343
destruidora	343
dinamarqueses	343
oferecendo	343
iludir	343
preparam	343
chapado	343
tower	343
manu	343
apanha-os	343
abandonou-me	343
cumprimos	343
concessões	343
gonzalez	343
umbilical	343
sustenta	343
vejo-me	343
magnésio	343
corps	343
revoltado	343
lodo	342
esperai	342
competências	342
intromissão	342
odiavas	342
ratinho	342
detonadores	342
choraste	342
equipes	342
novinha	342
sabe-o	342
invasor	342
confederação	342
hallie	342
dizia-lhe	342
fingido	342
lixaste	342
hu	342
alba	342
amarrados	342
oportunista	342
entenderes	342
atira-o	342
fuzilamento	342
tampão	342
quo	342
candeeiros	342
chegassem	342
caíu	342
yuan	342
sacerdotisa	342
view	342
semear	342
fumadores	342
pressas	342
casablanca	342
proporcionar	341
escondas	341
beast	341
exemplares	341
migastav	341
drago	341
óxido	341
matemáticos	341
atticus	341
olivier	341
doravante	341
arremesso	341
galáctica	341
furtivos	341
steiner	341
lances	341
perdição	341
receios	341
trompete	341
sentirmos	341
remem	341
oops	341
tristezas	341
ren	341
culturais	341
chefão	341
pudessemos	341
ferrovia	341
provem	341
distritos	341
connelly	341
madam	341
birch	341
iceberg	341
lacunas	341
agarrados	341
errol	341
massacrados	341
influentes	341
reeleição	341
tocá-la	341
formar-se	341
cegamente	341
terminando	341
zedd	341
avé	341
clancy	341
cereal	341
fin	341
intrometer-me	341
viraste	341
decote	340
roubar-te	340
maxim	340
divertirmo-nos	340
precisasses	340
simulações	340
vença	340
kobe	340
ofereça	340
preocupamos	340
consideravelmente	340
pheebs	340
procriar	340
conjugal	340
sanções	340
perseguir-te	340
epá	340
soam	340
acredita-se	340
matarão	340
impiedoso	340
mínimos	340
custará	340
linho	340
sósia	340
ahmad	340
dançou	340
mexer-te	340
interessou	340
athena	340
fundada	340
freedom	340
acordei-te	340
subsídios	340
pines	340
tranqüilo	340
prós	340
lindy	340
creed	340
ui	340
duramente	339
intolerável	339
tolero	339
incontáveis	339
começarei	339
massiva	339
tecnológico	339
confinamento	339
partir-lhe	339
decepcionante	339
confundiu	339
apostava	339
adepto	339
atestado	339
seguirei	339
incompleta	339
myra	339
maligna	339
falcone	339
glúten	339
secundárias	339
gun	339
testá-lo	339
sly	339
bichas	339
alvoroço	339
guiado	339
lírios	339
unico	339
deixava-me	339
farley	339
yusuf	339
equilibrado	339
recompõe-te	339
anciões	339
honorável	339
rugby	339
contas-me	339
arqueologia	338
drenagem	338
halliwell	338
deixarias	338
acalmarem	338
kahn	338
permitiram	338
ser-lhe	338
cardássia	338
emilia	338
peregrino	338
jp	338
sociável	338
bongo	338
nazistas	338
townsend	338
mostrá-lo	338
zod	338
diplomatas	338
fácilmente	338
templeton	338
jam	338
expostas	338
improviso	338
divertirmos	338
rkocheckers	338
colectivo	338
destruir-me	338
afro	338
nalgumas	338
recebê-la	338
matam-te	338
silenciosos	338
maude	338
petiscos	338
framboesa	338
anson	338
engolido	338
paternal	338
tromba	338
peaches	338
meia-irmã	338
ribalta	337
tratarem	337
fazem-te	337
potes	337
simboliza	337
caminhamos	337
food	337
hawking	337
marginal	337
forest	337
determinadas	337
vagões	337
embaraçado	337
duplas	337
durst	337
bruxos	337
recomeço	337
vede	337
sokka	337
localizá-la	337
glândulas	337
enganes	337
sanjay	337
vírgula	337
baterem	337
blindados	337
actrizes	337
achávamos	337
procurada	337
doggett	337
mola	337
chun	337
perdoamos	337
implementar	337
observá-lo	337
skype	337
rommel	337
room	337
atreveria	337
antecipado	337
saiu-se	337
permitidas	337
póneis	337
incapacitado	336
cede	336
insaciável	336
ezekiel	336
admiradores	336
reta	336
iphone	336
citações	336
consultora	336
divagar	336
egípcia	336
guio	336
asfalto	336
xanax	336
quero-vos	336
zhao	336
smitty	336
suspeitam	336
prevista	336
ateu	336
coloridas	336
derrotada	336
holográfica	336
apostaria	336
bubs	336
aflito	336
pará-la	336
nervosismo	336
rastros	336
menininha	336
banner	335
rasgada	335
abateu	335
ridley	335
estirpe	335
radares	335
desejaste	335
lembraria	335
porta-malas	335
pedrados	335
domiciliária	335
utilizam	335
cosméticos	335
detectaram	335
ichabod	335
curiosamente	335
safou-se	335
barkley	335
quartas	335
anfitriões	335
botes	335
percamos	335
pagam-me	335
olson	335
consideradas	335
respirem	335
pingo	335
desapareci	335
prejudica	335
resolverá	335
percebesse	335
roubá-la	335
vaginal	335
renome	335
dormiam	334
provocam	334
colectiva	334
vizinhas	334
cacifos	334
ecg	334
vende-se	334
livrou-se	334
garçom	334
figas	334
michaela	334
met	334
competitiva	334
uhm	334
proxima	334
caim	334
marple	334
pong	334
ursula	334
muletas	334
reformados	334
yorkshire	334
juro-lhe	334
adormece	334
heathcliff	334
aconselho-te	334
rema	334
thakur	334
separámo-nos	334
síndroma	334
tyrell	334
katarina	334
erupções	334
retina	334
deixam-nos	334
louvor	334
dinares	334
bilheteira	334
líquida	334
portado	334
crais	334
vigiá-la	334
hayward	334
descansas	334
arriscaste	334
fatais	334
sustentável	333
apresenta-se	333
viajaram	333
drakken	333
apanhadas	333
jogares	333
encontrando	333
absolvido	333
editar	333
5h	333
fizera	333
actualizações	333
santinho	333
soho	333
ab	333
contactar-me	333
pertença	333
crucificado	333
amara	333
discorda	333
perguntei-me	333
drinque	333
rey	333
próspera	333
ouviram-no	333
magazine	333
jeová	333
bobina	333
peça-lhe	333
aprontar	333
abrigar	333
aplica-se	333
desenvolvi	333
mostrarei	333
maxie	333
barricadas	333
pestanejar	333
inchados	333
pretendentes	333
respeite	333
kelsey	333
quatrocentos	333
liberto	332
chuckie	332
coitados	332
sò	332
brincamos	332
aman	332
coldre	332
pack	332
musgo	332
pippa	332
guillermo	332
gould	332
nave-mãe	332
fogg	332
motoqueiros	332
autópsias	332
pescaria	332
aproveitei	332
aversão	332
boda	332
ajay	332
transformei	332
partir-te	332
inundar	332
escaravelho	332
coveiro	332
whitmore	332
ferrar	332
cassius	332
topher	332
neurológico	332
importar-se	332
comidos	332
habitua-te	331
espanta	331
cuidares	331
alta-voz	331
respeitada	331
tirou-lhe	331
guinevere	331
iriamos	331
questiona	331
activista	331
shana	331
ouvi-las	331
godzilla	331
zola	331
mexia	331
tinha-lhe	331
money	331
eros	331
cardiff	331
bugs	331
verifico	331
cape	331
rende	331
macarthur	331
deixavas	331
africa	331
taggart	331
maias	331
látex	331
livrei-me	331
importará	331
choveu	331
oj	331
aramis	331
vocal	331
thelma	331
chatear-te	331
limpá-lo	331
analise	331
taverna	331
dix	331
juntando	331
caneco	331
bertram	330
quedas	330
prenderem	330
sahib	330
domino	330
espantar	330
uniu	330
viril	330
honda	330
aguardando	330
lavou	330
vazar	330
comiam	330
detenham-no	330
denunciá-lo	330
hebraico	330
menma	330
vista-se	330
expulsar-me	330
desaparecia	330
apaixonadas	330
gaston	330
controlar-te	330
sylar	330
lenhador	330
arrendamento	330
lights	330
entusiasta	330
doou	330
moby	330
kellogg	330
déjà	330
mantivesse	330
cabeçudo	330
singularidade	330
afastá-lo	330
mataram-na	330
fi-la	330
sedento	330
radley	330
misturas	330
chita	330
liber8	330
débito	330
queridinho	330
contingência	330
arranjar-nos	330
quebre	330
mckenna	330
ilibado	330
roedores	330
negoceia	330
diabético	330
circle	330
infortúnio	330
ton	330
titãs	330
verruga	330
assumido	330
zanga	330
halo	330
responderei	329
benvindo	329
picantes	329
stockton	329
imensamente	329
circunstancial	329
rija	329
extermínio	329
comportas	329
agressões	329
volkoff	329
baird	329
garibaldi	329
terminais	329
inclinada	329
nog	329
ep	329
excitantes	329
dueto	329
aproximamo-nos	329
9mm	329
localizações	329
respondemos	329
atrasa	329
larilas	329
melhoraram	329
marioneta	329
idealista	329
perdoaria	329
acabara	329
encontro-o	329
falar-nos	329
obriguei	329
fazendeiros	329
torturada	329
exóticos	329
maciço	329
lagarta	328
crews	328
petrov	328
recuperarmos	328
impotência	328
sacrificado	328
rat	328
manchetes	328
bobbie	328
sóis	328
arqueólogos	328
dormitórios	328
suspensos	328
extintos	328
grantham	328
ofereço-te	328
tillman	328
mineiro	328
triunfar	328
regan	328
kar	328
juraste	328
lave	328
extraordinariamente	328
clero	328
testada	328
intimamente	328
mete-se	328
deixei-lhe	328
consideras	328
confiáveis	328
espectador	328
comunicou	328
aproximar-te	328
decisiva	328
fabricado	328
sorris	328
medonho	328
evitou	328
apophis	328
machucou	328
atestar	328
afectam	328
neurónios	328
suspeitou	328
pentear	328
permites	328
participa	327
sueca	327
abortos	327
mexeu-se	327
bandalho	327
rebolar	327
milu	327
bulger	327
yah	327
dentários	327
partirá	327
ernst	327
mónaco	327
entregam	327
enciclopédia	327
resultaram	327
mein	327
lutarmos	327
declarada	327
a.j.	327
investigue	327
arriscando	327
distorcida	327
movies	327
subido	327
facturas	327
bombardeiro	327
sentei	327
morteiros	327
abrirá	327
cresces	327
estratagema	327
broyles	327
recorda-me	327
freqüência	327
ambientes	327
consertá-lo	327
cruciais	327
diga-o	327
levantam	327
afro-americano	327
adiantou	327
escreveu-me	327
discutiam	327
evil	327
gerhardt	327
limpaste	327
terrance	327
trave	327
arranjá-la	327
devessem	327
odeias-me	327
verter	327
etapas	327
surpreendentes	326
sairem	326
povoação	326
turístico	326
pausas	326
edema	326
embaixadores	326
regressarem	326
alden	326
descontos	326
tolas	326
funcionaram	326
baylor	326
fotógrafa	326
campeonatos	326
lorne	326
compreenderá	326
auto-defesa	326
avariou-se	326
check-in	326
começavam	326
resina	326
nascidos	326
mimo	326
descreva	326
usavas	326
pacemaker	326
tremendamente	326
escolheu-me	326
roubarem	326
esqueçe	326
shep	326
jejum	326
juarez	326
abaixar	326
destrutivo	326
inchar	326
cobardia	326
tov	326
lesse	326
tiraria	326
medroso	326
sanguessuga	326
focar-nos	326
facil	326
remodelação	326
mete-a	326
tragicamente	326
estrias	326
kiev	326
amadora	326
razoavelmente	326
sunday	326
descontar	326
prescrição	325
oliveira	325
dobrado	325
motors	325
troque	325
tarada	325
hoo	325
levanto-me	325
chiques	325
diagnósticos	325
wraiths	325
shaka	325
dickinson	325
impressos	325
egocêntrico	325
digo-o	325
transação	325
anote	325
fratura	325
vigarice	325
salva-te	325
vitorioso	325
dane-se	325
manobrar	325
defina	325
maldições	325
afundado	325
grilo	325
retroceder	325
chulos	325
livrou	325
menopausa	325
apreciam	325
oleoduto	325
deitam	325
encantamento	325
j.t.	325
pula	325
calorosa	325
ajoelhar	325
lázaro	325
expressa	325
caótico	325
mutações	325
irwin	325
cid	325
sobrecarregado	325
perder-se	325
avalon	324
notáveis	324
repressão	324
perdoei	324
cricket	324
esquecermos	324
bordas	324
patrice	324
accionar	324
rem	324
ligarmos	324
legítimos	324
rosalie	324
desert	324
kremlin	324
suster	324
deixarás	324
jeitinho	324
desligaste	324
huntington	324
libertador	324
electricista	324
fringe	324
informadora	324
hartley	324
transformaste	324
colombiano	324
seguiremos	324
venenosas	324
traumática	324
justiceiro	324
criações	324
vencidos	324
descompressão	324
inseparáveis	324
calhoun	324
terminasse	324
lidando	324
regar	324
meteorológico	324
respirando	324
maquinaria	324
histérico	324
arranjarem	323
pops	323
descargas	323
hesite	323
traiçoeira	323
referido	323
guaxinins	323
darrell	323
insónias	323
blah	323
shiv	323
papagaios	323
parapeito	323
partos	323
ativos	323
wilbur	323
impertinente	323
morna	323
marko	323
combinei	323
escocesa	323
firmas	323
estragaram	323
capitäo	323
him	323
fry0	323
relatou	323
obsessivo	323
limpinho	323
chamámos	323
usaste-me	323
reformou-se	323
det	323
prestação	323
keyes	323
ue	323
broots	323
teen	323
hd	323
mandaria	323
ricochete	323
monarquia	322
bye	322
incursão	322
está-te	322
holandesa	322
tocante	322
dvds	322
olà	322
afrodite	322
piranha	322
interfere	322
genialidade	322
esclerose	322
janota	322
chiclete	322
eliminada	322
pasha	322
propulsor	322
dra	322
alonso	322
garland	322
recebam	322
philly	322
engravidei	322
deites	322
santana	322
cheers	322
extracto	322
rouxinol	322
extração	322
tótó	322
congela	322
ruir	322
catalisador	322
pied	322
apresentem-se	322
apanha-lo	322
bailarinas	322
confunde	322
ariana	322
servir-me	322
represa	322
queijos	322
katia	322
apu	322
intestinal	322
perturbadora	322
toucinho	322
metes-me	322
incompetentes	322
fisiologia	322
felicitações	322
patrícia	321
polaca	321
flutuando	321
promoções	321
equilibrada	321
trago-lhe	321
decidirmos	321
pré-pago	321
mazel	321
buscando	321
falta-me	321
magoaram	321
voltassem	321
geria	321
esperaremos	321
permitimos	321
restará	321
detectados	321
expirou	321
reconquistar	321
produções	321
aspetos	321
aleatoriamente	321
darth	321
realiza	321
gustavo	321
brutos	321
ativa	321
meningite	321
heat	321
repolho	321
abençoar	321
starr	321
lebre	321
miudinha	321
bajorianos	321
autobots	321
caminhava	321
keane	321
compadre	321
reverência	321
tino	321
vector	321
tereis	321
nazir	321
racionais	321
belíssima	321
substituir-me	321
dodgers	321
platt	321
salim	321
cadernos	321
bezerro	321
identifique	321
diablo	321
premiado	320
pedi-la	320
mostrarem	320
finlândia	320
alo	320
necessitava	320
keys	320
cortês	320
servida	320
karate	320
alana	320
sirvam-se	320
curry	320
caprichos	320
encaixe	320
mande-os	320
iniciando	320
beacon	320
agradeço-vos	320
backup	320
estatisticamente	320
antidepressivos	320
constelação	320
nenhures	320
bombar	320
retribuição	320
colegial	320
dugan	320
gilroy	320
fechou-se	320
ovnis	320
lombo	320
cientifica	320
gao	320
markus	320
simultâneo	320
conformidade	320
conclui	320
baptista	320
achei-o	320
dst	320
arquivar	320
galinheiro	320
revoltante	320
considera-o	320
abriguem-se	320
tulsa	320
meteste-te	320
importado	319
cris	319
woman	319
escolhidas	319
cubana	319
migração	319
snoop	319
alina	319
saíste-te	319
pala	319
anfetaminas	319
nance	319
fechando	319
serve-me	319
security	319
invulgares	319
realizadores	319
deitem	319
matheson	319
iggy	319
neptune	319
comprados	319
melões	319
agarro	319
maléfica	319
servindo	319
camionistas	319
apareças	319
gonorreia	319
pilates	319
delphine	319
reconhecia	319
atacá-lo	319
corporativa	319
segura-me	319
cornelius	319
vaidoso	319
morning	319
grelhado	319
pritchard	318
catastrófico	318
compridos	318
minúsculas	318
parasses	318
deena	318
twist	318
viverás	318
cooter	318
magoaste-te	318
falecer	318
removida	318
kaitlin	318
desejando	318
cozer	318
stick	318
atalhos	318
temporais	318
chavez	318
engana-se	318
apercebeu-se	318
charming	318
sentam	318
aluga	318
holodeck	318
dizei	318
produtiva	318
rm	318
falhares	318
maluquinho	318
encantadoras	318
surpreender-te	318
risada	318
pusermos	318
tic	318
intrometido	318
dinah	318
treme	318
gaivota	318
manteve-se	318
macaquinho	318
afronta	318
tire-a	318
olfacto	318
reduzidos	318
bibliotecária	318
insegurança	318
rimos	318
consolar	317
atrevo	317
druida	317
reivindicar	317
god	317
enjoo	317
plural	317
conseguissem	317
reclamou	317
prolongado	317
confrontos	317
necessitados	317
inicie	317
cobrador	317
enterraram	317
liquidar	317
amarra	317
row	317
egan	317
delitos	317
contaram-me	317
guarda-redes	317
arranjou-me	317
car	317
confins	317
luxuoso	317
aterro	317
terremoto	317
discuti	317
partilhámos	317
suplico-te	317
rezas	317
competidores	317
revirar	317
cherie	317
confirmados	317
patrono	317
cunningham	317
tirar-vos	317
mika	317
aborrecidas	317
separamo-nos	317
octavia	317
herege	317
deanna	317
sónia	317
stafford	317
marcações	317
fantoches	317
escavações	316
dory	316
direções	316
apanhem-na	316
cozinheiros	316
pestanas	316
elder	316
milan	316
estacionei	316
sedutora	316
gastámos	316
actualizado	316
planejado	316
proibiu	316
morrow	316
dres	316
utensílios	316
vértebras	316
vestires	316
dizes-lhe	316
privação	316
abalar	316
encontrámo-la	316
evitando	316
convidou-nos	316
apercebeste	316
decapitado	316
colocou-me	316
pilatos	316
ucla	316
esgrima	316
coice	316
receberás	316
sectores	316
lutares	316
frida	316
farmer	316
johanna	316
deverás	316
táticas	316
certificar-nos	316
farmacêuticas	316
salvou-te	316
carregamentos	316
dominique	315
burbank	315
mendigos	315
faíscas	315
madalena	315
titan	315
janis	315
abandonar-me	315
manchada	315
samurais	315
conhecem-me	315
crash	315
extinto	315
duradoura	315
programador	315
apontei	315
realidades	315
gerido	315
geeta	315
ftl	315
esquecem-se	315
pensa-se	315
planejando	315
jantei	315
manda-chuva	315
gabar-se	315
france	315
poupou	315
cafeteira	315
branch	315
bioquímica	315
convidares	315
retorna	315
retrovisor	315
acusam	315
fala-nos	315
lam	315
neurocirurgião	315
determinou	315
dilúvio	315
incluída	315
mandarim	315
jemma	315
heath	314
doi	314
interrompas	314
clorofórmio	314
razao	314
clave	314
abusado	314
ps	314
olé	314
chefiar	314
amanhä	314
dotes	314
plantão	314
guerrilheiros	314
dócil	314
suculento	314
oil	314
ácidos	314
folclore	314
puzzles	314
canino	314
fotocopiadora	314
recipientes	314
desidratação	314
dread	314
atirava	314
somar	314
temperamental	314
chu	314
pretender	314
oprimidos	314
atenciosa	314
apertou	314
provação	314
pomposo	314
destroçar	314
encontravam	314
localizaram	314
iranianos	314
montanha-russa	314
pratico	314
macias	314
interesso	314
ascendente	313
cercas	313
ahsoka	313
kraang	313
gaga	313
fechares	313
liberta-me	313
pergaminhos	313
arrojado	313
adios	313
informaram	313
quebradas	313
salvarmos	313
robyn	313
seriedade	313
mentol	313
talco	313
wen	313
estragas	313
acertei-lhe	313
aplicado	313
custava	313
colares	313
descontaminação	313
sameer	313
fico-te	313
virilidade	313
lassie	313
puxa-me	313
escroto	313
requerer	313
dando-lhe	313
bulls	313
catarella	313
mantidos	313
aptidões	313
traída	313
kruger	313
deixeis	313
muçulmana	313
namoram	313
escrevesse	313
sossega	313
corbett	313
abóboras	313
responsabilizado	313
chocados	313
recrutou	313
welles	313
seals	313
dosagem	313
prazos	313
obrigaste	312
calhou	312
compartimentos	312
ganhem	312
célebre	312
travada	312
engraçadinha	312
reportou	312
registadas	312
pagá-lo	312
leilões	312
rolando	312
lutavam	312
kato	312
tandy	312
banshee	312
pronuncia	312
diet	312
pirem-se	312
opal	312
bichinho	312
rachael	312
inundações	312
salões	312
fracassos	312
comedor	312
desaparecimentos	312
acomodar	312
taelon	312
sujeita	312
titular	312
midge	312
enforcou-se	312
furos	312
saroyan	312
dojo	312
missionários	312
días	312
fizeram-lhe	312
quantias	312
comprarem	312
pagá-las	312
apoiamos	312
scotch	312
napa	312
violaste	312
sonhamos	312
aproximarem-se	312
interino	312
apontes	312
enfrentando	312
remodelar	312
colocou-o	312
imfreemozart	312
exigimos	312
trocaria	312
mathis	312
pepperoni	312
edmond	311
chamarmos	311
cabia	311
puxo	311
deter-me	311
sparrow	311
dukat	311
billings	311
shredder	311
convidei-o	311
jadzia	311
porta-chaves	311
adorá-lo	311
shyam	311
rave	311
espinal	311
mami	311
esqueceria	311
recifes	311
saíamos	311
oc	311
guiões	311
ignore	311
wolfgang	311
tímidos	311
bloqueados	311
enfrentei	311
zangadas	311
montem	311
preparatória	311
persas	311
apurar	311
fielding	311
antecipadamente	311
acha-me	311
virando	311
andróides	311
propões	311
infernos	311
ralé	311
medidor	311
escondê-la	311
assegure-se	311
espécimes	311
desenvolvemos	311
ofende	311
gola	311
preventiva	311
tonight	311
torturas	311
nicarágua	311
guilhotina	311
lobby	311
divergências	311
minorca	311
maquina	311
marshals	311
falsificações	311
vendê-las	310
zarpar	310
holder	310
conversação	310
bisavó	310
botox	310
buford	310
ensinava	310
huxley	310
crossfit	310
galhos	310
álibis	310
aleatórias	310
tens-te	310
yee	310
gaia	310
jumbo	310
bailarino	310
boazonas	310
nazaré	310
corrector	310
cacto	310
fingiste	310
topless	310
paralisada	310
genoma	310
percorremos	310
sergio	310
esmolas	310
brigitte	310
desconfia	310
oaks	310
gelar	310
significasse	310
aproximado	310
kel	310
deixa-la	310
empurres	310
prometo-vos	310
erich	310
pareceram	310
danni	310
maynard	310
viga	310
jihad	310
desafiar-me	310
alimenta-se	309
destruiria	309
record	309
crocante	309
desejo-vos	309
rédea	309
perdoes	309
desconheço	309
eleger	309
interrupções	309
arqueólogo	309
operam	309
euforia	309
aspen	309
picadas	309
connell	309
matem-me	309
pimba	309
ensinaram-me	309
dependia	309
escrevas	309
párem	309
titã	309
enos	309
transportava	309
consultores	309
lidado	309
exilado	309
combateu	309
desmascarar	309
surpreenderia	309
rótulos	309
enfrentá-los	309
mathias	309
equipada	309
insensato	309
definida	309
mobilidade	309
atuais	309
fluído	309
estudas	309
recto	309
seringas	309
cãibras	309
gamma	309
brice	309
esmaga	309
pedófilos	309
brewer	309
mayfield	309
rani	309
brinquei	309
plásticas	309
desertores	309
falhamos	309
superado	309
incluía	309
saloio	309
sogros	309
wren	308
bangkok	308
lancem	308
teriamos	308
romulanos	308
pouso	308
zee	308
prega	308
tecnológica	308
manila	308
sórdido	308
impressiona	308
profissionalismo	308
cozidos	308
ranho	308
nú	308
nupcial	308
arpão	308
beckman	308
hoynes	308
mandou-a	308
ryu	308
dei-me	308
riverside	308
tacadas	308
mentia	308
sequestrar	308
altifalante	308
ama-seca	308
borgia	308
wiley	308
tolerante	308
vigiados	308
chateie	308
pedal	308
degradação	308
trovões	308
studio	308
encontrasses	308
compreendeste	308
building	308
elementar	308
osborne	308
placar	308
crucifixo	308
jafar	307
existirá	307
encantados	307
estudantil	307
cassino	307
refinado	307
remissão	307
entregarem	307
entalado	307
antropologia	307
riviera	307
range	307
ops	307
descaramento	307
arrumei	307
empregador	307
goebbels	307
cláudio	307
resista	307
chamei-lhe	307
falar-vos	307
triz	307
aparte	307
roedor	307
exclusivos	307
tártaro	307
intercepção	307
largam	307
tak	307
apostador	307
tahoe	307
viu-os	307
mascarados	307
processada	307
telégrafo	307
talentosos	307
correção	307
controverso	307
antepassado	307
transcrições	306
faco	306
transpirar	306
sobram	306
granito	306
arranjas-me	306
clarificar	306
invencíveis	306
silenciar	306
capuchinho	306
coordenador	306
magricelas	306
assustei-me	306
wynn	306
apoios	306
amamentar	306
punida	306
descreveria	306
bicarbonato	306
torna-me	306
captou	306
argumentista	306
furacões	306
hester	306
anemia	306
safa-se	306
competições	306
avaliado	306
mortinho	306
daninhas	306
dream	306
curral	306
gucci	306
opõe	306
mat	306
botija	306
alegrar	306
triturador	306
agarrá-lo	306
faz-tudo	306
jogarmos	306
narinas	306
impedem	306
moderação	306
saíssem	306
imperiais	306
honrosa	306
chamou-nos	306
divulgação	306
shankar	306
transformador	306
magoas	306
nirvana	305
l.a	305
lodge	305
putinha	305
barões	305
ad	305
encontraram-se	305
recuperares	305
porreiras	305
dentária	305
rugido	305
cuidas	305
imitações	305
opor	305
hétero	305
ultra-som	305
processa	305
barca	305
atacaste	305
acabarás	305
forçá-lo	305
respeitas	305
feches	305
percebo-te	305
engarrafamento	305
deitá-la	305
devolver-te	305
aterrarmos	305
têm-me	305
magoou-me	305
dopamina	305
matérias	305
longitude	305
shark	305
brasileiro	305
confirma-se	305
taser	305
ligar-lhes	305
negá-lo	304
hospitalar	304
duvides	304
defunto	304
fumador	304
telemetria	304
parem-no	304
pódio	304
fumou	304
minério	304
shack	304
invertido	304
hearst	304
atordoado	304
superstições	304
riscado	304
gastá-lo	304
publicações	304
mato-vos	304
reunir-nos	304
obrigaram	304
voaram	304
neurologista	304
guerrero	304
catacumbas	304
capota	304
tocámos	304
cao	304
cortejar	304
exportação	304
antonia	304
desviou	304
obesidade	304
esmurrar	304
protegia	304
poupei	304
grosseira	304
estado-maior	304
livrem-se	304
lasalle	304
castigar-me	304
inundada	304
embriões	304
valentina	304
pagavam	303
orgulhar	303
ignorar-me	303
judiciais	303
apaixonaste	303
roubares	303
arcar	303
festim	303
stubbs	303
sacrilégio	303
apelidos	303
conversado	303
receptores	303
detenha	303
espinho	303
perus	303
voice-mail	303
despediu-se	303
shorty	303
armani	303
permitia	303
charmosa	303
pass	303
obituário	303
jugular	303
antecipação	303
wick	303
gisborne	303
desvia	303
geladeira	303
cortava	303
socializar	303
turca	303
emotiva	303
kota	303
corromper	303
arrombou	303
camara	303
ahab	303
quadril	303
apreciamos	303
fodes	303
falho	303
projector	303
estupores	303
bessie	303
façam-me	303
veredito	303
alvejados	303
lowry	303
certificados	303
panos	303
observo	303
sofrerá	303
pick-up	303
comeria	303
ressentido	303
trator	303
mandona	302
insinuações	302
hooper	302
facções	302
cautelar	302
demitir-se	302
limpam	302
entrega-me	302
enzima	302
valhalla	302
enlouquece	302
caíres	302
partilhada	302
think	302
choca	302
biberão	302
naufrágio	302
parai	302
zuko	302
bali	302
django	302
climáticas	302
chekov	302
supervisora	302
graduado	302
girassol	302
give	302
cuidem-se	302
chardonnay	302
claridade	302
cuthbert	302
insubstituível	302
reservou	302
fufa	302
secretismo	302
recusas	302
interrompeu	302
caminhos-de-ferro	302
dong	302
seguisse	302
gen.	302
devolvam	302
clandestinos	302
jeb	302
alistar	302
tornando-se	302
assegurar-lhe	302
defendem	302
variável	302
manipulou	302
avistado	302
cruzaram	302
durmas	302
indignação	302
tentações	302
obrigadinha	302
chateau	302
yellowstone	302
medico	301
angels	301
lancei	301
mamada	301
erradicar	301
coleccionar	301
dominó	301
danada	301
denis	301
dep.	301
char	301
domar	301
charros	301
alivia	301
calculadora	301
abordado	301
smiley	301
p.s.	301
cara-a-cara	301
perseguir-nos	301
mother	301
invisibilidade	301
lascas	301
espetado	301
mako	301
meretriz	301
protege-te	301
lóbulo	301
latimer	301
larva	301
cuidaremos	301
crepes	301
órbitas	301
angola	301
agiota	301
alheia	301
machine	301
chegarás	301
compasso	301
paulacoelho	301
perfumes	301
trager	300
cancelamento	300
winn	300
earth	300
athos	300
visualizações	300
pescoços	300
cito	300
keenan	300
tardis	300
cas	300
doutorado	300
imaculada	300
primogénito	300
pequeninas	300
refresco	300
conspiradores	300
sacola	300
muriel	300
monólogo	300
benéfico	300
pomar	300
veríamos	300
contida	300
piglet	300
macau	300
cobardolas	300
neo	300
leva-la	300
informar-me	300
destreza	300
adotar	300
soletra	300
coerente	300
baste	300
defeituoso	300
ravens	300
admira-me	300
nicolau	300
secou	300
soberbo	300
adorar-te	300
kristin	300
tailandês	300
parkman	300
lon	300
tormenta	300
nunotr	300
posters	300
come-me	300
porthos	300
confinado	300
parecem-se	300
jang	300
segurava	300
mantêm-se	300
desumano	300
soluços	300
desmantelar	299
devolução	299
mexico	299
basta-me	299
académicos	299
seward	299
dunne	299
assinados	299
journal	299
aleijar	299
brindo	299
carisma	299
lapd	299
comunitária	299
celine	299
separam	299
instruído	299
costurar	299
fiji	299
pit	299
hemograma	299
amoras	299
estimulantes	299
maltratado	299
reunimo-nos	299
solte-a	299
vir-me	299
salaam	299
pulsar	299
suicidado	299
provém	299
calcinhas	299
verbo	299
gras	299
espalha-se	299
picuinhas	299
ponha-a	299
raspão	299
escalpe	299
expandir-se	299
deixei-os	299
chuveiros	299
inofensivos	299
cum	299
jana	299
chapas	299
substituída	299
influenciado	298
joia	298
madge	298
encantadores	298
responderá	298
convidamos	298
desastroso	298
ofereceste	298
saquei	298
transmita	298
vou-lhes	298
bíblico	298
anotei	298
rebocar	298
caracas	298
darrin	298
voluntariado	298
disponibilidade	298
amin	298
constar	298
resmungar	298
providence	298
lucrativos	298
informei	298
festinha	298
sequestrou	298
quadra	298
espancou	298
olívia	298
acessório	298
governantes	298
banjo	298
sobrecarregar	298
prejudicado	298
destacar	298
racha	298
puxas	298
irrigação	298
retornou	298
correres	298
insolência	298
desfaz	298
prejuízos	298
designada	298
exclui	298
removidos	298
divulgou	298
tornarem-se	298
olhou-me	298
programados	298
alterados	298
operadores	298
fecharem	298
afecte	298
labs	298
debs	298
partir-se	298
coloridos	298
mergulhou	298
considerem	297
coney	297
mostro-vos	297
brasão	297
trocava	297
intensas	297
dizeres-me	297
mlle	297
bobbi	297
fae	297
double	297
esgotados	297
hidratos	297
arranjo-lhe	297
questionável	297
absorve	297
atira-te	297
dissolver	297
banida	297
despacho	297
remexer	297
atletismo	297
block	297
nikola	297
joaquim	297
gozam	297
pombas	297
kingsley	297
annabel	297
congressistas	297
fricção	297
carapaça	297
tirei-lhe	297
dou-me	297
sorrateiramente	297
pendleton	297
despediram	297
zelena	297
aniquilação	297
croft	297
caputo	297
stretch	297
chapel	297
foods	297
dietrich	297
amora	297
jodie	297
casarei	297
ignorá-lo	297
projecções	297
twain	297
atinja	297
estelle	297
equivocado	296
merdosa	296
frodo	296
glock	296
mouch	296
python	296
tangas	296
entrega-te	296
ecossistema	296
pergunto-te	296
comestível	296
valoriza	296
agrícolas	296
dade	296
corrigido	296
confundir-me	296
mateus	296
denunciado	296
shelton	296
eta	296
nola	296
perfurado	296
baixote	296
rapidinho	296
manolo	296
capitais	296
hipopótamo	296
afetou	296
assustou-se	296
céptico	296
preparava	296
midwest	296
bendita	296
torci	296
empresta	296
revê-lo	296
tintin	296
malandros	296
andaria	296
larissa	296
uti	296
observava	296
mantivermos	296
duplamente	296
freelancer	296
indisponível	296
mccain	296
podendo	296
rastreador	295
aceitá-la	295
charadas	295
hahn	295
sócrates	295
invasões	295
ponho-o	295
curas	295
rastilho	295
apresentável	295
prendeste	295
conversou	295
apeteceu	295
procissão	295
mandaram-nos	295
sequestrada	295
entendes-me	295
qualificados	295
infiltrar-se	295
instalada	295
considera-te	295
tocou-me	295
cardíacas	295
fazei	295
burocratas	295
acerte	295
insultar-me	295
prudência	295
lahey	295
galerias	295
assumem	295
manifestar	295
terceiros	295
eliminá-lo	295
corpus	295
acostumados	295
indigno	295
mckenzie	295
tory	295
temes	295
barone	295
conservadora	295
invernos	295
dirt	295
apostaste	295
encostas	295
selena	295
pretensão	295
mirtilo	295
travado	295
derramou	295
vee	295
arkon	295
alimentá-lo	295
conroy	295
safas	295
compatibilidade	295
perguntaram-me	295
encerra	295
frade	295
lapso	295
muirfield	294
soltem-no	294
desconcertante	294
feiras	294
cabeleireira	294
derruba	294
vertebral	294
trampolim	294
ajudou-o	294
polegada	294
amava-me	294
cabem	294
namoras	294
sinalizador	294
imbatível	294
propositadamente	294
marujo	294
cheerleader	294
embarcou	294
desconfiada	294
dispersem	294
piroso	294
da-me	294
jakob	294
corujas	294
caudas	294
bebezinho	294
fodam-se	294
austen	294
yonkers	294
estupidamente	294
esterno	294
veste-se	294
dilatação	294
too	294
drive-in	294
renato	294
solicitação	294
representamos	294
hathaway	294
germain	294
detectei	294
sinan	294
abatida	294
trouxe-vos	294
empatado	293
nitroglicerina	293
interestadual	293
levemos	293
rendam-se	293
gritaste	293
sérvia	293
rowena	293
soe	293
precisarão	293
eletrônica	293
empurrou-me	293
médias	293
incomodava	293
divertiu	293
fechar-se	293
cortá-la	293
glândula	293
solte-o	293
falsificador	293
colados	293
sairás	293
weller	293
duval	293
vivien	293
utilizados	293
teimosia	293
experimentado	293
provisório	293
acalmas	293
vigas	293
psicólogos	293
culpá-la	293
desarmada	293
desperdice	293
iluminada	293
mari	293
custar-te	293
vem-me	293
fecharmos	293
johnston	293
arrasou	293
atacarmos	293
lunática	293
promissora	293
insanos	293
libertei	293
ostra	293
garfos	293
despedi-lo	293
deu-ma	293
elsie	293
réus	293
ortodoxo	293
húngaro	293
dyson	293
degenerado	292
questiono	292
augustine	292
industria	292
voleibol	292
rui	292
kryten	292
invadida	292
arranjada	292
condenou	292
carburador	292
diagnosticada	292
tempero	292
subia	292
muffin	292
temi	292
sports	292
segredinho	292
guitarras	292
valesse	292
estrangulador	292
sinónimo	292
transferi-lo	292
alugada	292
estancar	292
aliadas	292
himalaias	292
havaí	292
jasão	292
ameaçados	292
pryor	292
complica	292
cinemas	292
calcula	292
sabiamos	292
meca	292
bri	292
amazónia	292
smithsonian	292
convívio	292
darkdevil	292
agradou	292
revele	292
arrepender-me	292
ciclope	292
questionado	292
milagroso	292
ir1a	292
afunda	292
reúnem	292
fizeram-te	292
santíssima	292
pretzels	292
atarefado	292
cantiga	292
perguntou-lhe	291
é-lhe	291
minar	291
larguem-no	291
và	291
eye	291
lotado	291
oco	291
tostões	291
optou	291
analgésico	291
vegan	291
donzelas	291
mikael	291
mantivemos	291
torácico	291
enviou-te	291
loco	291
gritavam	291
fundamentos	291
farejar	291
traiu-nos	291
aproveito	291
falhe	291
vulcana	291
formamos	291
subtis	291
praguejar	291
ignacio	291
papar	291
ibrahim	291
scout	291
brasileira	291
bege	291
fluffy	291
ramsés	291
skipped	291
convidadas	291
corneta	291
flexibilidade	291
excessivamente	291
simulador	291
titulo	291
surpreendeu-me	291
atreves-te	291
destruirmos	291
dentário	291
imita	291
fabulosas	291
gastes	291
fan	291
trapalhão	291
esgotou	290
testados	290
encontre-me	290
vietnamitas	290
hatch	290
chamava-lhe	290
afetado	290
recordado	290
estímulos	290
afirmações	290
entregarmos	290
alimentados	290
põe-lhe	290
aviv	290
peluda	290
eminente	290
internamente	290
masculinas	290
espantada	290
ghetto	290
vinick	290
concede	290
harker	290
apoiante	290
arrumem	290
importem	290
perdoará	290
surfistas	290
burocrata	290
canastro	290
nomeados	290
partilhas	290
dooley	290
desarrumação	290
estética	290
duvidado	290
blossom	290
escreveres	290
marginais	290
cisnes	290
separá-los	290
scarlet	289
conserta	289
submetido	289
radcliffe	289
implorando	289
recebidos	289
games	289
radioactiva	289
potentes	289
doutro	289
ema	289
embriagada	289
superiora	289
desmaiaste	289
saqueadores	289
smokey	289
fivela	289
aderir	289
restaurada	289
infeção	289
primordial	289
quereriam	289
iniciei	289
festividades	289
rodeio	289
acrescenta	289
ervilha	289
fobia	289
levam-nos	289
lasca	289
mallard	289
reformar-se	289
marquez	289
transito	289
familias	289
sleepy	289
misturados	289
chamávamos	289
baila	289
stevenson	289
spice	289
traídos	289
patetas	289
repitam	289
mova-se	289
queixar-me	289
levou-os	289
cantinho	289
eichmann	289
punção	289
libertá-los	289
mexeste	289
assente	289
afastei	289
fumam	289
testículo	289
norueguês	288
pergunte-me	288
ricaço	288
cidra	288
corporativo	288
desleal	288
operativo	288
prioritário	288
genéticos	288
paxton	288
mandatos	288
pedirmos	288
louvre	288
aproximava	288
sampson	288
procurares	288
aprendas	288
michelangelo	288
pareces-te	288
sequências	288
garrity	288
condutora	288
francie	288
perdoas-me	288
pr	288
yep	288
silo	288
safar-me	288
traçado	288
paraquedas	288
resgatado	288
regressas	288
têm-no	288
precisando	288
marreta	288
empenhada	288
guardiães	288
woodward	288
venderia	288
medici	288
algoritmos	288
cocos	288
antártida	288
rifles	288
aparições	288
dinâmico	288
treinamos	288
o.j.	288
vivias	288
vê-te	288
misturada	288
escovas	288
booker	288
astuta	288
especialização	288
lamar	288
helene	287
mercury	287
jus	287
criancinhas	287
pertinente	287
encarregada	287
desempregada	287
cocheiro	287
inc	287
desenvolve	287
pagues	287
testei	287
metálica	287
tornámos	287
defendê-la	287
pony	287
nike	287
hibernação	287
agredida	287
imprópria	287
pacíficos	287
conduzindo	287
escamas	287
enganador	287
viverão	287
semáforos	287
interrogou	287
palestinianos	287
akbar	287
acontecera	287
corrompido	287
limpava	287
carlos996	287
varicela	287
aterrado	287
metê-la	287
mercadores	287
beldade	287
atrevo-me	287
sentam-se	287
refrão	287
nadam	287
consequentemente	287
chantagista	287
alcançá-lo	287
borbulha	287
horóscopo	286
narcisse	286
continência	286
hubbard	286
descalço	286
desdém	286
tacto	286
tron	286
desarrumado	286
escolherem	286
nacionalidade	286
procurasse	286
usávamos	286
ajudei-te	286
escutam	286
ocultas	286
norbit	286
enxame	286
sugado	286
redding	286
boina	286
striptease	286
esclarecimento	286
turística	286
adição	286
está-nos	286
esparta	286
snack-bar	286
ap	286
moscou	286
expulsá-lo	286
atributos	286
indicadores	286
dominadores	286
intensos	286
dresden	286
jun	286
económicos	286
stefano	286
extensa	286
etiópia	286
sexista	286
deixaram-te	286
cady	286
balelas	286
ministra	286
queimá-lo	286
aguardente	286
nepal	286
incomparável	286
arrastar-me	286
vazamento	286
holiday	286
preenchi	286
estimada	286
reservados	286
boxer	286
arvore	286
tpc	286
montá-lo	286
trenton	286
griselda	286
literário	286
suturas	286
farrow	286
esmagou	286
encurtar	286
penetrou	286
vomita	286
assad	286
ordenados	286
dogs	286
presumivelmente	285
defensivas	285
manuela	285
embriaguez	285
mustafa	285
katara	285
preenchida	285
anónimas	285
eunice	285
barulhentos	285
bosco	285
talibã	285
soava	285
prevejo	285
bel	285
andará	285
lavanda	285
thierry	285
infectou	285
motiva	285
manteremos	285
juliana	285
versículo	285
envio-te	285
audaz	285
diminutivo	285
tensões	285
obstruir	285
remmy	285
inspectores	285
minucioso	285
pensais	285
requintado	285
sage	285
sérvios	285
pinheiros	285
cascas	285
travessa	285
garanta	285
ocorra	285
caçando	285
suportam	285
raquete	285
gêmeas	285
miau	285
boden	285
wilkinson	285
fairfax	284
pontapear	284
amamo-nos	284
gorman	284
reuni	284
bule	284
pegues	284
desenrascar	284
chibo	284
enguia	284
mandamento	284
lea	284
confortavelmente	284
aida	284
vinil	284
persistência	284
enganando	284
entediada	284
cumprem	284
alarmante	284
atropina	284
apoderar-se	284
não-humanos	284
desapareceres	284
historicamente	284
patamar	284
contactem	284
haines	284
mandada	284
trabalharei	284
gastaram	284
dispensável	284
rajada	284
imobiliários	284
stringer	284
suplementos	284
downey	284
hattie	284
lundy	284
naina	284
estrear	284
doído	284
mcallister	284
limpá-la	284
incendiado	284
helsing	284
tentarão	284
prada	284
maços	284
albino	284
estacionada	284
convide	283
puxa-o	283
contaminar	283
prontinho	283
manteria	283
rentável	283
franky	283
fornecem	283
ex-agente	283
éter	283
fishlegs	283
incesto	283
caramelos	283
materno	283
scorpion	283
tenentes	283
preparaste	283
passional	283
sarampo	283
trinity	283
abrams	283
press	283
sardas	283
recheado	283
bolinha	283
conversam	283
dorota	283
prende-o	283
dukes	283
caloroso	283
traduz	283
flashes	283
detetar	283
relatividade	283
guarda-a	283
compressões	283
kitten	283
aparecimento	283
beneficia	283
ingenuidade	283
confrontado	283
tenente-coronel	283
insistente	283
regulador	283
abordou	283
wilhelm	283
expert	283
puxes	283
corvette	283
pirralho	283
carlito	283
desnecessários	283
alaric	283
pie	283
kimball	283
sanitário	283
ecrãs	283
verbena	282
valentino	282
biggie	282
duvidosa	282
roper	282
intercomunicador	282
colocarei	282
tora	282
sundance	282
dgv	282
australiana	282
hão	282
beijada	282
palitos	282
perfurou	282
bourne	282
desidratado	282
recorrente	282
concedeu	282
ouvidas	282
nightingale	282
cunha	282
exóticas	282
enchem	282
trina	282
genuinamente	282
reconhecemos	282
matinais	282
despedi-me	282
descartáveis	282
catar	282
vapores	282
recomeça	282
houveram	282
marcam	282
gongo	282
expôs	282
faber	282
conexões	282
arquitetura	282
instalei	282
destiny	282
objectiva	282
avon	282
cozinhou	282
arme	282
molécula	282
descuidada	282
compreendam	282
luthorcorp	282
resisti	282
winthrop	282
shah	282
atirou-o	282
bocadinhos	281
why	281
transformados	281
saigão	281
qui	281
heim	281
tan	281
compreenderia	281
ameixas	281
entender-me	281
cagada	281
acendam	281
adormeceste	281
especulações	281
desertos	281
aka	281
manda-lhe	281
bane	281
extinta	281
quere-o	281
fulton	281
arkham	281
molas	281
ritter	281
abençoa	281
casarão	281
cabe-o	281
cardiologia	281
lacaio	281
hansel	281
cobram	281
toro	281
farrapo	281
cautelosos	281
ovários	281
traziam	281
esculpir	281
fodo	281
conectar	281
penico	281
interrogada	281
inquietante	281
afectadas	281
apagou-se	281
maple	281
meade	281
entrevistado	281
hess	281
admirei	281
sufocado	280
standard	280
trabalharia	280
opie	280
vestiste	280
patmore	280
tig	280
ingressos	280
governado	280
goldie	280
puseste-me	280
suportaria	280
lotus	280
conversaremos	280
taiti	280
divertem	280
reparos	280
o.k.	280
deitaram	280
mato-me	280
lonas	280
batiatus	280
calculava	280
trask	280
cívico	280
assaltados	280
ficai	280
inspiradora	280
noto	280
induzido	280
herodes	280
conscientemente	280
alyssa	280
oxicodona	280
days	280
suiça	280
apanhou-te	280
bônus	280
flush	280
body	280
dilaurentis	280
barack	280
mongóis	280
brook	280
bainha	280
esquecidas	280
carregava	280
waffle	280
afim	280
transparência	280
reitora	280
zeb	280
compres	280
jr.	280
limpando	280
impedir-nos	280
bears	280
clímax	280
maverick	279
salvando	279
cami	279
contratá-lo	279
falcon	279
chinoca	279
mortífero	279
ofereço-lhe	279
baron	279
ofendeu	279
uh-oh	279
mastiga	279
fluente	279
atacá-los	279
ching	279
dispararem	279
alcatifa	279
entravam	279
apetecia-me	279
brincou	279
tabuleta	279
desertar	279
hartford	279
noonan	279
subespacial	279
rezando	279
desejada	279
burrice	279
iraniano	279
vickie	279
macabro	279
conceda	279
grill	279
autoria	279
sy	279
penduradas	279
nylon	279
fetal	279
encontraríamos	279
espadachim	279
respeitem	279
bonitinha	279
garner	279
tennyson	279
bulgária	279
impulsiva	279
estimulação	279
abaixado	279
melancolia	279
caminham	279
encarnado	279
assobio	279
desconhece	279
plana	278
leva-as	278
implora	278
ultravioleta	278
culpou	278
glamour	278
cãibra	278
apunhalar	278
insultou	278
divertirem-se	278
latte	278
insuflável	278
fa	278
referir-me	278
ocupam	278
apoiei	278
alegam	278
reorganizar	278
recep	278
veio-me	278
tirei-a	278
hipotese	278
completou	278
descobri-lo	278
chamei-o	278
crunch	278
curvar	278
indescritível	278
desequilíbrio	278
desencadear	278
borgs	278
dei-o	278
sharma	278
livia	278
cínica	278
entendo-te	278
sana	278
williamson	278
numérica	278
lembrará	278
beberem	278
rutledge	278
credores	278
sobes	278
foot	278
hepática	278
ensiná-la	278
serração	278
esvair-se	278
investigá-lo	278
encurralada	278
jb	278
presumimos	278
lesma	277
wee	277
progressão	277
notre	277
assombroso	277
provocar-me	277
kitchen	277
disseram-te	277
skylar	277
orbital	277
dunas	277
reformular	277
fedorenta	277
novelas	277
emprestei	277
humanitária	277
abs	277
tíbia	277
atracar	277
uber	277
aquecida	277
roubaria	277
preencheu	277
espanta-me	277
pegar-lhe	277
copiou	277
assines	277
consultado	277
artemis	277
esquece-a	277
assistimos	277
sussurro	277
stig	277
queria-o	277
braguilha	277
pastel	277
incas	277
constantino	277
cansadas	277
maury	277
pardal	277
sheffield	277
palmeiras	277
apostadores	277
retirá-lo	277
prometeres	277
assustaste	277
convincentes	277
judaico	277
perdoada	277
impressionou	277
siegel	277
purificar	277
assediar	276
passaste-te	276
subtileza	276
cinzentos	276
âmbito	276
beyoncé	276
anunciaram	276
cobrimos	276
relutância	276
espheni	276
envolver-te	276
turnê	276
passá-la	276
afro-americanos	276
soames	276
certifico-me	276
proeminente	276
tag	276
mierda	276
mcnally	276
oponentes	276
cumprimentá-lo	276
dispersão	276
embraiagem	276
hung	276
aprenderem	276
anastasia	276
camila	276
caminhou	276
podem-me	276
idosas	276
falir	276
inesperadas	276
darás	276
eo	276
partia	276
desolado	276
forjada	276
chipre	276
corajosas	276
compaq	276
sair-me	276
apontando	276
ameaçou-me	276
apresento-lhes	276
térmico	276
visite	276
westminster	276
celulares	276
highland	276
merrick	276
tabelas	276
desejável	276
falte	276
schwartz	276
wilden	276
aspirações	276
ajudarão	275
adivinhaste	275
chupa-me	275
ninhada	275
faceta	275
biópsia	275
coloquei-o	275
esfaqueamento	275
pensariam	275
enviaram-me	275
twin	275
precisais	275
rabugenta	275
desgaste	275
juntei-me	275
griff	275
sugerido	275
jukebox	275
cardiologista	275
contra-ataque	275
cheirinho	275
atacantes	275
défice	275
odeio-os	275
lavas	275
reagrupar	275
irrites	275
tania	275
mutilação	275
patrocínio	275
trans	275
salientar	275
constituir	275
consistência	275
ouço-te	275
efectivo	275
reações	275
alçada	275
teórico	275
apresentando	275
sentenciado	275
pres	275
aproveitado	275
explica-te	275
tubbs	275
resistem	275
metropolitano	275
perderam-se	275
tardia	275
derrubá-lo	275
acolhedora	274
decidirá	274
expluda	274
ranhoso	274
gauleses	274
delegada	274
campónio	274
gatsby	274
malcheiroso	274
escreverei	274
modificada	274
contratam	274
desanuviar	274
confiaste	274
custar-lhe	274
enferrujada	274
mineira	274
rhoades	274
signor	274
encontraram-nos	274
autismo	274
anime-se	274
xerez	274
provocando	274
passivo	274
víssemos	274
bebermos	274
cantil	274
nostradamus	274
perdoá-lo	274
paga-lhe	274
levantaste	274
snowboard	274
sequela	274
parkinson	274
pacifico	274
tonya	274
kaufman	274
certificar-me-ei	274
torturados	274
presidenciais	274
voava	274
fixas	274
clonagem	274
inverso	274
conduzi-lo	274
demonstram	274
mycroft	274
caçados	274
caminhei	274
assumiram	274
astor	274
mr.scudester	274
denuncia	274
testemunhe	274
pões-me	274
documentários	273
gravaste	273
reforçado	273
esqueceremos	273
salvarem	273
ofereci-lhe	273
minorias	273
reformar-me	273
nocturnas	273
br	273
falou-lhe	273
foca-te	273
hereges	273
wakefield	273
xi	273
acariciar	273
fotocópias	273
pikachu	273
transformá-la	273
ídolos	273
neutrões	273
anticristo	273
damos-lhes	273
subúrbio	273
lot	273
dominam	273
laurence	273
teta	273
mudá-la	273
abner	273
estatais	273
lyons	273
dificeis	273
adaptado	273
nagus	273
retiramos	273
feel	273
pré	273
dupont	273
regis	273
cativante	273
assinares	273
remonta	273
temível	273
observados	273
processou	273
merdosos	273
electromagnética	273
sereno	273
lacy	273
savitar	273
cintilante	273
assustei-te	273
óvulo	273
safos	273
virados	273
avestruz	273
carma	273
tumultos	273
cabecilha	273
avisando	273
globais	273
adiantada	273
ajude-o	273
cetim	272
adultas	272
cifra	272
depressivo	272
castigos	272
estouro	272
aproximamos	272
philadelphia	272
procurarmos	272
welch	272
nitro	272
perderás	272
mudámo-nos	272
goze	272
bunch	272
pe	272
devolvi	272
minado	272
psi	272
molhos	272
balada	272
pressioná-lo	272
apressem-se	272
oslo	272
consensual	272
preocupei	272
rue	272
tipas	272
descrevem	272
harbour	272
watergate	272
cresçam	272
excitar	272
criadora	272
saquear	272
dizer-to	272
spirit	272
prometem	272
buick	272
morto-vivo	272
monstruosidade	272
agarras	272
s01	272
informáticos	272
lavadas	272
mórbido	272
agia	272
baralhar	272
cancelados	272
poltrona	272
his	272
lamb	272
barksdale	272
condena	272
pavio	272
jolene	272
agarrá-la	272
ascender	272
aguentado	272
precipitar	272
menstruação	272
augustus	272
trust	272
caco	272
ems	272
dialecto	272
horse	272
realçar	272
avi	272
bateste-me	272
representando	272
tratam-me	272
espetada	272
silvia	272
afinidade	272
traumatizado	272
referem	272
wylie	272
promotora	272
altman	272
incomodem	272
erradamente	271
radiações	271
apeteceu-me	271
açucar	271
oncologista	271
upload	271
belgas	271
linfoma	271
transformando	271
babar-se	271
votam	271
solstício	271
ô	271
exposições	271
manticore	271
mal-humorado	271
abrande	271
cometendo	271
despedires	271
instalados	271
loba	271
desmaio	271
dorminhoco	271
branquelas	271
celebra	271
chacina	271
desvie	271
flo	271
ying	271
elaborada	271
softball	271
smash	271
frequentou	271
atractivo	271
march	271
tenhais	271
lange	271
gabardina	271
clinicamente	271
1h	271
kaylee	271
voadoras	271
clementine	271
murmurar	271
frx10	271
dedica	271
gostámos	271
oppenheimer	271
encenado	271
mascar	271
nakamura	271
magoados	271
combatemos	271
reunida	271
declararam	271
inundado	271
calamidade	271
harmony	271
capturá-lo	271
vencê-los	271
piore	271
familiarizada	271
torniquete	271
portia	271
splinter	271
atreides	271
galão	271
ómega	271
primeiramente	271
capitulo	271
saísses	271
shu	271
ulrich	271
manipuladora	271
contarem	271
condé	271
liquido	271
barulheira	271
dunphy	271
lamúrias	271
contatos	271
termómetro	271
sentimentais	270
mineração	270
gunnar	270
partiste-me	270
remotas	270
resultasse	270
cadente	270
gênero	270
embebedar-me	270
meta-se	270
atirarem	270
rochosas	270
experimentem	270
cadmus	270
matas-me	270
zangue	270
côr	270
clip	270
hermione	270
degradante	270
chute	270
atirá-la	270
torcida	270
desvios	270
gravados	270
semanais	270
mantê-las	270
bordeaux	270
arsénico	270
ex-esposa	270
bergman	270
arbítrio	270
psíquicos	270
mulherzinha	270
30h	270
aviador	270
wil	270
levantadas	270
emprestados	270
cortejo	270
dawes	270
sinalização	270
usou-a	270
encontre-o	270
ingerir	270
raf	270
lung	270
almocei	270
preocupamo-nos	270
examine	270
levou-te	270
territorial	270
teor	270
destinadas	270
transfira	270
mijou	270
intermináveis	270
iodo	270
belinda	270
salvadores	270
varredura	270
fragrância	270
morou	270
rejeita	269
massacrar	269
decide-te	269
waverly	269
monóxido	269
patriótico	269
fundir	269
armaduras	269
estaduais	269
continuum	269
subestime	269
produzida	269
renúncia	269
importava-se	269
ric	269
keiko	269
regressiva	269
pontualidade	269
enfadonho	269
flancos	269
apreender	269
jeez	269
antraz	269
chilton	269
cronologia	269
kinsey	269
paquistanês	269
gonzales	269
desperdiçada	269
machete	269
passam-se	269
espalhando	269
escrevê-lo	269
exagerou	269
alimentada	269
odette	269
paguei-lhe	269
bobinas	269
discuta	269
apresentá-la	269
friedrich	269
aquaman	269
cortei-me	269
assegura	269
yuki	269
solicitado	269
alfie	269
market	269
ajudasses	269
desafiador	269
fuentes	269
señorita	269
enfie	269
waller	269
amêijoa	269
sextas-feiras	269
envelhece	269
colocá-las	269
sintéticos	269
precisaram	269
serviam	269
acrobacias	269
obstetra	269
criptografia	269
quebrados	269
interrompi	269
submergir	268
calar-me	268
aconchegante	268
chupa-chupa	268
cuequinhas	268
detecta	268
esconderem	268
vesícula	268
rendeu	268
digestivo	268
errante	268
ensinou-nos	268
vértebra	268
pousou	268
avisamos	268
brainiac	268
tradicionalmente	268
façanha	268
cherokee	268
comunicam	268
capturamos	268
concentre	268
crescesse	268
magoou-te	268
gregson	268
robb	268
danificadas	268
13h	268
rejeitados	268
ocultos	268
desliga-o	268
observou	268
grávido	268
transportados	268
enviá-los	268
combinada	268
longínquo	268
voltavam	268
ativado	268
informem	268
prefeitura	268
escapou-me	268
hightower	268
ferros	268
partisse	268
postar	268
machuque	268
retenção	268
tentada	268
dede	268
planetário	268
comesse	268
bissexual	268
irregulares	268
cânticos	268
cueca	268
corajosamente	268
abandonam	268
casará	268
liga-o	268
fármacos	268
sobrancelha	268
cardeais	268
respeitáveis	268
namorou	268
cruzam	268
compulsão	268
reprimir	268
remi	268
inadmissível	268
confortar	268
forjou	268
escondam	268
gul	268
joffrey	267
puxá-lo	267
today	267
marcie	267
geronimo	267
tememos	267
totò	267
akira	267
trouxe-os	267
levy	267
libertarem	267
verrugas	267
escrever-lhe	267
jordânia	267
despachar-nos	267
boches	267
fartar	267
sexos	267
destemida	267
deportado	267
kill	267
lembrou-me	267
plâncton	267
sirvam	267
inclinar	267
cremado	267
acústica	267
baudelaire	267
educativo	267
morda	267
anarquistas	267
hawkes	267
acapulco	267
rv	267
cairia	267
neuro	267
loirinha	267
provoque	267
mandei-lhe	267
interpreta	267
calafrios	267
ganha-pão	267
calo	267
desfilar	267
bio	267
chanfrado	267
corbin	267
apoio-te	267
falharem	267
traições	267
swagger	267
roubar-nos	267
juvenis	267
psicológicas	267
rudes	267
giacomo	267
cibernético	266
gemidos	266
alicerces	266
descascar	266
kltt	266
poética	266
toxicodependente	266
intimidante	266
tornou-me	266
rublos	266
couves	266
uivar	266
tar	266
kwan	266
bóia	266
desencadeou	266
glory	266
pagou-lhe	266
aprovaria	266
expulsou-me	266
arden	266
hat	266
drasticamente	266
bonaparte	266
dadores	266
messer	266
culpa-me	266
descarrega	266
quick	266
faa	266
matamo-lo	266
prudence	266
uhura	266
transportam	266
rubro	266
montaram	266
berçário	266
enjoos	266
epstein	266
sabotou	266
venceremos	266
fizeram-nos	266
escravas	266
cuco	266
receberia	266
parassem	266
cedar	266
orvalho	266
impérios	266
acosta	266
axelrod	266
contrapartida	266
respeitamos	266
partiu-lhe	266
cecilia	266
caçarola	266
gordy	266
protegi	266
televisiva	266
maud	266
argus	266
vibrante	266
filmei	266
imundos	266
virá-lo	266
lacaios	266
percebermos	266
fasquia	266
imponente	265
war	265
contámos	265
sentenças	265
empreste	265
bieber	265
comprasse	265
avistamentos	265
defenda	265
repetições	265
pousem	265
extorquir	265
dilatadas	265
inca	265
nic	265
penhascos	265
encrenca	265
arvin	265
oiças	265
policía	265
enterra	265
²	265
bakersfield	265
movas	265
supernova	265
arritmia	265
lise	265
pensarias	265
camillo	265
mass	265
contrária	265
milímetro	265
jacksonville	265
convidei-a	265
crosby	265
lancheira	265
estupenda	265
encarnação	265
cheiroso	265
significas	265
seguiam	265
explicarei	265
camboja	265
zoila	265
felizardo	265
alimentam-se	265
offshore	265
travessuras	265
desenhaste	265
nabos	265
abrangente	265
plantado	265
torturar-me	265
malloy	265
vi-me	265
custaram	265
chamam-no	265
encharcada	265
violadas	265
rochelle	265
distorcer	265
dares-me	265
sanguinário	265
cupão	265
rh	265
neurais	265
pedinte	265
liquidação	265
destrutiva	265
espinafres	264
lavaste	264
confirmadas	264
recebê-los	264
vim-me	264
fardos	264
conheci-te	264
fodemos	264
vem-te	264
ciro	264
captain	264
compartilhamos	264
orifício	264
discutível	264
informou-me	264
arrefecimento	264
elmer	264
tesoureiro	264
enguias	264
hawthorne	264
enfeitiçado	264
entendesse	264
juraram	264
odiavam	264
resistas	264
patrocinado	264
contribuiu	264
mantêm-te	264
fortune	264
limpar-te	264
crab	264
fanfarrão	264
fs84	264
rés-do-chão	264
fax-0.05	264
saltando	264
acredite-me	264
percebe-se	264
queixar-te	264
mórmon	264
positivamente	264
arrancados	264
cajado	264
calais	264
vasectomia	264
fissura	264
alisha	264
brand	264
muco	264
wanna	264
floresce	264
ferreira	264
mande-a	264
pressionar-me	264
tuttle	264
têm-se	264
joaquin	264
delko	264
resolverem	264
dealer	264
içar	264
levantaram	263
nicola	263
centeio	263
abracadabra	263
alegro-me	263
sedado	263
zelar	263
reduziu	263
arruinaram	263
lamentavelmente	263
espantosos	263
despejado	263
matas-te	263
intolerante	263
substitua	263
borden	263
devíeis	263
dividiu	263
zorro	263
brownies	263
removeu	263
azedo	263
peng	263
despenhou-se	263
brandi	263
autonomia	263
imaculado	263
mexendo	263
autista	263
meeks	263
pé-de-cabra	263
participante	263
evasivas	263
sapateiro	263
estupro	263
paravam	263
auto-destruição	263
fs60	263
óleos	263
indicando	263
chick	263
suga	263
cubs	263
recapitular	263
sentava-se	263
homicidas	263
edições	263
controle-se	263
cultos	263
deterioração	263
iraquiano	263
preocuparmos	263
requerimento	263
made	263
foxtrot	263
meera	263
corretores	263
comprá-los	263
telas	263
reanimar	263
percorri	262
simetria	262
batesse	262
barracas	262
metesse	262
largava	262
reavaliar	262
odeio-me	262
atear	262
metrópolis	262
alertou	262
raciais	262
macacão	262
lactose	262
safar-nos	262
rider	262
anarquista	262
tiquetaque	262
investida	262
jule	262
privilegiado	262
cubro-te	262
torturou	262
atolado	262
defendi	262
bogotá	262
solteirona	262
sato	262
horrenda	262
brochista	262
alquimia	262
provando	262
licenca	262
westchester	262
suspiros	262
orbitar	262
jacarés	262
apareciam	262
ocupou	262
mantenham-no	262
contabilistas	262
lítio	262
belize	262
whitehall	262
compulsivo	262
copiado	262
hiroshima	262
molesley	262
mma	262
comentou	262
cheguem-se	262
geller	261
sião	261
envolto	261
intermédio	261
aproximares	261
contratamos	261
minneapolis	261
vastas	261
disseste-lhes	261
sheik	261
obtiveram	261
molina	261
apanhou-nos	261
guito	261
holográfico	261
mandíbulas	261
servirem	261
apropriados	261
trocando	261
aron	261
consecutivos	261
encontraste-me	261
embate	261
teres-me	261
virus	261
respiratório	261
ajudo-a	261
divertires	261
gibraltar	261
bray	261
brinquem	261
demitida	261
tod	261
ânsia	261
pegajosa	261
card	261
exorcista	261
enviaria	261
miragem	261
hogwarts	261
alton	261
historiadores	261
divertiram-se	261
noble	261
saca-rolhas	261
bolin	261
u.s.	261
gabriella	261
autorizadas	261
isoladas	261
damo-nos	261
bey	261
comparei	261
expulsaram	261
mutilado	261
janus	261
terminem	261
renée	261
obscuras	261
prepararem	260
gim	260
arrastá-lo	260
cabul	260
libertam	260
fawlty	260
purga	260
mansas	260
sung	260
ienes	260
potts	260
plymouth	260
soberania	260
converte	260
trombose	260
leque	260
desastrada	260
rotinas	260
encaracolado	260
formais	260
separámos	260
cemitérios	260
canso	260
rastreio	260
incondicionalmente	260
mercearias	260
wa	260
persegui-la	260
sonâmbulo	260
dominou	260
aipo	260
dizemos-lhe	260
confiscado	260
ponham-me	260
deluca	260
deixou-lhe	260
iniciaram	260
monitorização	260
lucrezia	260
disquete	260
supremacia	260
langdon	260
defensivo	260
concubina	260
everglades	260
hold	260
acelerou	260
belíssimo	260
linguado	260
absinto	260
escapam	260
deixo-os	260
gemas	260
secretary	260
indigestão	260
lideres	260
okinawa	260
vê-o	260
gilly	260
khalil	260
enfeites	260
groves	259
queixinhas	259
felicitar	259
indy	259
dormirem	259
motivar	259
auricular	259
pepitas	259
copiei	259
choramingas	259
querem-no	259
marretas	259
reúnam	259
espantosas	259
bonzinhos	259
ordene	259
proezas	259
obedeça	259
encravada	259
hajam	259
sims	259
reúnem-se	259
lilian	259
excrementos	259
crassus	259
atropelei	259
reclusa	259
refugiado	259
indetectável	259
orry	259
alfinetes	259
ignorando	259
monótono	259
islâmico	259
quebraram	259
apercebe	259
testou	259
vistam	259
hatfield	259
eloquente	259
velma	259
estudam	259
absorvido	259
inexplicáveis	259
permite-nos	259
mediador	259
bra	259
riem-se	259
azarado	259
pardo	259
torturá-lo	259
melhorando	259
binário	259
cascavel	259
hermes	259
selfie	259
raptadas	259
machucado	259
antecessor	259
guardares	259
bits	259
justice	259
fabian	259
jessup	259
sitios	258
concentres	258
representou	258
chateou	258
gardens	258
aceitáveis	258
envolvi	258
trindade	258
triliões	258
candidatas	258
ipad	258
viciante	258
participaram	258
colcha	258
converteu	258
destruírem	258
reactores	258
pimentos	258
clinica	258
deixou-os	258
espalhada	258
ligar-se	258
chantilly	258
numerosos	258
jewel	258
renata	258
próspero	258
amasses	258
municipais	258
lyndon	258
puff	258
pensador	258
acreditarmos	258
atraí-lo	258
temporários	258
soldo	258
querem-te	258
ain	258
qaeda	258
contrario	258
continuaste	258
retocar	258
precisa-se	258
estufado	258
lucrativa	258
saracen	258
desajeitada	258
lamborghini	258
aconteçam	258
fuinha	258
provar-te	258
wind	258
forjado	258
confidente	258
devolvo-te	258
afastarem	258
observá-la	258
percorreu	258
revelar-se	258
segui-te	258
curá-la	258
pisas	258
pardieiro	258
toyota	257
autocolantes	257
pence	257
chao	257
tónica	257
rir-me	257
springer	257
mcnulty	257
volver	257
maduros	257
apresses	257
costureira	257
chrysler	257
livrai-nos	257
incurável	257
ajudem-no	257
seguidor	257
arcanjo	257
exibido	257
mambo	257
pluto	257
comissária	257
fechá-la	257
poppins	257
cafe	257
afazeres	257
telegramas	257
stephens	257
pirar-nos	257
resmungão	257
paquete	257
apaixona	257
ganhes	257
significante	257
dirigiu-se	257
winifred	257
arranquei	257
apareceria	257
anwar	257
burroughs	257
pisado	257
cath	257
concordares	257
despeça	257
educacional	257
realizados	257
faltará	257
obtiveste	257
druidas	257
valeta	257
rittenhouse	257
sangue-frio	257
óbvios	257
wilton	257
agita	257
mostrará	257
hás	257
bilhão	257
dominus	257
literária	257
encalhados	257
dir-te-ei	257
intactas	257
pique	257
fazia-te	257
ping-pong	257
duques	257
remate	257
cristóvão	257
curador	257
escondermos	257
bowen	257
admite-o	257
aguentaria	257
magnéticas	257
discutiremos	257
mamífero	257
alvorecer	257
fixado	256
polk	256
tutela	256
20h00	256
porquinhos	256
falsificou	256
podia-se	256
imã	256
adore	256
faulkner	256
madden	256
magníficas	256
latão	256
estimativas	256
lhos	256
tapado	256
ouviria	256
participado	256
usemos	256
defendendo	256
corão	256
chantagear-me	256
esmagadora	256
recém-chegados	256
prepará-la	256
criativas	256
ganges	256
quadris	256
silhueta	256
notário	256
tensos	256
movam	256
residual	256
touca	256
radicalmente	256
almoçamos	256
epa	256
nicholson	256
arrumada	256
fechá-lo	256
balsa	256
fillory	256
importasses	256
esconderia	256
aristocratas	256
feioso	256
incansável	256
quietinho	256
lerem	256
azulejos	256
obrigá-la	256
metes-te	256
roubem	256
amputação	256
braden	256
kwon	256
encriptado	256
suportas	256
revigorante	256
indeciso	256
meia-volta	256
agüentar	256
revés	256
manda-te	256
dissertação	256
chamavas	256
agarra-me	256
circus	256
demorava	256
dooku	256
delator	255
ensinei-te	255
atkins	255
aproveitando	255
demonstrações	255
botânica	255
jc	255
careta	255
respeitados	255
festivo	255
paralelos	255
dividir-nos	255
espessa	255
agrafador	255
mexerem	255
darla	255
activados	255
prepararam	255
soren	255
carregá-lo	255
popeye	255
percorre	255
epps	255
arrendar	255
aston	255
sigamos	255
comecar	255
mags	255
negam	255
bastam	255
tae	255
arrumo	255
mcdeere	255
afugentar	255
reconsidere	255
partilhei	255
monstruosa	255
ouviam	255
via-se	255
shop	255
heterossexuais	255
perguntar-lhes	255
reabastecimento	255
temperance	255
jockey	255
infectadas	255
luce	255
puras	255
acertou-me	255
cod	255
aposte	255
inédito	255
calabouço	255
sentares-te	255
codis	255
haynes	255
aprenderá	255
venus	255
apreciei	255
restaurado	255
assinem	255
traumatologia	254
incubadora	254
forcei	254
connolly	254
arejar	254
tendão	254
liberar	254
piegas	254
jóquei	254
eremita	254
terence	254
acreditarão	254
furou	254
conservatório	254
calão	254
ardor	254
obrigam	254
limpares	254
x-men	254
halley	254
fe	254
fodê-la	254
karim	254
holofotes	254
conectado	254
colabora	254
torna-nos	254
shine	254
mamma	254
series	254
ri-se	254
tornares-te	254
sousa	254
beat	254
mart	254
autênticos	254
vomito	254
moi	254
gozar-me	254
mj	254
check-up	254
despedir-nos	254
humanitário	254
ajuda-la	254
conheceis	254
genealógica	254
responsabilizar	254
precisaríamos	254
preocupam-se	254
fenton	254
hamburguer	254
zone	254
comediantes	254
nietzsche	254
ignorada	254
hildy	254
chamas-me	254
deixares-me	254
devolveres	254
messe	254
posso-me	254
apropriadamente	254
jar	254
portagem	254
atribuída	254
empurrei	254
derretida	254
segui-a	254
ouviram-me	254
prole	254
estatutos	254
platão	254
negociamos	254
charco	254
devolvida	254
substituídos	254
movem-se	254
escalão	253
esmeraldas	253
apitar	253
enviarem	253
sanitas	253
jogávamos	253
circunstanciais	253
alain	253
sodoma	253
concluímos	253
acordarem	253
lobotomia	253
conduzida	253
referi	253
periferia	253
notaram	253
achá-la	253
drogou	253
embrião	253
integrado	253
telespectadores	253
empenhados	253
bamba	253
chame-lhe	253
incitar	253
kimble	253
armadilhado	253
ata	253
encoberto	253
informar-te	253
musculares	253
thayer	253
crónicas	253
obedeçam	253
verificando	253
cabeleira	253
coagulação	253
sulistas	253
harmónica	253
cobrança	253
desorientada	253
epifania	253
socialismo	253
banksy	253
protecções	253
tocavam	253
volumes	253
peida	253
scarface	253
toto	253
boiar	253
finale	253
morreriam	253
matarás	253
adora-me	253
aterrorizados	253
vice-rei	253
qg	253
rezava	253
detenham	253
sahara	253
tirem-lhe	253
executou	253
contendo	252
destro	252
valorizar	252
dentistas	252
sumir	252
satan	252
convenceste-me	252
story	252
aborrecer-te	252
totem	252
consumia	252
perturbações	252
mando-o	252
bem-sucedidos	252
garvey	252
apelação	252
linear	252
supersticioso	252
cabide	252
viram-nos	252
io	252
falassem	252
admissões	252
ralar	252
bureau	252
chaminés	252
especiaria	252
inconcebível	252
cordel	252
campas	252
divertirem	252
confiasse	252
extenso	252
mosby	252
compare	252
borrifar	252
caroço	252
deitares	252
decidas	252
sarcófago	252
tétano	252
memoria	252
deixam-te	252
cólicas	252
manicure	252
wildcats	252
descido	252
tranquei	252
tomá-lo	252
giorgio	252
everest	252
explicou-me	252
fielmente	252
tosco	252
pãezinhos	252
gloucester	252
fechámos	251
five-o	251
promotores	251
marek	251
pornográficos	251
ajam	251
fall	251
taub	251
cobrindo	251
lúcida	251
alegando	251
giulia	251
macintosh	251
ku	251
krueger	251
pródigo	251
desativar	251
parecer-se	251
apanhamo-los	251
rezam	251
deixar-lhe	251
maradas	251
conhecerá	251
paródia	251
tampas	251
ligaste-me	251
parará	251
eventualidade	251
contágio	251
barbados	251
gretel	251
norah	251
estoirar	251
nathalie	251
gnomo	251
devastadora	251
restringir	251
r.j.	251
perguntaria	251
respiratórios	251
fresno	251
nacho	251
preocupasse	251
lynne	251
cibernética	251
libertar-se	251
entenderem	251
picador	251
gozem	251
deixar-se	251
quere-lo	251
impressa	251
caralhos	251
recusam-se	251
ferroviária	251
descoloração	251
euro	251
generosamente	251
perturbe	250
culatra	250
mande-me	250
vedes	250
mooney	250
desvia-te	250
laird	250
insurreição	250
arranco	250
encosta-te	250
drummond	250
defendemos	250
mays	250
respiram	250
nómadas	250
imploro-vos	250
desacordo	250
cochise	250
preferências	250
despediste	250
mahal	250
raso	250
loop	250
culpam	250
mongol	250
escreveria	250
fugisse	250
matemos	250
fugiria	250
periscópio	250
correcções	250
sound	250
mobilizar	250
wilshire	250
mãozinhas	250
unem	250
reuniram	250
pedalar	250
usher	250
conhece-te	250
tano	250
polônia	250
hagrid	250
peña	250
dureza	250
vigiar-te	250
espero-te	250
autorizações	250
cortou-lhe	250
suíços	250
térmitas	250
quixote	250
auto-estradas	250
duches	250
hewitt	250
desabou	250
exclusividade	250
veiculo	250
sears	250
sister	250
parentesco	250
transmissores	250
derrotá-los	250
tocá-lo	250
vidal	250
bastões	250
enviará	250
conduzimos	250
apóstolos	249
vái	249
ponho-me	249
competentes	249
masterson	249
li-o	249
explorado	249
shhh	249
tentasses	249
inscrevi	249
maioritariamente	249
imediatos	249
lanches	249
prozac	249
voltássemos	249
suicidio	249
retrospectiva	249
querosene	249
canada	249
seiva	249
dreyfus	249
portei-me	249
enviaremos	249
contrair	249
engenhocas	249
panasca	249
púbicos	249
perseguições	249
guincho	249
bucha	249
cheney	249
telemovel	249
hieróglifos	249
analisamos	249
guiou	249
blanchard	249
concluí	249
pu-la	249
acalmá-lo	249
pipi	249
duzentas	249
traças	249
calmantes	249
salteadores	249
curar-me	249
mencionaram	249
critica	249
latrina	249
arrancaram	249
pulos	249
interessas	249
benito	249
obstinado	249
avariar	249
zac	249
distrai	249
herdado	249
apanhámo-los	249
implorar-te	249
lança-chamas	249
russia	249
habituar-se	249
mobiliário	249
preocuparem	249
mal-educada	249
estase	249
varas	249
squash	248
andante	248
compôs	248
viste-os	248
retirarem	248
enviava	248
olhem-me	248
vendiam	248
bombistas	248
juntaste	248
sacrifiquei	248
morrera	248
recolham	248
vi-vos	248
enterramos	248
descarada	248
yorker	248
administradores	248
perguntámos	248
náo	248
consultoria	248
localize	248
chesapeake	248
invoco	248
impediste	248
musculado	248
eu-eu	248
diminuição	248
forro	248
oferendas	248
descalça	248
macios	248
inibidor	248
observamos	248
furão	248
anchovas	248
moços	248
investigámos	248
revelador	248
neostar	248
atua	248
peludos	248
engrenagem	248
trovoada	248
úrsula	248
pacino	248
vocé	248
invertida	248
xbox	248
destilaria	248
impedi	248
metaforicamente	248
brigando	248
decorador	248
ganha-se	248
abre-te	248
doors	248
odiou	248
demiti-me	248
discuto	248
ofereceu-lhe	248
perseguimos	248
calhas	248
beowulf	248
candidaturas	248
danificou	247
emílio	247
chamará	247
harém	247
achmed	247
hesitou	247
acalmares	247
gringos	247
procuradores	247
rai	247
coast	247
stalin	247
mesinha	247
simão	247
byrd	247
provenza	247
claudette	247
viu-se	247
largaram	247
temam	247
habib	247
bateu-te	247
batiam	247
filmaram	247
respiratórias	247
napalm	247
e.t.	247
prótese	247
ultimas	247
protegermos	247
carrada	247
subiste	247
campismo	247
yen	247
lidaste	247
incompreensível	247
acompanhem-me	247
duvide	247
tarifa	247
enfrentares	247
feromonas	247
gaulle	247
leann	247
coágulos	247
dorida	247
falsificado	247
mrdrugfree	247
agradeces	247
diferenciar	247
ofereces	247
botânico	247
porá	247
falta-nos	247
salvou-lhe	247
tomemos	247
atirados	247
encaixa-se	247
roarke	247
forçaram	247
oferecer-vos	247
skitters	247
prenda-o	247
diretos	247
baioneta	247
chanquete	247
moinhos	247
pagas-me	247
lançamos	247
zumbi	247
ultimos	247
ouvistes	247
runkle	247
pinar	247
anika	247
diagnosticar	246
winterfell	246
populações	246
katniss	246
nevão	246
aceita-o	246
zimmerman	246
insultes	246
incriminou	246
vivamente	246
ji	246
kenya	246
dowd	246
macleish	246
agradeceria	246
autobiografia	246
dreno	246
homenagear	246
misturam	246
esforça-te	246
prius	246
descontraia-se	246
sobrevivo	246
fazem-se	246
gabinetes	246
able	246
adoram-me	246
caninos	246
conquistadores	246
dorn	246
annika	246
acertamos	246
esófago	246
atacadas	246
conversados	246
solicita	246
avançaram	246
liga-nos	246
proíbo-te	246
namaste	246
torso	246
montamos	246
ei-lo	246
pecar	246
classificar	246
taft	246
iludas	246
levavas	246
horda	246
acreditarias	246
doom	246
keeler	246
apontadas	246
províncias	246
circuncisão	246
rodagem	246
mag	246
barbra	246
deduzi	246
chamavam-me	246
monet	246
bartholomew	246
evacuados	246
primas	245
nazista	245
parte-me	245
partir-me	245
insatisfeito	245
implacáveis	245
impedimento	245
salve-me	245
than	245
esfriar	245
obsoleto	245
assista	245
troça	245
feixes	245
vingar-te	245
ergue	245
hindus	245
celibato	245
carregamos	245
passasses	245
ligar-nos	245
quimio	245
pança	245
vês-me	245
boa-fé	245
enteado	245
influencia	245
falecidos	245
tygra	245
drag	245
estella	245
pootie	245
tudor	245
apostamos	245
respondidas	245
supermercados	245
bugsy	245
visualização	245
ariadne	245
dawkins	245
arrependa	245
gazeta	245
cidadela	245
tornou-o	245
enerves	245
administrativa	245
costuras	245
insónia	245
clifton	245
cortarem	245
varias	245
favorece	245
femoral	245
reparam	245
tardio	245
fracote	245
estereótipo	245
casaram-se	245
benjy	245
perversão	245
envergonhes	245
resultante	245
deslocada	245
empreiteiros	245
lúcia	245
turbilhão	245
matrimônio	245
alterei	245
wash	245
extractos	245
agitados	245
dodger	245
entrarão	245
usasses	244
elly	244
amputar	244
jogarem	244
hoshi	244
kyoto	244
perdoai	244
caretas	244
naco	244
focados	244
afastamento	244
atómico	244
aristocrata	244
viaduto	244
bancarrota	244
defendes	244
imaginários	244
buscar-vos	244
matei-os	244
meryl	244
tribais	244
disparando	244
estende-se	244
sook	244
telefonei-lhe	244
colocou-a	244
islâmica	244
clash	244
alcunhas	244
atrasei	244
falou-te	244
hitman	244
iniciem	244
aflita	244
devotos	244
girando	244
suportes	244
executa	244
sha	244
wharton	244
íngreme	244
paintball	244
alegra	244
albergue	244
anestésico	244
cannes	244
prol	244
digam-lhes	244
ferradura	244
camomila	244
petrolífera	244
birra	244
graffiti	244
disciplinas	244
tópicos	244
tutora	244
resolves	244
levantamentos	244
chacal	244
arcadia	244
despachados	244
acordasse	244
fumaste	243
caserna	243
aparar	243
cecile	243
imaginá-lo	243
registrado	243
topar	243
páris	243
lourdes	243
quebrando	243
devolvemos	243
baylin	243
fazendas	243
perseverança	243
satisfatória	243
trajetória	243
enseada	243
petrelli	243
cloreto	243
interrompo	243
átila	243
formidáveis	243
cagou	243
flutuações	243
kizzy	243
tokyo	243
jagger	243
documentado	243
conseguinte	243
adoram-no	243
hasan	243
repeti-lo	243
pistoleiros	243
aproveitou-se	243
saido	243
impostores	243
nadando	243
pintadas	243
canina	243
auditivo	243
petisco	243
juana	243
imaginemos	243
keisha	243
kilómetros	243
apresentaste	243
hebreu	243
queimaste	243
conheco	243
loft	243
preferi	243
eleva	243
impotentes	243
publicitária	243
clarinete	243
liderados	243
kraft	243
keats	243
peach	243
feras	243
alojamentos	242
heroi	242
posteriormente	242
reston	242
cable	242
amaldiçoar	242
ausentes	242
fundido	242
bacana	242
recupero	242
noir	242
aprende-se	242
estimo	242
entregou-se	242
barrigas	242
ds	242
abandonaria	242
espalhem	242
dario	242
whit	242
condados	242
dulles	242
italianas	242
chamou-o	242
tentávamos	242
lulas	242
beira-mar	242
recebidas	242
medicinais	242
ameacei	242
invadimos	242
third	242
inconscientemente	242
combinou	242
cozinhei	242
atendem	242
falecimento	242
desequilibrado	242
infestado	242
trago-o	242
deixaram-na	242
enganei-te	242
desbloquear	242
snooker	242
imperadores	242
joalheiro	242
escolhi-te	242
grossas	242
pegarem	242
concebeu	242
despenhou	242
poupar-te	242
irreversível	242
idas	242
obtenha	242
analisando	242
indian	242
podemo-nos	242
catequese	242
brusco	242
dominador	242
urticária	242
gazela	242
cambio	242
margaridas	242
estourou	242
marvel	242
osman	241
parciais	241
fica-me	241
dormentes	241
contramestre	241
visiontext	241
diurno	241
bram	241
descarado	241
foguetões	241
subestimado	241
indisposto	241
represente	241
memo	241
arruaceiros	241
especialidades	241
hediondo	241
primatas	241
queimamos	241
defender-te	241
consideraste	241
flag	241
projectada	241
receiam	241
apetitoso	241
fascismo	241
turbante	241
indicativo	241
chegasses	241
sérvio	241
challenger	241
adiciona	241
ganhado	241
ensinou-te	241
dormisse	241
subtitulação	241
libertares	241
gritares	241
galápagos	241
deve-lhe	241
agires	241
pastar	241
something	241
travou	241
sintam-se	241
comprou-o	241
noitada	241
excepcionalmente	241
business	241
coloques	241
redireccionar	241
revelou-se	241
sentires-te	241
gengivas	241
carpintaria	241
syracuse	241
pôquer	241
invadi	241
queixou-se	241
galante	241
louras	241
valentia	241
bern	241
mantinham	241
mauzinho	241
alfabética	241
battlestar	241
lucie	241
need	241
mordaça	241
hee	241
arranjaria	241
magrinho	241
dow	241
encontrávamos	241
dão-se	241
cyborg	241
mavis	241
morei	241
ozono	241
botwin	241
kapoor	241
jamison	241
retoques	241
hwang	241
tradutores	240
levantamos	240
ortografia	240
ocupantes	240
óptico	240
pequenito	240
colocar-nos	240
tunísia	240
check	240
sofie	240
mexe-se	240
fodem	240
rasga	240
fala-barato	240
momma	240
magoaste-me	240
reluzente	240
tlfonseca	240
strange	240
falinhas	240
exclusão	240
vencida	240
sentava	240
irado	240
paleio	240
ganharemos	240
blanco	240
defenderes	240
stratton	240
resfriado	240
codificação	240
senti-o	240
ensanguentada	240
mosqueteiro	240
trouxeres	240
descaradamente	240
khaled	240
baixaram	240
darken	240
enviei-te	240
liderada	240
professoras	240
pokémon	240
hana	240
acorda-me	240
nasça	240
cairão	240
birmânia	240
obrigaste-me	240
ensinar-lhes	240
inscrito	240
atendia	240
primários	240
turbina	240
desacreditar	240
estelares	240
digestão	240
benigno	240
falsidade	240
pranchas	240
copia	240
sissy	240
delenn	240
bugiganga	240
desculpar-se	240
stifler	240
separatista	240
habitante	240
brincarem	240
desrespeitoso	240
rumple	240
munson	240
passador	240
propano	240
juramos	239
espertinha	239
sofás	239
mamute	239
desnecessariamente	239
circula	239
marshmallow	239
friedman	239
acelere	239
vegetarianos	239
papal	239
towers	239
prevalecer	239
gurney	239
contadas	239
roubou-o	239
baixei	239
puck	239
gráfica	239
elétricos	239
wheels	239
profissões	239
ajustado	239
acne	239
comédias	239
prendermos	239
aprofundar	239
guinéus	239
encantar	239
cesare	239
s.o.	239
skynet	239
venderem	239
zeppelin	239
tusa	239
excêntrica	239
lavrador	239
apresentas	239
armin	239
furgão	239
inclina	239
consumida	239
léguas	239
b1	239
aprisionado	239
hickey	239
vencermos	239
provo	239
filósofos	239
barbatana	239
transgressão	239
distribui	239
despreza	239
níquel	239
odiá-lo	239
fei	239
proteges	239
aparecendo	239
caçá-lo	239
abarrotar	239
seasons	239
considero-me	239
queres-te	239
anonimamente	239
ouvirão	239
lançam	239
analisámos	238
práticos	238
berk	238
injustiças	238
sentíamos	238
kermit	238
apoiá-la	238
ratinha	238
carnegie	238
ultrapassámos	238
jing	238
deformado	238
experimentá-lo	238
excita-me	238
usou-me	238
globos	238
multimilionário	238
népia	238
escoteiro	238
saltava	238
bastasse	238
enlatada	238
despercebida	238
ajusta	238
aeronaves	238
requisito	238
cortares	238
sarcástica	238
aguentar-te	238
receias	238
enviou-o	238
deputados	238
ga	238
testemunhado	238
atendidas	238
mantenho-me	238
aposentar	238
wolff	238
brilhando	238
aumentem	238
trouxeste-o	238
esforçou-se	238
erguer-se	238
punham	238
miko	238
book	238
divorciou-se	238
repelente	238
gana	238
mak	238
bryn	238
esporte	238
dude	238
medellín	238
primitivas	238
expirar	238
quererão	238
inacabados	238
jasmim	238
haas	238
riggins	238
loren	238
trair-te	238
apreendido	238
tweet	238
cordões	238
guardando	238
puxão	238
reentrada	238
cruzeiros	238
mato-os	238
assassinaste	238
indeferido	237
examiná-la	237
formei	237
messala	237
ripped	237
magnéticos	237
envelheceu	237
limpador	237
ruanda	237
indiciado	237
santi	237
recusares	237
abilene	237
agendado	237
problemáticos	237
lamente	237
pulo	237
françoise	237
contactá-los	237
funky	237
rebente	237
atormenta	237
criá-lo	237
karina	237
icebergue	237
despido	237
merecida	237
poros	237
roz	237
escusas	237
navega	237
angelus	237
planalto	237
saiem	237
pãozinho	237
contemplem	237
icarus	237
anima	237
metatron	237
mausoléu	237
hazard	237
avózinha	237
importarem	237
desculpe-nos	237
ansiava	237
incentivos	237
arriscas	237
laguerta	237
liberta-te	237
chamam-nos	237
respeito-te	237
mischa	237
sabichão	237
falharmos	237
onn	237
afasta-se	237
recebesse	237
devota	237
exigentes	237
paira	237
agarrar-se	237
fema	237
enforcou	237
intolerância	237
despedimos	237
mclaren	237
ferdinand	237
ânimos	237
aproximando-se	237
procuração	237
explicava	237
krieger	237
palavrão	237
perceberá	237
pennsylvania	237
terrace	237
quería	237
proteger-vos	237
yves	237
gettysburg	237
mesquinha	237
vigiar-nos	237
sevilha	237
traumatizada	236
envolveste	236
part	236
cacos	236
acompanhou	236
olly	236
falhes	236
magras	236
segure-o	236
atroz	236
drásticas	236
xindi	236
babar	236
emagrecer	236
cinematográfica	236
crematório	236
aconteceu-lhe	236
mandarmos	236
voltariam	236
foragido	236
informá-la	236
versalhes	236
atingirem	236
constantinopla	236
emissora	236
extraído	236
levariam	236
eastwood	236
reprogramar	236
questionei	236
redondos	236
mocinha	236
lentas	236
bloqueiem	236
carpetes	236
candice	236
implosão	236
pivete	236
detiveram	236
bro	236
distrair-me	236
rizzoli	236
discutam	236
repetir-se	236
toothless	236
celebrações	236
torrance	236
consórcio	236
jacks	236
deirdre	236
escalas	236
17h00	236
impacientes	236
xina	236
directiva	236
rigidez	236
cabines	236
gerado	235
deslocamento	235
vendermos	235
ismail	235
cortaram-lhe	235
bulldog	235
entornar	235
reagi	235
unicórnios	235
lacuna	235
aplicativo	235
cientologia	235
gananciosa	235
movê-lo	235
assustar-nos	235
marche	235
veda	235
garotinho	235
prováveis	235
comparados	235
mínimas	235
virar-me	235
goldberg	235
visor	235
procriação	235
comunicadores	235
hamid	235
estória	235
bacanos	235
movimentado	235
dissemos-lhe	235
converse	235
constituem	235
depilar	235
verona	235
habitável	235
lembrar-nos	235
ensiná-los	235
scavo	235
marítimo	235
rollie	235
cali	235
rae	235
realizam	235
kosovo	235
child	235
aniversario	235
retorne	235
erraste	235
granizo	235
deitamos	235
verificações	235
ignorei	235
engenheira	235
justificado	235
treinam	235
cleary	235
frau	235
enrolados	235
bordéis	235
cinzentas	235
fantasiar	235
runs	235
desfez	235
regalias	235
rezemos	235
cortinados	235
geleira	235
mostrou-nos	235
odeia-te	235
fumando	235
deixou-se	235
adoram-te	235
gaste	235
protótipos	235
escapar-me	235
divinal	235
paralela	234
deparei-me	234
ouvisses	234
p.m.	234
provocador	234
ofenda	234
tribbiani	234
arc	234
tratos	234
sobressair	234
jiang	234
acalmar-nos	234
testar-me	234
distribuído	234
coliseu	234
belmont	234
praticam	234
esquadras	234
frieza	234
acompanhar-nos	234
televisivo	234
queixoso	234
desiludi	234
coleccionadores	234
conluio	234
jogavam	234
desfeitos	234
passarás	234
congelamento	234
encerrou	234
madhu	234
chop	234
18h00	234
apendicite	234
pizas	234
blackadder	234
risadas	234
sensualidade	234
vertigens	234
goldstein	234
desatar	234
plutão	234
desapareças	234
obriguem	234
organizador	234
honorário	234
aceveda	234
mcquaid	234
assombra	234
seminários	234
trunks	234
fornecido	234
fm	234
lembras-me	234
dolorosamente	234
adorariam	234
olympia	234
óscares	234
bibliotecas	234
axl	234
piercings	234
judias	234
hanover	234
seiscentos	234
boots	234
vulcânica	234
northwestern	234
parando	234
confederados	234
cones	234
suarez	234
hesitei	234
despojos	234
ataquei	234
lembrar-lhe	233
frieda	233
curar-se	233
espancamento	233
visitava	233
guardes	233
university	233
inferioridade	233
soltou-se	233
dissecar	233
triplicar	233
devia-me	233
sri	233
matem-na	233
assustá-los	233
tablóides	233
rastreamento	233
sofres	233
anne-marie	233
pastos	233
rp	233
mcclaren	233
reivindicação	233
rosenberg	233
grazie	233
vivida	233
effy	233
comportem-se	233
duraria	233
cavalheirismo	233
paranormais	233
nielsen	233
dalai	233
açougueiro	233
misto	233
fechava	233
velozes	233
engenhoca	233
ea	233
teimosos	233
ouros	233
embolia	233
subordinados	233
porei	233
lavar-me	233
running	233
examinada	233
arranjinho	233
assumes	233
íntegro	233
terapeutas	233
galileu	233
publicaram	233
portares	233
chechénia	233
suzuki	233
presenciar	233
apanharam-nos	233
burritos	233
enfiei	233
regresses	233
fascinada	233
descontraia	233
lion	233
amais	233
escapamos	233
testemunharam	232
prontidão	232
mista	232
arn	232
encorajamento	232
removê-lo	232
papás	232
ak-47	232
exibir-se	232
excluída	232
seleccionar	232
anuais	232
apreciaria	232
fictícia	232
bethesda	232
suprimento	232
braxton	232
distribuidores	232
boog	232
teeger	232
nano	232
criarem	232
bitcoin	232
apanhei-os	232
observam	232
queixou	232
ofegante	232
agendar	232
tam	232
twiki	232
swann	232
responder-me	232
pioraram	232
hienas	232
violinista	232
fuso	232
previamente	232
amistoso	232
moviola	232
cordilheira	232
mandaram-no	232
arriscam	232
mudemos	232
neurológica	232
aldrabice	232
safo-me	232
esquizofrénico	232
crenshaw	232
aberturas	232
caço	232
chavo	232
hospedada	232
dimensional	232
sensorial	232
atraídas	232
agradaria	232
ambiciosos	232
mcclane	232
berra	232
glades	232
enfrentaram	232
arya	232
atada	232
impõe	232
exilados	231
sabiamente	231
cântico	231
babi	231
bjorn	231
ilsa	231
guarda-me	231
opostas	231
massey	231
liars	231
balneários	231
javalis	231
revistaram	231
associadas	231
estudioso	231
deslizamento	231
leanne	231
ajas	231
terapêutico	231
howell	231
envenenados	231
sardinha	231
contactou-me	231
dig	231
lazarus	231
acreditávamos	231
custar-me	231
existiria	231
falássemos	231
bouquet	231
neurológicos	231
descongelar	231
divertiu-se	231
vicioso	231
hirsch	231
mayo	231
marilla	231
walkie-talkie	231
victory	231
luísa	231
lmporta-se	231
acelerada	231
stirlitz	231
recompensada	231
mostrar-se	231
divirta	231
vendesse	231
contracção	231
monster	231
interrogá-la	231
consumiu	231
infra-estrutura	231
significará	231
sin	231
susceptível	231
namorando	231
mikaelson	231
feri	231
rolls	231
phlox	231
começarão	231
trazê-las	231
calas-te	231
baixista	231
procura-me	231
estudaram	231
lower	231
bíblias	231
enfrentado	231
stef	231
convicto	231
requisitar	231
verduras	231
osíris	231
prados	231
mantas	231
tirei-te	231
obélix	231
colecionador	231
machista	231
cartilagem	231
pda	231
ouviu-o	231
amianto	231
playstation	230
colmeias	230
hormonal	230
mimar	230
dominada	230
levava-me	230
epidural	230
cuspiu	230
qualificação	230
toca-lhe	230
burn	230
renuncio	230
implicado	230
louvores	230
apercebemos	230
ibiza	230
ouve-te	230
coroado	230
afundou-se	230
internamento	230
dieter	230
deplorável	230
apareceu-me	230
rooney	230
humilhar-me	230
espera-nos	230
demonstrado	230
coninhas	230
trombas	230
idiomas	230
julguem	230
tirou-o	230
tensas	230
gogol	230
perspicácia	230
dhs	230
controversa	230
mostrarmos	230
obstetrícia	230
comportam	230
protões	230
sari	230
toga	230
ouvíamos	230
pollock	230
plaquetas	230
pagaremos	230
forçando	230
morsa	230
lebron	230
enganem	230
dietas	230
halifax	230
fizémos	230
perder-me	230
fornos	230
quentinha	230
fulcrum	230
legitimidade	230
fly	230
conjugais	230
exaltado	230
lindinho	230
lourenço	230
oren	230
desonesta	230
gonzo	230
lhas	230
desmaiada	230
apoias	230
sejais	230
haveríamos	230
ciclista	230
ocuparam	230
quintas-feiras	230
cheesecake	230
remove	230
amêndoa	230
voldemort	230
activistas	230
gerentes	230
yip	229
ajudaram-me	229
aterraram	229
energéticas	229
kunta	229
volkswagen	229
contratámos	229
train	229
dod	229
avisares	229
aconselhável	229
ajoelhe-se	229
pulga	229
kazon	229
sonhadores	229
estámos	229
aproximarem	229
gregas	229
sebastião	229
autoriza	229
hub	229
johannes	229
caitlyn	229
mccormick	229
jefe	229
odioso	229
agradam	229
associações	229
assegurado	229
forçadas	229
cheirá-lo	229
lis	229
craniana	229
repará-lo	229
freio	229
hindi	229
infinitos	229
lutz	229
xiao	229
enfiá-lo	229
atmosférica	229
abrir-me	229
aprove	229
verte	229
frx358	229
inalar	229
dizia-te	229
criou-me	229
amares	229
figos	229
passava-se	229
abusivo	229
stephan	229
aldrabar	229
tyra	229
hortelã	229
varia	229
comíamos	229
hamish	229
estraguem	229
colidir	229
rhea	229
huang	229
enganaste-te	229
intensivo	229
cuidadinho	229
shiloh	229
mencione	229
abraçar-me	229
chamo-o	229
pegá-la	229
entregarei	229
quietas	229
appa	229
quartas-feiras	229
frei	229
ml	229
referir-te	228
habituei	228
fontaine	228
vencerá	228
tirarei	228
azevinho	228
desculpes	228
escrevi-lhe	228
dolittle	228
alteradas	228
machão	228
genérico	228
brilhe	228
recolhidas	228
sepultado	228
empreendedor	228
gillespie	228
mongólia	228
pitágoras	228
sussurros	228
ensanguentado	228
mamãs	228
surpreendê-lo	228
comparando	228
expedições	228
prender-nos	228
enfermidade	228
abandoná-la	228
empregar	228
ensinar-nos	228
leclerc	228
seniores	228
trocá-lo	228
milénios	228
decepticons	228
espera-te	228
preparámos	228
compostura	228
baptiste	228
afegãos	228
falei-te	228
odeiam-me	228
gandalf	228
ouvis-te	228
afastei-me	228
patinhas	228
desconhecia	228
nazareno	228
comportar-te	228
chamava-me	228
flexíveis	228
vesti-lo	228
gannicus	228
modificação	228
licitar	228
adormeças	228
rogo	228
saiyajin	228
comporte-se	228
incomuns	228
confessei	228
truth	228
liderado	228
amit	228
pao	228
tencionam	228
escorpiões	228
respeitos	228
espalham	228
flyer	228
matam-no	228
jean-pierre	228
pastéis	228
toledo	228
agilidade	228
wolverine	228
incomodando	228
fracassou	228
explicá-lo	228
resolveremos	228
curar-te	228
agarre-se	228
brindes	228
raciocinar	228
jackman	228
esforçar-te	227
garantiu-me	227
escoriações	227
rollo	227
contribui	227
encaixo	227
reconhecidos	227
controladora	227
velhotas	227
viestes	227
ressuscitado	227
lotes	227
surpreenda	227
resolveria	227
vigiam	227
lutará	227
desistiria	227
falai	227
med	227
apreciação	227
cozinhava	227
fico-lhe	227
mes	227
ralado	227
adora-o	227
impecáveis	227
recompensados	227
estragares	227
hookfang	227
descontraída	227
henrik	227
aristóteles	227
minimo	227
gangrena	227
magnetismo	227
exigia	227
garry	227
despacha	227
galáctico	227
roubou-lhe	227
cheddar	227
antebraço	227
glaciares	227
toranaga	227
entendê-lo	227
cervejaria	227
correias	227
libertar-nos	227
inacessível	227
vergonhosa	227
devorador	227
canibalismo	227
bodas	227
pesquisadores	227
seguiria	227
fatah	227
spaulding	227
submerso	227
universitárias	227
votado	227
financiado	227
bizarras	227
goose	227
sentida	227
agressivas	227
laszlo	227
jogá-lo	227
arif	227
empurrada	227
roubei-o	227
falarão	227
england	227
semper	227
mandei-os	227
inventam	227
ex-presidiário	227
dividas	227
confirmamos	227
apoderou-se	227
louvável	227
consertado	227
militantes	227
resolveres	227
despachares-te	227
desejais	227
engraxar	227
libertamos	227
filtrar	226
pegarei	226
injeções	226
estudámos	226
consoante	226
transações	226
livramo-nos	226
lounge	226
devin	226
saldar	226
desinfectante	226
considera-se	226
rogai	226
limitei-me	226
alojada	226
chamariz	226
financiou	226
gehrig	226
carcereiro	226
fsb	226
skinny	226
doía	226
teerão	226
prendam-nos	226
moravam	226
provocaram	226
diálogos	226
neandertais	226
representas	226
ligá-la	226
donaldson	226
sírio	226
arruinados	226
susana	226
sentiremos	226
chadwick	226
adelaide	226
confirmem	226
sossegados	226
oremos	226
augusta	226
snart	226
menus	226
sábias	226
reardon	226
principiantes	226
américas	226
acusaram	226
arrastados	226
rebocado	226
reaper	226
lupe	226
enviei-lhe	226
conduziste	226
regressava	226
interrompe	226
rapazinhos	226
app	226
preparam-se	226
frenesim	226
tip	226
luciano	226
severas	226
perturbadoras	226
andersen	226
assusto	226
nítida	226
paneleiros	226
figa	226
marquem	226
lap	226
revogar	226
lavados	226
contatar	226
negas	226
cazaquistão	226
impetuoso	226
serralheiro	226
enganaram-se	226
torno-me	225
estragam	225
estivestes	225
beijámos	225
terças-feiras	225
keep	225
ph	225
recuo	225
eternos	225
macleod	225
desces	225
preservado	225
bertrand	225
bébés	225
saltadores	225
perturbou	225
graúdo	225
abaixados	225
arrepio	225
inegável	225
dios	225
enchi	225
motéis	225
hawks	225
fingimento	225
oiçam-me	225
fibrilação	225
mando-lhe	225
oncologia	225
campainhas	225
porfavor	225
crateras	225
cinismo	225
alojado	225
peludas	225
exagera	225
nerys	225
apontas	225
mais-valia	225
querem-nos	225
estupida	225
falsamente	225
palácios	225
limusinas	225
digimon	225
enviar-nos	225
acumulação	225
scatman	225
muy	225
eia	225
programei	225
mead	225
certíssimo	225
prévia	225
schroeder	225
divorciar-me	225
amplia	225
parcela	225
leona	225
artefato	225
impediria	225
osaka	225
implorou-me	225
ouvem-me	225
telecomunicações	225
investigam	225
forçar-me	225
otez	225
cheerleaders	225
espinhas	225
jantarmos	225
chumbei	225
pinot	225
fung	225
reduzimos	225
raleigh	225
fundição	224
mangueiras	224
tripulações	224
respirava	224
daly	224
segue-se	224
neurocirurgia	224
moldes	224
tatum	224
birdie	224
deuce	224
sílabas	224
ar-condicionado	224
loeb	224
camaradagem	224
intuito	224
exactos	224
arrisque	224
ensinei-lhe	224
voarem	224
tenra	224
rosário	224
irracionais	224
arrakis	224
conhecê-las	224
edge	224
revolver	224
dept	224
gozou	224
escadote	224
etienne	224
duplicado	224
massacres	224
cup	224
impedimos	224
dás-te	224
blackie	224
dentadura	224
sansa	224
isaiah	224
geologia	224
repetidas	224
niagara	224
pritchett	224
chopin	224
activas	224
energon	224
desejarem	224
grinch	224
moribunda	224
velhadas	224
kilos	224
heróica	224
ponham-nos	224
williamsburg	224
saúda	224
leone	224
comprometeu	224
duns	224
deferido	224
avancemos	224
embaraçada	224
imaginar-te	224
slide	224
queixa-se	224
redecorar	224
sabbath	224
virares	224
romanas	224
bai	224
comuna	224
gestual	224
manivela	224
sente-te	224
12h	224
camaro	224
precious	224
sentirão	224
vaqueiros	224
fotográfico	224
escondem-se	224
dayton	224
divertiste	224
rapunzel	224
gone	224
lenine	224
nikhil	224
aimee	224
hartman	224
matreiro	224
rabiscos	224
hit	224
curzon	223
monumental	223
normandos	223
subornou	223
encravado	223
centurião	223
camponesa	223
revistado	223
traíram	223
condomínios	223
saber-se	223
entrelinhas	223
enojado	223
consultei	223
tabu	223
blaze	223
s01e01	223
puxada	223
membrana	223
afegão	223
jantes	223
tacho	223
rígidas	223
últimamente	223
habilitações	223
jean-luc	223
mijei	223
perversos	223
magoei-te	223
valorizo	223
tenho-as	223
basear	223
queimar-me	223
chegássemos	223
argumentação	223
horripilante	223
imunológico	223
observadora	223
partilhá-lo	223
comprarmos	223
rockwell	223
invadiste	223
bera	223
amsterdão	223
cardassiana	223
been	223
mariposa	223
discográfica	223
vassouras	223
shauna	223
midway	223
deu-o	223
bloqueador	223
assumam	223
confrontá-lo	223
continuámos	223
boletins	223
alcoólatra	223
videovigilância	223
compreendo-te	223
marino	223
ergueu	223
rubis	223
déssemos	223
indios	223
comanche	223
diretores	223
boogie	223
hickok	223
fala-lhe	223
going	223
desgraças	223
perdemo-los	223
recusada	223
saías	223
optimistas	223
poupem-me	223
evereste	223
ampulheta	223
detectam	223
qing	223
tocará	223
parceiras	223
viajámos	223
sería	223
medievais	223
saxon	223
reciclar	223
federico	223
obtê-lo	222
intrometida	222
riddick	222
repetido	222
kandahar	222
reconhece-o	222
respiras	222
hipotético	222
palhaçadas	222
salvam	222
azeitona	222
avisa-nos	222
presságios	222
colocasse	222
teórica	222
adoptou	222
roe	222
amarrou	222
ponteiro	222
fundado	222
funcionarem	222
avalia	222
negociantes	222
previa	222
norte-americano	222
competidor	222
aborreça	222
arrastar-te	222
amadurecer	222
diferencial	222
desvantagens	222
soberana	222
gunn	222
reverso	222
manhä	222
zhen	222
absurdas	222
pilhar	222
dei-vos	222
trabalhadoras	222
desfibrilador	222
stinson	222
pega-lhe	222
subestimei	222
divirto-me	222
borgonha	222
experimentas	222
amorosas	222
dillinger	222
suada	222
casa-te	222
bolcheviques	222
praticando	222
esfolar	222
aspas	222
gourmet	222
desertou	222
khanna	222
causará	222
lisbeth	222
electrões	222
cronograma	222
voss	222
nº1	222
ingalls	222
jayne	222
perguntam-me	222
mathieu	222
mcgarry	222
voicemail	222
logicamente	222
escolheu-te	222
férrea	221
pesam	221
macpherson	221
rebento-te	221
grilos	221
pacientemente	221
hipnotizado	221
interrogar-me	221
